mv_Landlords,mv_Neoclouds,mv_Server providers,tan_Landlords,tan_Neoclouds,tan_Server providers
0.8984530396663671,1.3877787807814457e-17,0.101546960333633,0.4856512580017404,0.07609468586549072,0.4382540561327689
1.0,2.0816681711721685e-17,5.551115123125783e-17,0.0,0.1798797413062265,0.8201202586937736
0.9290554633925105,0.0,0.07094453660748953,0.38806836987593407,0.17623506144737955,0.4356965686766863
0.8994384524532549,3.469446951953614e-18,0.10056154754674514,0.3871220135088348,0.17436428562833242,0.4385137008628329
0.8908158406892904,0.0,0.1091841593107096,6.217579352640191e-15,0.0,1.0
0.9794540711123478,1.5178830414797062e-18,0.020545928887652224,0.0,0.42722172967715333,0.5727782703228468
0.8941305320651782,6.938893903907228e-18,0.10586946793482188,0.0,0.0,1.0
1.0,0.0,1.465841337200402e-16,0.0,0.2655318998466916,0.7344681001533085
0.94666699682516,0.0,0.05333300317484019,2.578973394498791e-17,0.8196857517600612,0.18031424823993875
0.941982279358501,0.0,0.05801772064149907,0.0,0.2644492044624533,0.7355507955375468
0.8198831813569809,3.469446951953614e-18,0.1801168186430191,0.0,0.19242465817786675,0.8075753418221334
0.9434400287521838,0.0,0.0565599712478162,0.49984558558687253,0.14936406322071274,0.3507903511924147
0.9258703292417397,0.0,0.07412967075826031,0.0,0.38241507700994476,0.6175849229900552
0.8678273768172833,0.0,0.13217262318271672,0.24604298711828743,0.28206985120629263,0.47188716167542
0.8915929524202453,1.3877787807814457e-17,0.10840704757975478,0.0,0.17454440323263623,0.8254555967673638
1.0,0.0,8.326672684688674e-17,0.719675456568215,2.329284219347923e-16,0.28032454343178487
0.9072822429487178,1.0408340855860843e-17,0.09271775705128207,4.7573295626676715e-18,0.36076866450028516,0.6392313354997148
0.9109476886284321,0.0,0.08905231137156798,0.3100249444966508,0.1019139641873585,0.5880610913159907
0.8816297218688807,9.540979117872439e-18,0.1183702781311193,0.0,0.4915738443657594,0.5084261556342407
1.0,2.0816681711721685e-17,5.551115123125783e-17,1.3097710783719456e-16,0.3110926627508724,0.6889073372491274
0.8694628639004433,0.0,0.1305371360995567,0.0,0.0,1.0
0.8302152091479122,1.0408340855860843e-17,0.16978479085208772,0.4367431005928769,0.3052119584186778,0.2580449409884453
0.9637307782684564,1.3877787807814457e-17,0.03626922173154351,0.0,0.08278807264216788,0.9172119273578322
0.9421918939259579,2.7755575615628914e-17,0.05780810607404213,0.0,0.36390403632468366,0.6360959636753165
0.8487662776061575,0.0,0.15123372239384236,0.14348271190223508,0.2742794987579156,0.5822377893398494
0.9246981443423238,5.204170427930421e-18,0.07530185565767628,5.508486862036251e-17,0.00808135413265421,0.9919186458673458
1.0,0.0,2.7755575615628914e-17,2.3830978982126016e-17,0.45504939630545377,0.5449506036945462
0.7782492826039091,0.0,0.22175071739609095,0.7485270169539444,0.2514729830460557,0.0
0.9680056979516497,1.3877787807814457e-17,0.0319943020483503,0.0,0.2892996661519068,0.7107003338480934
0.8553296250257094,0.0,0.14467037497429053,3.129822080702415e-18,0.12454460002693757,0.8754553999730624
0.9499154217602601,0.0,0.050084578239739996,0.22478403711699504,0.5969664104953217,0.17824955238768306
0.8156205380563097,3.469446951953614e-18,0.1843794619436903,3.775036290171952e-17,0.29946118069979477,0.7005388193002052
0.9222360277225476,1.734723475976807e-17,0.07776397227745241,0.5314724945963586,0.24313859263197665,0.22538891277166476
0.9276988616699448,2.0816681711721685e-17,0.07230113833005514,0.26618093198861376,0.21882062361094998,0.5149984444004364
0.9226899203429628,0.0,0.07731007965703723,0.0,0.2870618965760444,0.7129381034239556
0.9584347311164911,6.938893903907228e-18,0.04156526888350892,4.44434735459743e-18,0.49814611431483546,0.5018538856851645
1.0,0.0,0.0,0.0,0.34761773174884186,0.6523822682511582
0.9737533659737105,0.0,0.026246634026289378,7.261187227229604e-18,0.2699830269947568,0.7300169730052433
0.9018219759236742,1.3877787807814457e-17,0.09817802407632581,0.03183205263782288,0.0052516458295961705,0.962916301532581
0.9961542236358523,0.0,0.003845776364147818,0.3523845136077805,0.6476154863922196,1.475079386349235e-17
0.8684976688133099,0.0,0.13150233118669014,0.0,0.1324813625101724,0.8675186374898277
0.9168516912709124,6.938893903907228e-18,0.08314830872908772,0.014147116880221253,0.3469433685704358,0.638909514549343
1.0,1.3877787807814457e-17,1.6653345369377348e-16,1.244738076594348e-17,0.4735175997225875,0.5264824002774127
0.8995553968930936,0.0,0.10044460310690642,0.0,0.1328823884939653,0.8671176115060347
0.8474726986514277,0.0,0.15252730134857245,1.805985691555266e-18,0.24691513174821922,0.7530848682517808
0.8953163682202451,2.6020852139652106e-18,0.10468363177975495,2.5038576645619325e-19,0.5124489506582336,0.4875510493417666
0.8761193129024669,2.0816681711721685e-17,0.12388068709753311,0.0,5.551115123125783e-17,1.0
0.9356676331057667,1.0408340855860843e-17,0.06433236689423327,0.0,0.8181782116705152,0.1818217883294849
0.9607251957198771,1.3877787807814457e-17,0.03927480428012281,1.070399151600226e-17,0.3175404067016788,0.6824595932983212
0.9450440532135023,0.0,0.05495594678649782,0.9847273305250653,0.0,0.015272669475004568
0.9263493161750858,1.3877787807814457e-17,0.07365068382491424,0.10978974378162287,0.1573251139691189,0.7328851422492582
0.9212874110205275,0.0,0.0787125889794725,2.2659911864285486e-17,0.10866836238309363,0.8913316376169064
1.0,0.0,1.2836953722228372e-16,0.0,0.5649348796402471,0.43506512035975303
0.8847339503556252,0.0,0.11526604964437492,0.0,0.4616626054675213,0.5383373945324786
0.9083377810840165,1.3877787807814457e-17,0.09166221891598342,0.35941519458969995,0.32701297563847587,0.31357182977182424
1.0,3.469446951953614e-18,1.1796119636642288e-16,0.10226162240950291,0.5288072556764446,0.36893112191405253
0.9041208354750545,6.938893903907228e-18,0.09587916452494555,0.4174821649879542,0.1050208535015395,0.47749698151050624
1.0,1.3877787807814457e-17,8.326672684688674e-17,6.322240603018872e-18,0.35473450766828946,0.6452654923317105
0.897433632751002,0.0,0.10256636724899812,0.0,0.44944789511372735,0.5505521048862727
1.0,0.0,3.469446951953614e-18,0.0,0.21301187825108903,0.786988121748911
1.0,0.0,2.220446049250313e-16,3.084752642740301e-16,0.23641956782993176,0.7635804321700679
0.9437820467483387,0.0,0.05621795325166137,1.2268902601365279e-17,0.18951197012138823,0.8104880298786118
0.8915943437168715,0.0,0.10840565628312848,8.012344526598184e-18,0.37256247362740524,0.6274375263725948
0.9241022629638342,0.0,0.07589773703616583,8.15005669814909e-17,0.5498303537043582,0.4501696462956419
0.9074732721939397,2.0816681711721685e-17,0.09252672780606039,0.0,0.09712834104010061,0.9028716589598995
0.9204416314083222,8.673617379884035e-18,0.07955836859167778,0.30075816297465824,0.27466528163533915,0.4245765553900026
0.9536975676963786,0.0,0.04630243230362144,0.0,0.6649006996621403,0.33509930033785973
0.8669232287953941,0.0,0.13307677120460598,0.11611140708671308,0.2519686373334851,0.6319199555798019
0.8813752996640123,0.0,0.11862470033598768,0.19159513106575934,0.13809864995431184,0.6703062189799288
1.0,0.0,5.551115123125783e-17,0.5516839566645766,0.29898432614024845,0.14933171719517485
0.9717847967255365,0.0,0.02821520327446347,0.0,0.25070650697712804,0.749293493022872
0.8736520042578314,3.903127820947816e-18,0.12634799574216857,0.0,0.2119332293995799,0.7880667706004202
0.8733323996685369,0.0,0.1266676003314632,1.001543065824773e-18,0.1566112257753481,0.8433887742246519
0.99319846361389,0.0,0.006801536386110002,0.40556291117908766,0.019622547275860876,0.5748145415450515
0.9156285792427624,0.0,0.08437142075723764,0.2334890328360405,0.4200251933956729,0.34648577376828654
0.9644459018784085,0.0,0.035554098121591715,3.6288069735505954e-18,0.4720747965572308,0.5279252034427692
1.0,7.37257477290143e-18,8.500145032286355e-17,0.4592049545648513,0.18173916910034693,0.3590558763348018
0.8157450127214686,0.0,0.18425498727853137,0.004576209657641357,0.10918616713503715,0.8862376232073216
0.872789969609039,6.938893903907228e-18,0.12721003039096107,0.0,0.41871004547324636,0.5812899545267536
0.9148099947606444,2.168404344971009e-19,0.08519000523935556,1.471016362259774e-17,0.16188099997575553,0.8381190000242444
0.957900272564294,6.938893903907228e-18,0.042099727435706086,0.4726661285756123,0.059105853071106725,0.4682280183532811
0.9320752057861764,0.0,0.0679247942138235,1.5505528692971286e-18,0.4722763947683664,0.5277236052316336
0.8982726986161835,0.0,0.10172730138381655,5.007715329123864e-17,0.1944432591342848,0.805556740865715
0.9210546174353222,0.0,0.0789453825646777,0.08723913826909961,0.1254428667617187,0.7873179949691818
0.9299160636991015,0.0,0.07008393630089854,1.552391752028398e-17,0.12806138080113266,0.8719386191988673
0.8554371973317968,0.0,0.1445628026682033,0.25068169607326096,0.2183438540134735,0.5309744499132655
0.9118991506139152,0.0,0.08810084938608476,0.566970139412518,1.7930115217920938e-16,0.4330298605874819
0.9114121398322002,2.3852447794681098e-17,0.08858786016779975,0.4346072518624316,0.25478419976947014,0.3106085483680983
0.9972313553343546,1.3877787807814457e-17,0.0027686446656454144,0.3933448346796894,0.18570135750336847,0.42095380781694225
0.9718652858341945,2.0816681711721685e-17,0.028134714165805513,1.1102230246251565e-16,0.0,1.0
0.9333110877568864,9.974659986866641e-18,0.06668891224311355,0.5040518970816741,0.22786204695939585,0.26808605595893004
0.8145002434894555,8.673617379884035e-18,0.18549975651054457,0.14407174184043553,0.3416577581570061,0.5142705000025584
0.9428216894880361,1.214306433183765e-17,0.05717831051196389,8.525635347833379e-17,0.41096122003355423,0.5890387799664458
0.8303303079150264,0.0,0.16966969208497368,0.08010930297753369,0.3060264382025377,0.6138642588199286
1.0,0.0,1.6653345369377348e-16,0.0,0.35280955457960905,0.6471904454203908
0.9546401843448459,0.0,0.04535981565515407,0.16805262453526987,0.15812257976019903,0.673824795704531
0.8808943357972839,1.3877787807814457e-17,0.11910566420271607,0.37309345451400633,0.2503782404440478,0.376528305041946
0.9330296629426647,6.938893903907228e-18,0.06697033705733532,1.0316520385914963e-17,0.07969521559390282,0.9203047844060972
0.9125265246426608,0.0,0.08747347535733911,0.0,0.6860045475322558,0.3139954524677443
0.9778565503504738,6.938893903907228e-18,0.022143449649526192,8.012344526598184e-18,0.40248887673106754,0.5975111232689325
0.9337996224716261,0.0,0.06620037752837385,0.0,0.29751543440847844,0.7024845655915216
0.8949717839499078,2.7755575615628914e-17,0.10502821605009233,0.6078584052764189,0.16707631557640612,0.225065279147175
0.8890279033463568,2.0816681711721685e-17,0.11097209665364327,0.0,0.29798580181892126,0.7020141981810789
0.8930620972527019,2.8189256484623115e-18,0.10693790274729806,3.576017604677442e-19,0.5237824783107439,0.47621752168925613
0.90691091617054,6.938893903907228e-18,0.09308908382946005,0.0,0.28706549609939414,0.712934503900606
0.9060158543950333,0.0,0.0939841456049667,0.0,0.35270664933336077,0.6472933506666392
0.9108479250688748,1.3877787807814457e-17,0.08915207493112531,5.002737136671908e-17,0.03215879690706497,0.967841203092935
0.9570129469118123,2.7755575615628914e-17,0.04298705308818784,0.5403688756463602,0.10039838199632384,0.3592327423573159
0.9341918244220035,1.3877787807814457e-17,0.06580817557799667,0.6721983120176275,0.008999358284280362,0.3188023296980922
0.9710119186218942,0.0,0.028988081378105934,2.5038576645619325e-19,0.07607147614240314,0.9239285238575969
0.8536218744091392,0.0,0.14637812559086086,0.0,0.19111549233956238,0.8088845076604377
0.9446851310433239,1.940721888749053e-17,0.05531486895667613,0.0,0.27656376335896266,0.7234362366410373
0.8621123255194679,0.0,0.13788767448053219,0.0,0.40055904891178157,0.5994409510882185
0.9276588236406906,1.3877787807814457e-17,0.07234117635930948,0.0,0.23069299715939748,0.7693070028406026
0.9209450737639346,0.0,0.07905492623606533,3.3903486394008137e-17,0.10882375044349304,0.891176249556507
0.9495456150211918,6.938893903907228e-18,0.050454384978808164,0.0,0.6296055782643195,0.3703944217356805
0.8703278033855547,1.734723475976807e-18,0.1296721966144453,0.4079673340138717,0.14744283204904804,0.44458983393708035
0.9972118807918546,2.0816681711721685e-17,0.0027881192081453676,0.27020691294343074,0.3094251691849125,0.4203679178716567
0.9400918808102023,1.8865117801247777e-17,0.05990811918979763,4.757329527222806e-18,0.19987285504949423,0.8001271449505057
0.9510618297283497,0.0,0.048938170271650316,2.303929616531697e-18,0.26067426245494124,0.7393257375450587
0.9266671673159435,0.0,0.0733328326840566,0.34762689851726175,0.03552174735928882,0.6168513541234494
0.853695985304982,0.0,0.14630401469501791,0.48488974938865903,0.17018003361512865,0.34493021699621224
1.0,2.7755575615628914e-17,2.7755575615628914e-17,2.253471898105739e-18,0.09344933132073108,0.906550668679269
0.8998789094798495,0.0,0.10012109052015053,8.450519617896521e-18,0.4611963395264136,0.5388036604735864
0.9232490145648522,0.0,0.07675098543514791,0.44531675141816535,0.0037943306003034027,0.5508889179815312
0.8852738068792133,0.0,0.11472619312078669,6.456822952489082e-17,0.049107109214725476,0.9508928907852745
0.9732194760225662,0.0,0.026780523977433704,0.0,0.017381783419128417,0.9826182165808717
0.9822054895284636,2.7755575615628914e-17,0.017794510471536462,0.0,0.08920599928045943,0.9107940007195408
1.0,1.734723475976807e-18,1.3877787807814457e-17,7.561650146977036e-17,0.24392014038134616,0.7560798596186538
0.9938985642983137,1.3877787807814457e-17,0.00610143570168642,8.763501825966763e-19,0.47528149932738234,0.5247185006726176
0.9447820650703939,1.734723475976807e-17,0.05521793492960611,0.21733624601136778,0.2984622145930641,0.4842015393955682
0.8525717579828634,8.673617379884035e-19,0.14742824201713647,0.44409688843383194,0.12039182053765243,0.4355112910285156
0.9034024778641112,0.0,0.09659752213588889,0.16695943104571384,0.227171312539678,0.6058692564146081
0.8104818742842715,6.938893903907228e-18,0.1895181257157285,0.301806545367491,2.9946748206222118e-15,0.6981934546325059
0.8986360481073602,1.734723475976807e-17,0.10136395189263989,0.0,0.33291771559655386,0.6670822844034461
0.9887943065536139,3.0357660829594124e-18,0.011205693446386012,5.007715329123865e-18,0.4350176562021891,0.5649823437978111
0.9683909826374495,0.0,0.03160901736255059,1.9404896900354977e-18,0.22073707587884547,0.7792629241211545
0.9128458302914833,0.0,0.08715416970851692,1.8419394923745956e-18,0.5275933560715914,0.47240664392840864
0.9062720037376958,2.222614453595284e-17,0.09372799626230409,0.3520092330269043,0.14581978597910708,0.5021709809939886
0.9599707817690576,0.0,0.040029218230942465,0.0,0.2775642802129778,0.7224357197870224
0.9892737223437393,0.0,0.010726277656260857,0.03870131302283223,0.22806165798160855,0.7332370289955593
0.8186673783569057,0.0,0.18133262164309433,1.921710757551283e-17,0.3916437960973462,0.6083562039026539
0.926687815833263,1.8431436932253575e-18,0.07331218416673699,2.7792820076637444e-17,0.05966050912997844,0.9403394908700216
0.9626502953703707,4.85722573273506e-17,0.03734970462962928,0.0,0.2283342806663284,0.7716657193336717
0.8225121393713823,0.0,0.1774878606286177,0.00919821292171214,0.27323695242887547,0.7175648346494125
0.9055670566544606,6.938893903907228e-18,0.09443294334553945,0.5527780757967012,2.1141942363467336e-18,0.4472219242032988
0.9877425407901429,1.474514954580286e-17,0.012257459209857128,0.3431410565449867,0.18381866043347822,0.4730402830215351
0.8512560891384578,1.214306433183765e-17,0.14874391086154226,0.2982117432442347,0.18819379675233022,0.5135944600034351
0.9425193140929125,5.204170427930421e-18,0.05748068590708748,0.0,0.5275379202790512,0.4724620797209488
0.973246220727013,2.0816681711721685e-17,0.026753779272987166,0.1419664489026081,0.0,0.8580335510973921
1.0,0.0,1.1102230246251565e-16,0.0,0.3638637430881253,0.6361362569118747
0.9383002852676192,1.3877787807814457e-17,0.061699714732380895,0.0,0.5224152782541607,0.4775847217458393
0.9231905374901179,0.0,0.07680946250988219,0.0,4.354155924701786e-16,1.0
0.9341613350279208,0.0,0.06583866497207916,0.5040371022968176,0.12872860497125663,0.3672342927319258
0.9188579980070865,2.0816681711721685e-17,0.08114200199291358,0.23177953484814975,0.1418747359966507,0.6263457291551996
0.9864314531021823,3.469446951953614e-17,0.013568546897817835,1.7527003651933526e-18,0.3693794521965211,0.6306205478034789
1.0,2.0816681711721685e-17,0.0,0.39386973545600096,0.08970954498092365,0.5164207195630754
0.8474585427009936,0.0,0.15254145729900645,0.643161041355802,6.40128035002219e-16,0.35683895864419746
0.9189458765523227,6.938893903907228e-18,0.08105412344767726,0.0,0.10961579442948127,0.8903842055705188
0.8226798557896764,2.42861286636753e-17,0.17732014421032374,0.0,0.4089853034802256,0.5910146965197745
0.9806369357024577,0.0,0.01936306429754253,0.09058833642411869,0.27690989985196596,0.6325017637239154
0.8757265719860284,0.0,0.12427342801397159,8.11375244902024e-18,0.2914887304964456,0.7085112695035544
0.9534580045840018,1.0408340855860843e-17,0.04654199541599828,0.0,0.44123254812842355,0.5587674518715765
0.9467394145288534,0.0,0.05326058547114665,0.0,0.23323310496621133,0.7667668950337887
0.8944346515648512,3.469446951953614e-18,0.10556534843514877,7.76195876014199e-18,0.43900148145230067,0.5609985185476994
0.9069801157144843,0.0,0.09301988428551565,0.21296869456165785,0.1630600302586709,0.6239712751796712
0.8784692312863565,0.0,0.1215307687136436,0.35495596583443406,0.1625016922361187,0.4825423419294473
0.9582112207028475,0.0,0.04178877929715262,0.0,0.33779569203918564,0.6622043079608144
0.9926398642918814,2.7755575615628914e-17,0.00736013570811872,3.987393330814877e-17,0.42368856880924544,0.5763114311907546
1.0,0.0,0.0,0.22785902319213164,0.09735443145162345,0.6747865453562449
0.8615538063570154,1.1275702593849246e-17,0.1384461936429845,9.505439322997094e-17,0.4150782883819059,0.5849217116180939
0.8974012084024722,9.540979117872439e-18,0.10259879159752787,0.0,0.2665436006139068,0.7334563993860932
1.0,6.938893903907228e-18,1.6653345369377348e-16,2.1658368637093298e-17,0.2403698962113698,0.7596301037886302
0.9341895129021808,0.0,0.06581048709781934,0.4646004485172564,1.6824329270126876e-17,0.5353995514827437
1.0,0.0,1.1102230246251565e-16,0.14190646551250555,0.3803835789077741,0.47770995557972046
0.9255871637176216,0.0,0.07441283628237844,8.51311605951057e-18,0.35771363046063065,0.6422863695393694
0.9194484372480082,5.204170427930421e-18,0.08055156275199173,0.0,0.31411158072463263,0.6858884192753674
0.8702281328742428,1.1275702593849246e-17,0.12977186712575722,0.19554434720819922,0.30813579476396125,0.49631985802783957
0.8460474933630704,0.0,0.1539525066369297,3.622792893833197e-17,0.43669270282454004,0.5633072971754599
0.8447517748663081,0.0,0.1552482251336919,6.283696582262702e-17,0.5670343381552597,0.4329656618447402
1.0,0.0,5.551115123125783e-17,6.7508251380904455e-18,0.40401252805550036,0.5959874719444995
0.9155647749351133,0.0,0.08443522506488679,0.0,2.220446049250313e-16,1.0
0.8504998446506814,5.204170427930421e-18,0.14950015534931874,9.34254210950735e-18,0.16951421304679226,0.8304857869532078
0.927851822899612,0.0,0.0721481771003881,0.1761674732026089,9.378348791999613e-18,0.8238325267973912
0.9030030407778513,0.0,0.09699695922214881,1.6653345369377348e-16,0.0,0.9999999999999998
0.9562029400522751,1.3877787807814457e-17,0.04379705994772498,0.42775457679508416,0.22399955567300367,0.3482458675319122
1.0,0.0,5.551115123125783e-17,0.0,0.4220540287835765,0.5779459712164235
0.9603714680959314,8.023096076392733e-18,0.03962853190406869,4.51874146398825e-19,0.17443722884872812,0.8255627711512719
1.0,0.0,1.6653345369377348e-16,0.027948852994615726,0.5894221482388107,0.38262899876657364
0.9758335739158888,0.0,0.024166426084111212,1.8361341397414147e-18,0.2817712000065554,0.7182287999934446
1.0,2.7755575615628914e-17,1.1102230246251565e-16,0.0,0.32950407020640243,0.6704959297935976
0.9335981846218364,1.3877787807814457e-17,0.0664018153781637,0.012715777136300763,0.14988766573824047,0.8373965571254587
0.935842660686676,0.0,0.06415733931332403,0.18948959379862346,0.15601991622915787,0.6544904899722188
0.8827306770215004,0.0,0.11726932297849968,2.4532918719629184e-18,0.2477682311664075,0.7522317688335926
0.8991732927509328,1.3877787807814457e-17,0.10082670724906725,0.5778383198352971,0.03982444907585885,0.382337231088844
0.9070628322396652,3.469446951953614e-18,0.09293716776033492,0.0,0.2156676300382992,0.7843323699617009
0.9104224661568252,0.0,0.08957753384317486,0.3748248610871353,0.14908129675075585,0.4760938421621089
0.9139207758382097,2.190088388420719e-17,0.08607922416179023,0.0,0.37694358240447373,0.6230564175955263
0.9272894988221518,6.071532165918825e-18,0.07271050117784819,0.0005372867400072276,0.002780765658912225,0.9966819476010805
1.0,0.0,5.551115123125783e-17,0.0,0.6246641773390302,0.3753358226609698
0.9588455224148695,0.0,0.04115447758513047,0.3922595169148258,0.6077404830851743,2.3093506273941244e-17
0.8743456374520654,0.0,0.12565436254793472,0.33781421804942247,0.0,0.6621857819505776
0.9626584583648339,0.0,0.0373415416351662,0.3064472728732753,0.0,0.6935527271267247
0.8714766690568936,0.0,0.1285233309431066,0.6218799712825287,0.012298107484909553,0.36582192123256174
0.8654655261183957,0.0,0.13453447388160433,9.007627948261551e-17,0.25761418126205293,0.742385818737947
0.985484736961223,0.0,0.014515263038777093,0.0121759864719745,0.43930944501516633,0.5485145685128592
0.9173554177385309,1.0842021724855044e-18,0.0826445822614691,9.733746670984511e-17,0.4165520629461996,0.5834479370538003
0.8855742097509747,0.0,0.11442579024902533,0.10652334969812595,1.338989683019598e-16,0.893476650301874
0.8608256255925335,0.0,0.13917437440746644,0.0,0.4135219240850431,0.586478075914957
0.8602418836351364,1.3877787807814457e-17,0.13975811636486354,0.32968230642954205,0.31609236354584214,0.35422533002461576
0.9045633744963283,0.0,0.09543662550367177,0.14609548271824654,0.11649707166382597,0.7374074456179275
0.9739771507860738,0.0,0.026022849213926336,0.13820509803309666,0.23371585555982302,0.6280790464070805
0.9673965476427714,0.0,0.0326034523572286,3.7557864968429025e-18,0.3013123080000897,0.6986876919999103
0.9966112245709812,9.540979117872439e-18,0.0033887754290188917,0.47627026561612207,0.17823254833797256,0.34549718604590546
0.8905749032188299,0.0,0.1094250967811701,0.41860324506665836,0.06235501111016601,0.5190417438231756
0.9096173101526367,0.0,0.09038268984736342,6.510029927861024e-18,0.26813084378219676,0.7318691562178034
0.9199606107056743,0.0,0.0800393892943258,0.0,0.11855416150831806,0.881445838491682
0.8356846727204054,1.3877787807814457e-17,0.16431532727959464,0.0,0.20160224027556792,0.798397759724432
0.9724231426532289,0.0,0.027576857346771136,0.0,0.4324780395441141,0.567521960455886
0.9950493316110622,0.0,0.0049506683889378456,0.5437804647486901,0.09437339407968086,0.3618461411716291
0.862814475801159,1.0408340855860843e-17,0.13718552419884109,0.11090639554178457,0.3493617280738655,0.5397318763843499
0.9479646246597571,0.0,0.05203537534024305,0.4511574507709751,0.04331959719636118,0.5055229520326637
0.9222672112173139,0.0,0.07773278878268616,1.1705534581827034e-17,0.33668949325730296,0.6633105067426971
0.9884236150318634,1.2576745200831851e-17,0.011576384968136644,1.7016573293680634e-17,0.34994016535565936,0.6500598346443407
1.0,0.0,8.326672684688674e-17,0.5073180561950503,0.1733730739242008,0.31930886988074886
0.9400181895794277,0.0,0.05998181042057237,1.099179800958794e-17,0.25659590628132994,0.74340409371867
0.8752504544323588,0.0,0.12474954556764123,1.5023145987371758e-18,0.9508592555039689,0.04914074449603105
0.8565529768454327,0.0,0.14344702315456734,0.5115669553280251,0.06356508971169862,0.4248679549602763
0.953318440650473,0.0,0.046681559349527,0.024148677748917522,0.47454038709947266,0.5013109351516098
0.881219157472482,0.0,0.11878084252751805,4.7573295626676724e-17,0.16296559658207815,0.8370344034179218
0.9766936938712926,0.0,0.0233063061287075,0.0,0.09026063308813456,0.9097393669118655
0.9999999999999999,6.938893903907228e-18,2.7755575615628914e-17,5.007715329123865e-19,0.3706971737435164,0.6293028262564836
0.9516924698244215,1.3877787807814457e-17,0.048307530175578484,0.22930319449400322,0.2649073239751805,0.5057894815308164
0.9999999999999999,0.0,0.0,0.319581961907666,0.3084304663173844,0.3719875717749496
0.9574174558237696,0.0,0.04258254417623061,0.0,0.0006259239687190442,0.9993740760312809
0.9090304935200662,0.0,0.09096950647993401,1.2675779426844784e-17,0.32839060964097516,0.6716093903590249
0.8799973974726977,0.0,0.1200026025273025,6.009258394948638e-18,0.2927567774776116,0.7072432225223885
0.9114443091846631,1.3877787807814457e-17,0.08855569081533694,5.633679745264348e-18,0.34211457551597857,0.6578854244840215
0.9409654894953817,1.734723475976807e-17,0.059034510504618165,0.0,0.7707478958248231,0.22925210417517694
0.8620179752885352,1.0408340855860843e-17,0.1379820247114649,0.0,0.17471402789346238,0.8252859721065376
0.8537105696662863,0.0,0.14628943033371378,1.0581813203458523e-16,0.0,1.0
1.0,6.938893903907228e-18,8.326672684688674e-17,0.0,0.4358990793348876,0.5641009206651125
0.9788209161697772,0.0,0.02117908383022296,0.13588139977096197,0.28163550410060284,0.5824830961284352
0.9480830398105575,0.0,0.051916960189442474,0.2817254374813324,0.15920363993817213,0.5590709225804954
0.928969526170097,6.938893903907228e-18,0.07103047382990305,5.551115123125783e-17,0.0,1.0
0.9756607616473502,0.0,0.02433923835264995,0.0,0.007758002190784248,0.9922419978092158
0.9477179088931811,0.0,0.052282091106819,0.4933504249816293,0.22595073071094823,0.28069884430742253
0.8791532621073026,6.938893903907228e-18,0.12084673789269745,0.0,2.7755575615628914e-16,0.9999999999999998
0.898808277297208,0.0,0.10119172270279198,1.1926729696976296e-17,0.204573014248868,0.795426985751132
0.918845418687703,1.734723475976807e-18,0.08115458131229702,3.375665804733236e-18,0.28585441900219705,0.714145580997803
0.9265794662529697,5.204170427930421e-18,0.07342053374703034,0.0,0.26304733294018307,0.736952667059817
0.9460498125402677,2.0816681711721685e-17,0.05395018745973246,1.92837343867756e-17,0.6957500689685366,0.30424993103146347
1.0,1.3877787807814457e-17,1.942890293094024e-16,5.2431204898105525e-17,0.4198381283812934,0.5801618716187065
0.9513236998480683,4.336808689942018e-18,0.04867630015193169,9.26427335887915e-18,0.37903393214503395,0.620966067854966
0.8249386672023487,0.0,0.17506133279765135,0.07858796199956651,0.3827536508622648,0.5386583871381686
0.9910683832425766,0.0,0.008931616757423488,0.02712191502016701,0.35372966440919074,0.6191484205706423
0.9429407012789003,0.0,0.05705929872109982,0.0,0.11808250072158302,0.881917499278417
0.8212225585450464,0.0,0.17877744145495356,3.0797449274111765e-17,0.5576714181989298,0.44232858180107015
0.9341909376651846,0.0,0.06580906233481552,0.17643176998093354,0.3840351892355268,0.43953304078353966
0.9680998154939279,2.6020852139652106e-18,0.03190018450607213,0.4940387498209563,0.35367447756992093,0.15228677260912263
0.8855611590563106,0.0,0.11443884094368936,0.1476369252731312,3.073713158996405e-17,0.8523630747268688
0.8645281735786057,0.0,0.13547182642139438,0.5785295926036469,0.22516160759974488,0.19630879979660829
0.9556933624223345,6.938893903907228e-18,0.04430663757766562,0.0,0.20199482654736167,0.7980051734526384
0.9164698546777152,0.0,0.08353014532228481,0.0358088978895732,0.2163455926063335,0.7478455095040933
0.9614992091440699,0.0,0.03850079085593013,0.0,0.5164307555707824,0.48356924442921756
0.9088322111717798,0.0,0.09116778882822019,0.0,0.16525069642967966,0.8347493035703203
0.8804736205033233,8.673617379884035e-18,0.11952637949667669,0.0,0.2218883460143712,0.7781116539856289
0.9019587401945317,6.938893903907228e-18,0.09804125980546832,0.20289123453328736,0.3529540144604674,0.4441547510062452
1.0,0.0,7.806255641895632e-17,4.028399022172544e-17,0.48857063646840343,0.5114293635315966
0.9343195037767877,0.0,0.06568049622321218,1.076658795761631e-17,0.08609625408550553,0.9139037459144944
1.0,0.0,8.326672684688674e-17,6.197047719790783e-18,0.4496802815747091,0.550319718425291
0.8935863827145387,0.0,0.10641361728546131,7.511572993685797e-18,0.14136994636434055,0.8586300536356595
0.8629032165047004,0.0,0.13709678349529963,0.2902348905011787,0.19456512814462867,0.5151999813541926
0.8612638090473173,0.0,0.13873619095268275,0.0,0.16800066916158296,0.831999330838417
0.9194075942184768,2.0816681711721685e-17,0.08059240578152313,0.0,0.2008032042618482,0.7991967957381519
0.8140725005079809,0.0,0.18592749949201903,0.0,0.39961390071101466,0.6003860992889855
0.947605202819789,0.0,0.05239479718021106,0.0,0.17178060718981167,0.8282193928101884
0.9055120024305899,0.0,0.09448799756941012,6.22655900943527e-17,0.004195548455213397,0.9958044515135274
0.9621058089410853,0.0,0.03789419105891474,3.1363388255717333e-17,0.4971118885255891,0.5028881114744109
0.8977653526659877,0.0,0.10223464733401243,5.821469070106492e-18,0.22502354162993457,0.7749764583700655
0.8971282434656519,0.0,0.10287175653434816,0.2675776186234788,0.2382358388936445,0.49418654248287675
0.9530848381221062,2.0816681711721685e-17,0.046915161877893824,0.0,0.6401331995654927,0.3598668004345072
0.987110545355031,0.0,0.012889454644969073,0.0,0.31885523720030984,0.6811447627996903
0.9125362536503878,0.0,0.08746374634961226,0.42154059042251985,0.0,0.5784594095774803
0.9224434138078088,2.0816681711721685e-17,0.07755658619219111,9.389466242107247e-19,0.24162388774499427,0.7583761122550057
0.9468753416123392,0.0,0.053124658387660784,0.0,0.4905681210359728,0.5094318789640272
0.9672364520260842,0.0,0.03276354797391587,2.115759726554833e-17,0.3184723848018608,0.6815276151981392
0.971284561206426,0.0,0.02871543879357405,0.0,0.09680927311562613,0.9031907268843739
0.9174497130377377,3.469446951953614e-17,0.0825502869622623,0.01665179357775636,0.33474795278409586,0.6486002536381478
0.8971177092092257,1.3877787807814457e-17,0.10288229079077438,0.0,3.9898639947466563e-17,1.0
1.0,6.938893903907228e-18,5.551115123125783e-17,0.0,0.3664665183068034,0.6335334816931966
0.9159337030571821,3.903127820947816e-18,0.08406629694281788,0.12434969101602758,0.24450151266855003,0.6311487963154224
0.9652794468536005,0.0,0.03472055314639952,1.9949319973733282e-16,0.0,0.9999999999999999
0.813126448796711,0.0,0.18687355120328902,0.0,0.9930776632940704,0.006922336705929602
0.9556982899032307,0.0,0.044301710096769364,0.0,0.40036159311371666,0.5996384068862834
0.9999999999999999,1.3877787807814457e-17,5.551115123125783e-17,0.0,0.3173242894158422,0.682675710584158
0.9432369295622802,6.938893903907228e-18,0.056763070437719804,0.2902686559559921,0.05260040600608643,0.6571309380379216
0.984684423302547,0.0,0.015315576697453148,5.551115123125783e-17,0.0,0.9999999999999998
0.9104777288896824,2.6020852139652106e-18,0.08952227111031776,0.0,0.07436064393244642,0.9256393560675537
0.9210571298776054,1.0408340855860843e-17,0.07894287012239476,0.45407874091188594,0.45109954690038645,0.09482171218772766
0.8810270134878022,0.0,0.11897298651219793,0.0,0.46726444631711905,0.532735553682881
0.8701185933302692,0.0,0.12988140666973086,0.45240496838065675,0.13886317406727938,0.4087318575520638
0.8940201092335343,8.673617379884035e-18,0.10597989076646563,0.19707483619479407,0.2177652298706087,0.5851599339345974
0.8867727713435458,0.0,0.11322722865645425,0.28461945621672236,0.2758036526555296,0.439576891127748
0.9695824024179991,0.0,0.030417597582000966,4.06876870491314e-18,0.44861536047359873,0.5513846395264013
0.9992039887652596,0.0,0.0007960112347403705,4.056249416590332e-17,0.2720115040928822,0.7279884959071177
0.9740236623589084,1.0408340855860843e-17,0.025976337641091585,3.816053130202207e-17,0.6696107056555471,0.33038929434445274
1.0,0.0,5.551115123125783e-17,0.8471975137827765,0.0,0.15280248621722345
0.9001604947363963,0.0,0.0998395052636038,0.4583388005742279,0.11907668033026962,0.4225845190955025
0.8973857346401505,0.0,0.10261426535984963,0.05504168342240683,1.3010426069826053e-18,0.9449583165775932
0.8381508722537688,0.0,0.16184912774623117,0.5075416642303078,0.05322119819913464,0.4392371375705576
0.8904392044547527,0.0,0.10956079554524742,0.21548649738800374,0.12011469045408996,0.6643988121579064
0.9310482426099533,0.0,0.06895175739004672,0.12190591702864204,0.24481348005329553,0.6332806029180625
0.8763045534232674,0.0,0.12369544657673273,0.0,0.16451174150481862,0.8354882584951814
0.9247353857718157,0.0,0.07526461422818434,0.0,0.19438044250522094,0.8056195574947791
0.960839586452483,1.3877787807814457e-17,0.039160413547516953,0.4858860647842859,0.15241562473374654,0.3616983104819676
0.9611195422400172,0.0,0.038880457759982924,2.5288962412075516e-17,0.30464559061444135,0.6953544093855587
0.8737204443003511,0.0,0.12627955569964902,0.40721749624458864,0.3155488685633403,0.2772336351920711
0.9321861946983367,0.0,0.06781380530166332,0.5929961764924674,0.40700382350753256,9.432558900623889e-18
0.8562312514929465,3.469446951953614e-18,0.14376874850705346,0.10413394696696977,0.09637153238497029,0.7994945206480599
0.8808867837543817,2.7755575615628914e-17,0.11911321624561844,0.0,0.49807104074705366,0.5019289592529464
0.9012871316496023,0.0,0.09871286835039786,0.0,0.4487366995761297,0.5512633004238704
1.0,2.7755575615628914e-17,8.326672684688674e-17,0.16279981757434556,0.3773084720671635,0.459891710358491
0.8587388274700898,3.469446951953614e-18,0.14126117252991033,0.0,0.1296284000415373,0.8703715999584628
0.8861108216164116,0.0,0.11388917838358838,0.0,0.06335329387807316,0.9366467061219269
0.9724113201149441,0.0,0.027588679885055978,0.6066621681170129,0.2439594384950553,0.14937839338793177
0.9118344032469318,0.0,0.08816559675306822,0.5283508664664206,0.0,0.47164913353357973
0.872933375786259,0.0,0.127066624213741,0.0,0.2615240259241559,0.7384759740758441
0.9343384235003764,1.3877787807814457e-17,0.06566157649962351,1.546132107866993e-17,0.24139049602324875,0.7586095039767513
0.9926380423611548,3.2526065174565133e-18,0.007361957638845171,0.33454462578746846,0.3098222531379045,0.3556331210746271
0.8890950282756593,1.3877787807814457e-17,0.11090497172434072,0.05914312527593253,0.31180031207857206,0.6290565626454955
0.9185886334234944,3.122502256758253e-17,0.08141136657650566,0.0,0.6301816767675907,0.3698183232324094
0.9880399361100525,0.0,0.011960063889947636,3.530439307032324e-17,0.46520962088448997,0.53479037911551
1.0,3.469446951953614e-18,0.0,3.7198327165442856e-18,0.4908153171051927,0.5091846828948073
0.8605285150135401,0.0,0.1394714849864599,1.377313742614176e-19,0.3132422696661508,0.6867577303338492
0.938270796198786,0.0,0.06172920380121409,0.0,0.3032550269084253,0.6967449730915747
0.9576062777954634,0.0,0.04239372220453669,0.0,0.0,1.0
0.896468980147968,6.938893903907228e-18,0.103531019852032,1.4146795804774914e-17,0.4319579611547167,0.5680420388452834
0.8976636417384714,0.0,0.10233635826152873,8.250211004731567e-17,0.27711841235695983,0.7228815876430401
0.9185883357590032,0.0,0.08141166424099677,0.0,0.21948123406776646,0.7805187659322336
0.951647627267975,0.0,0.04835237273202503,0.0,0.18084325640478197,0.8191567435952181
0.9387098741434641,0.0,0.06129012585653598,2.4788190879163133e-17,0.4786724853369017,0.5213275146630983
1.0,0.0,1.6653345369377348e-16,0.0,0.1262339469205943,0.8737660530794057
0.8545035439888693,6.938893903907228e-18,0.14549645601113068,0.28930126949065216,1.205632815803881e-16,0.7106987305093477
0.8630996724904497,8.673617379884035e-19,0.13690032750955033,0.19789804034089023,0.2464658423602808,0.555636117298829
0.8320928718861399,0.0,0.16790712811386016,0.02115207724550381,0.18466779985990037,0.7941801228945958
0.9598694956085048,2.7755575615628914e-17,0.0401305043914954,2.2659911864285486e-17,0.4960648996560029,0.5039351003439971
0.9253469680267057,0.0,0.07465303197329434,0.44752162118375743,1.8709371904691297e-16,0.5524783788162425
0.8433581812805689,0.0,0.1566418187194312,0.0,0.26937134242752553,0.7306286575724745
1.0,0.0,0.0,0.0,1.0,0.0
0.9387311627799034,0.0,0.061268837220096656,0.3473227539452798,0.2029766154517483,0.44970063060297205
0.9223949466185812,0.0,0.07760505338141885,0.0,0.15888959329639277,0.8411104067036073
0.805804853820672,0.0,0.19419514617932798,0.020474580791086446,0.0,0.9795254192089136
0.9177302305643034,0.0,0.0822697694356967,0.0,0.3353752464137529,0.6646247535862472
0.9583496854136219,0.0,0.0416503145863783,0.0,0.0,1.0
0.8320800355377025,0.0,0.1679199644622975,0.1256795728981573,0.2755600932004327,0.5987603339014101
1.0,1.3877787807814457e-17,1.1102230246251565e-16,3.004629197474319e-18,0.2274534485627289,0.7725465514372711
0.8385223252653786,6.938893903907228e-18,0.16147767473462138,0.04323489777928586,0.5351293534992019,0.4216357487215123
0.8797383117148905,2.0816681711721685e-17,0.1202616882851096,4.6008384586325503e-17,0.2780092060205549,0.7219907939794451
0.9380779624665704,6.938893903907228e-18,0.06192203753342951,0.16380283587787325,0.2419537966466561,0.5942433674754707
0.868909828050714,4.119968255444917e-18,0.131090171949286,1.4866654883336473e-17,0.08137162694981019,0.9186283730501899
0.8260904232799173,0.0,0.17390957672008256,0.5471302611462004,0.23759472541089727,0.21527501344290226
0.9530204565003665,1.3877787807814457e-17,0.046979543499633514,2.0150417334080957e-17,0.7073857288181165,0.2926142711818836
0.9582319299248743,1.3877787807814457e-17,0.04176807007512573,0.2919004500405518,0.2978560467142681,0.4102435032451802
0.9129336608060399,0.0,0.08706633919396015,2.3411069163654068e-17,0.20657045160382562,0.7934295483961743
0.8896193685786336,8.023096076392733e-18,0.11038063142136655,0.0,0.17998555338491748,0.8200144466150825
0.9951907579245771,6.938893903907228e-18,0.0048092420754229925,0.018924193380087252,0.7485192468873288,0.23255655973258396
0.8536251359428815,1.3877787807814457e-17,0.14637486405711864,0.0,0.5377795351988016,0.4622204648011985
0.9951681095973822,1.3877787807814457e-17,0.004831890402617889,0.02722480225835356,0.27063409458248555,0.7021411031591609
0.9178821263184181,6.938893903907228e-18,0.08211787368158183,0.4176380591999997,0.12837228846844764,0.45398965233155264
0.973428896859015,0.0,0.026571103140985056,4.62587703527817e-17,0.43581670273478534,0.5641832972652147
0.930500685691232,6.938893903907228e-18,0.06949931430876805,0.17705655619182545,0.24737351415210684,0.5755699296560677
0.9881856933580445,2.688821387764051e-17,0.011814306641955555,0.0,0.2883888297293208,0.7116111702706792
0.8315240195343796,0.0,0.1684759804656204,7.229889006422597e-18,0.27760254619992003,0.7223974538000799
0.908691915952746,1.0408340855860843e-17,0.091308084047254,0.06548679721483608,0.28905423839503985,0.6454589643901241
0.9047481581052111,2.42861286636753e-17,0.09525184189478886,0.343708086778608,0.14959230542553853,0.5066996077958537
0.9614484107040538,6.938893903907228e-18,0.038551589295946265,0.01718417349286125,0.4872384919458411,0.49557733456129766
0.8617738356059308,0.0,0.13822616439406923,0.24676250862392557,0.34506492199011096,0.4081725693859634
0.8028608648475718,0.0,0.19713913515242829,0.4199772895278221,0.03808354974864894,0.541939160723529
0.8961965432671098,0.0,0.1038034567328901,0.11754057618083992,0.25307404660696964,0.6293853772121905
0.8492721027178065,0.0,0.1507278972821936,0.5128100050963331,0.11838272623460551,0.36880726866906133
0.7736461996350296,0.0,0.22635380036497055,0.5767477800604368,0.3074148927330768,0.11583732720648632
0.8378625714636286,1.3877787807814457e-17,0.16213742853637136,8.846365457251774e-18,0.39181048380733935,0.6081895161926607
0.867843032676129,0.0,0.1321569673238711,0.0,0.11126241271131636,0.8887375872886837
0.9480924778027133,1.3877787807814457e-17,0.05190752219728678,0.1272521988654185,0.0,0.8727478011345815
0.9628382742880994,3.469446951953614e-18,0.03716172571190057,0.0,0.845647780845263,0.1543522191547371
0.9653094010328576,0.0,0.03469059896714238,0.5776867377246458,0.12050697003458773,0.30180629224076644
0.8660969713257785,5.204170427930421e-18,0.13390302867422169,3.4622653132782546e-18,0.1563864591975044,0.8436135408024956
0.8935294463496467,0.0,0.10647055365035328,6.885608577545315e-19,0.12624728444221553,0.8737527155577844
0.8779721715432068,0.0,0.12202782845679319,0.14495994674169926,0.09827177300335063,0.7567682802549501
1.0,0.0,1.6653345369377348e-16,0.0,0.03737419197098669,0.9626258080290133
0.9486366025633082,2.7755575615628914e-17,0.05136339743669177,0.20604356769362947,7.15573433840433e-18,0.7939564323063706
0.9970429323779293,0.0,0.002957067622070819,4.8324452926045293e-17,0.6517864806974354,0.3482135193025646
0.9335174507186808,5.204170427930421e-18,0.0664825492813194,0.44841551042795214,0.2264104791055551,0.3251740104664929
0.8882858085522045,0.0,0.1117141914477954,0.14694972825563293,0.0,0.8530502717443671
0.8797067321440134,0.0,0.12029326785598665,0.1738468224802026,8.760353553682876e-17,0.8261531775197972
0.9555254445855444,0.0,0.04447455541445555,6.259644161404858e-19,0.4565880635777008,0.5434119364222991
0.9799800244719677,1.3227266504323154e-17,0.02001997552803221,0.0,0.11127075004542969,0.8887292499545704
0.8733572829353679,2.6020852139652106e-18,0.12664271706463204,0.5573674434099815,0.0,0.44263255659001954
1.0,2.0816681711721685e-17,0.0,1.3771217155090628e-17,0.41183711391914823,0.5881628860808518
0.8794914007871489,1.3010426069826053e-17,0.1205085992128512,0.11275883071779073,0.3296370766165484,0.5576040926656608
0.8686207930889788,6.938893903907228e-18,0.13137920691102128,0.4412920722578133,0.14232421576140145,0.4163837119807852
0.9262643790118101,0.0,0.07373562098818993,0.0383918061101003,0.21558447064671432,0.7460237232431853
0.8790528960250623,0.0,0.12094710397493776,9.514659125335343e-18,0.43874761221889125,0.5612523877811088
0.9842751636126417,0.0,0.015724836387358387,7.511572993685797e-19,0.32786727449374176,0.6721327255062582
0.8680358213145245,6.938893903907228e-18,0.13196417868547555,0.0,0.22943398795675946,0.7705660120432406
1.0,1.3877787807814457e-17,0.0,0.26725069431070914,0.2842352671382056,0.4485140385510853
0.8341704755410919,4.336808689942018e-19,0.1658295244589082,0.4332068953380673,0.07808061144985354,0.4887124932120792
0.9007388806070182,6.938893903907228e-18,0.09926111939298182,0.3190618589469318,0.29159325288907456,0.38934488816399365
0.931144393843762,0.0,0.06885560615623806,0.7885214267640138,0.09642004538118056,0.11505852785480553
1.0,6.938893903907228e-18,1.6653345369377348e-16,0.0,0.3302523569434629,0.6697476430565371
0.9684337270112169,1.3877787807814457e-17,0.03156627298878312,0.47853147777619226,0.5214685222238077,0.0
0.903289894895279,0.0,0.09671010510472106,0.0,0.1122423160251954,0.8877576839748047
0.9667564543942162,0.0,0.03324354560578388,0.15382033983834195,0.34732652120848256,0.4988531389531755
0.8799514841551599,8.673617379884035e-18,0.12004851584484,0.0,0.0580893905342502,0.9419106094657499
0.9439602417506314,0.0,0.05603975824936861,7.708028092492354e-18,0.4930342677672555,0.5069657322327445
0.8764501125895842,6.938893903907228e-18,0.12354988741041589,2.3786647813338356e-17,0.4768977050413317,0.5231022949586683
0.9280646998124036,6.938893903907228e-18,0.07193530018759652,0.0,0.21687201453811322,0.7831279854618869
0.9052616554506883,0.0,0.09473834454931182,0.0,0.046454649796993104,0.9535453502030069
0.9520098286053175,2.7755575615628914e-17,0.047990171394682424,6.979503239966387e-18,0.23687109478539944,0.7631289052146006
0.9347176158907791,1.713039432527097e-17,0.06528238410922087,7.112366251504909e-17,0.0,1.0
0.9828665841435273,6.938893903907228e-18,0.01713341585647271,3.067225639088367e-17,0.34180513619879566,0.6581948638012043
0.8773817049512372,3.469446951953614e-18,0.1226182950487628,0.0,0.3835906455580264,0.6164093544419735
0.886430701966552,0.0,0.11356929803344795,0.38984950682509584,0.181683025997528,0.42846746717737616
0.8930563959572683,6.938893903907228e-18,0.10694360404273173,0.4873569008117941,0.05555694553500631,0.4570861536531996
0.9121570618134702,0.0,0.08784293818652991,0.32201612042195726,0.0651524050166656,0.6128314745613771
0.8484190987265938,1.734723475976807e-18,0.15158090127340623,1.734723475976807e-18,0.5411867750387985,0.4588132249612016
0.8594032773609592,0.0,0.14059672263904094,0.3417365485461424,0.0,0.6582634514538577
1.0,0.0,1.1102230246251565e-16,0.012848615593195443,0.47081702254550556,0.516334361861299
0.9150454578935528,0.0,0.08495454210644718,0.6207197038090863,0.02850044638607234,0.35077984980484145
0.9978843469978261,0.0,0.0021156530021738673,0.0,0.6144111872605171,0.38558881273948287
0.9712685383205961,6.938893903907228e-18,0.02873146167940399,0.34400233014596043,0.19250289363252032,0.46349477622151924
0.98360607087681,4.163336342344337e-17,0.016393929123190237,0.0,0.3493798687221198,0.6506201312778803
0.930315467664649,0.0,0.06968453233535113,0.7951719085115897,0.08490713374054615,0.11992095774786421
1.0,1.3877787807814457e-17,0.0,2.2058986024790625e-16,0.3157125497419914,0.6842874502580083
1.0,2.7755575615628914e-17,5.551115123125783e-17,0.0,0.24247525621178154,0.7575247437882184
0.8897561853970878,0.0,0.11024381460291213,0.0,0.26544388475324465,0.7345561152467555
0.9094750408424814,2.0816681711721685e-17,0.09052495915751865,0.0,0.2977766749729982,0.702223325027002
1.0,1.3877787807814457e-17,1.3877787807814457e-16,0.24335234308993678,0.4422062230869669,0.31444143382309636
0.8743897187509408,0.0,0.12561028124905924,3.216479820346531e-19,0.5501312453762912,0.44986875462370884
1.0,0.0,2.7755575615628914e-17,5.992373542230001e-17,0.28405707735414204,0.715942922645858
0.9491466015369896,0.0,0.05085339846301051,1.439718157123115e-17,0.4037695055470387,0.5962304944529612
0.895402606113547,0.0,0.10459739388645298,0.005414339893905539,0.07051670970165481,0.9240689504044397
0.9555498598375903,0.0,0.04445014016240978,0.45668022832289523,0.16205022140538566,0.38126955027171905
0.8661752673488623,1.3877787807814457e-17,0.13382473265113765,0.0,0.46081227977130274,0.5391877202286972
0.9373625154455091,3.903127820947816e-18,0.062637484554491,1.978047555003926e-17,0.3438902661476269,0.6561097338523731
0.8996295333149922,6.938893903907228e-18,0.1003704666850078,0.0,0.21940428776411353,0.7805957122358864
0.8144534526585003,1.3877787807814457e-17,0.18554654734149975,0.0,0.15148555027891172,0.8485144497210882
1.0,0.0,2.7755575615628914e-17,4.006172263299107e-18,0.18737342029381976,0.8126265797061802
0.935014650531472,0.0,0.06498534946852796,0.2647596342746978,0.15556721047115002,0.5796731552541522
0.8462437869139949,0.0,0.15375621308600512,0.6199628362608925,0.22235003749122498,0.15768712624788256
0.9205832915287299,0.0,0.07941670847127016,0.40319649807763464,0.07714627182112362,0.5196572301012417
0.9157665720084316,2.7755575615628914e-17,0.08423342799156841,2.929513467537461e-17,0.2162850205992391,0.7837149794007608
0.9371601337672542,6.938893903907228e-18,0.06283986623274589,0.25432795332896435,3.0791341698588326e-17,0.7456720466710356
0.9102882648221668,3.469446951953614e-18,0.08971173517783314,4.440892098500626e-16,0.0,1.0
0.8494452195871789,3.469446951953614e-18,0.1505547804128212,2.95455204418308e-17,0.32615352293351774,0.6738464770664824
0.9175538103897996,5.204170427930421e-18,0.0824461896102004,0.40719428675202246,0.07507544162702422,0.5177302716209533
0.94671473647099,0.0,0.053285263529010085,0.6393645189819669,0.07753275661790437,0.28310272440012874
0.829000442314723,6.938893903907228e-18,0.17099955768527705,0.2797696332093208,0.3677933056708104,0.3524370611198687
0.9276961219770379,0.0,0.07230387802296229,0.17897778762726246,0.266721414327215,0.5543007980455225
0.9069462070684517,1.3877787807814457e-17,0.09305379293154814,0.11532712130936044,7.26415455565288e-18,0.8846728786906396
1.0,0.0,1.1102230246251565e-16,0.7292476399473814,1.1926223897340549e-17,0.27075236005261855
0.9352253801566291,0.0,0.06477461984337084,5.551115123125783e-16,0.0,1.0
0.8681116699803554,6.938893903907228e-18,0.13188833001964456,0.04475007512520194,0.366230119997641,0.5890198048771572
1.0,0.0,1.3877787807814457e-16,0.6486571459135236,0.05437784893674264,0.29696500514973384
0.9255477508762615,0.0,0.07445224912373852,0.027342563516979505,0.356706543261117,0.6159508932219036
0.9117213214046941,0.0,0.08827867859530597,0.0,0.23282718514533665,0.7671728148546635
1.0,1.3877787807814457e-17,2.220446049250313e-16,0.46568505716649644,0.403650902431259,0.13066404040224458
0.9294896251801195,6.938893903907228e-18,0.07051037481988048,0.2991330768999002,0.4979747504540731,0.2028921726460268
0.8207912277202191,0.0,0.17920877227978105,0.27519215726730356,0.22703041030365992,0.4977774324290365
0.9424614887812996,6.938893903907228e-18,0.05753851121870035,0.30688015477080005,8.673617379884035e-19,0.6931198452292
1.0,0.0,1.3877787807814457e-16,0.0,0.23375188651298348,0.7662481134870165
0.9545351857098285,0.0,0.04546481429017146,0.41376307879820284,0.09665928154366492,0.4895776396581323
0.8791177484706937,0.0,0.12088225152930637,1.951563910473908e-18,0.02435407387275662,0.9756459261272433
0.9158010961042238,1.3877787807814457e-17,0.08419890389577617,0.2987463525638377,0.3246325494436707,0.37662109799249166
0.8362339611110716,6.938893903907228e-18,0.1637660388889285,2.0559313713388536e-17,0.5964143027433398,0.40358569725666016
0.9727679740478895,1.3877787807814457e-17,0.027232025952110633,0.0,0.0935412047020049,0.9064587952979951
0.8762461114808549,1.1275702593849246e-17,0.12375388851914515,0.0,0.26825965127837453,0.7317403487216255
0.9809758765616292,0.0,0.019024123438370844,0.4334825680457598,0.3614610595298434,0.20505637242439684
1.0,0.0,5.551115123125783e-17,6.938893903907228e-18,0.5218735229447052,0.47812647705529465
0.8361670599321116,6.938893903907228e-18,0.16383294006788837,0.0,0.1412317288837628,0.8587682711162372
0.9681043721254995,0.0,0.031895627874500676,1.1924622127476202e-17,0.3836633388489594,0.6163366611510407
0.9821981949918187,6.938893903907228e-18,0.01780180500818132,0.5728137164491235,0.32893272580379573,0.09825355774708072
0.976197925184084,1.3877787807814457e-17,0.023802074815916063,3.2550149639305157e-18,0.6473771737879714,0.35262282621202856
0.9150162657992151,6.938893903907228e-18,0.08498373420078495,0.1931383990193731,0.06819822141470776,0.7386633795659192
0.9896091726224883,0.0,0.010390827377511791,0.0008040412102313105,0.1694794717433354,0.8297164870464332
0.9443084865151214,0.0,0.05569151348487872,0.2756795301955622,0.1621443619098221,0.5621761078946158
0.8723910279002393,3.469446951953614e-18,0.1276089720997608,0.0,0.3396230313761592,0.6603769686238408
0.8967238341154798,0.0,0.10327616588452011,5.871546223397734e-17,0.11178302384840136,0.8882169761515986
0.9710841063337943,0.0,0.02891589366620574,0.0,0.520591265874412,0.4794087341255882
0.9224049680839496,2.0816681711721685e-17,0.07759503191605044,0.0,0.05790100546816361,0.9420989945318363
0.9277879793930689,0.0,0.07221202060693116,0.31466483953309043,0.04878875245409935,0.6365464080128103
0.9969540941981285,0.0,0.003045905801871557,2.1783561681688812e-17,0.13637952873963802,0.863620471260362
0.9767729339696771,0.0,0.02322706603032293,0.5494393747800006,0.11010919483067594,0.3404514303893234
1.0,0.0,1.1102230246251565e-16,4.054688281055195e-17,0.5181110622730899,0.48188893772691005
0.9701195783737553,6.938893903907228e-18,0.029880421626244796,0.5388088590560286,0.10577553955074516,0.35541560139322625
0.9732083700504097,2.0816681711721685e-17,0.026791629949590334,4.531982372857097e-17,0.20949579442679317,0.7905042055732069
0.8156639737331486,2.0816681711721685e-17,0.1843360262668513,0.03969991212834565,0.137465323089624,0.8228347647820303
0.923359060311794,0.0,0.07664093968820596,0.6801429740125929,0.1792326165714477,0.1406244094159595
0.9575238856481567,0.0,0.04247611435184325,0.3233743566737739,0.13365911302038666,0.5429665303058394
1.0,4.163336342344337e-17,1.1102230246251565e-16,0.19636315188370304,0.5652163608549131,0.23842048726138393
0.9908420587089046,5.204170427930421e-18,0.00915794129109545,0.0,0.30134468671686615,0.6986553132831339
0.9081496905902671,0.0,0.09185030940973302,0.0,0.17699691486555558,0.8230030851344443
0.9196981065465673,0.0,0.08030189345343286,0.0,0.09556201619666191,0.9044379838033381
0.8754235650347942,6.938893903907228e-18,0.12457643496520582,0.44272629595473595,0.017414955315025543,0.5398587487302385
0.9903128235625528,1.431146867680866e-17,0.009687176437447181,1.408419936316087e-17,0.2669521948675746,0.7330478051324254
0.941181473789507,0.0,0.05881852621049308,0.07785418134491429,0.31911899234314345,0.6030268263119424
0.9359574527287884,4.336808689942018e-18,0.06404254727121166,0.0,0.0,1.0
0.9926071104224199,1.3877787807814457e-17,0.007392889577579997,8.803773167349483e-18,0.5595278906997825,0.4404721093002175
0.9323430785495355,0.0,0.06765692145046465,5.5710833036503e-18,0.28605021745514764,0.7139497825448524
0.8811527207734942,6.938893903907228e-18,0.11884727922650595,0.06576485984172013,0.3146787810972051,0.6195563590610748
0.8930531758670717,1.3877787807814457e-17,0.10694682413292841,0.11634105213657671,0.29537271358711,0.5882862342763133
0.9335238696303112,0.0,0.06647613036968875,0.4803970192735705,0.0,0.5196029807264295
0.8923055429270466,1.3877787807814457e-17,0.10769445707295347,0.2746646822295529,0.16101886726925504,0.564316450501192
0.9772303392069495,0.0,0.022769660793050567,0.0,0.10473118351642086,0.8952688164835793
1.0,2.0816681711721685e-17,0.0,2.103240438232024e-17,0.5051519265396708,0.49484807346032916
0.9157888130590423,0.0,0.08421118694095785,0.6049666169761354,0.1648716597811866,0.23016172324267806
1.0,1.3877787807814457e-17,2.7755575615628914e-17,0.06019578671016622,0.600570858780005,0.33923335450982867
0.99173761948085,0.0,0.008262380519149959,0.42710038765955755,0.15483292820260697,0.4180666841378355
0.905635400660583,0.0,0.09436459933941704,0.0,0.31382401975568386,0.6861759802443163
0.9498307053047302,6.938893903907228e-18,0.050169294695269734,0.0,0.2943650669884763,0.7056349330115238
0.8735731473955682,0.0,0.1264268526044317,0.5471266834774294,0.10989546411672023,0.3429778524058504
0.9163550932278931,0.0,0.08364490677210684,3.313416687174363e-18,0.2634208366547916,0.7365791633452085
0.9221611235598798,0.0,0.07783887644012022,4.44434735459743e-18,0.050309663796873905,0.9496903362031262
0.9955935382774493,2.0816681711721685e-17,0.004406461722550659,0.5817015484152276,0.01863235213322474,0.39966609945154774
0.930170477141681,6.938893903907228e-18,0.06982952285831912,0.0,0.9292142336173911,0.07078576638260897
0.969959570981118,0.0,0.03004042901888221,0.33013064553496,0.09075952430389503,0.579109830161145
0.8355342355586526,1.0408340855860843e-17,0.16446576444134747,5.007715329123865e-19,0.24128871079883513,0.7587112892011649
0.8373168611753679,1.0408340855860843e-17,0.16268313882463215,0.1754427708533163,0.03926626666452014,0.7852909624821637
0.9336720868521396,0.0,0.06632791314786035,0.522562093850295,0.09796460145914837,0.37947330469055673
0.8787619065102048,3.469446951953614e-18,0.12123809348979511,3.4056612548838266e-17,0.2381394983828627,0.7618605016171373
0.9335647453322639,0.0,0.06643525466773625,0.7139779183285982,0.1891444227001102,0.09687765897129164
0.926658190162218,6.938893903907228e-18,0.0733418098377821,0.5847083735840509,0.1340420150352387,0.2812496113807104
0.8720762785888927,0.0,0.12792372141110725,0.0,5.551115123125783e-17,0.9999999999999998
0.9119257163870674,1.734723475976807e-18,0.08807428361293265,3.1298220573837007e-20,0.2176950941227452,0.7823049058772548
0.8860813424498781,6.5052130349130266e-18,0.11391865755012194,0.0,0.3111191387139063,0.6888808612860937
0.920418102865905,0.0,0.07958189713409501,0.0,0.0,1.0
1.0,0.0,5.551115123125783e-17,0.2806544019107062,0.006545312762955526,0.7128002853263384
0.8097069005059557,3.469446951953614e-18,0.19029309949404427,0.3660366125252659,0.2429014033972907,0.3910619840774433
0.9534197124201995,6.938893903907228e-18,0.04658028757980057,8.638308942738667e-18,0.3109543817330963,0.6890456182669037
0.8874452096313623,3.469446951953614e-18,0.11255479036863777,0.4577175563449481,0.1547522595419225,0.38753018411312945
0.8716604776641297,5.204170427930421e-18,0.12833952233587026,0.0,0.29212839010687736,0.707871609893123
0.894203774055693,1.5178830414797062e-17,0.10579622594430715,7.112366251504909e-17,0.0,1.0
0.9436165277429,0.0,0.056383472257100165,0.19874362768817552,1.8518173106052416e-16,0.8012563723118243
0.841617725518787,2.168404344971009e-18,0.1583822744812129,0.469992737589636,0.0,0.5300072624103641
0.9514438171052252,0.0,0.04855618289477498,3.247566071728804e-17,0.14159274145887754,0.8584072585411224
0.9370894595299472,0.0,0.0629105404700529,0.44332924445372657,0.3226934278812848,0.23397732766498863
0.8543910929093976,0.0,0.14560890709060242,0.6166414164132424,0.14048729922736508,0.24287128435939245
0.9457231502554305,1.3877787807814457e-17,0.05427684974456953,0.42273575710373784,0.07240220281145052,0.5048620400848117
0.8849906536018427,1.0408340855860843e-17,0.11500934639815735,6.289753134171552e-17,0.2052735806729783,0.7947264193270217
1.0,2.7755575615628914e-17,0.0,0.6345109890948749,0.10964210281346032,0.2558469080916649
0.9871609480423857,0.0,0.012839051957614367,0.14204734668749125,1.734723475976807e-18,0.8579526533125088
0.9108157641529346,6.938893903907228e-18,0.08918423584706539,0.1050874962722719,0.33853659617352044,0.5563759075542077
0.8746870459705804,6.938893903907228e-18,0.1253129540294197,1.5023145987371594e-18,0.2787638440853005,0.7212361559146995
0.9603953728405652,7.37257477290143e-18,0.03960462715943487,0.0,0.18213361359024288,0.8178663864097572
0.905951036015885,0.0,0.09404896398411505,0.060854294258792734,0.07280661599800918,0.8663390897431982
0.864951829801422,2.3635607360183997e-17,0.13504817019857795,0.0,6.106226635438361e-16,0.9999999999999993
0.9079108328991204,0.0,0.09208916710087958,0.0,0.0,1.0
0.975647721401091,1.3877787807814457e-17,0.02435227859890904,0.0,0.06163103058200014,0.938368969418
0.9325025652274157,0.0,0.06749743477258435,4.244711716442601e-17,0.29740191821277334,0.7025980817872267
0.9081716655581926,0.0,0.09182833444180746,1.6653345369377348e-16,2.220446049250313e-16,0.9999999999999996
0.9164333861008439,0.0,0.0835666138991562,0.22563401385508036,0.2416085661903258,0.5327574199545938
0.964259360340183,1.3877787807814457e-17,0.035740639659817,0.016892789313306105,0.11759675766666473,0.8655104530200292
0.9337761948811325,1.3877787807814457e-17,0.06622380511886752,2.1282790148776423e-18,0.37703346154402345,0.6229665384559767
0.8761960686709064,6.938893903907228e-18,0.12380393132909373,0.09684963789372394,0.0631770224196952,0.8399733396865808
0.9277003995923047,1.3877787807814457e-17,0.07229960040769542,1.2431653304549993e-16,0.5664941505127061,0.43350584948729365
0.9184931558955522,0.0,0.08150684410444785,0.0,0.3272918813918399,0.6727081186081602
0.9885837273830327,6.938893903907228e-18,0.011416272616967177,0.38954745235507404,0.13384019445792653,0.4766123531869994
0.9121284020316335,0.0,0.08787159796836652,1.877893248421449e-17,0.3404071753467291,0.659592824653271
0.9771738622109718,0.0,0.022826137789028283,5.552304371166087e-17,0.4931582276405143,0.5068417723594855
0.9066831119870623,0.0,0.0933168880129378,0.3006630399576612,0.04163686050524545,0.6577000995370933
0.9236172042177221,0.0,0.07638279578227787,2.3160683397199272e-18,0.11638818558440216,0.8836118144155979
1.0,0.0,2.220446049250313e-16,9.121103586434505e-18,0.3625963424418145,0.6374036575581856
0.9493065298968725,0.0,0.05069347010312755,3.505400730386705e-18,0.18641667293167152,0.8135833270683286
0.9508032039626277,3.469446951953614e-18,0.049196796037372426,0.18544958335437417,0.23583712401431195,0.5787132926313139
0.9187266076707046,0.0,0.08127339232929548,0.24395891177113907,0.32484734557724554,0.43119374265161536
0.9033579823352217,7.806255641895632e-18,0.09664201766477834,0.15474937380910994,0.030091034831241873,0.8151595913596481
1.0,1.3877787807814457e-17,0.0,0.31480442758631705,1.6263032587282567e-18,0.6851955724136829
0.9353366247290474,0.0,0.06466337527095262,5.163009072496635e-18,0.07281456286818382,0.9271854371318163
0.9839044241820784,1.1709383462843448e-17,0.016095575817921714,7.511571948995086e-19,0.09232324722001312,0.9076767527799869
0.8740322064929564,0.0,0.12596779350704362,0.3702825167812504,0.24822152364413227,0.38149595957461735
0.9170258181780184,0.0,0.08297418182198146,0.4422625688638966,0.2917217933981426,0.2660156377379609
0.8622455618415474,0.0,0.13775443815845265,0.13542828624689462,0.08079619631761863,0.7837755174354868
0.9151540694844891,2.0816681711721685e-17,0.0848459305155109,0.5282201209742227,2.8189256484623115e-18,0.4717798790257774
0.8863407184498044,6.938893903907228e-18,0.11365928155019553,1.6926077812438663e-16,0.2761586027119535,0.7238413972880464
0.8391200163943389,0.0,0.1608799836056612,3.753788294092036e-18,0.2942530203191361,0.7057469796808641
0.9514076962868896,0.0,0.04859230371311052,0.0,0.4664536366927945,0.5335463633072056
0.886827731636453,1.3877787807814457e-17,0.11317226836354694,0.650592323036246,0.1370910481968715,0.2123166287668825
0.9748701256470608,0.0,0.02512987435293924,3.855940803425377e-17,0.39867588672117293,0.601324113278827
1.0,1.3877787807814457e-17,1.1102230246251565e-16,0.0,0.6312138088782981,0.36878619112170186
0.9244537486552699,1.3877787807814457e-17,0.0755462513447302,0.12472614659810223,0.16205427664486344,0.7132195767570343
0.9436227313764689,0.0,0.05637726862353104,0.24893459018893835,0.4696547392607548,0.2814106705503069
0.9043432432914484,0.0,0.09565675670855156,0.09384133202183036,0.0855201994542387,0.8206384685239311
0.916460351717564,0.0,0.08353964828243601,0.6319637818567314,0.09664281199609427,0.27139340614717444
0.8738185010709631,9.540979117872439e-18,0.1261814989290368,3.897186214088291e-17,0.21070910760534847,0.7892908923946514
0.9527779580026424,0.0,0.04722204199735769,0.050928391474771684,0.3844783359072958,0.5645932726179326
0.9586187159038967,1.6696713456276768e-17,0.04138128409610323,0.37654659124130646,0.20656307766546378,0.4168903310932298
0.9815124146091907,1.9081958235744878e-17,0.018487585390809424,5.25810109558006e-18,0.3102689136571476,0.6897310863428525
0.8684671763471559,0.0,0.13153282365284416,0.25909790163666,0.1660494001338562,0.5748526982294838
1.0,0.0,9.71445146547012e-17,0.0,0.233061214249436,0.7669387857505642
0.9253189083672109,6.071532165918825e-18,0.0746810916327891,0.0,0.43293145002840033,0.5670685499715996
0.8671234109041399,2.0816681711721685e-17,0.13287658909586025,1.3395638505406337e-17,0.625128017150655,0.37487198284934503
0.8955042296702871,1.734723475976807e-18,0.10449577032971294,0.31104757713928854,0.5062911958631284,0.182661226997583
0.9437289399709776,0.0,0.05627106002902246,0.8050005881909617,0.04549422606139442,0.14950518574764385
1.0,6.938893903907228e-18,0.0,0.3298212421337494,0.19227757703451062,0.47790118083174
0.9391485561624205,6.938893903907228e-18,0.060851443837579455,0.13267221507654403,0.29100566540053335,0.5763221195229226
0.9431702348502824,3.0357660829594124e-18,0.05682976514971766,0.0,0.3435447930055016,0.6564552069944983
0.9374971695223676,0.0,0.06250283047763242,1.1708885960700833e-17,0.20213289288111239,0.7978671071188875
0.9094649910112006,6.938893903907228e-18,0.09053500898879946,0.0,0.299248655778747,0.7007513442212531
1.0,1.3877787807814457e-17,1.6653345369377348e-16,0.0,0.4477143384707872,0.5522856615292128
0.9862104912021482,0.0,0.013789508797851787,7.090776338562536e-18,0.31939404433084007,0.6806059556691599
1.0,0.0,1.6653345369377348e-16,2.754243431018126e-18,0.3248362678072913,0.6751637321927089
1.0,0.0,0.0,0.13742682111557541,0.36792360948747277,0.49464956939695176
0.9419796143025669,1.0408340855860843e-17,0.05802038569743301,2.8856144680779866e-17,0.13416451503981,0.8658354849601899
0.9580696304724206,0.0,0.04193036952757949,2.314254206598663e-18,0.21899305159821592,0.7810069484017841
0.961707800132848,3.469446951953614e-18,0.038292199867152155,0.6360391408939725,0.0,0.36396085910602743
0.8855503488456863,0.0,0.11444965115431369,0.1599742978600819,0.15416238850179692,0.6858633136381211
0.906549885783613,6.938893903907228e-18,0.09345011421638705,0.0,0.4292590791807751,0.5707409208192249
0.9139262871789224,0.0,0.08607371282107779,0.0,0.19617980052352355,0.8038201994764765
0.9840723542618195,4.163336342344337e-17,0.015927645738180563,0.5659789740029462,0.37942455765922267,0.05459646833783122
0.8440633977359707,6.938893903907228e-18,0.15593660226402933,0.0,0.38058842593698106,0.6194115740630189
0.8426113348279003,0.0,0.1573886651720997,0.0,0.06755451356397517,0.932445486436025
0.9125810911745826,1.3877787807814457e-17,0.08741890882541742,0.7209073433137861,0.004010355009842862,0.27508230167637093
0.9341166222008281,0.0,0.0658833777991718,2.4475208671092887e-17,0.12499878363451154,0.8750012163654884
0.9033949708136698,6.938893903907228e-18,0.09660502918633021,0.12060300345364208,0.13194044257419896,0.7474565539721589
0.9991884781443889,0.0,0.0008115218556110637,0.2874210653938793,0.22013923148986048,0.4924397031162602
0.7809540636587302,0.0,0.2190459363412699,0.3011614617455641,0.4299382836123589,0.26890025464207706
0.9375102318161554,2.0816681711721685e-17,0.062489768183844635,0.37752102625039696,0.1756666036194001,0.44681237013020303
0.9848923935526159,1.3877787807814457e-17,0.015107606447383931,0.0,0.12044883546347884,0.8795511645365213
0.9263670333080781,2.6020852139652106e-18,0.07363296669192201,0.0,0.3516144650675727,0.6483855349324273
0.8675983260455579,0.0,0.13240167395444213,3.442804288772657e-17,0.25645122953811583,0.7435487704618842
0.844935459009819,0.0,0.15506454099018097,0.0,0.416743377906208,0.583256622093792
0.870955675966247,1.8648277366750676e-17,0.12904432403375302,0.0,0.3234869797628678,0.6765130202371322
0.9679229686348573,4.7704895589362195e-18,0.03207703136514284,0.0,0.09514948011815279,0.9048505198818474
0.8596626666638908,1.3877787807814457e-17,0.14033733333610923,0.2089150449234426,0.3593121606544917,0.43177279442206584
0.848551160361268,0.0,0.151448839638732,1.5179637091406716e-17,0.35040110840851785,0.6495988915914822
0.8872267382815238,0.0,0.11277326171847618,4.554865965350423e-18,0.13603460641477993,0.8639653935852202
0.9211344017337328,3.469446951953614e-18,0.07886559826626705,0.0,0.19863381424713358,0.8013661857528664
0.8953769885840542,0.0,0.10462301141594596,0.1594212964506636,0.17696891186234084,0.6636097916869955
0.9310221582092255,0.0,0.06897784179077471,0.0,0.1847632146392628,0.8152367853607372
0.8318910975583538,6.938893903907228e-18,0.16810890244164622,0.0,0.5099017514709124,0.49009824852908757
0.9853253661783603,0.0,0.01467463382163977,0.0005586740468438412,0.4907080649642041,0.508733260988952
0.9591637870796357,0.0,0.04083621292036438,1.2519288322809663e-19,0.08300136710397046,0.9169986328960296
0.9310143823127558,7.806255641895632e-18,0.0689856176872442,0.19070468320182307,0.28858010482783736,0.5207152119703398
0.8487802356647987,6.938893903907228e-18,0.15121976433520146,0.010063215286954409,0.11526629010257632,0.8746704946104694
1.0,0.0,2.7755575615628914e-17,0.0,0.26569351663627594,0.7343064833637242
1.0,3.469446951953614e-17,0.0,0.2928170396900358,0.3627041690562126,0.3444787912537516
0.9457862421694289,0.0,0.05421375783057117,0.0,0.16206399443899394,0.8379360055610062
1.0,0.0,1.1102230246251565e-16,4.657175256085194e-17,0.31703344938575323,0.6829665506142467
0.9516686924908957,8.673617379884035e-19,0.04833130750910436,0.0,0.5188491346910209,0.4811508653089792
0.9058479636421275,6.938893903907228e-18,0.09415203635787252,0.0,2.7755575615628914e-16,1.0
0.9350649962455732,0.0,0.06493500375442696,0.017628269324893163,0.23260344610327807,0.7497682845718288
0.9762436997770946,0.0,0.023756300222905456,0.0,0.26736051428177005,0.73263948571823
1.0,0.0,1.6653345369377348e-16,7.511572993685797e-19,0.3551940543492974,0.6448059456507027
0.8867931873683159,0.0,0.11320681263168403,0.0,0.16266834357031043,0.8373316564296897
0.8613025446535889,0.0,0.1386974553464111,0.3537614914275119,0.10807025243293972,0.5381682561395484
0.9972713358683227,0.0,0.0027286641316773552,3.801945596423513e-17,0.648694068955574,0.3513059310444259
1.0,0.0,1.1622647289044608e-16,0.524221498215869,0.16432382045721838,0.3114546813269125
0.9611174505517635,2.7755575615628914e-17,0.03888254944823649,0.5695684092944114,0.14270284355606358,0.287728747149525
0.9381422389931953,0.0,0.06185776100680468,0.0,0.4328860718140499,0.5671139281859501
0.9307012247301629,2.0816681711721685e-17,0.06929877526983715,3.880979380070995e-18,0.9507869224638588,0.04921307753614131
0.9130577138378274,2.190088388420719e-17,0.08694228616217267,8.625789654415858e-17,0.9998348967353664,0.0001651032646335076
1.0,1.3877787807814457e-17,1.1102230246251565e-16,0.0,0.5558682149537363,0.4441317850462638
0.933365845995908,4.163336342344337e-17,0.06663415400409209,0.07752909937500906,0.173757768561125,0.7487131320638659
0.9105282003694499,1.734723475976807e-17,0.08947179963055002,9.514659069369774e-18,0.9699719132702589,0.030028086729741162
0.836884888907375,3.469446951953614e-18,0.16311511109262505,1.488543381582069e-16,0.38470741182865636,0.6152925881713436
0.9462615741623871,3.469446951953614e-17,0.05373842583761301,4.6083524527661885e-18,0.11729990360560412,0.8827000963943958
0.8867752204897862,0.0,0.11322477951021394,1.3646024312416358e-17,0.1817304508362935,0.8182695491637064
0.9274842651353578,0.0,0.07251573486464222,5.3138442154239624e-17,0.3923787099350984,0.6076212900649015
0.9492412998112391,3.469446951953614e-18,0.050758700188760844,4.85722573273506e-17,0.2862861118573633,0.7137138881426366
0.902379344006051,1.5178830414797062e-17,0.09762065599394892,0.0,0.3612085889029879,0.6387914110970121
0.9212333795420736,2.7755575615628914e-17,0.07876662045792651,0.0,0.14842887475970018,0.8515711252402999
0.8913160724363676,1.734723475976807e-17,0.10868392756363254,0.3079672636490713,0.30011340095232525,0.3919193353986034
0.8266764160425655,1.0408340855860843e-17,0.17332358395743463,0.0,0.7477946600606777,0.25220533993932226
0.9313451920766138,0.0,0.06865480792338619,1.1830727465055132e-17,0.2791042005380974,0.7208957994619026
0.8962513369517175,0.0,0.10374866304828248,0.0,0.6404943604777192,0.3595056395222808
0.9125216401050452,8.456776945386935e-18,0.08747835989495487,0.0,6.591949208711867e-17,1.0
0.8335912732163158,6.938893903907228e-18,0.16640872678368432,0.0,2.8866882842426556e-18,1.0
0.9370533925019561,1.3877787807814457e-17,0.06294660749804387,0.5074299224476854,0.026602566077942445,0.46596751147437215
0.9187632876292933,0.0,0.08123671237070679,0.1566914302380529,0.1273818685964249,0.7159267011655223
0.9023248047578079,0.0,0.09767519524219218,0.0,0.28859164030996104,0.711408359690039
0.9625968573030378,0.0,0.03740314269696235,0.0,0.24075056372110254,0.7592494362788975
0.9584166598835254,3.469446951953614e-18,0.041583340116474625,0.17805606080681266,0.33573160954680503,0.48621232964638234
0.9140904180080532,0.0,0.08590958199194682,1.258188476442371e-17,0.5688968640451334,0.4311031359548666
0.8711935873527972,1.3877787807814457e-17,0.12880641264720286,0.003824635635097464,0.33735563643872946,0.658819727926173
0.9352040078521912,6.5052130349130266e-18,0.06479599214780887,0.4573653290081755,0.10342327978057729,0.4392113912112472
0.9507138225373498,2.3852447794681098e-18,0.04928617746265014,1.7527003651933526e-17,0.5958708522157886,0.4041291477842113
0.906687609160727,1.734723475976807e-18,0.09331239083927306,0.10127005124157841,0.11756672259394389,0.7811632261644778
0.9270490185069433,0.0,0.07295098149305668,1.0516202191160115e-17,0.4344842039279698,0.5655157960720303
0.8511387961409806,3.469446951953614e-18,0.14886120385901935,0.0,0.05631642548637181,0.9436835745136283
0.8879799228643942,8.673617379884035e-18,0.11202007713560592,3.42089553420774e-17,0.2554983636059662,0.7445016363940338
0.8967337968871882,0.0,0.10326620311281173,0.32338738796123984,0.21455146146907075,0.4620611505696895
0.9313243876515162,0.0,0.06867561234848389,0.08753480141063123,0.3868243539945292,0.5256408445948396
0.8870360791714549,1.0408340855860843e-17,0.11296392082854517,2.5038576645619325e-19,0.21401644249948662,0.7859835575005134
0.9016198333051195,8.673617379884035e-18,0.09838016669488056,0.0,0.30430998910222057,0.6956900108977796
0.8189067098241903,0.0,0.1810932901758098,0.0,0.5846886358730657,0.4153113641269343
0.9189245661276229,0.0,0.0810754338723772,1.8421926787241522e-16,0.16230007221028317,0.8376999277897166
0.9705857012992891,5.204170427930421e-18,0.029414298700710967,8.262730293054376e-18,0.5259992269213613,0.4740007730786388
0.93396972566706,0.0,0.06603027433294,1.001543065824773e-18,0.45197311838290466,0.5480268816170955
0.8587557167642229,0.0,0.1412442832357771,0.3649426175254064,0.2099036784109446,0.42515370406364905
0.9210349095016447,1.3877787807814457e-17,0.07896509049835543,1.772763030240036e-18,0.16216442501511052,0.8378355749848894
0.896499750613512,1.3877787807814457e-17,0.10350024938648822,0.5121051028279516,0.072959525760398,0.4149353714116504
0.931232548284702,0.0,0.06876745171529794,1.1102230246251565e-16,1.6653345369377348e-16,0.9999999999999998
0.8726334115874718,0.0,0.1273665884125283,0.0,0.9308329124966456,0.06916708750335455
0.9445295484726163,2.0816681711721685e-17,0.05547045152738361,0.0,0.22449841475368315,0.775501585246317
1.0,8.673617379884035e-18,1.0581813203458523e-16,1.65601236819664e-17,0.6123474240623255,0.38765257593767455
0.9195628070653867,0.0,0.08043719293461332,0.5788438909090421,0.0557926329255379,0.36536347616542003
0.9011014265757995,0.0,0.09889857342420055,1.9705986628022197e-17,0.33019843064471427,0.6698015693552858
0.9137614117769535,0.0,0.08623858822304656,9.94438865165056e-18,0.49039715470928186,0.5096028452907181
0.8555429142927616,0.0,0.14445708570723836,0.3075371067469259,0.34562220577306474,0.34684068748000935
0.8209645872948599,2.42861286636753e-17,0.17903541270514012,5.62623085306264e-17,0.36552404240741365,0.6344759575925862
0.879712072765068,0.0,0.12028792723493203,0.40427065059314743,0.16525645104141445,0.4304728983654381
0.8831851628172633,3.0357660829594124e-18,0.11681483718273669,8.325326734668425e-18,0.09692622935968595,0.9030737706403141
0.9174130658789539,0.0,0.08258693412104606,0.4375205830264074,0.026447829012180287,0.5360315879614124
0.9689388449977441,2.2551405187698492e-17,0.03106115500225599,0.15906804621777249,0.33855629863415415,0.5023756551480734
0.9240151750063264,1.3877787807814457e-17,0.07598482499367364,0.004982894075745948,0.16797085966210362,0.8270462462621505
0.8344521707529585,2.7755575615628914e-17,0.16554782924704156,0.0,0.46037873003787455,0.5396212699621253
0.9029339984262452,1.734723475976807e-17,0.0970660015737547,0.3184183630598568,0.07673020642392411,0.604851430516219
0.9179079799229466,2.2768245622195593e-18,0.08209202007705342,1.0641395074388212e-18,0.28853276681259715,0.7114672331874029
0.9778655388496706,1.3877787807814457e-17,0.022134461150329493,0.0,2.7755575615628914e-16,0.9999999999999998
0.9828996011056692,0.0,0.017100398894331015,0.3592446765019702,0.5155446852464441,0.12521063825158565
1.0,0.0,1.1102230246251565e-16,1.1830727465055132e-17,0.5206836995990254,0.47931630040097467
0.9638775242658677,1.3877787807814457e-17,0.03612247573413219,0.29029662730527156,0.038879687755389906,0.6708236849393385
0.8799687557795435,0.0,0.12003124422045658,9.564736278626583e-17,0.17593144903543598,0.824068550964564
0.8890867911198206,0.0,0.11091320888017941,0.2970189427573073,0.22779870999748786,0.47518234724520486
0.9378423041932049,0.0,0.062157695806795116,0.0,0.39029032806363195,0.6097096719363679
0.8826296839482697,6.938893903907228e-18,0.11737031605173043,0.16487538621483402,0.17589836904230066,0.6592262447428653
0.9183838276952839,3.0357660829594124e-18,0.08161617230471614,0.3220046816104611,0.05507918364784152,0.6229161347416975
0.8973482309885502,3.469446951953614e-18,0.10265176901144991,0.0,0.21257309537756702,0.787426904622433
0.9038298726635781,0.0,0.0961701273364219,1.1102230246251565e-16,0.0,1.0
0.8899971052253559,1.3877787807814457e-17,0.110002894774644,0.0,0.23264010027696433,0.7673598997230356
0.9999999999999999,1.3877787807814457e-17,1.1102230246251565e-16,8.166633710048451e-17,0.3174508228353975,0.6825491771646025
0.8287405056650459,0.0,0.17125949433495408,0.0,0.44294862194002516,0.557051378059975
0.9254587763084048,1.3877787807814457e-17,0.07454122369159524,0.4841136480924135,0.1291692955095476,0.386717056398039
0.9372700556269807,0.0,0.06272994437301929,2.7542434291526066e-17,0.916107802168015,0.08389219783198501
0.8381613230459215,1.0408340855860843e-17,0.16183867695407855,0.0,0.33151177644158886,0.6684882235584111
1.0,2.0816681711721685e-17,1.1102230246251565e-16,0.0,0.7037221806301376,0.29627781936986247
0.8590873965161943,0.0,0.14091260348380588,0.0,0.2962355161985245,0.7037644838014755
0.9246502791115746,3.469446951953614e-18,0.07534972088842548,0.06655137121528426,0.3371721477088856,0.5962764810758302
1.0,0.0,1.222980050563649e-16,0.21273629235242844,0.4082505184159272,0.3790131892316444
0.9386631446198073,0.0,0.06133685538019269,8.262730293054438e-18,0.22995153951584504,0.7700484604841549
0.9597786504686578,7.806255641895632e-18,0.0402213495313421,1.3809922169666177e-18,0.6588270768442642,0.34117292315573583
0.9933290658944565,0.0,0.006670934105543452,0.0,2.7755575615628914e-16,0.9999999999999998
0.8862281990713942,1.0408340855860843e-17,0.11377180092860593,0.2760080332785004,0.4881453114065787,0.23584665531492094
0.9535986597585525,0.0,0.046401340241447625,0.0,0.5998179781822773,0.40018202181772267
0.9800394726103135,6.938893903907228e-18,0.01996052738968651,8.441208502644389e-18,0.3801393303537707,0.6198606696462293
0.9968820873206641,1.3877787807814457e-17,0.0031179126793360046,1.0015429091592103e-18,0.16161059093947427,0.8383894090605257
0.9188353725955722,0.0,0.08116462740442779,1.643156592368768e-17,0.3546013495429054,0.6453986504570947
0.8558404851436275,2.0816681711721685e-17,0.14415951485637252,0.4020624274299965,0.20974716374522925,0.38819040882477424
0.8896234950427275,6.938893903907228e-18,0.1103765049572726,0.0,0.4344879599384791,0.565512040061521
0.8936448362273659,0.0,0.10635516377263415,0.0,0.4126687313791979,0.5873312686208022
0.9064914132697335,0.0,0.0935085867302666,0.5887452531673198,0.07655386876355758,0.3347008780691227
0.9994058999516107,6.938893903907228e-18,0.0005941000483893344,0.17176769432092429,0.3132150302396743,0.5150172754394015
0.9358642146737276,0.0,0.06413578532627245,0.3948563635299583,0.13474935562956086,0.47039428084048085
0.9900482273472421,0.0,0.009951772652757929,1.1102230246251565e-16,0.0,1.0
0.892058317095275,0.0,0.10794168290472497,0.2664861826771939,0.08748868966391028,0.6460251276588959
0.9231080583007792,0.0,0.07689194169922073,0.0,0.1145711293284938,0.8854288706715062
0.8979137620320801,1.3877787807814457e-17,0.10208623796791988,6.12819163401533e-17,0.23518555436854024,0.7648144456314597
0.9456786447043966,0.0,0.054321355295603446,4.85722573273506e-17,0.07880764678894137,0.9211923532110586
0.9099941072215689,4.336808689942018e-18,0.090005892778431,1.6037228708337226e-18,0.050751471988869194,0.9492485280111308
0.8666335776205689,0.0,0.133366422379431,0.19006361637363248,0.23822111791459147,0.5717152657117761
0.7552586516608492,3.469446951953614e-18,0.24474134833915082,5.218048215738236e-15,0.9999999999999899,4.543240783583258e-15
0.9888021353860779,4.553649124439119e-18,0.01119786461392227,0.0,0.27241889150527804,0.727581108494722
0.8012304231727826,6.938893903907228e-18,0.19876957682721746,0.0,0.387567034684007,0.612432965315993
0.9041198832466693,6.938893903907228e-18,0.0958801167533308,0.5324461474904323,0.005147190478930026,0.46240666203063774
0.8745863911420821,0.0,0.1254136088579179,0.44442696342147103,0.0,0.555573036578529
0.8499885183722926,3.469446951953614e-18,0.1500114816277075,0.425739299871835,0.2386929282351553,0.3355677718930097
0.9873328553227448,0.0,0.012667144677255215,0.0,0.22001682158089564,0.7799831784191045
0.9002051386463619,5.204170427930421e-18,0.09979486135363809,0.0,0.269950580039549,0.730049419960451
0.9941957347811268,2.7755575615628914e-17,0.005804265218873339,0.5023115959946982,0.2665677212787898,0.23112068272651207
0.9943352168533951,1.214306433183765e-17,0.005664783146604919,5.258101056404161e-18,0.2446015917459493,0.7553984082540507
0.9406828892882858,6.938893903907228e-18,0.05931711071171425,0.3126683888901507,0.33089513343423627,0.3564364776756131
0.9336377065151871,2.190088388420719e-17,0.06636229348481297,0.2351137583216074,0.1249584575080521,0.6399277841703406
0.9288287551651357,0.0,0.07117124483486437,0.0,0.3748042684470143,0.6251957315529857
0.9502153267669502,2.0816681711721685e-17,0.04978467323304997,6.009258394948638e-18,0.6416069663808613,0.3583930336191387
1.0,2.7755575615628914e-17,5.551115123125783e-17,5.283139672225677e-17,0.337537328803115,0.662462671196885
0.8886645160043333,0.0,0.11133548399566676,0.1386730363725143,0.3155914509163533,0.5457355127111323
0.9160663492182397,3.469446951953614e-17,0.08393365078176021,0.14421477505210897,0.23726081535888985,0.6185244095890012
0.9232721670738018,0.0,0.07672783292619828,0.3770364474232136,0.12129880388737317,0.5016647486894132
0.8824793715794964,0.0,0.11752062842050368,0.0,0.3619350040716417,0.6380649959283584
0.8877936593627287,0.0,0.11220634063727129,3.9898639947466563e-17,0.0,1.0
0.9594536930490057,0.0,0.04054630695099437,0.0,0.24359022169932618,0.7564097783006738
0.8572202770549673,0.0,0.14277972294503288,0.08970213306612941,2.461138931542095e-17,0.9102978669338707
0.9929800061406571,1.3877787807814457e-17,0.007019993859342988,8.638308942738667e-18,0.009834808410263435,0.9901651915897366
0.8857187335122968,0.0,0.11428126648770326,7.636765876913893e-18,0.3333801826775311,0.6666198173224689
0.9569957107934396,1.214306433183765e-17,0.04300428920656048,0.0,0.5183667255823592,0.4816332744176409
0.9038116715039975,0.0,0.09618832849600245,3.991274462479111e-17,0.15955451752148653,0.8404454824785135
0.974257674903245,0.0,0.025742325096755003,9.28931193552477e-17,0.4665897928718822,0.5334102071281178
0.9671635421641983,1.3877787807814457e-17,0.03283645783580166,0.42324808880222337,0.10272765420183605,0.4740242569959406
0.951568313813139,6.938893903907228e-18,0.048431686186861,0.12744338486437473,0.3766936569229498,0.4958629582126754
0.8613761213844969,1.0408340855860843e-17,0.13862387861550307,0.0,0.3803747012666411,0.6196252987333589
0.9414520412161249,0.0,0.058547958783875136,0.0,0.4529877553837406,0.5470122446162594
0.830853977319485,0.0,0.16914602268051515,2.879436314246222e-18,0.8173819701882572,0.18261802981174288
0.9345522205763026,0.0,0.0654477794236975,2.8168398726321746e-18,0.11311716402457436,0.8868828359754257
0.8236799645137445,6.938893903907228e-18,0.17632003548625558,0.0,0.3148547186238343,0.6851452813761657
0.9335443453016966,1.3877787807814457e-17,0.06645565469830345,6.259644161404812e-19,0.3232692230628502,0.6767307769371498
0.8374699646984057,6.938893903907228e-18,0.1625300353015942,0.0,0.34830813973970265,0.6516918602602974
0.9304080605817258,0.0,0.06959193941827424,0.0,0.13523848847510614,0.8647615115248939
0.9433445677764778,3.469446951953614e-18,0.056655432223522345,0.24448035669346302,0.4252166181635,0.33030302514303694
0.9682532564246523,0.0,0.031746743575347625,0.3860591097154028,0.01441345983943169,0.5995274304451654
0.9903281196644705,0.0,0.009671880335529598,0.12076734304225434,0.22298899611403317,0.6562436608437124
0.9146337181365478,6.938893903907228e-18,0.08536628186345226,0.30017754671500596,0.054695288185350986,0.6451271650996432
0.8455272112273141,0.0,0.154472788772686,0.11321260731144625,0.20703338777672778,0.6797540049118259
0.9447461642487989,0.0,0.05525383575120116,0.024309023048115885,0.0,0.9756909769518841
0.8363591125784158,5.312590645178972e-18,0.1636408874215843,0.3025964086982716,0.1902297172904334,0.5071738740112951
0.8254890673964121,3.469446951953614e-18,0.17451093260358802,0.6979609652017319,0.11068742264071378,0.19135161215755433
0.8988459141623585,0.0,0.10115408583764163,5.551115123125783e-17,0.0,1.0
0.9753676971737181,0.0,0.0246323028262819,0.0,0.1659077989403426,0.8340922010596575
0.9430876883240888,1.3877787807814457e-17,0.056912311675911154,2.6020852139652106e-18,0.27503376560558845,0.7249662343944114
1.0,0.0,0.0,0.26804951824645135,0.28087641505771754,0.4510740666958312
0.9841305620840044,0.0,0.015869437915995682,0.2741451378148034,0.2086389844779673,0.5172158777072294
0.8720508675455485,1.3877787807814457e-17,0.12794913245445155,0.475652346884256,0.1864907958144572,0.33785685730128684
0.8532766461225362,1.3877787807814457e-17,0.14672335387746377,0.35451769214253404,4.769736819078129e-05,0.6454346104892752
0.9387103461993085,6.071532165918825e-18,0.06128965380069147,0.0,0.49113330855082366,0.5088666914491765
0.9682321099515501,0.0,0.031767890048450126,0.4548238512117016,0.2145415457541289,0.33063460303416947
0.8365352157419297,0.0,0.16346478425807023,0.03547951395362317,0.42563442520674627,0.5388860608396305
0.8757774011562756,1.3877787807814457e-17,0.12422259884372455,1.2769674089265854e-17,0.11832005977905326,0.8816799402209468
0.998933184636827,0.0,0.001066815363173046,2.4788190879163133e-17,0.1728644336296887,0.8271355663703113
0.8573306726895984,3.469446951953614e-18,0.14266932731040155,0.16600689838849658,0.19619390764674577,0.6377991939647577
0.9061582844028212,3.469446951953614e-18,0.09384171559717883,0.17939086012296054,0.056408619443330296,0.7642005204337091
0.958382668464268,0.0,0.041617331535731994,0.0,0.3653505728721916,0.6346494271278085
1.0,0.0,5.551115123125783e-17,0.4707596099936337,0.21310081600274944,0.31613957400361686
0.9467847669191751,0.0,0.05321523308082475,0.0,0.49216977292602077,0.5078302270739793
0.9299891306186644,0.0,0.07001086938133566,0.0,0.011436298108319736,0.9885637018916803
0.9397101450436971,2.7755575615628914e-17,0.060289854956302985,5.5294310796760726e-18,0.4813721325192005,0.5186278674807995
0.9412696474045545,0.0,0.05873035259544557,0.1573462045377073,0.3781037326385996,0.4645500628236932
0.9224927123771949,0.0,0.07750728762280507,0.35329774077811865,0.17559560506390812,0.4711066541579733
0.8762379074630764,1.3877787807814457e-17,0.12376209253692366,0.5397309768520032,0.06885221595566986,0.3914168071923269
0.9456288314376105,1.3877787807814457e-17,0.05437116856238944,0.0,0.07760702928101453,0.9223929707189855
1.0,0.0,2.7755575615628914e-17,1.940489693184884e-17,0.1276506578561582,0.8723493421438419
0.8657448679852715,6.938893903907228e-18,0.13425513201472855,1.8704443024927862e-17,0.30223867810990296,0.697761321890097
0.9039424699499619,2.168404344971009e-17,0.0960575300500381,0.0,0.14754248330035116,0.8524575166996491
0.9507346652538156,6.938893903907228e-18,0.04926533474618455,0.45191937709687147,0.0,0.5480806229031286
1.0,1.3877787807814457e-17,0.0,0.0,0.2050300743178793,0.7949699256821208
0.96345836612864,1.214306433183765e-17,0.036541633871360044,0.0,0.1400430052566223,0.8599569947433778
0.8996453457181333,0.0,0.10035465428186668,0.0,0.0,1.0
0.87355735259033,0.0,0.12644264740966996,1.6653345369377348e-16,5.551115123125783e-16,0.9999999999999991
0.8845056879889304,5.204170427930421e-18,0.11549431201106966,0.0,0.0,1.0
0.9236813069185974,0.0,0.0763186930814026,0.4687122763665587,0.19911199667309265,0.3321757269603485
0.9021896510553099,3.469446951953614e-18,0.09781034894469,6.391096640125568e-17,0.15912463926563716,0.8408753607343628
0.8976360648232241,0.0,0.10236393517677601,0.33364362381782947,0.04532109805098213,0.6210352781311884
0.9685266690362238,0.0,0.03147333096377619,0.05525904778430384,0.23468244071058048,0.7100585115051158
0.8727721411979975,4.336808689942018e-19,0.12722785880200263,0.0,0.24101107667490235,0.7589889233250977
0.9719096049209117,7.806255641895632e-18,0.028090395079088313,0.0,0.5622477370455357,0.4377522629544644
0.9923492587281075,6.938893903907228e-18,0.007650741271892497,0.11072188435229802,0.10706470597303556,0.7822134096746665
0.96012445666062,0.0,0.03987554333938021,0.11030231968027479,0.41094302823825496,0.47875465208147017
0.889403370866179,8.673617379884035e-19,0.11059662913382098,0.4538768295452958,0.19713100827017496,0.34899216218452933
0.9541580614515957,0.0,0.04584193854840435,0.0,0.4789869211678669,0.5210130788321331
0.939067476774219,0.0,0.060932523225781146,9.063898376281436e-18,0.24817997184879365,0.7518200281512064
0.8538043723273459,3.469446951953614e-17,0.1461956276726541,0.35794342177519495,0.019311002266571405,0.6227455759582337
0.918473314673338,0.0,0.08152668532666207,0.0,0.5597942045543643,0.4402057954456357
0.949052230689045,1.734723475976807e-18,0.05094776931095512,2.6290505477900453e-18,0.3219555249290555,0.6780444750709445
0.8608241759504099,6.938893903907228e-18,0.1391758240495901,0.25293104091644625,0.20707610713915206,0.5399928519444018
0.8931950143319183,0.0,0.10680498566808178,0.0,0.081374840382398,0.9186251596176019
0.8910268829676451,0.0,0.10897311703235488,0.0,0.0,1.0
0.9740623519480273,2.2768245622195593e-17,0.02593764805197272,8.012344526598184e-18,0.2417839851296611,0.758216014870339
0.9227960334836575,1.734723475976807e-17,0.07720396651634255,1.9645538017013122e-17,0.605185582388654,0.3948144176113459
0.7822061866548474,0.0,0.2177938133451526,1.273837586845883e-17,0.36846659206524635,0.6315334079347538
1.0,3.903127820947816e-18,5.204170427930421e-18,0.0,0.2857355568949681,0.714264443105032
0.862217918933087,6.938893903907228e-18,0.13778208106691303,0.3941394705815853,0.16996516971443748,0.4358953597039772
0.9625745976488641,0.0,0.03742540235113593,0.014285748331921054,0.3916920183149387,0.5940222333531403
0.8535378414251368,0.0,0.14646215857486328,0.28426491358785866,0.06757653451660703,0.6481585518955344
0.8504530469076104,0.0,0.1495469530923896,0.0,0.6499000644484318,0.3500999355515681
0.8274808311693227,2.0816681711721685e-17,0.17251916883067728,6.79171391512424e-17,0.4796378631703049,0.5203621368296951
0.862616403741296,0.0,0.13738359625870414,2.065682573263594e-18,0.26007834732120605,0.739921652678794
0.9472079154356237,0.0,0.052792084564376465,0.310461710392409,0.27543986172490115,0.4140984278826898
0.7985811178171345,6.938893903907228e-18,0.20141888218286558,0.1448040985601484,0.2914868559125992,0.5637090455272525
0.9637697006457893,6.938893903907228e-18,0.03623029935421074,0.11658970054516808,0.735765838551139,0.14764446090369307
0.9551589260803598,0.0,0.04484107391964012,0.09197572888525131,0.49510561524203833,0.4129186558727103
0.9188403077051991,6.938893903907228e-18,0.08115969229480091,0.3508055542249885,0.17826986549329454,0.470924580281717
0.8698452776534996,1.734723475976807e-17,0.1301547223465004,0.39810227022325156,0.10682340474871771,0.4950743250280307
0.879309118535802,0.0,0.12069088146419808,7.817097663620487e-17,0.0,1.0
0.8812729396902497,0.0,0.11872706030975042,0.18446777155661542,0.5993403605089912,0.21619186793439343
0.9201300612114731,0.0,0.07986993878852697,0.46877733203123584,0.17845239527150059,0.3527702726972635
0.8849966543355813,1.3877787807814457e-17,0.11500334566441878,0.0,0.35460460390872434,0.6453953960912758
0.9909300351608414,0.0,0.00906996483915859,0.0,0.6238246379365806,0.3761753620634195
0.9091917393160114,6.938893903907228e-18,0.09080826068398865,0.06345543224076694,0.17348625242770818,0.7630583153315249
0.8569465385689891,0.0,0.143053461431011,0.026819345781199364,0.2834338447352242,0.6897468094835765
0.9291190572856237,1.734723475976807e-17,0.07088094271437637,8.262730293054376e-18,0.18664770457032837,0.8133522954296717
0.8693112815734809,3.469446951953614e-18,0.13068871842651902,0.4435643542594884,0.0,0.5564356457405116
0.9632298078656696,0.0,0.03677019213433043,0.0,0.42383376919307886,0.5761662308069212
0.8648713331126602,0.0,0.13512866688733985,0.32457138307400085,0.1356654159652805,0.5397632009607186
0.8428093532929564,0.0,0.1571906467070437,0.12861600634714257,0.68532540488388,0.18605858876897735
0.9496655695918998,1.734723475976807e-18,0.050334430408100206,3.968614398330664e-17,0.37262593693612645,0.6273740630638734
0.9930595860568797,0.0,0.006940413943120338,0.34830942647865004,0.14815001020772742,0.5035405633136225
0.8805020680722581,0.0,0.119497931927742,0.30473488032932744,0.014566440815102926,0.6806986788555698
0.9716220497495104,0.0,0.02837795025048967,0.0,0.34888574496489466,0.6511142550351052
0.9133594357950776,3.0357660829594124e-18,0.0866405642049224,2.220446049250313e-16,0.0,1.0
1.0,0.0,1.6653345369377348e-16,2.2534718981057394e-18,0.7803430207344968,0.21965697926550318
0.8670358298097336,2.7755575615628914e-17,0.1329641701902664,0.35293574336956035,0.19632313741239305,0.4507411192180465
0.8467109461262144,6.938893903907228e-18,0.15328905387378558,3.1423413690252244e-17,0.4368594926378224,0.5631405073621776
0.976139979383936,0.0,0.023860020616063987,0.0,0.3308568117977254,0.6691431882022746
0.9089897217532193,0.0,0.09101027824678057,8.450519617896521e-18,0.07722001691657879,0.9227799830834212
1.0,0.0,1.1102230246251565e-16,0.0,0.5458274278867132,0.4541725721132871
0.9497254908801293,0.0,0.050274509119870844,0.0,0.0,1.0
0.9231545142175193,0.0,0.07684548578248085,0.292894979080138,0.4441425549607005,0.26296246595916145
0.8654687428350026,0.0,0.13453125716499745,0.1452688589081386,0.42939325598122213,0.42533788511063936
0.9385469898707992,6.938893903907228e-18,0.0614530101292009,0.2319018966002229,0.1916989593232007,0.5763991440765763
1.0,0.0,1.249000902703301e-16,0.0,0.21539416708276538,0.7846058329172346
0.9027323709763224,0.0,0.09726762902367761,0.42341970684082814,0.4392677043367658,0.13731258882240607
0.9293602682815731,4.163336342344337e-17,0.07063973171842686,4.0625090607517354e-17,0.41658669239884666,0.5834133076011533
0.9221036821099405,0.0,0.07789631789005952,0.07480736305299095,0.07909796372564074,0.8460946732213683
0.9294578300835263,0.0,0.07054216991647372,0.016633648492306828,0.034250977538396184,0.949115373969297
0.8790931266817551,0.0,0.12090687331824487,0.07765433131101632,0.3218417766610688,0.6005038920279149
1.0,0.0,8.326672684688674e-17,6.514576440072962e-18,0.2512645897914463,0.7487354102085538
0.8525363044308043,0.0,0.1474636955691958,0.25104926672165945,0.06262387139874612,0.6863268618795945
0.9305831359409876,6.938893903907228e-18,0.06941686405901236,4.4067894896290013e-17,0.7584099383383661,0.2415900616616339
0.850868633858758,0.0,0.14913136614124206,0.4830293138336654,0.0,0.5169706861663348
0.9121694481494534,6.938893903907228e-18,0.08783055185054657,0.0,0.07649608626406096,0.923503913735939
0.9319068347988116,0.0,0.06809316520118829,2.3035490513969777e-17,0.274004574558099,0.7259954254419011
0.9507988362935366,0.0,0.04920116370646355,0.0,0.6776138698734419,0.3223861301265582
0.9706568207860259,0.0,0.029343179213974262,0.3158820566344322,0.6841179433655677,3.686287386450715e-18
0.9653970489844812,1.3877787807814457e-17,0.034602951015518885,9.250403487194103e-17,0.338456992156494,0.6615430078435058
0.9186827737945266,2.0816681711721685e-17,0.08131722620547344,6.510029927861025e-18,0.1250593386310849,0.874940661368915
1.0,0.0,1.1102230246251565e-16,1.1796119636642288e-16,1.0,0.0
0.8901408982433404,1.0408340855860843e-17,0.10985910175665961,0.12154639865886673,0.27332650942293535,0.6051270919181979
0.9258882368413116,6.071532165918825e-18,0.07411176315868842,0.32789123929720576,0.3170073212554555,0.3551014394473388
1.0,0.0,1.6653345369377348e-16,0.1193656067716023,0.33078135424272564,0.5498530389856721
0.9508248502183595,0.0,0.04917514978164045,0.2835325408779664,0.22811069745478293,0.48835676166725067
0.9013589767994388,0.0,0.09864102320056117,0.0,0.28171109856606885,0.7182889014339313
0.8381567218089047,0.0,0.16184327819109537,0.326743768812401,0.42794839033986615,0.24530784084773283
0.961298631534723,0.0,0.038701368465277164,0.0,0.0,1.0
0.9523915785828112,4.7704895589362195e-18,0.047608421417188844,0.03240268148310197,0.2850847483370059,0.6825125701798922
0.9283716143084584,6.938893903907228e-18,0.07162838569154162,0.0,0.0,1.0
0.914121125244644,6.938893903907228e-18,0.08587887475535602,0.0,0.036261714606554474,0.9637382853934456
0.8921334765318418,0.0,0.10786652346815828,0.23672997210087085,0.1403921611426548,0.6228778667564744
0.9067878416772158,7.806255641895632e-18,0.0932121583227842,0.31287972116356083,0.17272357312760067,0.5143967057088384
0.9263986114275908,2.7755575615628914e-17,0.0736013885724092,1.47727602209154e-17,0.5544604740906732,0.44553952590932683
0.943531249336491,6.938893903907228e-18,0.056468750663509065,0.2195080852267664,0.012276721914764973,0.7682151928584687
0.9704953658433407,0.0,0.029504634156659354,0.0,0.2037899157684297,0.7962100842315705
0.9881429402965495,0.0,0.011857059703450606,0.12132656904686245,1.734723475976807e-18,0.8786734309531377
0.971220869148351,0.0,0.02877913085164905,0.0,0.19493894257458969,0.8050610574254103
0.943415063405394,0.0,0.0565849365946061,0.0,0.36714026732144067,0.6328597326785594
1.0,6.938893903907228e-18,1.1102230246251565e-16,0.3118767131076726,0.5583454234435862,0.12977786344874123
0.9699672985329594,2.2985086056692694e-17,0.030032701467040606,0.0,0.2839534460195784,0.7160465539804216
0.8808504720663186,6.938893903907228e-18,0.1191495279336813,0.0,0.5863095572019141,0.41369044279808587
0.8444603660979878,0.0,0.1555396339020122,0.16175787400034577,0.280457100957453,0.5577850250422013
0.8387011915571276,0.0,0.16129880844287242,0.36564117533259277,0.18389869262560907,0.4504601320417982
0.9069907884160381,0.0,0.09300921158396191,0.0,0.581263347835719,0.4187366521642809
0.9191677943528747,0.0,0.08083220564712534,0.09168529314808584,0.19294635495329276,0.7153683518986215
0.8990654599869058,4.553649124439119e-18,0.1009345400130942,2.1032404382320252e-17,0.3371248770653648,0.6628751229346351
0.8317618784988909,0.0,0.16823812150110912,0.0,0.16894058263746997,0.8310594173625301
1.0,0.0,1.249000902703301e-16,0.0,0.5427936104800724,0.4572063895199277
0.8913753808792474,2.6020852139652106e-18,0.10862461912075264,0.2181842662910622,0.3266006329396359,0.45521510076930194
0.826370065224858,1.734723475976807e-17,0.17362993477514208,0.4030694552917134,0.09424398989091767,0.5026865548173689
0.9047648202925027,6.938893903907228e-18,0.09523517970749734,0.0,0.2446384128817096,0.7553615871182905
0.8710717763350451,0.0,0.12892822366495488,1.064139507438822e-18,0.2521305032447839,0.7478694967552162
0.9330525194940164,0.0,0.06694748050598376,0.5938759055679949,0.17142549598293072,0.2346985984490745
0.8307474816569217,0.0,0.1692525183430783,0.509358434489658,0.2865656518080075,0.2040759137023344
0.9849624104494739,5.204170427930421e-18,0.015037589550526236,0.09688730244209422,0.36780484266553426,0.5353078548923715
0.959844810840684,3.122502256758253e-17,0.040155189159315985,0.0,0.3490904906099383,0.6509095093900618
0.9073189563481339,0.0,0.0926810436518663,0.22250030341838073,0.1674904556526502,0.6100092409289691
0.8209643231175088,0.0,0.17903567688249128,0.310520725930838,0.3194787987596521,0.3700004753095099
0.9704511195278805,0.0,0.029548880472119524,0.0,0.0,1.0
0.9768929918562645,1.3877787807814457e-17,0.023107008143735536,0.24307108204359912,0.30309315550865323,0.4538357624477476
0.8261106205654163,8.239936510889834e-18,0.1738893794345837,1.8090371626459982e-17,0.5333883192430622,0.46661168075693776
0.9546128741374567,0.0,0.045387125862543454,0.3156099616232765,0.2131179985101652,0.4712720398665583
0.9298897973108167,1.3877787807814457e-17,0.07011020268918325,5.17046607732039e-17,0.2468690164219145,0.7531309835780856
0.9915973182911691,0.0,0.0084026817088308,0.49911811493361136,0.14640228518536683,0.35447959988102185
0.9249429474853006,0.0,0.07505705251469946,0.5157858185063824,1.0299920638612292e-18,0.48421418149361756
0.8968493725773836,0.0,0.10315062742261638,0.0,0.49954486217974975,0.5004551378202502
0.9090595825884202,5.421010862427522e-18,0.09094041741157984,9.765044891791536e-18,0.44609179389989423,0.5539082061001058
0.9048509040453918,1.3877787807814457e-17,0.09514909595460821,0.5920016751966014,0.1762615451781503,0.23173677962524836
0.9061985948402896,0.0,0.09380140515971036,0.35182495450620316,6.483528991463317e-17,0.6481750454937968
0.9999999999999999,0.0,1.6653345369377348e-16,0.4916901188059013,0.3782437394547032,0.13006614173939543
0.9402452580413094,0.0,0.059754741958690544,0.08053739966869931,0.27797309440882495,0.6414895059224758
0.8899467771422158,0.0,0.11005322285778421,0.13402564154993113,0.025595648055886405,0.8403787103941825
0.9262712139414802,0.0,0.07372878605852001,1.2562145299140551e-17,0.21143755813691612,0.7885624418630838
0.8996843806282747,6.938893903907228e-18,0.10031561937172527,0.011389268944859334,0.2293360824589628,0.7592746485961779
0.8965300941980527,1.6479873021779667e-17,0.10346990580194741,0.0,0.28936272511970706,0.7106372748802929
0.9555676354830622,1.3877787807814457e-17,0.04443236451693777,2.7542434310181255e-17,0.39556421337019954,0.6044357866298005
0.9589142262167373,0.0,0.04108577378326278,0.07614910334450306,0.28182471546259386,0.6420261811929032
0.9523626880175279,2.7755575615628914e-17,0.0476373119824722,0.32432756470967733,0.12427621935967595,0.5513962159306467
0.8522617275154016,3.686287386450715e-18,0.1477382724845984,0.47425872384465645,0.12159080490389935,0.4041504712514443
0.8594975357467797,1.0408340855860843e-17,0.14050246425322044,0.0,0.2963160680889311,0.7036839319110689
0.840282309689657,0.0,0.15971769031034302,0.37327930405940873,0.15598090798072523,0.4707397879598661
0.9027367244725392,1.5504091066542713e-17,0.0972632755274609,0.18217691357891058,0.14523624678581168,0.6725868396352778
0.9711470329600335,4.7704895589362195e-18,0.028852967039966548,1.1102230246251565e-16,2.220446049250313e-16,0.9999999999999996
0.940533632378158,0.0,0.0594663676218421,0.04226856212197474,0.0,0.9577314378780254
0.8704560756830414,1.3010426069826053e-18,0.12954392431695855,0.0,0.2803589548363248,0.7196410451636752
0.856792427477083,6.938893903907228e-18,0.1432075725229171,1.1904001184898398e-17,0.4287800225082733,0.5712199774917266
0.9077898634510286,3.469446951953614e-18,0.09221013654897148,0.0,0.4486222314276724,0.5513777685723276
0.9361994468988846,1.3877787807814457e-17,0.06380055310111533,1.6263032587282567e-19,0.806323433234182,0.1936765667658181
0.9151257983209328,5.637851296924623e-18,0.08487420167906733,0.254872133232561,0.24900721761213598,0.496120649155303
0.8366648146185758,0.0,0.16333518538142425,0.0,0.45111390660294165,0.5488860933970584
0.867341765336035,4.163336342344337e-17,0.13265823466396498,0.2863583144310518,0.21381873962063538,0.4998229459483129
0.9315853616660774,0.0,0.0684146383339227,0.7686622604225907,0.11342689662196437,0.11791084295544502
0.9820698910425598,0.0,0.017930108957440294,0.0,0.28501960506849405,0.714980394931506
1.0,0.0,0.0,1.2869828395848333e-16,0.1443464691375325,0.8556535308624673
0.8732868416907923,1.214306433183765e-17,0.1267131583092078,0.2244150834134361,0.30934194832324924,0.4662429682633146
0.9407835440019923,1.3877787807814457e-17,0.05921645599800762,1.3520831388634434e-17,0.6827630155780612,0.3172369844219389
1.0,0.0,1.3877787807814457e-16,4.9806982662526513e-17,0.17493197817070782,0.8250680218292922
0.9186672607050554,2.7755575615628914e-17,0.08133273929494458,3.167379945670844e-17,0.11702974566981733,0.8829702543301826
0.8578921544136588,6.938893903907228e-18,0.1421078455863411,0.4323896385061042,0.0755952630445815,0.49201509844931435
0.8855282300243592,6.938893903907228e-18,0.11447176997564079,0.0,0.5704272136596001,0.42957278634039986
0.9318718016985884,0.0,0.06812819830141167,0.6781102468101297,0.048855918340107524,0.27303383484976285
0.89809691146056,6.938893903907228e-18,0.10190308853944,0.0,0.0,1.0
0.9207892249818186,6.938893903907228e-18,0.07921077501818147,1.5398724637055882e-17,0.38166269873626985,0.6183373012637302
0.9482020715117032,6.938893903907228e-18,0.05179792848829687,0.032795244941877764,2.2985086056692694e-17,0.9672047550581222
1.0,1.3877787807814457e-17,0.0,0.03648281239403132,0.3640204952096196,0.5994966923963492
0.8645151835592498,6.938893903907228e-18,0.13548481644075022,0.05961774830362589,0.0,0.9403822516963741
0.9689308146307355,0.0,0.03106918536926459,7.096225440185035e-19,0.37572474871471173,0.6242752512852883
0.9273779854383757,0.0,0.07262201456162448,9.461114747817579e-18,0.120463208938513,0.879536791061487
0.9489886890450566,0.0,0.051011310954943295,0.07745983337989529,0.010168854280348378,0.9123713123397563
0.8811587102106223,2.7755575615628914e-17,0.11884128978937775,5.92162337668897e-17,0.44397977608558675,0.5560202239144132
0.8497661223105398,6.938893903907228e-18,0.15023387768946034,0.0,1.0,0.0
0.902095473850136,3.469446951953614e-18,0.09790452614986403,3.9327896881551156e-17,0.30653630377529795,0.693463696224702
0.8878532491980362,0.0,0.11214675080196379,0.17845242043297505,0.0785815489431826,0.7429660306238423
0.938006761446423,0.0,0.06199323855357711,6.747896405994408e-17,0.36227981616709803,0.6377201838329019
0.9434301052756944,1.3877787807814457e-17,0.056569894724305625,0.0,0.0,1.0
0.935909597588211,0.0,0.06409040241178907,4.05624939156666e-17,0.7874480994870359,0.2125519005129641
0.945611049280308,1.3227266504323154e-17,0.054388950719692075,2.935773111698866e-17,0.23383034414144477,0.7661696558585553
0.9203382123802781,0.0,0.0796617876197219,0.0,0.35072509321916034,0.6492749067808397
0.9239223377471371,0.0,0.07607766225286305,7.511572993685797e-18,0.198678529066925,0.8013214709330749
0.9163755108169485,0.0,0.08362448918305172,5.551115123125783e-17,0.0,1.0
0.8696858259315532,0.0,0.1303141740684469,0.14322069284994773,0.294792216270864,0.5619870908791883
0.9051938072604961,0.0,0.09480619273950386,0.26803556318645777,1.0256552551712872e-15,0.7319644368135412
0.9674000931749813,2.168404344971009e-18,0.032599906825018704,0.0,0.25924463763525163,0.7407553623647484
0.9419604283183418,0.0,0.058039571681658256,1.5320736038794225e-17,0.3090373180564509,0.6909626819435492
0.9485866399692419,0.0,0.051413360030758276,0.0,0.37092232869891345,0.6290776713010866
0.9404009168371792,1.3877787807814457e-17,0.05959908316282081,0.0,0.32428257643701014,0.6757174235629899
0.8857251050088886,0.0,0.11427489499111146,0.26547573417295645,0.24898195425883163,0.4855423115682119
0.8730438591962292,6.7220534694101275e-18,0.12695614080377088,1.890412536744259e-17,0.052184609919970294,0.9478153900800297
0.9339131181677581,6.071532165918825e-18,0.06608688183224176,0.0,0.3203781022501854,0.6796218977498146
0.9642699566866965,0.0,0.035730043313303594,3.399333954277495e-17,0.5340693912408888,0.4659306087591112
0.9516477889457514,0.0,0.04835221105424864,0.0,0.46329246913573413,0.5367075308642659
0.874458191569519,1.474514954580286e-17,0.1255418084304811,1.0015430658247705e-18,0.30385716255568584,0.6961428374443143
0.8726108832508874,0.0,0.12738911674911257,0.7395035486269068,0.26049645137309335,0.0
0.9372004795987542,0.0,0.06279952040124577,2.129624964897891e-17,0.3237962542142325,0.6762037457857675
0.994639169197508,0.0,0.005360830802492,3.054706350765557e-17,0.2035314671308598,0.7964685328691402
0.9539188708488514,0.0,0.04608112915114865,2.5038576645619324e-18,0.4388325344900918,0.5611674655099083
0.8402684625863972,0.0,0.159731537413603,0.04993438894855074,0.12845332341268054,0.8216122876387687
0.9254409363857669,3.469446951953614e-18,0.07455906361423309,3.867822710123455e-17,0.5102292946371612,0.48977070536283873
0.8322395353439846,6.938893903907228e-18,0.16776046465601538,0.0,0.4027897344111334,0.5972102655888666
0.9374753402735047,5.637851296924623e-18,0.0625246597264954,0.4192155082167193,2.970713952610282e-17,0.5807844917832807
0.9709510525736548,1.3877787807814457e-17,0.029048947426345284,0.0,0.5600505244551796,0.4399494755448204
1.0,4.163336342344337e-17,8.326672684688674e-17,0.5317460591079801,5.421010862427522e-20,0.46825394089202
0.9135751719245833,0.0,0.08642482807541689,3.406601416171538e-17,0.3043213043743311,0.6956786956256689
0.9455182112361941,0.0,0.05448178876380604,3.3306690738754696e-16,0.0,1.0
0.8643820352314641,0.0,0.13561796476853605,0.30105186134462153,0.06112412945076947,0.6378240092046091
0.9131309647954258,0.0,0.08686903520457429,0.0,0.49945350036705793,0.5005464996329422
0.884796373939174,6.938893903907228e-18,0.11520362606082604,0.209722424200298,0.0985721886846614,0.6917053871150406
0.8844393183601015,0.0,0.11556068163989858,0.0,0.055461457106958635,0.9445385428930414
0.864794963973822,6.938893903907228e-18,0.135205036026178,0.3537987715335894,0.07423124239243444,0.5719699860739763
0.9346335607717746,0.0,0.0653664392282255,2.2159140331373103e-17,0.8360025233606942,0.16399747663930583
0.860005125917778,6.938893903907228e-18,0.1399948740822221,0.0,1.0,0.0
0.8724596279072956,0.0,0.1275403720927045,1.0345421743602931e-17,0.32371046385304086,0.6762895361469591
0.8866991392505886,0.0,0.11330086074941137,0.6575798386578273,0.09361394896923744,0.24880621237293532
0.9999999999999999,0.0,0.0,0.0,0.7980053586413335,0.20199464135866643
0.9115734120334041,0.0,0.08842658796659586,0.6332119968756619,0.1700688930165759,0.19671911010776216
0.8745493305651929,0.0,0.12545066943480715,2.756875430271835e-17,0.16113386819757555,0.8388661318024245
0.999989942492564,0.0,1.0057507436100899e-05,0.14023744410563418,0.41220879365646146,0.44755376223790433
0.8621539015034361,3.469446951953614e-18,0.13784609849656396,1.5169818803478878e-17,0.3074760769517597,0.6925239230482403
0.9686795097396318,6.938893903907228e-18,0.031320490260368206,6.760415694317217e-18,0.6489719479211339,0.35102805207886617
0.8729783796290462,3.469446951953614e-18,0.12702162037095377,3.3306690738754696e-16,0.0,1.0
0.9389924287433256,0.0,0.06100757125667436,1.1102230246251565e-16,0.0,0.9999999999999998
0.9365387341204038,3.469446951953614e-18,0.06346126587959627,3.6305936136148004e-18,0.25616484355234775,0.7438351564476523
0.841006096333032,0.0,0.15899390366696797,0.07810519504332751,0.5731082182469643,0.3487865867097082
0.9532698132125863,0.0,0.04673018678741381,1.8778932484214497e-18,0.6567289962247749,0.34327100377522507
0.9923923904279031,6.938893903907228e-18,0.007607609572096968,2.1417651667982205e-17,0.47214942908970103,0.527850570910299
0.8284275501669225,0.005711798530284218,0.16586065130279343,0.49925547687038846,0.20117091830875522,0.2995736048208564
0.9848751035621445,0.0,0.015124896437855528,0.7414745229366935,0.1952069537972048,0.06331852326610177
0.93007775629253,0.0,0.06992224370747002,0.389492387555583,0.32831740830620476,0.2821902041382122
0.949356282472386,0.0,0.050643717527614096,2.403703357979455e-17,0.10326471162778603,0.896735288372214
0.9562864498251259,6.938893903907228e-18,0.04371355017487405,0.0,0.4625461849565717,0.5374538150434283
0.9727382443224424,0.0,0.02726175567755776,0.20939594466434677,0.7906040553356533,3.204636554718246e-17
0.9458997442058187,0.0,0.05410025579418146,0.0,0.11721130049068076,0.8827886995093193
0.9063239641472054,0.0,0.09367603585279458,0.24716645688332245,0.20704930784830908,0.5457842352683684
0.8527302658242903,0.0,0.14726973417570974,0.5134807123492531,0.0812786233231828,0.4052406643275641
0.8138655214225001,0.0,0.18613447857749998,9.411374996672162e-17,0.183847058524269,0.816152941475731
0.9068660935616234,0.0,0.0931339064383766,3.2618697348433312e-18,0.4624482014911778,0.5375517985088223
0.9089101744016349,0.0,0.09108982559836515,5.551115123125783e-17,0.0,1.0
0.9030603207958571,1.3877787807814457e-17,0.09693967920414293,2.0594229291021894e-17,0.43457026058791826,0.5654297394120817
0.9074842302816919,1.214306433183765e-17,0.09251576971830815,0.2937984824594637,0.13459506604101631,0.5716064514995199
0.9409681306729083,1.0408340855860843e-17,0.059031869327091646,1.4692970399984535e-17,0.35482960440106665,0.6451703955989333
0.8835075512544506,0.0,0.11649244874554948,0.41568813690792356,0.2458183498174953,0.33849351327458105
0.9254059068743598,0.0,0.07459409312564032,1.1274678877985093e-17,0.4757185432730607,0.5242814567269393
0.9607344636669889,0.0,0.039265536333011164,1.1102230246251565e-16,0.0,1.0
0.9765328291367289,0.0,0.02346717086327113,0.0,0.04903774214144842,0.9509622578585517
0.8897007335935498,1.3877787807814457e-17,0.11029926640645038,0.0,0.10953633819019863,0.8904636618098013
0.9417836471664484,6.938893903907228e-18,0.05821635283355164,1.6250036243006942e-16,0.6990593270464237,0.3009406729535762
0.8528038890041216,3.469446951953614e-18,0.14719611099587854,0.0,0.33103385894011284,0.6689661410598872
1.0,0.0,1.1102230246251565e-16,8.308584767861922e-18,0.31122490660833657,0.6887750933916634
0.9119165194581279,2.7755575615628914e-17,0.0880834805418721,0.5315742562452782,0.29445314275137136,0.17397260100335035
1.0,0.0,1.6653345369377348e-16,1.1267359490528701e-17,0.6094724211464014,0.39052757885359846
0.9406553015690601,6.938893903907228e-18,0.05934469843094002,1.364602427186253e-17,0.4595177807335391,0.5404822192664609
0.8845444839037864,5.421010862427522e-20,0.11545551609621363,5.007715329123865e-19,0.05860217203293677,0.9413978279670633
0.9587108212603207,0.0,0.04128917873967938,0.16321109634756975,0.43275924566042206,0.4040296579920082
0.9558710810268478,0.0,0.04412891897315226,0.34889328617471005,0.25585269320222315,0.39525402062306686
0.9497072913145774,0.0,0.050292708685422544,2.8982152467304365e-17,0.3155854084600702,0.6844145915399299
0.8663705715054082,0.0,0.1336294284945919,2.970713952610282e-17,1.0,7.589415207398531e-19
0.820870859622159,1.0408340855860843e-17,0.1791291403778411,0.09219148182340996,0.39904384653526687,0.5087646716413232
0.9622977402172191,0.0,0.03770225978278083,0.0,0.3699988070584611,0.6300011929415389
0.9249385457538101,1.3877787807814457e-17,0.07506145424619007,0.16014413699675842,0.21611846977057228,0.6237373932326693
0.853505277028139,1.3877787807814457e-17,0.14649472297186092,0.2957248840935005,0.06667252428622306,0.6376025916202763
0.9147379441298147,0.0,0.08526205587018543,0.0,0.22660939910835623,0.7733906008916437
0.9808843466634191,1.3877787807814457e-17,0.01911565333658094,0.5480728884266937,0.29805622534454523,0.15387088622876113
0.9452354277218942,4.85722573273506e-17,0.05476457227810588,0.028105386447871465,0.1041779815339182,0.8677166320182104
0.8511301722012926,6.938893903907228e-18,0.14886982779870747,0.0,0.6067591721580283,0.39324082784197184
0.954974992708896,1.3877787807814457e-17,0.045025007291104174,0.0,0.4011023592823082,0.5988976407176919
0.989534085328661,0.0,0.01046591467133905,0.41745806657514095,0.3271787061619933,0.25536322726286587
0.9589020204869751,0.0,0.04109797951302485,0.0,0.1266923209318015,0.8733076790681986
1.0,0.0,0.0,1.2172929240436485e-16,0.37316478217232896,0.6268352178276709
0.9091295717970082,2.0816681711721685e-17,0.09087042820299182,0.0,0.24586418592201637,0.7541358140779837
0.9484863214504154,4.336808689942018e-18,0.05151367854958447,5.711994381587916e-18,0.323327005373121,0.676672994626879
0.9661769387883463,6.938893903907228e-18,0.03382306121165371,0.362076135464743,0.2510749190556782,0.38684894547957877
0.9572380735659104,0.0,0.04276192643408958,0.0,0.31039300606812775,0.6896069939318723
0.8828299495044603,0.0,0.11717005049553988,0.1670576993248269,0.3793188288303078,0.4536234718448654
0.9104279690260837,0.0,0.08957203097391626,0.0,0.0,1.0
0.8582508922566194,6.938893903907228e-18,0.14174910774338062,0.13913402130909258,0.15719425489757427,0.7036717237933332
0.8383419944684688,1.0408340855860843e-17,0.16165800553153112,0.0,0.35881250731607645,0.6411874926839235
0.9354989887525103,1.3877787807814457e-17,0.06450101124748978,0.5794734046801355,0.2308467893929654,0.18967980592689918
0.8799578106359364,1.3877787807814457e-17,0.12004218936406363,0.0,0.0,1.0
0.9068727481489808,2.0816681711721685e-17,0.09312725185101928,0.2052059057563318,0.2847778791601,0.5100162150835682
0.921338627744254,5.204170427930421e-18,0.07866137225574613,6.259644161404858e-19,0.48988960399848486,0.5101103960015152
0.8100802758663896,0.0,0.1899197241336104,2.942032755860272e-17,0.6612387815236297,0.3387612184763702
0.9391657262599398,0.0,0.06083427374006033,0.0,0.12882091468692722,0.8711790853130729
0.9343334429934218,0.0,0.06566655700657828,2.4003299104688096e-17,0.3152642843996959,0.6847357156003041
0.9580237882681856,0.0,0.041976211731814476,9.013887592422957e-17,0.3571076026435379,0.6428923973564621
0.9358977615291089,6.938893903907228e-18,0.06410223847089125,0.2708449515804703,0.3047665701765806,0.4243884782429492
0.9609221714222799,6.938893903907228e-18,0.03907782857772013,0.0,0.04174292485884956,0.9582570751411504
0.8587544539779405,6.938893903907228e-18,0.1412455460220595,0.0,0.32290536633423844,0.6770946336657616
0.8496779721812524,0.0,0.1503220278187476,2.5573355849051983e-17,0.34227545466295484,0.6577245453370452
0.9518581151688446,3.577867169202165e-18,0.04814188483115553,1.3677322492669556e-16,0.2741392628186749,0.725860737181325
0.9555531881449204,0.0,0.044446811855079586,0.14842979340475249,0.2220198365881511,0.6295503700070963
0.9203765157170917,6.938893903907228e-18,0.0796234842829084,3.4459705896514794e-18,0.4127078418935637,0.5872921581064363
0.9059203544206488,2.0816681711721685e-17,0.09407964557935125,0.0,0.19885966569686733,0.801140334303137
0.9376380218673337,0.0,0.06236197813266631,5.758872628492444e-18,0.3011208263825118,0.6988791736174882
0.8917209359070729,1.214306433183765e-17,0.10827906409292708,0.0,0.3251603557783307,0.6748396442216692
0.9095127554868808,0.0,0.09048724451311924,1.0766587957616308e-17,0.19780939063121675,0.8021906093687833
0.9582530013919067,0.0,0.04174699860809325,1.608728561467004e-17,0.1747428834850808,0.8252571165149192
0.8824007510359358,1.734723475976807e-18,0.11759924896406423,0.10117079503394429,0.291024364933003,0.6078048400330527
0.8593950170577412,0.0,0.14060498294225887,0.25747545958804197,0.301964547599248,0.44055999281270997
0.913026272064646,1.3877787807814457e-17,0.08697372793535388,4.3143006826264896e-16,0.0,1.0
0.8789704729076182,0.0,0.1210295270923818,0.17588810602533586,0.2262470485553562,0.597864845419308
0.9855823093358362,0.0,0.014417690664163901,0.0,0.0,1.0
0.9768645162985746,2.7755575615628914e-17,0.023135483701425485,0.0,0.4855644653931247,0.5144355346068754
0.9439946960907866,1.0408340855860843e-17,0.056005303909213405,4.037470484106116e-18,0.41448054871077655,0.5855194512892236
0.9804784653255771,6.938893903907228e-18,0.019521534674422858,0.0,0.29646444504479935,0.7035355549552006
0.8544752983457184,2.168404344971009e-18,0.14552470165428147,8.88869470919486e-18,0.09723850241027786,0.9027614975897222
0.891333755156902,0.0,0.10866624484309795,0.466447935314744,0.02755219120824674,0.5059998734770093
0.8530660175200113,0.0,0.14693398247998862,0.08657571767863655,0.2437815746805876,0.6696427076407758
0.9038933662669532,0.0,0.09610663373304683,0.04217464439108223,0.2979911817611809,0.6598341738477368
0.962929647894311,0.0,0.03707035210568893,0.15066529261190525,3.3610267347050637e-18,0.8493347073880948
0.9113571235339181,2.7755575615628914e-17,0.08864287646608193,0.11481497424564406,0.3117957434845694,0.5733892822697867
0.9426977545432506,0.0,0.057302245456749556,0.371289607119657,0.024198224014295125,0.604512168866048
0.9881435872513856,1.3877787807814457e-17,0.01185641274861432,1.8027775184845912e-17,0.08915921151101211,0.9108407884889879
0.9653536759941004,3.469446951953614e-17,0.03464632400589973,0.2673742506122886,0.3992656652116626,0.3333600841760488
0.8398917055364504,0.0,0.16010829446354952,0.002880782917739192,0.42566587541635514,0.5714533416659057
0.8374939642883428,1.3877787807814457e-17,0.16250603571165723,0.5199486240057944,0.18385536063354072,0.29619601536066487
0.9490388903971356,2.7755575615628914e-17,0.05096110960286432,0.12075144753077881,0.2978193406247922,0.581429211844429
0.9847792028928813,0.0,0.015220797107118711,0.18857507503307447,0.5026893120331053,0.3087356129338202
0.9128340126603007,6.938893903907228e-18,0.08716598733969927,0.199380981067686,0.1827466251962767,0.6178723937360372
0.8592943011325018,0.0,0.14070569886749806,7.511572993685797e-19,0.13024086879027533,0.8697591312097247
0.9773511354029086,0.0,0.02264886459709131,4.663434900246599e-17,0.48377861366635483,0.5162213863336452
0.8939814676769324,1.3877787807814457e-17,0.10601853232306757,3.075891413052779e-18,0.22926520683068774,0.7707347931693123
1.0,0.0,1.6653345369377348e-16,6.642893191754794e-17,0.35187289750310596,0.6481271024968939
0.9155476303155544,6.938893903907228e-18,0.08445236968444568,0.0,0.09808045125856575,0.9019195487414343
1.0,0.0,1.6653345369377348e-16,8.88869470919486e-18,0.37726884790693094,0.6227311520930691
0.9284284084174617,0.0,0.07157159158253824,4.657175256085194e-17,0.3381978143152345,0.6618021856847656
0.8445784826495678,0.0,0.15542151735043208,0.3283813328810511,0.4641919904566875,0.20742667666226136
0.7760719569955482,1.9081958235744878e-17,0.22392804300445182,3.042187062442748e-17,0.37101199991685013,0.6289880000831498
0.8967669420737803,2.0816681711721685e-17,0.10323305792621973,0.35905034305479133,0.199318833299482,0.44163082364572676
0.9291620783900606,0.0,0.07083792160993943,0.5675305084038793,0.12526304725969867,0.30720644433642197
0.8403196253441487,0.020083509695716723,0.13959686496013457,2.0990154059319366e-16,0.0,1.0
0.9139659061278662,3.469446951953614e-18,0.08603409387213373,0.0,0.3747923191391995,0.6252076808608004
0.9999999999999999,2.7755575615628914e-17,1.3877787807814457e-16,3.7933443618113276e-17,0.11362225270258151,0.8863777472974185
0.8544211962362984,4.336808689942018e-18,0.1455788037637015,0.08262897164095159,0.4006958003492339,0.5166752280098147
1.0,1.3877787807814457e-17,1.1102230246251565e-16,2.816839872632174e-18,0.3306435762633426,0.6693564237366575
0.8587457225478692,0.0,0.14125427745213093,0.0,0.47261407348171075,0.5273859265182893
0.8608095705212332,4.336808689942018e-19,0.1391904294787668,0.1946659791245271,0.051743282570702584,0.7535907383047703
0.9770533525066873,8.673617379884035e-18,0.022946647493312704,0.2345554708730712,0.5617850677598683,0.20365946136706062
0.8684557789696092,0.0,0.1315442210303909,1.4791691560858522e-17,0.6677778086265811,0.33222219137341885
0.9947547910609009,2.0816681711721685e-17,0.005245208939099077,5.395515296780946e-17,0.4941430749965648,0.5058569250034352
0.89267700086559,0.0,0.10732299913441007,0.43451036380631797,0.055596448988045465,0.5098931872056367
0.8485003816680702,0.0,0.1514996183319298,0.5947368786221214,0.28735678856364005,0.11790633281423858
0.9104865889724889,6.938893903907228e-18,0.08951341102751126,0.024845403833317646,0.17391262396641474,0.8012419722002676
1.0,2.7755575615628914e-17,0.0,0.25220890755440944,0.04857480074510007,0.6992162917004905
0.9063992582908161,6.938893903907228e-18,0.09360074170918387,0.2583582123071321,0.204567038688446,0.537074749004422
1.0,2.0816681711721685e-17,8.326672684688674e-17,0.3991831457944349,0.0792673131676477,0.5215495410379175
1.0,6.938893903907228e-18,2.7755575615628914e-17,0.3365393634199841,0.385692926947946,0.2777677096320698
0.9718657806844467,6.938893903907228e-18,0.028134219315553245,0.0,6.106226635438361e-16,0.9999999999999996
0.9567063723228674,0.0,0.04329362767713263,7.273706515552414e-17,0.48160081286126494,0.518399187138735
0.8935507146761117,0.0,0.10644928532388834,0.1307217868105816,0.08404089205764068,0.7852373211317778
0.9565616451383083,6.938893903907228e-18,0.04343835486169176,0.098526731854647,0.6224931895158834,0.27898007862946966
0.8703618084189553,6.938893903907228e-18,0.12963819158104478,3.0560014416691547e-17,0.22661486366321673,0.7733851363367833
0.936842726961516,0.0,0.06315727303848395,1.582351592661819e-17,0.6785308252433755,0.3214691747566245
0.9208638081165806,6.938893903907228e-18,0.07913619188341939,0.0,2.7755575615628914e-17,1.0
0.9224335846253587,6.938893903907228e-18,0.07756641537464123,8.755031308378804e-17,0.6018841823395112,0.3981158176604886
1.0,1.0408340855860843e-17,5.204170427930421e-18,0.0,0.5542844908210149,0.44571550917898506
0.8550896721960694,0.0,0.1449103278039308,0.0,0.2648923954423113,0.7351076045576888
0.9293444953690058,6.938893903907228e-18,0.07065550463099425,0.0,0.4401570057954408,0.5598429942045591
0.9999999999999999,1.3877787807814457e-17,1.6653345369377348e-16,0.6216270951110074,0.37837290488899267,0.0
1.0,0.0,5.551115123125783e-17,0.0,0.14894641526081367,0.8510535847391864
0.9448515524050929,1.3877787807814457e-17,0.05514844759490717,0.0,0.2442549177118791,0.755745082288121
0.9520528455606093,0.0,0.0479471544393907,0.26277870863723024,0.19113495661049043,0.5460863347522794
0.9679916873416392,0.0,0.03200831265836088,0.0,0.0,1.0
0.9794154092391367,0.0,0.020584590760863386,0.4905740275486711,0.12764230510428862,0.3817836673470404
0.9638910179016625,1.3444106938820255e-17,0.03610898209833756,1.1034160849374962e-18,0.2728865966721247,0.7271134033278753
0.9389254107697683,0.0,0.06107458923023168,3.7557864968428994e-18,0.33141248430687775,0.6685875156931222
0.9150723575432957,6.938893903907228e-18,0.08492764245670434,2.220446049250313e-16,1.6653345369377348e-16,0.9999999999999996
0.9684313391449997,0.0,0.031568660855000444,0.30077414991334883,0.11562461848926132,0.5836012315973899
0.9387169182004452,0.0,0.06128308179955477,0.0,0.4075973730850821,0.592402626914918
0.8503642417920011,0.0,0.1496357582079989,0.3518822953415565,0.12682445406141585,0.5212932505970277
0.9778580781746647,0.0,0.022141921825335337,0.3264903372196134,0.40652689799869585,0.2669827647816908
0.886345865668768,8.673617379884035e-19,0.113654134331232,4.83244529260453e-17,0.016994237513665078,0.9830057624863349
0.9645781913245773,1.2576745200831851e-17,0.035421808675422724,0.0,0.5678811289605471,0.432118871039453
0.863567663929765,0.0,0.13643233607023497,3.6559455942203124e-18,0.31561798449698425,0.6843820155030158
0.9502978912526392,1.3877787807814457e-17,0.04970210874736081,0.42003898263760225,0.0563193894027798,0.5236416279596179
0.9118595042236,6.938893903907228e-18,0.08814049577640007,8.683595197692045e-18,0.6673079684073757,0.33269203159262434
0.9063165945085249,1.3877787807814457e-17,0.09368340549147516,0.5879800256767407,0.22425906250190367,0.18776091182135568
0.9559632552561563,2.0166160408230382e-17,0.04403674474384378,0.0,0.4361682693320275,0.5638317306679727
0.8799616202158899,1.3877787807814457e-17,0.12003837978411017,0.5839770149469575,0.11927203044232909,0.29675095461071344
0.9266042896797022,7.806255641895632e-18,0.07339571032029778,0.0,0.0,1.0
0.9264062454081918,1.3877787807814457e-17,0.07359375459180822,0.0,0.1569606794101589,0.8430393205898412
0.9235660993508965,0.0,0.07643390064910358,0.5492626712253775,0.22825167029231272,0.22248565848230967
0.9049133520161013,2.688821387764051e-17,0.09508664798389871,0.25883974020002803,0.1262758837904765,0.6148843760094955
0.9523476057662108,1.3877787807814457e-17,0.0476523942337892,2.685387345242673e-17,0.5009479410695472,0.49905205893045296
0.928827080144992,0.0,0.07117291985500784,0.0,0.4274832241031816,0.5725167758968183
0.9147665938695527,0.0,0.08523340613044733,8.563820020721595e-18,0.4321595881710013,0.5678404118289987
0.9076886771175827,0.0,0.09231132288241735,4.632136679439575e-18,0.3461769016677958,0.6538230983322043
0.8405540783238789,0.0,0.15944592167612115,0.06794515341862538,0.14886297041215274,0.7831918761692219
0.9025827724730189,0.0,0.09741722752698112,0.0,0.3334904358031905,0.6665095641968097
0.8955170109160955,1.3877787807814457e-17,0.10448298908390447,1.1768131023441082e-17,0.20384150955764974,0.7961584904423503
0.9234881544396945,6.938893903907228e-18,0.07651184556030563,8.294146619514109e-18,0.5179851411146515,0.4820148588853485
0.9882556872719633,4.336808689942018e-18,0.011744312728036804,0.0,0.22703083661187448,0.7729691633881257
0.9490314103598689,9.540979117872439e-18,0.05096858964013096,0.0,0.6716478781361429,0.3283521218638572
0.9738204871991726,6.938893903907228e-18,0.026179512800827504,0.0,0.4308168238653306,0.5691831761346695
0.957955601762636,6.938893903907228e-18,0.04204439823736403,0.5329056260654612,0.031013210756337457,0.43608116317820134
0.8251643186688796,0.0,0.17483568133112043,0.185939216753012,0.2918399920563655,0.5222207911906225
0.9624137892538622,0.0,0.037586210746137896,0.0,0.0235217256906771,0.9764782743093229
0.9518784613312511,0.0,0.048121538668749075,0.0,0.6027110904942086,0.39728890950579154
0.8168929256778021,1.0408340855860843e-17,0.18310707432219803,0.0,0.5087777506414571,0.49122224935854303
0.9727440691934265,0.0,0.02725593080657361,0.0,0.36131394512199294,0.638686054878007
1.0,0.0,5.898059818321144e-17,0.2124475373628515,0.5029998565521623,0.2845526060849863
0.8844732683547419,1.5178830414797062e-17,0.1155267316452581,0.0,0.4759550000900847,0.5240449999099155
0.9767712062406668,0.0,0.023228793759333205,0.5456775477088658,0.10915141792254522,0.345171034368589
0.9222990170972648,0.0,0.07770098290273525,2.704166277726887e-17,0.713837246284707,0.2861627537152929
0.8743572830880791,0.0,0.1256427169119209,0.0,0.42970086511188654,0.5702991348881136
0.982212804386043,0.0,0.01778719561395703,0.0,0.5699688852677003,0.4300311147322997
0.9751386816391991,0.0,0.024861318360800994,5.358255372687332e-17,0.29805515320918524,0.7019448467908147
0.9703870090507616,0.0,0.029612990949238582,0.09788818669676076,0.4638229045883182,0.4382889087149211
0.8534167872160481,3.0357660829594124e-18,0.1465832127839519,5.17046607732039e-17,0.05081845360697928,0.9491815463930207
0.8955704458270085,1.734723475976807e-18,0.10442955417299142,1.2252745491935714e-18,0.21718454409228427,0.7828154559077156
0.9992215046245653,1.3877787807814457e-17,0.00077849537543484,0.0,0.6228805022894272,0.377119497710573
0.864592273122258,4.119968255444917e-18,0.135407726877742,2.3911840696566452e-17,0.26406016465883114,0.7359398353411689
1.0,1.3877787807814457e-17,5.551115123125783e-17,0.3031602689869453,0.3323116990612585,0.3645280319517962
0.9090738857288845,0.0,0.09092611427111569,0.0,0.28464027897841615,0.7153597210215838
0.8508439785302861,0.0,0.14915602146971396,0.5604607345105977,0.10431247106025907,0.3352267944291432
1.0,3.469446951953614e-18,5.551115123125783e-17,0.0,0.24938328957019254,0.7506167104298075
1.0,1.3877787807814457e-17,0.0,0.5527812716215231,0.42159653332616503,0.025622195052311877
0.9951972572952265,0.0,0.004802742704773599,0.0,0.33542542922390295,0.6645745707760972
0.8495002714088469,0.0,0.15049972859115326,0.0,0.028739838511555954,0.971260161488444
0.8505716681083627,0.0,0.14942833189163734,0.0,2.7755575615628914e-16,1.0
0.9220616215235093,6.938893903907228e-18,0.07793837847649074,0.18658565472032443,0.18260329558249488,0.6308110496971808
1.0,0.0,8.326672684688674e-17,0.4070041666352446,0.4364410514811325,0.15655478188362296
1.0,1.3877787807814457e-17,2.7755575615628914e-17,0.42535387460809254,0.22475741348798559,0.34988871190392185
1.0,0.0,1.1102230246251565e-16,0.0,0.47499909399188006,0.52500090600812
1.0,0.0,5.551115123125783e-17,2.4882069584853087e-17,0.42193126104368894,0.578068738956311
0.908328652322976,6.938893903907228e-18,0.09167134767702395,0.04242408981264137,0.05504151632445148,0.9025343938629071
0.9831869355441305,1.3877787807814457e-17,0.016813064455869525,0.0,0.0,1.0
0.9120161408425542,0.0,0.08798385915744585,0.38104104545274164,0.19416004166546724,0.4247989128817911
0.9795456608754646,0.0,0.02045433912453551,2.3996089989736575e-18,0.33578641981516805,0.664213580184832
0.8830305331934089,0.0,0.11696946680659115,0.6299263702425033,9.73613550891983e-17,0.3700736297574965
0.9836353404901912,6.938893903907228e-18,0.016364659509808865,8.056162035728017e-17,0.30920350404402797,0.690796495955972
0.9085597177249889,4.336808689942018e-18,0.09144028227501114,0.0,0.3082180015766897,0.6917819984233102
1.0,0.0,5.551115123125783e-17,0.0,0.5034407477807101,0.49655925221929
0.9028375383825727,0.0,0.09716246161742728,0.13253487158516897,0.0,0.867465128414831
0.8440576120757606,0.0,0.15594238792423942,0.006019303152843363,0.03474083298393999,0.9592398638632167
0.8223726658434685,1.3010426069826053e-18,0.17762733415653162,0.15118123276905465,0.14371930977304584,0.7050994574578995
0.9271747593021391,0.0,0.07282524069786098,0.0,0.2199272176810416,0.7800727823189585
0.8368120247009951,0.0,0.16318797529900483,0.0,0.5507568126160873,0.4492431873839127
0.9127135717203513,0.0,0.08728642827964886,7.423937975426129e-17,0.09271071990752933,0.9072892800924706
0.9375690742294079,0.0,0.06243092577059204,0.25561024734847065,0.18858240911193994,0.5558073435395894
1.0,2.0816681711721685e-17,1.1102230246251565e-16,0.3277941622710562,0.3683128635558122,0.30389297417313166
0.8853025641056118,1.0408340855860843e-17,0.11469743589438826,0.0,0.38246585654174076,0.6175341434582593
0.8317336830713156,0.0,0.1682663169286845,0.40912277864488594,3.6852045418236104e-16,0.5908772213551137
0.9525019887644002,0.0,0.047498011235599824,0.06102860168243289,0.42959044154870424,0.5093809567688629
0.8453544240589623,3.0357660829594124e-18,0.15464557594103776,0.008595483201498767,0.09316812533083087,0.8982363914676703
0.8927354228351211,0.0,0.10726457716487886,0.0,0.04209022425705293,0.9579097757429471
0.88534487235664,6.938893903907228e-18,0.11465512764336007,0.38829941343359475,3.811218537162869e-18,0.6117005865664052
0.8902116848850701,0.0,0.10978831511492992,2.3911840696566452e-17,0.3118792456122179,0.6881207543877821
0.9780150059148647,0.0,0.021984994085135323,0.0,0.3277516355963184,0.6722483644036817
0.9262669128624776,6.938893903907228e-18,0.0737330871375223,0.16937168555049928,0.131029167155531,0.6995991472939698
0.9513067225078164,0.0,0.04869327749218355,9.514659080562898e-18,0.9307564499093838,0.06924355009061614
0.9813279530112456,0.0,0.01867204698875441,0.12610224842918666,0.09852387806635668,0.7753738735044566
0.9622371657997507,6.938893903907228e-18,0.03776283420024937,0.5455086332271457,0.15678953931521789,0.2977018274576364
1.0,1.3877787807814457e-17,0.0,0.2302707113468471,0.5247712367320084,0.2449580519211446
0.9510116610950927,0.0,0.04898833890490731,0.0,0.31991575392342997,0.6800842460765699
0.8762627229211244,1.9081958235744878e-17,0.12373727707887558,0.09012512098108746,0.2526759040658072,0.6571989749531053
0.9042465866160312,0.0,0.09575341338396873,0.0868091390003606,0.21813587528804743,0.695054985711592
0.9172384128372724,0.0,0.0827615871627276,1.0823277143806244e-17,0.21384839595942814,0.7861516040405719
0.999281368460176,0.0,0.0007186315398240023,5.614900812780132e-17,0.42664299920646176,0.5733570007935382
0.9069508999849566,1.8865117801247777e-17,0.09304910001504339,1.142317036634248e-17,0.503139622149968,0.4968603778500321
0.8152460103662643,6.938893903907228e-18,0.18475398963373574,0.0,1.0,0.0
0.9622124078288876,0.0,0.03778759217111244,0.38556469215995537,0.15700334048948528,0.4574319673505593
0.9110569559363932,0.0,0.08894304406360681,0.29192362522999743,0.19683740156058438,0.5112389732094182
0.9365334733906453,1.3877787807814457e-17,0.06346652660935487,0.4321273328528384,0.11554629700893744,0.4523263701382243
0.9437174200402622,8.673617379884035e-18,0.05628257995973787,2.2847701189127633e-17,0.1888836735161094,0.8111163264838905
0.9100581218814765,6.938893903907228e-18,0.08994187811852358,0.0,0.15590247364543372,0.8440975263545663
0.9463113458579597,0.0,0.05368865414204027,3.029667774119938e-17,0.196461542303957,0.8035384576960429
0.9752122685928648,2.7755575615628914e-17,0.024787731407135333,0.5999761705110976,0.25281346226300694,0.1472103672258955
0.933067220489701,1.3877787807814457e-17,0.06693277951029913,0.40191221020947954,0.05156508689151823,0.5465227028990022
0.8917579267364903,0.0,0.10824207326350965,0.4174381404742657,0.08354009286613112,0.4990217666596033
0.8526700753637934,0.0,0.1473299246362067,0.3204264018128663,0.16564350667668357,0.5139300915104501
0.8749442082169607,3.469446951953614e-18,0.12505579178303936,0.2620234045014651,0.12712339367137454,0.6108532018271603
0.7831288701668321,0.0,0.21687112983316792,0.30383945709390786,0.5723666454712919,0.12379389743480033
0.9426901669031897,2.7755575615628914e-17,0.05730983309681026,1.1329955932142759e-17,0.393995690598639,0.606004309401361
0.937175568282961,0.0,0.06282443171703905,0.337250726761619,0.10045732348437038,0.5622919497540106
0.9229232031426862,0.0,0.07707679685731383,7.261187227229604e-18,0.15759434951027745,0.8424056504897225
0.8573024513597728,0.0,0.14269754864022718,4.006172263299092e-17,1.0,0.0
0.8064656723397972,0.0,0.19353432766020295,0.3750906972222636,0.2146149842242985,0.41029431855343784
0.8602734872864589,0.0,0.13972651271354108,0.2229823257990877,0.15045427341694279,0.6265634007839695
0.9442828790758832,6.938893903907228e-18,0.05571712092411685,0.046530119581808575,0.23263401388121374,0.7208358665369777
0.9848453975053016,0.0,0.015154602494698376,1.5933513924538196e-17,0.42722914727439454,0.5727708527256056
0.9999999999999999,6.938893903907228e-18,0.0,2.547675173691766e-17,0.5874625893835387,0.4125374106164613
0.8712021382562696,6.938893903907228e-18,0.1287978617437305,3.843421515102566e-17,0.5287029529070805,0.47129704709291953
0.9503030498207908,1.962405932198763e-17,0.04969695017920911,6.322240603018879e-18,0.2217768216932456,0.7782231783067544
0.9804869679948311,1.3877787807814457e-17,0.019513032005168796,1.58994961699683e-17,0.5966787105955444,0.4033212894044555
1.0,0.0,5.551115123125783e-17,0.0,0.998205083862519,0.0017949161374810835
0.8681721663407943,3.0357660829594124e-18,0.13182783365920564,0.0,0.2966056073836233,0.7033943926163767
0.8801709563585315,6.5052130349130266e-18,0.11982904364146857,0.0,0.20368660208975714,0.7963133979102428
0.9813576142519179,1.3877787807814457e-17,0.018642385748082108,0.0,0.7772645580010209,0.22273544199897918
0.8908098939108948,0.0,0.10919010608910518,0.0,0.23180387339991276,0.7681961266000873
0.9636027474984448,0.0,0.036397252501555344,0.0,0.46170077232401013,0.53829922767599
0.9398643594730736,1.3010426069826053e-18,0.06013564052692649,0.0,0.2554151953659221,0.7445848046340781
0.9319443690237759,1.3877787807814457e-17,0.06805563097622411,0.39814699115481283,0.20268211121949198,0.39917089762569524
0.8722187296536986,6.938893903907228e-18,0.1277812703463015,0.016709073004886013,0.024937774967671265,0.9583531520274426
0.9889050742283527,0.0,0.011094925771647224,6.415259507223208e-17,0.11650087915861797,0.883499120841382
0.8680064642536817,1.3877787807814457e-17,0.13199353574631828,6.76668377351508e-19,0.33477474063002444,0.6652252593699756
0.9070624692809629,8.782037597132586e-18,0.09293753071903713,1.1354641458255672e-17,0.24465841768463348,0.7553415823153665
0.9077788747925694,1.0408340855860843e-17,0.09222112520743067,8.136892068538558e-18,0.18930243186384682,0.8106975681361531
0.8757577341399612,2.0816681711721685e-17,0.12424226586003889,2.4537805112706938e-17,0.27618460106791254,0.7238153989320875
0.8927621621240669,0.0,0.1072378378759331,0.1267166069033223,0.20215767682874752,0.6711257162679302
0.9775964707711671,0.0,0.022403529228833124,0.03468830808368305,0.49344680114646305,0.4718648907698539
1.0,6.938893903907228e-18,1.3877787807814457e-16,0.0,0.3865469913212564,0.6134530086787436
0.9287407758382414,0.0,0.07125922416175856,5.0263329262861475e-17,0.4350370834566932,0.5649629165433068
0.9470831479501309,0.0,0.05291685204986918,1.214306433183765e-17,0.0657387075563916,0.9342612924436083
0.9796780361475231,0.0,0.02032196385247688,0.0,0.4180865612381003,0.5819134387618997
0.8959521084394068,0.0,0.10404789156059328,5.204170427930421e-18,0.01831435267878708,0.9816856473212129
0.8835270117551871,0.0,0.11647298824481289,0.41803523994719094,2.96637714392034e-16,0.5819647600528087
0.9314058965435155,1.951563910473908e-18,0.06859410345648453,0.37466232390940046,0.22225976848543932,0.40307790760516027
0.868008996444181,0.0,0.1319910035558191,0.5180766608426658,0.0,0.4819233391573342
0.9325115034017338,0.0,0.06748849659826621,0.3552965465139268,0.15116077209593282,0.49354268139014057
0.860792761033049,0.0,0.13920723896695097,0.3963535342949433,0.12415977808542232,0.4794866876196344
0.8910812715131264,8.673617379884035e-19,0.10891872848687364,3.624333969453397e-17,0.4157310962930328,0.5842689037069673
0.9584828573968047,0.0,0.041517142603195334,0.24462622256170777,0.15659077050569814,0.598783006932594
0.8963553107400072,6.5052130349130266e-18,0.10364468925999283,0.18507352474457828,0.13468198664695388,0.6802444886084679
0.9231055183677469,3.903127820947816e-18,0.07689448163225317,0.0,0.39236393138153414,0.6076360686184659
0.8810125024503961,0.0,0.11898749754960397,7.849593778401658e-17,0.5409307412674037,0.45906925873259624
0.8977363750032854,6.938893903907228e-18,0.10226362499671468,4.082228817005966e-18,0.3928981850986303,0.6071018149013698
0.906931792579194,0.0,0.0930682074208061,2.6290505477900288e-18,0.18681227520066146,0.8131877247993387
0.8999506676351097,0.0,0.10004933236489036,0.03257017421637279,0.07872093101306929,0.8887088947705579
0.8824788681288277,1.0408340855860843e-17,0.11752113187117236,0.4163917619542134,0.21689198672342933,0.36671625132235713
0.9844182042020074,1.734723475976807e-17,0.01558179579799246,8.148553498741615e-17,0.4589220894472168,0.5410779105527832
0.9902287241685265,0.0,0.009771275831473587,1.5023145987371598e-17,0.22224618954344155,0.7777538104565584
0.9013075859882773,1.3010426069826053e-17,0.09869241401172278,2.220446049250313e-16,1.0234868508263162e-16,0.9999999999999996
0.8799684762492451,0.0,0.12003152375075488,0.0,6.106226635438361e-16,0.9999999999999993
0.9303295742715245,6.938893903907228e-18,0.06967042572847551,1.1955920348283226e-17,0.33841396822194264,0.6615860317780574
0.8653841885920914,0.0,0.1346158114079085,0.4728990965140445,0.09233156249975204,0.43476934098620357
0.8741262935198965,0.0,0.12587370648010365,1.901742577026778e-17,0.16352729767435606,0.836472702325644
0.9457052693069287,0.0,0.05429473069307129,0.20421037772908288,0.2132903737203466,0.5824992485505706
0.8091626619614616,1.734723475976807e-18,0.19083733803853858,2.0782018615864103e-17,0.15014485864186408,0.8498551413581359
0.9211626756865235,4.336808689942018e-18,0.07883732431347644,0.0,0.8356668145145583,0.16433318548544182
0.7911422332282717,0.0,0.2088577667717283,1.0891780840844406e-17,0.6940199907664755,0.30598000923352464
0.8918892430111619,6.938893903907228e-18,0.10811075698883815,0.19959484062502633,0.16940383082836408,0.6310013285466096
0.9548465278488475,3.469446951953614e-18,0.0451534721511526,0.0,0.20200271824216118,0.7979972817578389
0.8995940155403761,0.0,0.10040598445962401,0.3409649782396084,3.2959746043559335e-17,0.6590350217603914
0.9363781976350416,2.0816681711721685e-17,0.0636218023649584,0.09955224146678154,0.21188932092859938,0.6885584376046191
0.8706623870682466,3.469446951953614e-18,0.12933761293175342,5.007715329123865e-18,0.5945112698014434,0.4054887301985565
0.810865294017457,0.0,0.189134705982543,0.0,0.3213352125363536,0.6786647874636464
0.9312304254686657,2.0816681711721685e-17,0.06876957453133431,8.828408019928926e-18,0.2645341509955324,0.7354658490044675
0.9683610872377493,1.3877787807814457e-17,0.03163891276225078,0.0,0.23596280438768974,0.7640371956123103
0.85979502486122,0.0,0.14020497513878016,0.18004566663660712,0.48657773011250793,0.33337660325088503
0.8879392090491325,3.469446951953614e-18,0.11206079095086753,1.8214596497756474e-16,0.0,0.9999999999999998
0.9331452693024539,0.0,0.06685473069754613,0.36158634921560107,0.35510941165801463,0.28330423912638425
0.9385524633699109,1.3877787807814457e-17,0.06144753663008906,0.0,0.5577467696481003,0.4422532303518997
0.9033438990517209,0.0,0.0966561009482792,0.3011780022739724,0.020969560552167598,0.6778524371738599
0.9973999978059628,3.469446951953614e-17,0.002600002194037332,3.3394281243801696e-18,0.28315996194717896,0.7168400380528209
0.8716072402348307,6.938893903907228e-18,0.1283927597651694,0.0,0.0,1.0
0.9471895542116896,0.0,0.05281044578831043,0.2972920263694958,0.12615379962069692,0.5765541740098072
0.9991180981894496,6.938893903907228e-18,0.0008819018105503534,0.0,0.27493008117043327,0.7250699188295668
0.8836417083960755,6.938893903907228e-18,0.11635829160392455,2.3821761440917372e-17,0.10001288645680899,0.8999871135431909
1.0,4.163336342344337e-17,0.0,0.0,0.5413635960211727,0.4586364039788273
0.9066226049274405,2.7755575615628914e-17,0.09337739507255954,9.389466242107262e-18,0.2879713342488976,0.7120286657511024
0.8758010233873886,0.0,0.12419897661261142,0.5843665108719654,0.1430724489110352,0.2725610402169995
0.9970302483710334,0.0,0.0029697516289666492,0.022399794314922627,0.22479433006742122,0.7528058756176561
0.837979330890226,1.3877787807814457e-17,0.16202066910977403,0.0,7.806255641895632e-17,0.9999999999999999
0.832266404066559,6.938893903907228e-18,0.16773359593344098,0.0,0.43173373055562264,0.5682662694443774
1.0,2.7755575615628914e-17,0.0,0.0,0.9288248774284628,0.07117512257153752
0.943244037474546,6.938893903907228e-18,0.05675596252545398,0.2037989353007642,0.14994659785001008,0.6462544668492258
0.8513995339622004,0.0,0.14860046603779975,0.22704889883837165,0.059457674022684794,0.7134934271389436
0.8643715492508565,3.469446951953614e-18,0.1356284507491436,0.0,0.3887310771601659,0.611268922839834
0.8628424846359313,0.0,0.13715751536406884,0.0,0.2573263091192564,0.7426736908807436
0.9273589150249594,6.938893903907228e-18,0.0726410849750406,0.2942142898622203,0.18172993949718932,0.5240557706405904
0.9752043977713392,0.0,0.024795602228660896,0.2043310052513948,0.1494540334023965,0.6462149613462087
0.8900312181789565,0.0,0.10996878182104361,2.4600401554320986e-17,0.2818792903367512,0.7181207096632488
1.0,0.0,5.551115123125783e-17,0.35033728453847696,0.40693721219188383,0.2427255032696393
0.9287982711174305,0.0,0.07120172888256959,0.0,0.5788753766244196,0.4211246233755804
1.0,1.3877787807814457e-17,2.220446049250313e-16,0.5513029892406446,0.2052523487079714,0.24344466205138401
0.8649893857025339,0.0,0.13501061429746614,5.551115123125783e-17,1.1102230246251565e-16,0.9999999999999998
0.900259569190942,0.0,0.09974043080905802,1.6653345369377348e-16,0.0,1.0
0.955855678799393,0.0,0.044144321200606934,1.1633365814340086e-16,0.45789733871244376,0.5421026612875561
0.997777894012813,0.0,0.0022221059871870286,9.890237775019634e-18,0.18866056721628566,0.8113394327837143
0.9247081604987176,2.7755575615628914e-17,0.07529183950128243,1.0384378296958204e-16,0.22625647220318226,0.7737435277968177
0.8820122470106961,7.806255641895632e-18,0.11798775298930393,1.765219653516162e-17,0.2673669229516076,0.7326330770483924
0.8780681990325496,0.0,0.12193180096745052,0.0,0.5717467631267282,0.4282532368732718
0.908030896627304,0.0,0.09196910337269615,0.12475472553473253,0.2663989524281789,0.6088463220370887
0.9438531996160681,0.0,0.05614680038393202,0.3244012117333687,0.5201689027858113,0.1554298854808199
0.9004846875770383,0.0,0.0995153124229618,0.32026359633858126,0.031221065073500177,0.6485153385879187
0.8371382446568592,1.3877787807814457e-17,0.16286175534314076,3.7182286318744694e-17,0.602716561442205,0.3972834385577951
0.8727988285466787,2.0816681711721685e-17,0.12720117145332133,7.261187227229604e-18,0.15287969184659653,0.8471203081534036
0.9004575890638252,0.0,0.09954241093617491,2.9044748908918416e-17,0.1629884790537456,0.8370115209462543
1.0,0.0,0.0,4.9601454350951074e-18,0.016558734657373585,0.9834412653426264
0.8974314382058954,6.938893903907228e-18,0.10256856179410459,0.06392095206253409,0.04870358874406682,0.8873754591933992
0.8493362042214383,3.469446951953614e-18,0.1506637957785617,0.185423108252465,0.31719360769314253,0.4973832840543926
0.8653445569297481,3.469446951953614e-18,0.13465544307025196,0.0,0.3118472171328404,0.6881527828671596
1.0,1.3877787807814457e-17,8.326672684688674e-17,0.0,0.6566235014428475,0.3433764985571524
0.8962975491618906,0.0,0.10370245083810949,0.0,0.11290974787818181,0.8870902521218181
1.0,0.0,1.1102230246251565e-16,0.21247560721780617,0.38693933267160163,0.4005850601105922
1.0,0.0,1.1102230246251565e-16,6.322240603018879e-18,0.3508947744116274,0.6491052255883727
0.8842918423317956,2.0816681711721685e-17,0.11570815766820436,2.1897507425801602e-17,0.30826950825345173,0.6917304917465482
1.0,0.0,0.0,0.5936481599345325,0.40635184006546754,0.0
0.9660187549609072,1.3877787807814457e-17,0.033981245039093,0.0,0.5620381629312541,0.43796183706874586
0.8847475528937292,1.3010426069826053e-18,0.11525244710627094,6.29720202637326e-17,0.10089462815331686,0.899105371846683
0.8772153054238299,0.0,0.1227846945761702,0.0,0.4417887401437419,0.5582112598562581
0.9531539871104091,4.163336342344337e-17,0.04684601288959098,0.0,0.44043164141172403,0.559568358588276
0.8833959098535744,1.3877787807814457e-17,0.11660409014642564,0.0,0.3709233965667501,0.62907660343325
0.9998229021446277,1.3877787807814457e-17,0.00017709785537228795,0.5266205944036758,0.04544521861238051,0.42793418698394364
0.8704226511096187,6.938893903907228e-18,0.12957734889038142,0.44137463557738893,0.00744192809504287,0.5511834363275683
0.9631163946855692,1.3010426069826053e-17,0.03688360531443071,0.0,0.3244124265068646,0.6755875734931354
0.9634527626133781,0.0,0.03654723738662206,0.038531396694968884,0.38265055863019537,0.5788180446748357
0.9002887390349565,2.7755575615628914e-17,0.09971126096504351,0.0,0.11806351545192638,0.8819364845480737
0.8900008861988309,0.0,0.10999911380116908,0.23514306152367348,0.15457161952905574,0.6102853189472708
0.9923394821456346,0.0,0.007660517854365445,0.1781644287189459,3.7947076036992655e-18,0.8218355712810541
0.9279680137125722,0.0,0.07203198628742785,0.1265866193138025,0.3735472294853478,0.49986615120084965
0.8206459500739391,0.0,0.17935404992606085,0.4951101705770041,0.07730367071324443,0.42758615870975153
0.8784225005809404,6.938893903907228e-18,0.1215774994190596,0.295936497851131,3.354295018730108e-17,0.7040635021488689
0.9216896513985695,2.0383000842727483e-17,0.07831034860143048,0.42206763672768477,7.37257477290143e-18,0.5779323632723151
0.9862959093839031,0.0,0.01370409061609687,5.208023942288827e-17,0.19687073318016582,0.8031292668198341
0.9596973054230795,1.3877787807814457e-17,0.040302694576920456,0.0,0.07288592248399549,0.9271140775160046
0.8625622051248408,2.0816681711721685e-17,0.13743779487515925,0.3704402689562769,0.1014536777499416,0.5281060532937816
0.930980684465448,0.0,0.06901931553455194,0.0,0.32559730791305963,0.6744026920869404
0.89406191799778,0.0,0.10593808200221996,0.49355331995394874,0.054241800483674336,0.4522048795623769
0.9447632076065968,4.662069341687669e-18,0.05523679239340312,0.0,0.25855449345364273,0.7414455065463574
0.9218727509713345,6.938893903907228e-18,0.0781272490286655,0.14815243082988888,0.019700863144853406,0.8321467060252578
0.8073721113739163,0.0,0.19262788862608374,0.5993717681269038,0.14975015982173895,0.25087807205135726
0.983356229419694,0.0,0.016643770580305965,2.220446049250313e-16,0.0,0.9999999999999998
0.931725512713711,3.469446951953614e-18,0.06827448728628921,0.39350201168208093,0.36283638502817295,0.24366160328974615
0.9037929294983038,1.3877787807814457e-17,0.09620707050169616,0.0,0.7690140145409506,0.23098598545904947
0.911778854514998,6.938893903907228e-18,0.08822114548500207,0.0,0.05812920451253018,0.9418707954874699
0.9599682773560234,0.0,0.040031722643976725,0.0,0.43112597364111993,0.5688740263588801
0.9542272287654383,0.0,0.04577277123456168,0.0,0.17972494344998222,0.8202750565500178
0.8374773800101691,1.3877787807814457e-17,0.16252261998983092,0.8016467806464709,4.3259666682171627e-17,0.19835321935352915
0.9179407978174307,0.0,0.08205920218256946,0.3546149314770154,0.2522561274554836,0.393128941067501
0.8771635570053118,0.0,0.12283644299468825,0.0,0.369678638906316,0.630321361093684
0.9057967334580335,6.938893903907228e-18,0.09420326654196659,0.16182931017417648,0.19883669162685175,0.6393339981989717
0.9003384701596913,0.0,0.09966152984030875,0.26135485275904863,0.2606688202494029,0.4779763269915486
0.9825897173108717,2.0816681711721685e-17,0.017410282689128337,0.6224133640991741,0.1619954858639011,0.21559115003692464
0.9060045290928129,0.0,0.09399547090718709,7.661804453559513e-17,0.015088570590614976,0.984911429409385
0.9392047432473069,0.0,0.06079525675269323,0.45360859193688896,0.002376564616724895,0.5440148434463862
0.8615363619927663,0.0,0.13846363800723366,1.0265816424703952e-17,0.37545578926102063,0.6245442107389793
1.0,0.0,2.220446049250313e-16,0.0,0.529745809165,0.4702541908350001
0.9507671685285174,0.0,0.049232831471482656,2.9327216406081363e-18,0.2098087237000292,0.7901912762999709
0.9706822707031939,1.3877787807814457e-17,0.02931772929680604,0.0,0.49676823639611384,0.5032317636038862
0.8432339969124782,0.0,0.15676600308752192,0.36521124620753215,0.42333726209680234,0.21145149169566546
0.9103383213514671,1.3010426069826053e-18,0.08966167864853283,0.10468080452793663,0.23609716029722833,0.659222035174835
0.9139805783719163,6.938893903907228e-18,0.08601942162808379,0.0,0.4187077109984952,0.5812922890015049
0.9181881681557422,0.0,0.08181183184425789,1.2519288229533693e-18,0.22810573993955788,0.7718942600604422
1.0,1.3877787807814457e-17,1.6653345369377348e-16,3.69319005522885e-18,0.6431583795358254,0.3568416204641746
0.9258609355078388,0.0,0.07413906449216132,0.0,0.4186334399439781,0.5813665600560219
0.8337579597113081,6.938893903907228e-18,0.16624204028869194,0.07762569073864214,0.4193105539197286,0.5030637553416292
0.888445965179739,0.0,0.11155403482026105,0.38243825346349547,0.14380400982885339,0.4737577367076512
0.9074506017280802,6.938893903907228e-18,0.0925493982719198,0.22225044469058317,0.1201056139392801,0.6576439413701368
0.9810720318284966,2.7755575615628914e-17,0.018927968171503412,1.1102230246251565e-16,5.551115123125783e-17,0.9999999999999998
0.8902227758487357,6.938893903907228e-18,0.10977722415126448,0.0,2.7755575615628914e-17,1.0
0.9073829199429992,0.0,0.09261708005700081,0.0,0.26479490270443584,0.7352050972955642
0.9479344456276839,0.0,0.05206555437231608,5.896520265914576e-17,0.3423255680394016,0.6576744319605984
0.8459940559980388,0.0,0.15400594400196113,0.3217363136542118,3.3772897672923463e-17,0.6782636863457883
0.9163260804638607,0.0,0.0836739195361394,0.0,0.0,1.0
0.9838007722001227,3.469446951953614e-18,0.01619922779987734,5.884065511720541e-18,0.7112655114958382,0.288734488504162
0.9316342982074808,0.0,0.06836570179251938,0.18045954676947526,0.19104192699763095,0.6284985262328939
0.9828682082221298,0.0,0.017131791777870164,0.0,0.8060298734951624,0.19397012650483764
0.9378547563577676,2.7755575615628914e-17,0.062145243642232506,0.0,0.3015607556161227,0.6984392443838773
0.8494743210701557,0.0,0.15052567892984442,0.0,7.216449660063518e-16,0.9999999999999993
0.9297065593483619,2.0816681711721685e-17,0.0702934406516382,1.8655079720064225e-15,0.1458463580194038,0.8541536419805943
1.0,1.3877787807814457e-17,0.0,0.4150267017926609,0.0,0.5849732982073391
1.0,3.469446951953614e-17,0.0,0.41635218071185903,0.25838491876490965,0.3252629005232312
0.9096847674125034,2.0816681711721685e-17,0.09031523258749653,5.551115123125783e-17,0.9999999999999998,1.1102230246251565e-16
0.8947985542357179,0.0,0.10520144576428209,1.3333042063792289e-17,0.3164062318534888,0.6835937681465112
0.9460343865250908,1.3877787807814457e-17,0.053965613474909246,0.6330666413210642,0.04242365663750232,0.3245097020414334
0.9225182165222274,0.0,0.07748178347777267,0.0,1.0,0.0
0.8737766461063264,0.0,0.12622335389367356,2.2785104747513588e-17,0.5021906262982616,0.4978093737017385
0.9102145119222889,0.0,0.08978548807771113,0.0,0.3304520157334461,0.6695479842665538
0.944221322713514,0.0,0.05577867728648604,2.3557194213772578e-17,0.5397612831962125,0.4602387168037875
0.9348457862379786,1.3877787807814457e-17,0.06515421376202146,0.30393224019011594,0.2332110459232944,0.46285671388658967
0.9918691578076818,6.938893903907228e-18,0.008130842192318272,0.22030689458053943,0.3753157897432135,0.4043773156762471
0.8725016570572004,0.0,0.12749834294279963,0.21046879814614053,0.23202381613056536,0.5575073857232942
0.8853964539260946,0.0,0.11460354607390552,0.0,0.3121534636804493,0.6878465363195508
0.8114678099148561,0.0,0.18853219008514388,0.0,0.5926506245261394,0.40734937547386074
0.8914444734066438,6.938893903907228e-18,0.10855552659335622,0.028989126190453487,0.42578506460785165,0.5452258092016949
0.9275761414627223,0.0,0.07242385853727784,0.0,0.0,1.0
0.8937632858092983,0.0,0.1062367141907017,1.228455166675698e-16,0.44827414270897087,0.5517258572910292
0.9740753044375889,1.3877787807814457e-17,0.025924695562411115,0.0,0.0,1.0
0.8455150448832467,6.938893903907228e-18,0.15448495511675334,5.25810109558006e-18,0.19235149534062881,0.8076485046593712
0.9743160432004422,0.0,0.025683956799557872,0.0,0.15251884461706278,0.8474811553829373
0.8873342454332942,3.469446951953614e-18,0.1126657545667058,2.816839878930948e-17,0.1556495505564775,0.8443504494435226
1.0,1.3877787807814457e-17,5.551115123125783e-17,2.0281247082951658e-17,0.12198551962147351,0.8780144803785264
0.8935720238750108,9.107298248878237e-18,0.10642797612498928,8.496475453749338e-18,0.15557426212983627,0.8444257378701637
0.939968361747001,0.0,0.060031638252998926,0.0,0.0,1.0
0.9933088085959165,0.0,0.00669119140408353,1.8340757392916155e-17,0.36953643387438817,0.6304635661256118
0.9128826338562993,1.3877787807814457e-17,0.0871173661437008,2.5160639706766717e-16,0.22300258379202553,0.7769974162079742
0.9659609140026238,0.0,0.034039085997376234,0.32631843386103365,0.11322599921844209,0.5604555669205242
0.9934596270336769,4.163336342344337e-17,0.006540372966323094,0.5285884949990212,0.14693980846406798,0.3244716965369108
0.8185130116375494,0.0,0.1814869883624507,0.5463419409314831,0.0,0.45365805906851703
0.979070283686263,0.0,0.020929716313736968,8.262730293054376e-18,0.04017418688271725,0.9598258131172827
0.9655010560078243,0.0,0.034498943992175596,2.7166855660496967e-17,0.4474921444038719,0.552507855596128
0.9186205037589393,0.0,0.0813794962410607,0.0,0.3197540296208225,0.6802459703791776
0.8773595402554722,0.0,0.12264045974452781,1.3345763753656935e-17,0.11828023381736187,0.8817197661826381
0.8718201419082046,0.0,0.1281798580917954,0.0,0.0965981944031583,0.9034018055968417
0.9280937635662765,1.5612511283791264e-17,0.07190623643372351,1.176813102344108e-16,0.12410200300367566,0.8758979969963243
0.9311503828059925,0.0,0.06884961719400742,0.22272615083468011,0.4027498588277251,0.37452399033759476
0.7894293339273986,0.0,0.2105706660726015,5.821469070106492e-18,0.30971435801663416,0.6902856419833658
0.9488387167055962,3.903127820947816e-18,0.0511612832944039,1.1267359490528695e-18,0.3332589318131136,0.6667410681868865
0.8855696138906188,0.0,0.11443038610938122,0.0,0.16804037818869116,0.8319596218113089
0.9528189109622892,0.0,0.047181089037710844,2.701787832388409e-17,0.5329172952076892,0.46708270479231084
1.0,0.0,5.551115123125783e-17,0.5926671905486119,0.407332809451388,3.9898639947466563e-17
0.9256367481731141,3.469446951953614e-18,0.0743632518268858,8.419221397089497e-18,0.37792298339953184,0.6220770166004682
0.8761170635292544,1.3877787807814457e-17,0.12388293647074561,1.6600576316045613e-16,0.2474363178258685,0.7525636821741313
0.9746074032217884,1.214306433183765e-17,0.025392596778211693,0.0,0.3239427390811346,0.6760572609188655
0.9006856499205396,1.0408340855860843e-17,0.0993143500794603,0.2400367199135827,0.24478702740628572,0.5151762526801317
0.884446543799535,1.734723475976807e-17,0.11555345620046503,3.4428042887726573e-19,0.11764039964278919,0.8823596003572108
0.9403662532045733,1.3877787807814457e-17,0.05963374679542671,0.0,0.30921510460152585,0.6907848953984743
0.9205606917349943,0.0,0.07943930826500567,0.18837497994079638,0.34424017456532097,0.4673848454938827
0.9670024303559371,0.0,0.03299756964406286,2.879436314246222e-17,0.43651753728173337,0.5634824627182667
0.8755319251633956,0.0,0.12446807483660444,0.14507721122090364,0.3629682232184258,0.4919545655606705
1.0,0.0,0.0,0.322100878321324,0.446194975378286,0.23170414630038993
0.8923295670827256,2.42861286636753e-17,0.10767043291727452,0.12440607895624375,0.4338466915183688,0.4417472295253874
0.8274937725138605,0.0,0.17250622748613959,0.0,0.3613427089207281,0.6386572910792718
0.9464089818862151,3.469446951953614e-18,0.05359101811378497,0.0,0.5772332568146716,0.42276674318532836
0.9271540585752277,0.0,0.07284594142477233,0.5325299666442755,0.0,0.4674700333557251
0.9764384740631586,5.637851296924623e-18,0.023561525936841434,0.0,0.0,1.0
0.9934165440872444,0.0,0.006583455912755609,0.0,0.7162684889265573,0.2837315110734429
0.9043626045235842,0.0,0.09563739547641592,0.0,0.396415903326623,0.603584096673377
0.8409841167277281,0.0,0.15901588327227198,1.0228258559735493e-16,0.5181402908661177,0.4818597091338824
0.9020137643717883,0.0,0.09798623562821182,0.0,0.26970599505728204,0.7302940049427179
0.9104474714506844,0.0,0.08955252854931564,0.3412183048765481,0.07649207673228876,0.5822896183911633
0.9411043501534884,0.0,0.058895649846511605,0.4762238694945494,0.030576079605767553,0.493200050899683
1.0,0.0,8.326672684688674e-17,0.0,0.3014044638235599,0.6985955361764401
0.9264319563291472,3.469446951953614e-17,0.07356804367085282,5.1955046539660095e-18,0.4374543167328389,0.562545683267161
0.9009527516314355,0.0,0.09904724836856449,0.0,0.2249686686326539,0.7750313313673461
0.9926550689116699,1.3877787807814457e-17,0.007344931088330092,0.37588859427625426,0.10887960652195015,0.5152317992017956
0.9363147456109646,6.938893903907228e-18,0.06368525438903544,0.0,0.10250827196268404,0.8974917280373159
1.0,0.0,5.551115123125783e-17,0.5119219858108842,0.4114772249047655,0.07660078928435031
0.9615557181931806,1.8214596497756474e-17,0.03844428180681937,0.23598115601202282,0.3144662874185579,0.4495525565694192
0.8389907982148067,0.0,0.16100920178519326,0.0,0.2795699371708373,0.7204300628291627
0.8692125987660125,1.3877787807814457e-17,0.13078740123398747,0.9213746594438748,0.058906912279678425,0.019718428276446823
0.8876059600526068,3.469446951953614e-18,0.11239403994739319,0.0,0.4406157524899487,0.5593842475100514
0.8927359234398446,0.0,0.10726407656015532,0.0,0.1282575681899832,0.8717424318100168
0.9808048442586736,0.0,0.019195155741326297,2.1115834555529952e-17,0.20609716864448172,0.7939028313555183
0.8910355590713964,0.0,0.10896444092860375,3.612754893010274e-18,0.30629203253202014,0.6937079674679798
0.9400433747313456,0.0,0.05995662526865447,0.19762265581434932,0.40959555342664106,0.39278179075900965
0.8795194776088116,0.0,0.12048052239118853,0.5493570744381657,0.15049644260277278,0.3001464829590615
0.8583460691459222,2.7755575615628914e-17,0.14165393085407774,0.0,0.3308764438768292,0.669123556123171
0.9702050887020357,0.0,0.029794911297964327,0.0,0.3165477655259814,0.6834522344740187
0.9018999561836498,1.8648277366750676e-17,0.09810004381635029,2.8356188051163885e-17,0.46272370922569,0.53727629077431
0.9282370425608876,0.0,0.0717629574391125,6.543356386017564e-18,0.3201424482515735,0.6798575517484264
1.0,2.7755575615628914e-17,0.0,1.2394095439581566e-17,0.40646156170646275,0.5935384382935374
1.0,2.7755575615628914e-17,5.551115123125783e-17,4.3167759752887285e-17,0.27114269729540286,0.7288573027045973
0.9999999999999999,0.0,2.220446049250313e-16,0.0,0.3290627250921248,0.6709372749078751
0.931614365512805,0.0,0.06838563448719512,0.12206920643914176,0.39331475945526945,0.4846160341055888
0.9752036690819657,0.0,0.024796330918034376,2.132182714957639e-17,0.5202510047261044,0.47974899527389564
0.892725359727075,0.0,0.10727464027292496,3.4490639329340635e-17,0.2126883132903334,0.7873116867096666
0.840708556833846,0.0,0.15929144316615396,0.0,0.6138466307118859,0.38615336928811433
0.9576298057939105,2.0816681711721685e-17,0.042370194206089506,1.2143709673125373e-16,0.18834369009333995,0.81165630990666
0.951021879714694,3.469446951953614e-18,0.04897812028530597,0.0,0.1307748316054228,0.8692251683945804
0.8579544541918706,6.938893903907228e-18,0.1420455458081295,2.220446049250313e-15,0.0,0.9999999999999986
0.9042230873073438,1.6371452804531117e-17,0.09577691269265616,0.20375899798994618,0.29476277648518107,0.5014782255248729
0.9833341122055784,1.3877787807814457e-17,0.016665887794421602,4.075028349074545e-17,0.32988961428591257,0.6701103857140873
0.7890812618442078,0.0,0.21091873815579215,0.19744847246623187,0.32111419806029423,0.48143732947347384
0.9168434371476545,6.071532165918825e-18,0.08315656285234554,0.3697006882353715,0.00849935636833626,0.6217999553962922
0.9446024995414757,0.0,0.055397500458524374,0.35793943861501754,0.12227798856543841,0.5197825728195441
0.8660313102759647,6.938893903907228e-18,0.1339686897240354,9.763855643751233e-17,0.16888907921183166,0.8311109207881683
0.8893088864890587,0.0,0.11069111351094131,0.15008566966627532,0.37777004080993076,0.472144289523794
0.909102563442465,6.938893903907228e-18,0.09089743655753518,0.2824146117330423,0.20546619956667428,0.5121191887002835
0.9281670042771112,0.0,0.07183299572288893,0.1967422382217749,2.8189256484623115e-18,0.8032577617782252
0.9442057230506666,0.0,0.05579427694933348,3.630593613614802e-18,0.6825588662062322,0.3174411337937678
0.894189496936005,5.204170427930421e-18,0.10581050306399503,0.3180229695886549,0.03484003886937682,0.6471369915419682
0.8520504499248721,2.7755575615628914e-17,0.14794955007512786,4.506943796211478e-18,0.2203089055785441,0.7796910944214559
0.9886671336679594,5.204170427930421e-18,0.0113328663320406,0.0,0.47505839476350065,0.5249416052364992
0.919359504657218,0.0,0.08064049534278189,0.025374079061671044,0.05089569570477176,0.9237302252335572
0.933517451307992,1.3877787807814457e-17,0.06648254869200781,1.9999563095688437e-17,0.15735556098544137,0.8426444390145587
1.0,0.0,0.0,0.5245441652973303,0.1530962108716705,0.32235962383099914
1.0,0.0,0.0,0.0,0.4958004230951057,0.5041995769048943
0.9242837774030712,1.3877787807814457e-17,0.07571622259692876,1.4991847766564572e-17,0.3400561871367105,0.6599438128632894
0.8991514657518619,3.2959746043559335e-17,0.10084853424813811,0.0,0.48221535984760605,0.517784640152394
0.8462072396338955,0.0,0.15379276036610448,0.20268635277156216,0.26899901157588824,0.5283146356525497
0.9131477745662655,4.336808689942018e-18,0.08685222543373453,0.0,0.32963955427382485,0.6703604457261751
0.8940508475159572,2.2551405187698492e-17,0.10594915248404273,3.643112901937611e-17,0.15331330038056382,0.8466866996194362
0.9492113702626919,8.673617379884035e-19,0.0507886297373081,0.3098463885019456,0.34724442453442583,0.3429091869636286
0.8898569121101829,0.0,0.1101430878898172,0.14713841927444374,0.25955046715362345,0.5933111135719328
0.8875233493236814,1.3877787807814457e-17,0.11247665067631868,3.9122776008780184e-17,0.4850529984780009,0.5149470015219991
0.9361260706357397,1.5612511283791264e-17,0.06387392936426035,1.2644481206037758e-17,0.27252631666529725,0.7274736833347027
1.0,4.163336342344337e-17,5.551115123125783e-17,1.3542327675462837e-17,0.628459679687516,0.3715403203124838
0.9750204479764525,6.938893903907228e-18,0.024979552023547624,0.0,0.2580247587776693,0.7419752412223307
0.9759627665711421,6.938893903907228e-18,0.02403723342885794,0.12766783379992888,0.25335777044815044,0.6189743957519207
0.852336832246906,2.168404344971009e-18,0.14766316775309407,0.0,0.20762495617959642,0.7923750438204038
0.9626057062199838,0.0,0.03739429378001627,0.20181300019544093,0.0,0.7981869998045591
0.9545480563357119,0.0,0.0454519436642882,1.1102230246251565e-16,0.0,1.0
0.916335834422404,1.3877787807814457e-17,0.0836641655775961,9.51466425992736e-18,0.021112116624996752,0.9788878833750033
0.9645846432782119,6.938893903907228e-18,0.035415356721788194,1.5774303286740173e-17,0.2916957406714802,0.7083042593285197
0.9448973062315678,0.0,0.05510269376843241,2.3661454930110285e-17,0.24153844309995576,0.7584615569000444
0.9982676225681204,0.0,0.0017323774318797336,0.08872553171091471,0.4740441857937828,0.4372302824953024
0.9103610157974332,0.0,0.08963898420256677,0.0,6.938893903907228e-18,1.0
0.9530062853640828,0.0,0.04699371463591726,0.2550940325702897,0.6644826096676205,0.08042335776208978
1.0,2.7755575615628914e-17,1.1102230246251565e-16,0.0,1.0,0.0
0.8903494854563487,2.0816681711721685e-17,0.10965051454365135,0.0,0.21688672746140297,0.7831132725385971
0.8823298341936142,0.0,0.11767016580638584,0.3266105602252742,0.2230271909985249,0.45036224877620096
0.9808323856288882,3.122502256758253e-17,0.01916761437111178,0.0,0.0,1.0
0.9142178476667505,0.0,0.08578215233324946,0.29795174545840114,0.15137937454628334,0.5506688799953156
0.8829685679244741,2.6020852139652106e-18,0.11703143207552588,0.08878690350197863,1.2902005852577503e-17,0.9112130964980214
0.9383074952182877,6.938893903907228e-18,0.06169250478171234,0.0,0.0,1.0
1.0,0.0,5.551115123125783e-17,0.25554035749406245,0.3782438370904701,0.36621580541546744
0.8530458883430178,1.3877787807814457e-17,0.1469541116569824,2.4099630021408617e-17,0.14681722817242865,0.8531827718275713
0.947026364697203,2.0816681711721685e-17,0.05297363530279697,0.2763261692542576,0.05370755495555494,0.6699662757901875
0.9446286922061724,1.3877787807814457e-17,0.05537130779382765,2.4803586403228785e-17,0.05095693337194428,0.9490430666280557
0.8541002504736758,0.0,0.1458997495263243,0.0,2.220446049250313e-16,0.9999999999999998
0.9337000286452979,1.1275702593849246e-17,0.06629997135470225,2.190088388420719e-17,0.4523790031067647,0.5476209968932352
0.9094227777973718,0.0,0.09057722220262826,0.35269933270620385,0.18237932856515432,0.4649213387286418
0.8545746640656502,2.42861286636753e-17,0.14542533593434984,0.29657585812163884,0.1342545035755786,0.5691696383027827
0.9559082244477671,1.3877787807814457e-17,0.0440917755522329,0.0,0.18849876378784025,0.8115012362121597
0.8901817400954721,6.938893903907228e-18,0.10981825990452794,0.43688309405198406,0.563116905948016,0.0
0.7956006029356623,1.3877787807814457e-17,0.20439939706433788,2.003086131649546e-17,0.6946387282388629,0.30536127176113714
0.8752230986106597,3.469446951953614e-18,0.12477690138934033,0.16920247387197365,0.0,0.830797526128027
0.9526821884131913,6.071532165918825e-18,0.04731781158680885,1.1102230246251565e-16,0.0,1.0
0.7993069970982539,0.0,0.20069300290174613,1.1906446309295246e-17,0.7333723717805765,0.26662762821942354
0.9581084200423504,2.0816681711721685e-17,0.04189157995764964,1.3195329892241384e-16,0.25482700314886264,0.7451729968511372
0.9243511563972949,0.0,0.07564884360270517,1.2456691881195613e-17,0.056696779141428476,0.9433032208585715
0.8655010571392097,9.86623976961809e-18,0.13449894286079048,8.638309181171677e-18,0.16603679860559067,0.8339632013944093
0.878355754673439,3.469446951953614e-18,0.12164424532656107,1.6497237596767473e-19,0.26575127369879326,0.7342487263012066
0.8275568485507672,2.7755575615628914e-17,0.17244315144923272,0.1012776092321616,0.4142230486811028,0.4844993420867356
0.8823650316419724,1.734723475976807e-17,0.11763496835802756,9.514659125335343e-18,0.0,1.0
0.8973446659734772,0.0,0.10265533402652277,1.3145252738950144e-18,0.19220686561792186,0.8077931343820781
0.9933264885581641,1.3877787807814457e-17,0.006673511441836005,0.0,0.37012262117801814,0.6298773788219819
0.9463700699625741,1.3877787807814457e-17,0.05362993003742589,0.3025301680773633,0.42802464913454213,0.2694451827880946
0.9561642379075148,2.7755575615628914e-17,0.043835762092485187,4.1701766273352e-18,0.016030464912793658,0.9839695350872063
0.9655086987047883,6.938893903907228e-18,0.03449130129521172,0.2085086595871332,0.019921813748240667,0.7715695266646262
0.8420222589320343,0.0,0.1579777410679658,3.630593613614802e-18,0.7730092608628146,0.22699073913718532
0.9624327810082074,0.0,0.037567218991792495,0.0,0.27673967477138417,0.7232603252286158
0.9809220077539978,0.0,0.01907799224600218,0.0,0.4834174954825797,0.5165825045174205
1.0,0.0,5.551115123125783e-17,0.0,0.6496108976732388,0.35038910232676135
0.9477067471309716,0.0,0.05229325286902842,0.5648596019628013,0.22990951772615167,0.20523088031104691
0.9685191669207259,0.0,0.031480833079274115,0.0,0.41778653092278145,0.5822134690772187
0.9444415541557505,0.0,0.055558445844249495,3.47767616920974e-18,0.6032624150185945,0.39673758498140554
0.8479797609189573,0.0,0.15202023908104279,2.5038576645619448e-18,0.32632247387896857,0.6736775261210315
0.9327698748780509,0.0,0.06723012512194912,0.0,0.5917555420290727,0.40824445797092734
0.8245200970550195,6.938893903907228e-18,0.17547990294498061,0.2273675748894144,0.12414123389264098,0.6484911912179446
0.9410410325854994,0.0,0.05895896741450063,0.5080125417723648,0.07360943547118526,0.41837802275645
0.8796262295629707,0.0,0.12037377043702951,5.551115123125783e-17,5.551115123125783e-17,0.9999999999999998
1.0,2.0816681711721685e-17,1.3877787807814457e-16,8.262730293054376e-18,0.6784000882784542,0.3215999117215458
0.8640490170352182,4.336808689942018e-19,0.13595098296478195,0.18753018550683523,0.1697524608631237,0.6427173536300411
0.9120185069957311,8.673617379884035e-18,0.08798149300426908,4.5570209495027165e-17,0.2512727682466067,0.7487272317533933
0.8800914508516968,0.0,0.11990854914830322,0.45185662277829347,0.11072373105511124,0.43741964616659523
0.9265548280234466,0.0,0.07344517197655345,0.0,2.220446049250313e-16,1.0
0.9234382868342446,1.0408340855860843e-17,0.07656171316575547,1.712638642560362e-16,0.21835407260143277,0.7816459273985671
0.8971187423893616,4.336808689942018e-18,0.10288125761063849,0.29623455612942484,0.2706925743322914,0.4330728695382839
0.9295272554694521,1.5612511283791264e-17,0.07047274453054786,8.012344974322839e-18,0.3101393467043637,0.6898606532956363
0.8940139236866199,1.3010426069826053e-17,0.10598607631338007,1.6653345369377348e-16,0.0,1.0
0.9436648175067952,8.673617379884035e-18,0.056335182493204766,0.0,0.24465841182197318,0.7553415881780269
1.0,2.0816681711721685e-17,0.0,0.0,0.47283759240136825,0.5271624075986319
0.8298136854881977,1.0408340855860843e-17,0.1701863145118024,0.31148518519367274,0.11717279109183765,0.5713420237144897
0.929903788525149,1.3877787807814457e-17,0.0700962114748511,0.0,5.551115123125783e-17,1.0
0.9052406263570967,0.0,0.09475937364290346,1.8778932484214493e-18,0.38626122029898496,0.613738779701015
0.9496943420320314,0.0,0.050305657967968626,0.1883616719349112,0.1720110947772467,0.6396272332878421
0.9266706870157313,0.0,0.07332931298426876,0.0,0.27520550667831334,0.7247944933216868
0.8693117918084734,0.008254676799502345,0.12243353139202429,2.220446049250313e-15,0.0,1.0
0.9440204849517191,1.3877787807814457e-17,0.055979515048280915,0.0,0.4231343878529675,0.5768656121470327
0.8585178242566998,0.0,0.1414821757433003,0.0,0.5430024995178616,0.45699750048213844
0.9434975151794396,2.6020852139652106e-18,0.0565024848205605,1.3082656297336097e-17,0.3839098083997439,0.6160901916002561
0.9486233624626682,1.3877787807814457e-17,0.051376637537331765,0.5404313387634929,0.07082356575310468,0.38874509548340236
0.932712117912851,1.474514954580286e-17,0.067287882087149,0.0,0.3686024125331102,0.6313975874668898
1.0,6.938893903907228e-18,2.7755575615628914e-17,0.0,0.08386932417561088,0.9161306758243892
0.8884948414825593,0.0,0.1115051585174407,0.025657181930210337,0.23390740431078924,0.7404354137590003
0.9560537069928329,3.0357660829594124e-18,0.043946293007167125,0.0,0.42785811171242705,0.572141888287573
0.9297300901680259,0.0,0.0702699098319742,0.08532381681996126,0.3961819450577153,0.5184942381223234
0.8767349816877547,0.0,0.12326501831224546,4.7616381894434435e-18,0.5780281920268278,0.42197180797317235
0.9418753096457883,0.0,0.05812469035421169,0.0,0.2665682398120429,0.7334317601879571
0.8681768372961383,0.0,0.1318231627038617,2.7542434310181255e-17,0.27572576323866976,0.7242742367613302
0.9603043109473796,0.0,0.039695689052620414,0.0,0.38573761860035116,0.614262381399649
0.9753940461794137,0.0,0.024605953820586446,2.991408057546304e-17,0.5109900559407878,0.48900994405921216
0.8373400680936015,1.734723475976807e-17,0.16265993190639855,0.0,0.20177464266890047,0.7982253573310994
0.9717718487431921,6.938893903907228e-18,0.028228151256807978,6.45850372671867e-17,0.2988641015451231,0.7011358984548768
0.8629035892669937,1.0408340855860843e-17,0.13709641073300624,0.10822936932011673,0.29154075427039705,0.6002298764094862
0.9598419647802378,0.0,0.040158035219762245,0.5209054145182406,0.4790945854817595,3.577867169202165e-18
0.888769630985026,0.0,0.11123036901497393,0.0,0.5309328416796891,0.4690671583203109
1.0,1.3877787807814457e-17,2.7755575615628914e-17,4.8497889880508857e-17,0.525262971120799,0.474737028879201
0.9145790835980812,0.0,0.08542091640191879,0.6994424051442331,0.19453009140990166,0.10602750344586533
1.0,2.0816681711721685e-17,2.7755575615628914e-17,0.3686441881983185,1.8909838576900094e-16,0.6313558118016813
0.9611995182583603,0.0,0.0388004817416398,0.2693427267184274,0.11912600342628539,0.6115312698552872
0.9076656136024189,0.0,0.09233438639758114,0.19642641814856415,0.4258891829703157,0.3776843988811202
0.9026735716966627,0.0,0.09732642830333732,0.2740465858310876,0.40979592109442536,0.316157493074487
0.9165413986563611,0.0,0.08345860134363886,1.51483388705997e-17,0.08195106414605209,0.918048935853948
0.8974513331659136,2.0816681711721685e-17,0.10254866683408628,0.5740381998568755,0.22907325844424964,0.19688854169887487
0.8525931644747642,1.0408340855860843e-17,0.14740683552523587,7.899670931692897e-17,0.44066824579927877,0.5593317542007211
0.9999999999999999,0.0,1.1102230246251565e-16,0.0,0.7762609224268285,0.22373907757317152
0.9395694281402007,6.938893903907228e-18,0.06043057185979933,0.15481019678237426,0.4216260568251296,0.423563746392496
0.9303098752845455,0.0,0.06969012471545455,0.0,0.40889758189224834,0.5911024181077515
0.8872317275729875,0.0,0.11276827242701247,2.622264802509846e-16,0.264212950296808,0.7357870497031918
0.8710078196483791,6.938893903907228e-18,0.1289921803516209,0.08153445620947979,0.18350267438345805,0.7349628694070622
1.0,0.0,1.6653345369377348e-16,7.44897655207175e-18,0.4514980562784359,0.548501943721564
0.9361799250184722,7.806255641895632e-18,0.06382007498152782,3.3050921172217504e-17,0.3892249990210499,0.6107750009789501
0.9225336501955368,6.938893903907228e-18,0.07746634980446329,0.20812578894878533,0.3207048995611208,0.4711693114900939
0.9743290036120088,0.0,0.025670996387991363,0.30312274217525287,0.3707127469785769,0.3261645108461702
0.9119139130475229,3.0357660829594124e-18,0.08808608695247705,1.214306433183765e-17,0.05560318011982849,0.9443968198801715
0.8901235885232415,0.0,0.10987641147675858,0.270995568058799,0.35591205488450217,0.37309237705669884
0.8967730492139226,0.0,0.10322695078607735,0.45434336122641905,0.1108190839017157,0.43483755487186526
0.9003604094942899,0.0,0.09963959050571015,0.0,0.20264034399310715,0.7973596560068928
0.9359515879856265,3.469446951953614e-18,0.0640484120143735,0.0,0.20429887411418668,0.7957011258858134
0.8347196345349746,3.469446951953614e-18,0.16528036546502547,1.6653345369377348e-16,0.0,0.9999999999999998
0.957809835890382,0.0,0.04219016410961793,0.0,0.3583217371937948,0.6416782628062052
0.8973570431353566,2.7755575615628914e-17,0.10264295686464342,1.6479873021779667e-17,0.08853762767585786,0.9114623723241421
0.8838063877142025,6.938893903907228e-18,0.1161936122857975,1.0885521196683e-16,0.15502989366577527,0.8449701063342246
0.9226417397555703,6.071532165918825e-18,0.07735826024442981,0.05921066194883452,0.3920574667354842,0.5487318713156812
0.9421486076495897,1.3877787807814457e-17,0.057851392350410286,0.06711532020156691,0.07384916866847215,0.859035511129961
0.9381170889124482,6.938893903907228e-18,0.061882911087551895,0.16712132820138906,0.19197618437659703,0.640902487422014
0.9561798720251242,0.0,0.043820127974875805,0.3581025486145623,0.13948504595086494,0.5024124054345728
0.8700406729848487,2.0816681711721685e-17,0.12995932701515142,2.0482495907996284e-17,0.3061721685446646,0.6938278314553353
0.8892914937576516,0.0,0.11070850624234856,4.642728383813594e-17,0.4594723561639733,0.5405276438360266
0.8591558172250535,0.0,0.14084418277494645,9.71445146547012e-17,1.0,1.0408340855860843e-17
0.8864276662815201,0.0,0.11357233371847995,4.0812879932359507e-17,0.38143256653601526,0.6185674334639848
0.9485303428004103,2.7755575615628914e-17,0.05146965719958976,0.6287872629978766,0.15496820298620506,0.21624453401591842
0.9152300889995691,6.938893903907228e-18,0.08476991100043088,0.0,0.2701654205048394,0.7298345794951607
0.9317415845540999,0.0,0.06825841544590021,0.0,0.18357466360925284,0.8164253363907472
0.9028938324746089,0.0,0.09710616752539111,1.5092094240998222e-16,0.0,1.0
0.8593306041274101,0.0,0.1406693958725899,0.0,0.3478361210640049,0.6521638789359951
0.9866086086872067,0.0,0.013391391312793377,0.0,0.05975692171778317,0.9402430782822169
0.8486883729572687,0.0,0.15131162704273135,2.5038576645619325e-19,0.25161291624617904,0.748387083753821
1.0,0.0,2.220446049250313e-16,0.3551168147109068,0.3910809703062822,0.253802214982811
0.8985022288630343,1.5178830414797062e-18,0.1014977711369657,0.02765569437146493,0.0,0.9723443056285352
0.9408281244998873,0.0,0.05917187550011287,0.0,0.6560754820287232,0.34392451797127677
0.9833161170394781,0.0,0.01668388296052195,0.0,0.3051850591696279,0.6948149408303722
0.8830690366103255,0.0,0.1169309633896746,0.16541609255138778,0.20035473194936296,0.6342291754992492
0.8282803002130138,1.734723475976807e-17,0.1717196997869862,0.2322314080085479,0.19056626848850178,0.5772023235029503
0.9357932273788084,1.3877787807814457e-17,0.06420677262119148,0.33076048465167635,0.22083279855330837,0.4484067167950153
0.8569827280422343,0.0,0.14301727195776573,0.380132109176006,0.11907918030673077,0.5007887105172631
0.9415735298533574,6.938893903907228e-18,0.05842647014664268,0.2968685560927867,0.09884251202745246,0.604288931879761
0.9220507520524663,1.3877787807814457e-17,0.0779492479475338,5.18361217356298e-18,0.1971809400473974,0.8028190599526026
0.855612544341049,0.0,0.1443874556589509,0.0,0.0,1.0
0.9174946891798789,1.431146867680866e-17,0.08250531082012104,7.511574162840988e-19,0.22729224287419614,0.772707757125804
0.9376387613773245,1.929879867024198e-17,0.0623612386226754,0.27688952826685137,0.1195900125709914,0.6035204591621571
0.8241777490658562,1.0408340855860843e-17,0.17582225093414383,0.5588326492756669,0.13012617751500272,0.31104117320933033
0.850514068042064,0.0,0.14948593195793602,7.511572993685797e-18,0.19896324947598423,0.8010367505240158
0.9694839412196282,0.0,0.03051605878037192,8.51098705401121e-18,0.535856093845664,0.46414390615433593
0.9508468629408475,4.163336342344337e-17,0.04915313705915239,6.660897462338494e-19,0.44445423301693043,0.5555457669830696
0.8295175069603249,0.0,0.17048249303967522,1.1967591214342887e-17,0.3278938208447475,0.6721061791552525
0.8456836458774654,0.0,0.15431635412253464,5.389553622969559e-17,0.22807064826978202,0.7719293517302179
0.8626571189826324,6.938893903907228e-18,0.1373428810173677,0.08167433581651838,0.2906924814705002,0.6276331827129814
0.881977222019775,1.734723475976807e-18,0.11802277798022498,0.0,0.3800164444046142,0.6199835555953858
0.8703105773769805,2.2551405187698492e-17,0.1296894226230195,0.19196893579046076,0.3434329871405042,0.464598077069035
0.962297702255702,0.0,0.037702297744297925,3.4061985914265495e-18,0.11802207571488836,0.8819779242851117
0.8524207641060296,0.0,0.1475792358939704,0.20515360220364973,0.15277507761719997,0.6420713201791504
0.9533836564556317,0.0,0.04661634354436832,0.0,0.15626705019481918,0.8437329498051808
0.8901130653018665,0.0,0.10988693469813345,0.0,0.40489318045922024,0.5951068195407798
0.8698410524329336,1.214306433183765e-17,0.13015894756706645,0.512573116433281,0.14289273403470823,0.3445341495320108
0.9702666203953173,1.2576745200831851e-17,0.029733379604682822,0.0,0.18359607672776662,0.8164039232722334
0.9316296548474217,0.0,0.06837034515257837,1.1392552373756791e-17,0.29734606771919464,0.7026539322808053
0.9684916122888505,0.0,0.03150838771114972,0.5858705013328557,0.18939531723372818,0.22473418143341622
0.8708018961461856,0.0,0.1291981038538144,0.2699204359148397,0.08326828995022104,0.6468112741349393
0.868965252933603,0.0,0.13103474706639695,0.0,0.5455022287705661,0.45449777122943397
0.9569549696599295,2.6020852139652106e-18,0.04304503034007051,0.07145445584527904,0.2780171896396991,0.6505283545150219
0.9267742457312709,0.0,0.07322575426872927,0.42945115234670683,0.07629505243168204,0.4942537952216111
0.8738091031953238,0.0,0.1261908968046762,1.7971438387393268e-16,0.2179908808468251,0.7820091191531748
0.8197426243965402,0.0,0.18025737560345984,0.0,1.717376241217039e-16,0.9999999999999999
0.9104526258010985,1.734723475976807e-17,0.08954737419890157,0.030636908541085337,0.7774009725851909,0.19196211887372375
1.0,0.0,0.0,0.4443412136716182,0.08915570040220874,0.46650308592617296
0.7949707231785927,1.3877787807814457e-17,0.20502927682140729,0.0,0.328064484696834,0.6719355153031661
0.9413188189025733,6.938893903907228e-18,0.05868118109742679,8.513116059510671e-18,0.09445690375342373,0.9055430962465761
0.9225124264628685,0.0,0.0774875735371316,0.0,0.12484117236321335,0.8751588276367868
1.0,1.3877787807814457e-17,1.1102230246251565e-16,0.6459726757434867,0.19822809163274294,0.1557992326237704
0.941927133919068,4.336808689942018e-18,0.05807286608093206,0.5244776590248799,0.37010567060893856,0.10541667036618153
0.9503577478357539,6.071532165918825e-18,0.0496422521642461,0.1885815379928233,0.35083678061985,0.46058168138732675
0.9665567695711419,0.0,0.03344323042885827,0.18744830166511145,0.06635005159279223,0.7462016467420963
0.9908164703277229,4.85722573273506e-17,0.009183529672277146,0.0,0.103972502539126,0.8960274974608742
0.9490143313096593,6.938893903907228e-18,0.05098566869034077,0.0,0.217685236630501,0.7823147633694991
0.8336419943630675,6.938893903907228e-18,0.1663580056369326,0.0,0.5309033284882076,0.4690966715117924
0.8694328150515345,0.0,0.13056718494846564,1.101697372407254e-17,0.4425502971922767,0.5574497028077232
0.9181854949874176,3.469446951953614e-18,0.08181450501258244,2.81058022847077e-17,0.09392491118772883,0.9060750888122711
0.9244337418133015,3.469446951953614e-17,0.07556625818669871,0.2858968682827025,0.08997666189958231,0.6241264698177152
0.9141573959123201,1.3444106938820255e-17,0.0858426040876798,0.0,0.0,1.0
0.9167523253363238,1.3877787807814457e-17,0.08324767466367625,0.0,0.10643778099125756,0.8935622190087426
0.9345862811533566,2.2551405187698492e-17,0.0654137188466434,3.645057063800308e-17,0.0958576798070598,0.9041423201929402
0.8841270004503899,5.637851296924623e-18,0.11587299954961003,0.2013138472224219,0.0870069599206251,0.711679192856953
0.9752660205465349,3.0357660829594124e-18,0.024733979453465157,1.589949616996827e-17,0.7062093050864374,0.2937906949135626
0.9157139642917046,1.734723475976807e-17,0.08428603570829542,0.0,0.6738388829007714,0.32616111709922857
0.915693648778074,0.0,0.08430635122192606,0.0,0.3459751093181706,0.6540248906818295
0.9243903809042762,2.0816681711721685e-17,0.07560961909572378,0.0,0.17290491829120946,0.8270950817087905
0.9066501489966807,1.734723475976807e-18,0.0933498510033194,4.350452692176357e-17,0.6180828308450125,0.3819171691549874
0.8520055323095455,0.0,0.14799446769045452,0.12355407269833929,0.144377559600636,0.7320683677010247
0.9385906903344614,0.0,0.0614093096655387,0.05117853680478965,0.5712353769491564,0.37758608624605405
0.8756347935955385,1.4094628242311558e-18,0.12436520640446143,0.3641678048693717,0.11130333552163404,0.5245288596089942
0.924417085658391,6.938893903907228e-18,0.0755829143416091,0.0,0.15829146053056314,0.8417085394694369
0.8567447714390181,1.3877787807814457e-17,0.14325522856098205,6.938893903907228e-18,0.09507484295187252,0.9049251570481275
0.9821402136114659,0.0,0.017859786388534138,5.2934095327254285e-18,0.34038719679745494,0.6596128032025451
0.8795345896970528,0.0,0.12046541030294716,6.112542523611818e-17,0.17595030405454276,0.8240496959454573
0.9046009542955978,0.0,0.09539904570440223,0.1747384517384735,0.31755617685804066,0.5077053714034859
0.8902744568035732,2.0383000842727483e-17,0.10972554319642687,6.510029927861028e-17,0.3991630091413158,0.600836990858684
0.8741091483272687,0.0,0.12589085167273134,0.3171177677350594,0.3264422013769739,0.3564400308879667
0.9939735128282473,1.3877787807814457e-17,0.0060264871717526074,2.003086131649546e-18,0.20226624596320641,0.7977337540367937
0.9760001613773029,0.0,0.023999838622697153,0.0,0.18433426579952533,0.8156657342004747
0.9783434448407964,1.6046192152785466e-17,0.021656555159203485,0.10778984057723479,0.20999248980812985,0.6822176696146354
0.9395422354894298,2.0816681711721685e-17,0.06045776451057017,0.2828779189201127,0.0938079479413365,0.6233141331385508
0.9393284739484501,2.6020852139652106e-17,0.06067152605155002,0.0,7.112366251504909e-17,1.0
0.8902034412139299,0.0,0.10979655878607011,1.4522374454459208e-17,0.3992466234291635,0.6007533765708365
0.8990851138093775,0.0,0.10091488619062261,0.0,0.7638793155414239,0.23612068445857615
0.87727622550027,1.734723475976807e-17,0.1227237744997301,2.0282354501693824e-17,0.2885842624604014,0.7114157375395986
0.8762794430787324,0.0,0.1237205569212677,0.5543732972688141,0.08475382110579585,0.36087288162539016
0.9863313388478369,1.3877787807814457e-17,0.01366866115216311,0.0,0.557243742031498,0.44275625796850204
0.9269757162294137,0.0,0.0730242837705865,0.0,0.1174866550094798,0.8825133449905203
0.9506169002434935,2.7755575615628914e-17,0.049383099756506565,1.0152690703529906e-17,0.5029293204148231,0.497070679585177
0.9700533744339634,3.903127820947816e-18,0.02994662556603664,0.0,0.1611281686102418,0.8388718313897582
0.8276676969472319,6.938893903907228e-18,0.1723323030527682,0.5107309831666366,0.27928107219551696,0.20998794463784662
1.0,0.0,1.6653345369377348e-16,1.402160292154682e-17,0.5127870485237627,0.4872129514762374
0.8558925896894887,0.0,0.14410741031051139,0.0,0.3975236742569821,0.6024763257430179
0.9347318101250197,4.336808689942018e-19,0.06526818987498037,8.577279520924088e-19,0.2386494605751807,0.7613505394248193
0.964520752050549,0.0,0.035479247949451065,0.46323083827645484,0.25961233061002725,0.27715683111351797
0.9099183473898832,0.0,0.09008165261011686,0.31753994139146674,0.20141863948974764,0.4810414191187857
0.9862935713029293,1.3877787807814457e-17,0.013706428697070616,0.0,0.37661968477742214,0.6233803152225779
0.8288821756205038,1.734723475976807e-17,0.17111782437949624,0.015631860454830514,0.41183160034363764,0.5725365392015319
0.8643775626730978,6.938893903907228e-18,0.13562243732690224,0.29727364872457496,0.3662825070850512,0.33644384419037393
0.9288955131567913,0.0,0.07110448684320875,0.22542446469601596,0.22234266856041932,0.5522328667435648
0.8926810107829793,1.3877787807814457e-17,0.10731898921702085,0.25150247055603203,5.421010862427522e-19,0.7484975294439681
1.0,0.0,1.1796119636642288e-16,0.028434712161913143,0.37952640697145684,0.5920388808666299
0.9341030759072493,0.0,0.06589692409275083,2.9951857186152105e-17,0.41377847091097564,0.5862215290890244
0.8585823457200927,0.0,0.14141765427990718,0.0,0.13918857629567852,0.8608114237043215
0.9395665958959132,3.469446951953614e-18,0.06043340410408679,0.2517564363820945,5.583641188300348e-18,0.7482435636179056
0.9633571057037861,0.0,0.036642894296213924,0.25301682186644203,0.0,0.7469831781335584
0.8861703513357673,1.3444106938820255e-17,0.11382964866423269,0.0,0.14110908055193358,0.8588909194480664
1.0,2.7755575615628914e-17,2.7755575615628914e-17,8.435621853360889e-17,0.5979487493316468,0.4020512506683532
0.9100074761892907,1.3877787807814457e-17,0.08999252381070946,0.2298608927631827,0.08220137291569107,0.6879377343211263
0.9644741284166956,0.0,0.03552587158330453,3.834695037488672e-15,0.1902308804621364,0.8097691195378598
0.8585474120583434,1.3877787807814457e-17,0.14145258794165658,0.0,0.0,1.0
0.857536759272963,6.938893903907228e-18,0.14246324072703698,0.5265782571474605,0.02283861249383679,0.45058313035870273
0.9935325027534057,0.0,0.006467497246594507,5.2517402133190236e-17,0.18403306871291483,0.8159669312870851
0.8769028646957437,0.0,0.12309713530425634,0.2971843259865599,2.5587171270657905e-17,0.70281567401344
0.9958484885521839,8.673617379884035e-18,0.004151511447816089,1.3400933668530311e-17,0.6622880050247644,0.3377119949752356
1.0,0.0,0.0,8.894954353356263e-17,0.524637514068527,0.475362485931473
0.8826410943063985,0.0,0.11735890569360169,4.882522445895768e-18,0.15106665998888472,0.8489333400111153
0.8761272439134875,3.469446951953614e-18,0.1238727560865126,2.003086116725396e-18,0.42002998748566855,0.5799700125143314
1.0,0.0,2.7755575615628914e-17,0.0,0.579542859116687,0.4204571408833129
0.9473069520909274,0.0,0.05269304790907267,0.0,0.2919403272214116,0.7080596727785884
0.8806499041462966,0.0,0.11935009585370335,0.0,1.6653345369377348e-16,0.9999999999999998
0.9413891599214894,0.0,0.05861084007851051,0.3976385898681119,0.11177523545537989,0.4905861746765083
0.9282025343824141,0.0,0.07179746561758589,0.0,0.12317484403742965,0.8768251559625704
0.9803988243357408,1.0408340855860843e-17,0.019601175664259216,0.0,0.3405106012075008,0.6594893987924992
0.9561090436676708,0.0,0.04389095633232934,3.33639033824631e-17,0.008248645582184645,0.9917513544178154
1.0,3.469446951953614e-18,1.1102230246251565e-16,0.8452514960875945,0.15474850391240547,8.565197162635485e-17
0.9512206790558517,0.0,0.04877932094414833,5.884065511720541e-18,0.11153620093739935,0.8884637990626008
0.8489476787160788,0.0,0.1510523212839213,0.0,0.2881665513872736,0.7118334486127265
1.0,0.0,2.7755575615628914e-17,0.1640314615674431,0.4573748990709048,0.37859363936165197
0.8331777913508351,0.0,0.16682220864916497,3.9898639947466563e-17,0.0,1.0
0.8824264851058976,0.0,0.11757351489410248,8.13753740982628e-18,0.31969343832087765,0.6803065616791224
0.8847629009576302,6.938893903907228e-18,0.11523709904236981,0.26071784923226765,1.1210007653257892e-16,0.7392821507677324
0.8677457337402451,0.0,0.13225426625975492,0.0,0.27205299754662615,0.7279470024533738
0.8562039868684548,0.0,0.1437960131315452,0.0,0.28306284698432416,0.716937153015676
0.886092848604382,0.0,0.11390715139561805,0.0,0.11172205590881212,0.8882779440911879
0.8641490106825734,0.0,0.13585098931742653,0.2987198249760184,0.35603474875723634,0.34524542626674526
0.8646829272943165,0.0,0.13531707270568363,0.0,0.15242107815888836,0.8475789218411118
0.9877640061376931,2.0816681711721685e-17,0.01223599386230706,1.251928832280966e-17,0.4940684625254096,0.5059315374745905
0.952787512337781,1.3877787807814457e-17,0.04721248766221901,8.851025259585439e-18,0.2845935514960442,0.7154064485039558
0.9126263989590795,0.0,0.08737360104092062,0.0,0.18723549187798494,0.8127645081220151
0.9991538522034796,0.0,0.0008461477965202718,2.220446049250313e-16,0.0,0.9999999999999998
0.8759817207672088,1.3877787807814457e-17,0.1240182792327913,0.0,0.3409622307423573,0.6590377692576427
0.8868510626533905,6.938893903907228e-18,0.11314893734660958,0.09720058736826755,0.09733475891236114,0.8054646537193714
1.0,0.0,5.551115123125783e-17,0.2770362159206353,0.24312433605865383,0.47983944802071093
0.9829026714478795,6.938893903907228e-18,0.017097328552120622,0.3041911103895574,0.39784464964769434,0.2979642399627483
0.9861304176862117,1.3877787807814457e-17,0.013869582313788403,0.0,0.0728508711942157,0.9271491288057844
0.8557909464653747,0.0,0.14420905353462532,0.049738627166791075,0.011856438008415715,0.9384049348247933
0.9250517687668407,0.0,0.07494823123315938,0.5059285417680051,0.45093665883908385,0.04313479939291118
1.0,1.3877787807814457e-17,0.0,0.0,6.106226635438361e-16,0.9999999999999993
0.90808910170969,1.3877787807814457e-17,0.09191089829031007,0.007725436604846651,0.10908286470737039,0.8831916986877829
0.9991991935462867,0.0,0.0008008064537133874,1.734723475976807e-18,0.1387408408898582,0.8612591591101418
0.9042281740700803,6.938893903907228e-18,0.09577182592991978,1.7527003651933526e-18,0.348307272171642,0.651692727828358
0.9394684455353316,0.0,0.06053155446466839,0.0,1.5525775109992423e-16,1.0
0.870936051072325,0.0,0.12906394892767503,0.21025617070330588,0.7278383871873572,0.06190544210933699
0.9652692245534922,0.0,0.03473077544650782,0.4647106425037175,0.5352893574962826,3.495620732805159e-17
0.8917526865719853,0.0,0.10824731342801479,0.281258220470391,0.28082514676065923,0.4379166327689499
0.8468242138918436,0.0,0.1531757861081564,0.0,0.0,1.0
0.8968437875393448,8.673617379884035e-18,0.10315621246065525,0.26249493816077707,0.23347935658700164,0.5040257052522212
0.8424057070741904,0.0,0.15759429292580962,0.30472265811241334,0.0,0.6952773418875866
0.8984680687615539,4.336808689942018e-18,0.10153193123844609,0.1195709709772513,0.2887626237797792,0.5916664052429695
0.9722937082306764,2.949029909160572e-17,0.027706291769323543,2.503857664561932e-17,0.48915353110604004,0.51084646889396
0.8880904080762837,0.0,0.11190959192371647,0.0,0.5807233841023057,0.4192766158976944
0.9329902550850481,1.3877787807814457e-17,0.06700974491495193,3.469446951953614e-17,1.3877787807814457e-17,1.0
0.8423344507413154,2.6020852139652106e-18,0.15766554925868473,5.132908212351961e-18,0.3116570486826022,0.6883429513173979
0.9129327890477862,0.0,0.08706721095221381,0.1820035398007549,0.25797321090224756,0.5600232492969976
0.8509866259927086,2.5153490401663703e-17,0.14901337400729148,5.3894465826005576e-17,0.4811598724207254,0.5188401275792746
0.8301127126448139,6.938893903907228e-18,0.16988728735518613,1.1392552288875672e-17,0.3916614953662893,0.6083385046337106
0.9302821859415813,2.7755575615628914e-17,0.06971781405841876,0.15191507460600123,0.10873197650491671,0.7393529488890821
0.9329586443546268,0.0,0.06704135564537311,0.0,0.40975387745117803,0.590246122548822
0.9021031367156841,0.0,0.09789686328431593,0.0,0.20299693921531475,0.7970030607846853
0.9360746964183484,6.938893903907228e-18,0.06392530358165177,0.0,0.18525478638420093,0.8147452136158012
0.937303461105802,0.0,0.06269653889419805,0.13009967202107509,0.8699003279789249,0.0
0.8789658121045214,0.0,0.12103418789547857,0.538350527960898,0.02162162004520316,0.4400278519938989
0.9020084768522157,0.0,0.09799152314778425,3.442804288772657e-18,0.3424093953993164,0.6575906046006835
0.8949800981377041,0.0,0.10501990186229597,3.3551692705129894e-17,0.06066635960136136,0.9393336403986386
0.8790166114057336,3.469446951953614e-18,0.12098338859426647,7.334469591755465e-19,0.10763753098085856,0.8923624690191415
0.959386461556265,0.0,0.04061353844373505,0.10120549572008469,0.38104136506995007,0.5177531392099654
0.8359371243605808,0.0,0.16406287563941918,0.13152644579831557,0.26869209152096735,0.5997814626807172
0.9721645101886071,1.8648277366750676e-17,0.027835489811392958,2.5038576645619325e-19,0.4833152864529326,0.5166847135470676
0.9947949502099389,0.0,0.005205049790061256,6.659171792818586e-18,0.05176139955315844,0.9482386004468415
0.784018314988287,0.0,0.215981685011713,0.0,0.5874105177371889,0.4125894822628113
0.8913348143417347,6.938893903907228e-18,0.10866518565826537,1.174821811036137e-17,0.1433212921713711,0.8566787078286289
0.8182188485951345,6.5052130349130266e-18,0.18178115140486545,0.335967541135024,0.19093580271936456,0.47309665614561147
0.86221619825591,1.3877787807814457e-17,0.13778380174409005,0.0,0.41371948578934176,0.5862805142106582
1.0,0.0,5.551115123125783e-17,0.5742373801785206,0.42576261982147906,2.8893987896738693e-16
1.0,0.0,1.1102230246251565e-16,0.0,0.6591684966643849,0.34083150333561507
0.9253627558142303,1.3877787807814457e-17,0.07463724418576989,0.0471271031219175,0.07302894366442017,0.8798439532136624
0.902511990700697,8.673617379884035e-19,0.09748800929930293,0.0950414701253724,0.3159119561543507,0.5890465737202769
1.0,0.0,1.1102230246251565e-16,5.0190454744817475e-17,0.2653074302411275,0.7346925697588724
0.8806595560008309,1.734723475976807e-17,0.11934044399916921,0.6178313654242032,0.21964135966508505,0.16252727491071167
0.9344325473836684,0.0,0.0655674526163315,1.9298482951567074e-16,0.10633297631371576,0.893667023686284
0.8800545460035756,0.0,0.1199454539964244,0.5101048902886046,0.02131745581366242,0.468577653897733
0.8768026580269399,0.0,0.12319734197306015,0.0,0.24637308881509526,0.7536269111849047
0.8631397936874682,0.0,0.13686020631253187,0.2441750054128587,0.06546531868896391,0.6903596758981775
0.8695055588287873,1.3877787807814457e-17,0.13049444117121278,0.0,0.37857960942651336,0.6214203905734867
0.9192894031192306,0.0,0.0807105968807694,0.0,0.2622120061550098,0.7377879938449904
0.9765949461558282,6.938893903907228e-18,0.023405053844171908,0.5286966343153175,1.5027042110649091e-16,0.4713033656846823
0.9637366389510087,0.0,0.03626336104899136,0.6300228120994307,0.1316374675572673,0.23833972034330206
1.0,1.3877787807814457e-17,1.1102230246251565e-16,2.3693536660817023e-18,0.29461591562470185,0.7053840843752981
0.9430501152372676,0.0,0.05694988476273244,5.54379529918162e-18,0.2702340005797533,0.7297659994202468
0.9231112472029225,0.0,0.07688875279707755,0.360804965772726,0.20297133310237536,0.4362237011248986
0.9977073539513504,0.0,0.002292646048649677,0.2127724401572894,0.3184244421852593,0.46880311765745136
1.0,2.0816681711721685e-17,0.0,0.0,0.2594410747208885,0.7405589252791115
0.9479898279935006,0.0,0.05201017200649935,1.267851445946668e-17,0.10318418096454066,0.8968158190354594
0.7976029810404116,8.239936510889834e-18,0.20239701895958825,0.4075169076484266,0.5145643742662709,0.07791871808530246
0.8935950840417088,0.0,0.10640491595829113,0.0,0.10940468360891578,0.8905953163910841
0.9013885334759397,1.0408340855860843e-17,0.0986114665240604,1.884152892582854e-17,0.4400149313490049,0.5599850686509951
0.9584612899061015,6.938893903907228e-18,0.04153871009389859,0.19014305850437369,0.12162171641003156,0.6882352250855948
0.9182618186539963,6.938893903907228e-18,0.08173818134600375,0.25557520620332547,0.419000464555041,0.32542432924163356
0.9267757166525257,0.0,0.07322428334747426,1.3020060838038705e-17,0.18783949168563555,0.8121605083143645
0.9105294123399434,1.8214596497756474e-17,0.08947058766005662,0.5812088935692611,0.03550719134243974,0.3832839150882992
1.0,1.734723475976807e-18,6.245004513516506e-17,1.4347104417939874e-16,0.9972608743958279,0.0027391256041718387
0.8599537317782264,0.0,0.14004626822177357,0.0,5.551115123125783e-17,0.9999999999999998
0.9889225105082587,2.0816681711721685e-17,0.011077489491741255,0.06708917340289675,0.03354899535779964,0.8993618312393036
0.972453157472397,1.3877787807814457e-17,0.027546842527603033,0.5118534812441957,0.08540757440525254,0.4027389443505517
0.923473415085881,0.0,0.07652658491411918,0.3054632012107004,0.1658911347084458,0.5286456640808539
0.8870250566841507,0.0,0.1129749433158494,0.5408518437967884,0.45914815620321137,1.1522619393350788e-16
0.9431823123918655,0.0,0.056817687608134576,0.0,0.3232372228049174,0.6767627771950826
0.998017081419372,6.938893903907228e-18,0.0019829185806279903,3.330130693867374e-17,0.427590712698057,0.572409287301943
0.9649388720898999,6.938893903907228e-18,0.035061127910100215,5.2581010955800575e-18,0.21351508488066603,0.786484915119334
1.0,0.0,0.0,8.262730293054376e-18,0.9931687863204549,0.0068312136795450566
0.9024879951973777,0.0,0.09751200480262237,3.1924185223164635e-18,0.3127263547446705,0.6872736452553296
0.8904755881423463,6.938893903907228e-18,0.10952441185765377,2.2722508305899534e-17,0.36747800156518723,0.6325219984348127
0.9726858579938319,7.806255641895632e-18,0.027314142006168173,0.37232806586661593,0.10259051841625765,0.5250814157171265
0.9370342193736309,0.0,0.06296578062636926,3.3802078471586086e-17,0.47943295167713734,0.5205670483228626
0.9019767334431475,0.0,0.09802326655685252,0.0,0.20650970799705026,0.7934902920029497
1.0,0.0,1.1102230246251565e-16,4.0186915516219015e-17,0.4699822852663956,0.5300177147336044
0.9658022894779624,0.0,0.03419771052203764,0.0,0.101239726981866,0.8987602730181341
0.9608179521789333,0.0,0.03918204782106678,0.23641241701966417,0.34615563375462477,0.4174319492257111
0.9590010846204765,0.0,0.04099891537952355,1.6653345369377348e-16,0.0,0.9999999999999998
0.9140893053007251,0.0,0.08591069469927501,0.0,0.30206893756205944,0.6979310624379407
0.967499205925961,6.938893903907228e-18,0.032500794074039024,1.2268902556353469e-17,0.24668874417431166,0.7533112558256884
0.8922668778636804,4.9873299934333204e-18,0.10773312213631962,0.0,0.43486411130136704,0.565135888698633
0.8586197401446907,0.0,0.14138025985530955,0.0,3.885780586188048e-16,0.9999999999999996
0.938265479890869,1.3877787807814457e-17,0.06173452010913111,7.274347223498152e-18,0.5017842586461304,0.49821574135386965
0.8725778914207628,0.0,0.1274221085792372,3.8058636501341384e-17,0.14019861362263997,0.8598013863773599
0.8490208797085756,0.0,0.15097912029142438,0.0,0.3613631700350253,0.6386368299649746
0.9891904148880204,0.0,0.010809585111979547,0.18966316181596582,0.17390032842247571,0.6364365097615584
0.8793637830896726,0.0,0.12063621691032737,0.7008022671410146,0.2991977328589855,0.0
0.9761437149865975,4.336808689942018e-19,0.02385628501340256,1.619644800994721e-17,0.36055291785181975,0.6394470821481804
1.0,0.0,1.3877787807814457e-16,0.0,0.6083786545058001,0.3916213454942001
0.8554864608090698,6.938893903907228e-18,0.1445135391909303,0.0,0.4013358791493235,0.5986641208506767
0.9380532269011281,0.0,0.061946773098871914,1.815296806807401e-17,0.3156484235918763,0.6843515764081237
0.9248488307844772,1.3877787807814457e-17,0.07515116921552295,3.5617375278393486e-17,0.49909360810973924,0.5009063918902608
0.922663731350332,0.0,0.07733626864966806,4.84852305836428e-17,0.260407186991051,0.739592813008949
0.9696840438002485,0.0,0.030315956199751415,0.0,0.35843351146209074,0.6415664885379094
0.8594680088014736,0.0,0.14053199119852647,3.5867761044849684e-17,0.31919674300128653,0.6808032569987134
0.9554996488307873,1.3877787807814457e-17,0.04450035116921275,0.0,0.09523367063015754,0.9047663293698426
1.0,3.469446951953614e-17,8.326672684688674e-17,4.086861474652798e-18,0.2688051970081518,0.7311948029918482
0.9497948714701067,0.0,0.05020512852989348,0.2617698615882378,0.2174723492708282,0.520757789140934
0.9658937670951784,0.0,0.03410623290482176,1.1102230246251565e-16,0.0,0.9999999999999998
0.8946069062477731,1.1275702593849246e-17,0.10539309375222682,1.5649110403512077e-17,0.2586044391440978,0.7413955608559022
1.0,0.0,0.0,4.50694379621148e-18,0.14178177782180662,0.8582182221781934
0.9337789402979518,1.1709383462843448e-17,0.06622105970204814,0.0,0.3681721627773596,0.6318278372226405
0.9131135621734646,6.938893903907228e-18,0.0868864378265354,0.2415382253479993,0.17884477503229423,0.5796169996197065
0.9782843085906416,6.938893903907228e-18,0.021715691409358417,5.633679745264352e-18,0.7548331575353603,0.2451668424646396
0.9347215819520429,6.938893903907228e-18,0.06527841804795725,0.0289070548807271,0.08912518690894923,0.8819677582103237
0.8893257357743358,0.0,0.11067426422566418,0.4125287559962931,0.20558344665350553,0.38188779735020134
0.9479713771618321,6.938893903907228e-18,0.052028622838167976,6.797973559285647e-17,0.3856000950794398,0.6143999049205602
0.8419866829717292,6.938893903907228e-18,0.15801331702827093,0.0,0.21589691154679794,0.784103088453202
0.9889592866452774,0.0,0.011040713354722675,0.0,0.3320025696804306,0.6679974303195695
0.9303185642890272,0.0,0.0696814357109729,0.0,0.0816934901235202,0.9183065098764799
0.8689959114835343,0.0,0.1310040885164659,0.0,0.6396307922117717,0.3603692077882284
0.9258738119485871,1.3877787807814457e-17,0.07412618805141291,1.7087104817573328e-17,0.24925177857658043,0.7507482214234196
0.8760058072973771,1.235990476633475e-17,0.12399419270262291,0.10114257881639271,0.24265903487834636,0.6561983863052608
0.8812399604086173,3.469446951953614e-18,0.11876003959138276,0.5448651287945513,0.1604472255232182,0.2946876456822306
0.871451706297426,3.469446951953614e-18,0.12854829370257403,2.1133918436657245e-17,0.40194603597570744,0.5980539640242926
0.8478319424195477,5.204170427930421e-18,0.15216805758045224,0.0,0.25687935932465306,0.743120640675347
0.9206889940597337,1.3877787807814457e-17,0.07931100594026637,0.23528682933188377,0.22139075418365456,0.5433224164844617
0.9022770779157769,3.903127820947816e-18,0.09772292208422306,0.0,0.18725490566444786,0.8127450943355522
