ticker,task,horizon,window,model,date,origin,target_end,actual,prediction,benchmark,train_n,high_vol_regime,rate_rising_regime,fallback,hyperparameter,selected_features
MTRN,return,1,expanding,core_pe_level,2022-12-31,2022-12-30,2023-01-31,0.0313106404410892,0.009438080827255368,0.019370756544958706,84,1.0,1.0,False,100.0,"['revenue_growth', 'operating_margin', 'pe', 'market_return', 'industry_relative', 'driver_return']"
MTRN,return,1,expanding,core_pe_difference,2022-12-31,2022-12-30,2023-01-31,0.0313106404410892,0.005328371046182058,0.019370756544958706,84,1.0,1.0,False,100.0,"['revenue_growth', 'operating_margin', 'pe_diff', 'market_return', 'industry_relative', 'driver_return']"
MTRN,return,1,expanding,core_pe_percentage,2022-12-31,2022-12-30,2023-01-31,0.0313106404410892,0.004461573762468219,0.019370756544958706,84,1.0,1.0,False,100.0,"['revenue_growth', 'operating_margin', 'pe_pct_change', 'market_return', 'industry_relative', 'driver_return']"
MTRN,return,1,expanding,core_pe_lag1,2022-12-31,2022-12-30,2023-01-31,0.0313106404410892,0.01239562313965128,0.019370756544958706,84,1.0,1.0,False,100.0,"['revenue_growth', 'operating_margin', 'pe_lag1', 'market_return', 'industry_relative', 'driver_return']"
MTRN,return,1,expanding,core_financial_changes,2022-12-31,2022-12-30,2023-01-31,0.0313106404410892,0.009562170341003668,0.019370756544958706,84,1.0,1.0,False,100.0,"['revenue_growth_diff', 'operating_margin_diff', 'earnings_yield_diff', 'market_return', 'industry_relative', 'driver_return']"
MTRN,return,1,expanding,distributed_all_lag1,2022-12-31,2022-12-30,2023-01-31,0.0313106404410892,0.025195037272165474,0.019370756544958706,84,1.0,1.0,False,100.0,"['revenue_growth', 'operating_margin', 'earnings_yield', 'market_return', 'industry_relative', 'driver_return', 'revenue_growth_lag1', 'operating_margin_lag1', 'earnings_yield_lag1', 'market_return_lag1', 'industry_relative_lag1', 'driver_return_lag1', 'market_return_lag1 missing', 'industry_relative_lag1 missing']"
MTRN,return,1,expanding,distributed_all_lag3,2022-12-31,2022-12-30,2023-01-31,0.0313106404410892,0.02967549354084057,0.019370756544958706,84,1.0,1.0,False,100.0,"['revenue_growth', 'operating_margin', 'earnings_yield', 'market_return', 'industry_relative', 'driver_return', 'revenue_growth_lag1', 'operating_margin_lag1', 'earnings_yield_lag1', 'market_return_lag1', 'industry_relative_lag1', 'driver_return_lag1', 'revenue_growth_lag3', 'operating_margin_lag3', 'earnings_yield_lag3', 'market_return_lag3', 'industry_relative_lag3', 'driver_return_lag3', 'market_return_lag1 missing', 'industry_relative_lag1 missing']"
MTRN,return,1,expanding,core_pe_level,2023-01-31,2023-01-31,2023-02-28,0.2388910092447997,0.007652070620610487,0.019511225767266126,85,1.0,0.0,False,100.0,"['revenue_growth', 'operating_margin', 'pe', 'market_return', 'industry_relative', 'driver_return']"
MTRN,return,1,expanding,core_pe_difference,2023-01-31,2023-01-31,2023-02-28,0.2388910092447997,0.0012519008050512793,0.019511225767266126,85,1.0,0.0,False,100.0,"['revenue_growth', 'operating_margin', 'pe_diff', 'market_return', 'industry_relative', 'driver_return']"
MTRN,return,1,expanding,core_pe_percentage,2023-01-31,2023-01-31,2023-02-28,0.2388910092447997,0.002055160103379493,0.019511225767266126,85,1.0,0.0,False,100.0,"['revenue_growth', 'operating_margin', 'pe_pct_change', 'market_return', 'industry_relative', 'driver_return']"
MTRN,return,1,expanding,core_pe_lag1,2023-01-31,2023-01-31,2023-02-28,0.2388910092447997,0.0069629311356244235,0.019511225767266126,85,1.0,0.0,False,100.0,"['revenue_growth', 'operating_margin', 'pe_lag1', 'market_return', 'industry_relative', 'driver_return']"
MTRN,return,1,expanding,core_financial_changes,2023-01-31,2023-01-31,2023-02-28,0.2388910092447997,0.011915965697989007,0.019511225767266126,85,1.0,0.0,False,100.0,"['revenue_growth_diff', 'operating_margin_diff', 'earnings_yield_diff', 'market_return', 'industry_relative', 'driver_return']"
MTRN,return,1,expanding,distributed_all_lag1,2023-01-31,2023-01-31,2023-02-28,0.2388910092447997,0.019204288582828858,0.019511225767266126,85,1.0,0.0,False,100.0,"['revenue_growth', 'operating_margin', 'earnings_yield', 'market_return', 'industry_relative', 'driver_return', 'revenue_growth_lag1', 'operating_margin_lag1', 'earnings_yield_lag1', 'market_return_lag1', 'industry_relative_lag1', 'driver_return_lag1', 'market_return_lag1 missing', 'industry_relative_lag1 missing']"
MTRN,return,1,expanding,distributed_all_lag3,2023-01-31,2023-01-31,2023-02-28,0.2388910092447997,0.013301926239801799,0.019511225767266126,85,1.0,0.0,False,100.0,"['revenue_growth', 'operating_margin', 'earnings_yield', 'market_return', 'industry_relative', 'driver_return', 'revenue_growth_lag1', 'operating_margin_lag1', 'earnings_yield_lag1', 'market_return_lag1', 'industry_relative_lag1', 'driver_return_lag1', 'revenue_growth_lag3', 'operating_margin_lag3', 'earnings_yield_lag3', 'market_return_lag3', 'industry_relative_lag3', 'driver_return_lag3', 'market_return_lag1 missing', 'industry_relative_lag1 missing']"
MTRN,return,1,expanding,core_pe_level,2023-02-28,2023-02-28,2023-03-31,0.0386820721121869,0.026634941499523793,0.022062153482121167,86,0.0,1.0,False,100.0,"['revenue_growth', 'operating_margin', 'pe', 'market_return', 'industry_relative', 'driver_return']"
MTRN,return,1,expanding,core_pe_difference,2023-02-28,2023-02-28,2023-03-31,0.0386820721121869,0.023348326348025257,0.022062153482121167,86,0.0,1.0,False,100.0,"['revenue_growth', 'operating_margin', 'pe_diff', 'market_return', 'industry_relative', 'driver_return']"
MTRN,return,1,expanding,core_pe_percentage,2023-02-28,2023-02-28,2023-03-31,0.0386820721121869,0.022396534840414522,0.022062153482121167,86,0.0,1.0,False,100.0,"['revenue_growth', 'operating_margin', 'pe_pct_change', 'market_return', 'industry_relative', 'driver_return']"
MTRN,return,1,expanding,core_pe_lag1,2023-02-28,2023-02-28,2023-03-31,0.0386820721121869,0.029020984127372224,0.022062153482121167,86,0.0,1.0,False,100.0,"['revenue_growth', 'operating_margin', 'pe_lag1', 'market_return', 'industry_relative', 'driver_return']"
MTRN,return,1,expanding,core_financial_changes,2023-02-28,2023-02-28,2023-03-31,0.0386820721121869,0.027480938368557993,0.022062153482121167,86,0.0,1.0,False,100.0,"['revenue_growth_diff', 'operating_margin_diff', 'earnings_yield_diff', 'market_return', 'industry_relative', 'driver_return']"
MTRN,return,1,expanding,distributed_all_lag1,2023-02-28,2023-02-28,2023-03-31,0.0386820721121869,0.04509518664890903,0.022062153482121167,86,0.0,1.0,False,100.0,"['revenue_growth', 'operating_margin', 'earnings_yield', 'market_return', 'industry_relative', 'driver_return', 'revenue_growth_lag1', 'operating_margin_lag1', 'earnings_yield_lag1', 'market_return_lag1', 'industry_relative_lag1', 'driver_return_lag1', 'market_return_lag1 missing', 'industry_relative_lag1 missing']"
MTRN,return,1,expanding,distributed_all_lag3,2023-02-28,2023-02-28,2023-03-31,0.0386820721121869,0.03236618900729529,0.022062153482121167,86,0.0,1.0,False,100.0,"['revenue_growth', 'operating_margin', 'earnings_yield', 'market_return', 'industry_relative', 'driver_return', 'revenue_growth_lag1', 'operating_margin_lag1', 'earnings_yield_lag1', 'market_return_lag1', 'industry_relative_lag1', 'driver_return_lag1', 'revenue_growth_lag3', 'operating_margin_lag3', 'earnings_yield_lag3', 'market_return_lag3', 'industry_relative_lag3', 'driver_return_lag3', 'market_return_lag1 missing', 'industry_relative_lag1 missing']"
MTRN,return,1,expanding,core_pe_level,2023-03-31,2023-03-31,2023-04-30,-0.0662932187519335,0.0198955725113188,0.02225318702959319,87,1.0,0.0,False,100.0,"['revenue_growth', 'operating_margin', 'pe', 'market_return', 'industry_relative', 'driver_return']"
MTRN,return,1,expanding,core_pe_difference,2023-03-31,2023-03-31,2023-04-30,-0.0662932187519335,0.016041066541632103,0.02225318702959319,87,1.0,0.0,False,100.0,"['revenue_growth', 'operating_margin', 'pe_diff', 'market_return', 'industry_relative', 'driver_return']"
MTRN,return,1,expanding,core_pe_percentage,2023-03-31,2023-03-31,2023-04-30,-0.0662932187519335,0.016205473418760614,0.02225318702959319,87,1.0,0.0,False,100.0,"['revenue_growth', 'operating_margin', 'pe_pct_change', 'market_return', 'industry_relative', 'driver_return']"
MTRN,return,1,expanding,core_pe_lag1,2023-03-31,2023-03-31,2023-04-30,-0.0662932187519335,0.02037677052957358,0.02225318702959319,87,1.0,0.0,False,100.0,"['revenue_growth', 'operating_margin', 'pe_lag1', 'market_return', 'industry_relative', 'driver_return']"
MTRN,return,1,expanding,core_financial_changes,2023-03-31,2023-03-31,2023-04-30,-0.0662932187519335,0.024211511446656855,0.02225318702959319,87,1.0,0.0,False,100.0,"['revenue_growth_diff', 'operating_margin_diff', 'earnings_yield_diff', 'market_return', 'industry_relative', 'driver_return']"
MTRN,return,1,expanding,distributed_all_lag1,2023-03-31,2023-03-31,2023-04-30,-0.0662932187519335,0.019168245700715066,0.02225318702959319,87,1.0,0.0,False,100.0,"['revenue_growth', 'operating_margin', 'earnings_yield', 'market_return', 'industry_relative', 'driver_return', 'revenue_growth_lag1', 'operating_margin_lag1', 'earnings_yield_lag1', 'market_return_lag1', 'industry_relative_lag1', 'driver_return_lag1', 'market_return_lag1 missing', 'industry_relative_lag1 missing']"
MTRN,return,1,expanding,distributed_all_lag3,2023-03-31,2023-03-31,2023-04-30,-0.0662932187519335,0.024838551403762517,0.02225318702959319,87,1.0,0.0,False,100.0,"['revenue_growth', 'operating_margin', 'earnings_yield', 'market_return', 'industry_relative', 'driver_return', 'revenue_growth_lag1', 'operating_margin_lag1', 'earnings_yield_lag1', 'market_return_lag1', 'industry_relative_lag1', 'driver_return_lag1', 'revenue_growth_lag3', 'operating_margin_lag3', 'earnings_yield_lag3', 'market_return_lag3', 'industry_relative_lag3', 'driver_return_lag3', 'market_return_lag1 missing', 'industry_relative_lag1 missing']"
MTRN,return,1,expanding,core_pe_level,2023-04-30,2023-04-28,2023-05-31,-0.0724304512669036,0.010028831104761243,0.021246977872984924,88,0.0,0.0,False,100.0,"['revenue_growth', 'operating_margin', 'pe', 'market_return', 'industry_relative', 'driver_return']"
MTRN,return,1,expanding,core_pe_difference,2023-04-30,2023-04-28,2023-05-31,-0.0724304512669036,0.006342118284950226,0.021246977872984924,88,0.0,0.0,False,100.0,"['revenue_growth', 'operating_margin', 'pe_diff', 'market_return', 'industry_relative', 'driver_return']"
MTRN,return,1,expanding,core_pe_percentage,2023-04-30,2023-04-28,2023-05-31,-0.0724304512669036,0.0062179206869820754,0.021246977872984924,88,0.0,0.0,False,100.0,"['revenue_growth', 'operating_margin', 'pe_pct_change', 'market_return', 'industry_relative', 'driver_return']"
MTRN,return,1,expanding,core_pe_lag1,2023-04-30,2023-04-28,2023-05-31,-0.0724304512669036,0.011817021104630425,0.021246977872984924,88,0.0,0.0,False,100.0,"['revenue_growth', 'operating_margin', 'pe_lag1', 'market_return', 'industry_relative', 'driver_return']"
MTRN,return,1,expanding,core_financial_changes,2023-04-30,2023-04-28,2023-05-31,-0.0724304512669036,0.018319133167696462,0.021246977872984924,88,0.0,0.0,False,100.0,"['revenue_growth_diff', 'operating_margin_diff', 'earnings_yield_diff', 'market_return', 'industry_relative', 'driver_return']"
MTRN,return,1,expanding,distributed_all_lag1,2023-04-30,2023-04-28,2023-05-31,-0.0724304512669036,0.004715630580462104,0.021246977872984924,88,0.0,0.0,False,100.0,"['revenue_growth', 'operating_margin', 'earnings_yield', 'market_return', 'industry_relative', 'driver_return', 'revenue_growth_lag1', 'operating_margin_lag1', 'earnings_yield_lag1', 'market_return_lag1', 'industry_relative_lag1', 'driver_return_lag1', 'market_return_lag1 missing', 'industry_relative_lag1 missing']"
MTRN,return,1,expanding,distributed_all_lag3,2023-04-30,2023-04-28,2023-05-31,-0.0724304512669036,-0.0032064586327467566,0.021246977872984924,88,0.0,0.0,False,100.0,"['revenue_growth', 'operating_margin', 'earnings_yield', 'market_return', 'industry_relative', 'driver_return', 'revenue_growth_lag1', 'operating_margin_lag1', 'earnings_yield_lag1', 'market_return_lag1', 'industry_relative_lag1', 'driver_return_lag1', 'revenue_growth_lag3', 'operating_margin_lag3', 'earnings_yield_lag3', 'market_return_lag3', 'industry_relative_lag3', 'driver_return_lag3', 'market_return_lag1 missing', 'industry_relative_lag1 missing']"
MTRN,return,1,expanding,core_pe_level,2023-05-31,2023-05-31,2023-06-30,0.1381304641356584,0.03234704395652779,0.02019442248939067,89,0.0,0.0,False,100.0,"['revenue_growth', 'operating_margin', 'pe', 'market_return', 'industry_relative', 'driver_return']"
MTRN,return,1,expanding,core_pe_difference,2023-05-31,2023-05-31,2023-06-30,0.1381304641356584,0.026508091302678144,0.02019442248939067,89,0.0,0.0,False,100.0,"['revenue_growth', 'operating_margin', 'pe_diff', 'market_return', 'industry_relative', 'driver_return']"
MTRN,return,1,expanding,core_pe_percentage,2023-05-31,2023-05-31,2023-06-30,0.1381304641356584,0.02815600819774637,0.02019442248939067,89,0.0,0.0,False,100.0,"['revenue_growth', 'operating_margin', 'pe_pct_change', 'market_return', 'industry_relative', 'driver_return']"
MTRN,return,1,expanding,core_pe_lag1,2023-05-31,2023-05-31,2023-06-30,0.1381304641356584,0.029917720103027436,0.02019442248939067,89,0.0,0.0,False,100.0,"['revenue_growth', 'operating_margin', 'pe_lag1', 'market_return', 'industry_relative', 'driver_return']"
MTRN,return,1,expanding,core_financial_changes,2023-05-31,2023-05-31,2023-06-30,0.1381304641356584,0.030703460246442445,0.02019442248939067,89,0.0,0.0,False,100.0,"['revenue_growth_diff', 'operating_margin_diff', 'earnings_yield_diff', 'market_return', 'industry_relative', 'driver_return']"
MTRN,return,1,expanding,distributed_all_lag1,2023-05-31,2023-05-31,2023-06-30,0.1381304641356584,0.003724721654059817,0.02019442248939067,89,0.0,0.0,False,100.0,"['revenue_growth', 'operating_margin', 'earnings_yield', 'market_return', 'industry_relative', 'driver_return', 'revenue_growth_lag1', 'operating_margin_lag1', 'earnings_yield_lag1', 'market_return_lag1', 'industry_relative_lag1', 'driver_return_lag1', 'market_return_lag1 missing', 'industry_relative_lag1 missing']"
MTRN,return,1,expanding,distributed_all_lag3,2023-05-31,2023-05-31,2023-06-30,0.1381304641356584,-0.002344303876231836,0.02019442248939067,89,0.0,0.0,False,100.0,"['revenue_growth', 'operating_margin', 'earnings_yield', 'market_return', 'industry_relative', 'driver_return', 'revenue_growth_lag1', 'operating_margin_lag1', 'earnings_yield_lag1', 'market_return_lag1', 'industry_relative_lag1', 'driver_return_lag1', 'revenue_growth_lag3', 'operating_margin_lag3', 'earnings_yield_lag3', 'market_return_lag3', 'industry_relative_lag3', 'driver_return_lag3', 'market_return_lag1 missing', 'industry_relative_lag1 missing']"
MTRN,return,1,expanding,core_pe_level,2023-06-30,2023-06-30,2023-07-31,0.0432574509054437,0.011388050967394642,0.02150482295212698,90,0.0,1.0,False,100.0,"['revenue_growth', 'operating_margin', 'pe', 'market_return', 'industry_relative', 'driver_return']"
MTRN,return,1,expanding,core_pe_difference,2023-06-30,2023-06-30,2023-07-31,0.0432574509054437,0.0066914900690811865,0.02150482295212698,90,0.0,1.0,False,100.0,"['revenue_growth', 'operating_margin', 'pe_diff', 'market_return', 'industry_relative', 'driver_return']"
MTRN,return,1,expanding,core_pe_percentage,2023-06-30,2023-06-30,2023-07-31,0.0432574509054437,0.005955564842363769,0.02150482295212698,90,0.0,1.0,False,100.0,"['revenue_growth', 'operating_margin', 'pe_pct_change', 'market_return', 'industry_relative', 'driver_return']"
MTRN,return,1,expanding,core_pe_lag1,2023-06-30,2023-06-30,2023-07-31,0.0432574509054437,0.013365938929195216,0.02150482295212698,90,0.0,1.0,False,100.0,"['revenue_growth', 'operating_margin', 'pe_lag1', 'market_return', 'industry_relative', 'driver_return']"
MTRN,return,1,expanding,core_financial_changes,2023-06-30,2023-06-30,2023-07-31,0.0432574509054437,0.013983845963638514,0.02150482295212698,90,0.0,1.0,False,100.0,"['revenue_growth_diff', 'operating_margin_diff', 'earnings_yield_diff', 'market_return', 'industry_relative', 'driver_return']"
MTRN,return,1,expanding,distributed_all_lag1,2023-06-30,2023-06-30,2023-07-31,0.0432574509054437,0.01475876793128238,0.02150482295212698,90,0.0,1.0,False,100.0,"['revenue_growth', 'operating_margin', 'earnings_yield', 'market_return', 'industry_relative', 'driver_return', 'revenue_growth_lag1', 'operating_margin_lag1', 'earnings_yield_lag1', 'market_return_lag1', 'industry_relative_lag1', 'driver_return_lag1', 'market_return_lag1 missing', 'industry_relative_lag1 missing']"
MTRN,return,1,expanding,distributed_all_lag3,2023-06-30,2023-06-30,2023-07-31,0.0432574509054437,0.01032077637328642,0.02150482295212698,90,0.0,1.0,False,100.0,"['revenue_growth', 'operating_margin', 'earnings_yield', 'market_return', 'industry_relative', 'driver_return', 'revenue_growth_lag1', 'operating_margin_lag1', 'earnings_yield_lag1', 'market_return_lag1', 'industry_relative_lag1', 'driver_return_lag1', 'revenue_growth_lag3', 'operating_margin_lag3', 'earnings_yield_lag3', 'market_return_lag3', 'industry_relative_lag3', 'driver_return_lag3', 'market_return_lag1 missing', 'industry_relative_lag1 missing']"
MTRN,return,1,expanding,core_pe_level,2023-07-31,2023-07-31,2023-08-31,-0.0857744349646599,0.008755240236379375,0.021743862819745847,91,0.0,1.0,False,100.0,"['revenue_growth', 'operating_margin', 'pe', 'market_return', 'industry_relative', 'driver_return']"
MTRN,return,1,expanding,core_pe_difference,2023-07-31,2023-07-31,2023-08-31,-0.0857744349646599,0.005522344920104116,0.021743862819745847,91,0.0,1.0,False,100.0,"['revenue_growth', 'operating_margin', 'pe_diff', 'market_return', 'industry_relative', 'driver_return']"
MTRN,return,1,expanding,core_pe_percentage,2023-07-31,2023-07-31,2023-08-31,-0.0857744349646599,0.005660766650761363,0.021743862819745847,91,0.0,1.0,False,100.0,"['revenue_growth', 'operating_margin', 'pe_pct_change', 'market_return', 'industry_relative', 'driver_return']"
MTRN,return,1,expanding,core_pe_lag1,2023-07-31,2023-07-31,2023-08-31,-0.0857744349646599,0.009519051831105591,0.021743862819745847,91,0.0,1.0,False,100.0,"['revenue_growth', 'operating_margin', 'pe_lag1', 'market_return', 'industry_relative', 'driver_return']"
MTRN,return,1,expanding,core_financial_changes,2023-07-31,2023-07-31,2023-08-31,-0.0857744349646599,0.016395954644865686,0.021743862819745847,91,0.0,1.0,False,100.0,"['revenue_growth_diff', 'operating_margin_diff', 'earnings_yield_diff', 'market_return', 'industry_relative', 'driver_return']"
MTRN,return,1,expanding,distributed_all_lag1,2023-07-31,2023-07-31,2023-08-31,-0.0857744349646599,-0.006170484214178852,0.021743862819745847,91,0.0,1.0,False,100.0,"['revenue_growth', 'operating_margin', 'earnings_yield', 'market_return', 'industry_relative', 'driver_return', 'revenue_growth_lag1', 'operating_margin_lag1', 'earnings_yield_lag1', 'market_return_lag1', 'industry_relative_lag1', 'driver_return_lag1', 'market_return_lag1 missing', 'industry_relative_lag1 missing']"
MTRN,return,1,expanding,distributed_all_lag3,2023-07-31,2023-07-31,2023-08-31,-0.0857744349646599,0.0017299395111188623,0.021743862819745847,91,0.0,1.0,False,100.0,"['revenue_growth', 'operating_margin', 'earnings_yield', 'market_return', 'industry_relative', 'driver_return', 'revenue_growth_lag1', 'operating_margin_lag1', 'earnings_yield_lag1', 'market_return_lag1', 'industry_relative_lag1', 'driver_return_lag1', 'revenue_growth_lag3', 'operating_margin_lag3', 'earnings_yield_lag3', 'market_return_lag3', 'industry_relative_lag3', 'driver_return_lag3', 'market_return_lag1 missing', 'industry_relative_lag1 missing']"
MTRN,return,1,expanding,core_pe_level,2023-08-31,2023-08-31,2023-09-30,-0.0632408828347332,0.009365717012563324,0.020575185669915348,92,0.0,1.0,False,100.0,"['revenue_growth', 'operating_margin', 'pe', 'market_return', 'industry_relative', 'driver_return']"
MTRN,return,1,expanding,core_pe_difference,2023-08-31,2023-08-31,2023-09-30,-0.0632408828347332,0.006317353771429286,0.020575185669915348,92,0.0,1.0,False,100.0,"['revenue_growth', 'operating_margin', 'pe_diff', 'market_return', 'industry_relative', 'driver_return']"
MTRN,return,1,expanding,core_pe_percentage,2023-08-31,2023-08-31,2023-09-30,-0.0632408828347332,0.006684696460780022,0.020575185669915348,92,0.0,1.0,False,100.0,"['revenue_growth', 'operating_margin', 'pe_pct_change', 'market_return', 'industry_relative', 'driver_return']"
MTRN,return,1,expanding,core_pe_lag1,2023-08-31,2023-08-31,2023-09-30,-0.0632408828347332,0.010109226797692071,0.020575185669915348,92,0.0,1.0,False,100.0,"['revenue_growth', 'operating_margin', 'pe_lag1', 'market_return', 'industry_relative', 'driver_return']"
MTRN,return,1,expanding,core_financial_changes,2023-08-31,2023-08-31,2023-09-30,-0.0632408828347332,0.01357280187830161,0.020575185669915348,92,0.0,1.0,False,100.0,"['revenue_growth_diff', 'operating_margin_diff', 'earnings_yield_diff', 'market_return', 'industry_relative', 'driver_return']"
MTRN,return,1,expanding,distributed_all_lag1,2023-08-31,2023-08-31,2023-09-30,-0.0632408828347332,0.00734368188571239,0.020575185669915348,92,0.0,1.0,False,100.0,"['revenue_growth', 'operating_margin', 'earnings_yield', 'market_return', 'industry_relative', 'driver_return', 'revenue_growth_lag1', 'operating_margin_lag1', 'earnings_yield_lag1', 'market_return_lag1', 'industry_relative_lag1', 'driver_return_lag1', 'market_return_lag1 missing', 'industry_relative_lag1 missing']"
MTRN,return,1,expanding,distributed_all_lag3,2023-08-31,2023-08-31,2023-09-30,-0.0632408828347332,-0.0016831493988265535,0.020575185669915348,92,0.0,1.0,False,100.0,"['revenue_growth', 'operating_margin', 'earnings_yield', 'market_return', 'industry_relative', 'driver_return', 'revenue_growth_lag1', 'operating_margin_lag1', 'earnings_yield_lag1', 'market_return_lag1', 'industry_relative_lag1', 'driver_return_lag1', 'revenue_growth_lag3', 'operating_margin_lag3', 'earnings_yield_lag3', 'market_return_lag3', 'industry_relative_lag3', 'driver_return_lag3', 'market_return_lag1 missing', 'industry_relative_lag1 missing']"
MTRN,return,1,expanding,core_pe_level,2023-09-30,2023-09-29,2023-10-31,-0.0483760836793542,0.007677775052847802,0.019673937621478267,93,0.0,1.0,False,100.0,"['revenue_growth', 'operating_margin', 'pe', 'market_return', 'industry_relative', 'driver_return']"
MTRN,return,1,expanding,core_pe_difference,2023-09-30,2023-09-29,2023-10-31,-0.0483760836793542,0.00458775662004297,0.019673937621478267,93,0.0,1.0,False,100.0,"['revenue_growth', 'operating_margin', 'pe_diff', 'market_return', 'industry_relative', 'driver_return']"
MTRN,return,1,expanding,core_pe_percentage,2023-09-30,2023-09-29,2023-10-31,-0.0483760836793542,0.0046105761443497074,0.019673937621478267,93,0.0,1.0,False,100.0,"['revenue_growth', 'operating_margin', 'pe_pct_change', 'market_return', 'industry_relative', 'driver_return']"
MTRN,return,1,expanding,core_pe_lag1,2023-09-30,2023-09-29,2023-10-31,-0.0483760836793542,0.008967266821938148,0.019673937621478267,93,0.0,1.0,False,100.0,"['revenue_growth', 'operating_margin', 'pe_lag1', 'market_return', 'industry_relative', 'driver_return']"
MTRN,return,1,expanding,core_financial_changes,2023-09-30,2023-09-29,2023-10-31,-0.0483760836793542,0.021142101427032083,0.019673937621478267,93,0.0,1.0,False,100.0,"['revenue_growth_diff', 'operating_margin_diff', 'earnings_yield_diff', 'market_return', 'industry_relative', 'driver_return']"
MTRN,return,1,expanding,distributed_all_lag1,2023-09-30,2023-09-29,2023-10-31,-0.0483760836793542,-0.0023760453679077774,0.019673937621478267,93,0.0,1.0,False,100.0,"['revenue_growth', 'operating_margin', 'earnings_yield', 'market_return', 'industry_relative', 'driver_return', 'revenue_growth_lag1', 'operating_margin_lag1', 'earnings_yield_lag1', 'market_return_lag1', 'industry_relative_lag1', 'driver_return_lag1', 'market_return_lag1 missing', 'industry_relative_lag1 missing']"
MTRN,return,1,expanding,distributed_all_lag3,2023-09-30,2023-09-29,2023-10-31,-0.0483760836793542,-0.0017282528463486296,0.019673937621478267,93,0.0,1.0,False,100.0,"['revenue_growth', 'operating_margin', 'earnings_yield', 'market_return', 'industry_relative', 'driver_return', 'revenue_growth_lag1', 'operating_margin_lag1', 'earnings_yield_lag1', 'market_return_lag1', 'industry_relative_lag1', 'driver_return_lag1', 'revenue_growth_lag3', 'operating_margin_lag3', 'earnings_yield_lag3', 'market_return_lag3', 'industry_relative_lag3', 'driver_return_lag3', 'market_return_lag1 missing', 'industry_relative_lag1 missing']"
MTRN,return,1,expanding,core_pe_level,2023-10-31,2023-10-31,2023-11-30,0.167631269804128,-0.0016249689008819672,0.018950001224660902,94,0.0,1.0,False,100.0,"['revenue_growth', 'operating_margin', 'pe', 'market_return', 'industry_relative', 'driver_return']"
MTRN,return,1,expanding,core_pe_difference,2023-10-31,2023-10-31,2023-11-30,0.167631269804128,-0.0051293395969740675,0.018950001224660902,94,0.0,1.0,False,100.0,"['revenue_growth', 'operating_margin', 'pe_diff', 'market_return', 'industry_relative', 'driver_return']"
MTRN,return,1,expanding,core_pe_percentage,2023-10-31,2023-10-31,2023-11-30,0.167631269804128,-0.005129485115515222,0.018950001224660902,94,0.0,1.0,False,100.0,"['revenue_growth', 'operating_margin', 'pe_pct_change', 'market_return', 'industry_relative', 'driver_return']"
MTRN,return,1,expanding,core_pe_lag1,2023-10-31,2023-10-31,2023-11-30,0.167631269804128,-0.00019900801776184807,0.018950001224660902,94,0.0,1.0,False,100.0,"['revenue_growth', 'operating_margin', 'pe_lag1', 'market_return', 'industry_relative', 'driver_return']"
MTRN,return,1,expanding,core_financial_changes,2023-10-31,2023-10-31,2023-11-30,0.167631269804128,0.01420360469194151,0.018950001224660902,94,0.0,1.0,False,100.0,"['revenue_growth_diff', 'operating_margin_diff', 'earnings_yield_diff', 'market_return', 'industry_relative', 'driver_return']"
MTRN,return,1,expanding,distributed_all_lag1,2023-10-31,2023-10-31,2023-11-30,0.167631269804128,-0.0003859153978215679,0.018950001224660902,94,0.0,1.0,False,100.0,"['revenue_growth', 'operating_margin', 'earnings_yield', 'market_return', 'industry_relative', 'driver_return', 'revenue_growth_lag1', 'operating_margin_lag1', 'earnings_yield_lag1', 'market_return_lag1', 'industry_relative_lag1', 'driver_return_lag1', 'market_return_lag1 missing', 'industry_relative_lag1 missing']"
MTRN,return,1,expanding,distributed_all_lag3,2023-10-31,2023-10-31,2023-11-30,0.167631269804128,-0.001236112763353489,0.018950001224660902,94,0.0,1.0,False,100.0,"['revenue_growth', 'operating_margin', 'earnings_yield', 'market_return', 'industry_relative', 'driver_return', 'revenue_growth_lag1', 'operating_margin_lag1', 'earnings_yield_lag1', 'market_return_lag1', 'industry_relative_lag1', 'driver_return_lag1', 'revenue_growth_lag3', 'operating_margin_lag3', 'earnings_yield_lag3', 'market_return_lag3', 'industry_relative_lag3', 'driver_return_lag3', 'market_return_lag1 missing', 'industry_relative_lag1 missing']"
MTRN,return,1,expanding,core_pe_level,2023-11-30,2023-11-30,2023-12-31,0.1504729690054069,0.014402365529832798,0.020515067209707923,95,0.0,1.0,False,100.0,"['revenue_growth', 'operating_margin', 'pe', 'market_return', 'industry_relative', 'driver_return']"
MTRN,return,1,expanding,core_pe_difference,2023-11-30,2023-11-30,2023-12-31,0.1504729690054069,0.009641433883986925,0.020515067209707923,95,0.0,1.0,False,100.0,"['revenue_growth', 'operating_margin', 'pe_diff', 'market_return', 'industry_relative', 'driver_return']"
MTRN,return,1,expanding,core_pe_percentage,2023-11-30,2023-11-30,2023-12-31,0.1504729690054069,0.009778375523693731,0.020515067209707923,95,0.0,1.0,False,100.0,"['revenue_growth', 'operating_margin', 'pe_pct_change', 'market_return', 'industry_relative', 'driver_return']"
MTRN,return,1,expanding,core_pe_lag1,2023-11-30,2023-11-30,2023-12-31,0.1504729690054069,0.014547491362244345,0.020515067209707923,95,0.0,1.0,False,100.0,"['revenue_growth', 'operating_margin', 'pe_lag1', 'market_return', 'industry_relative', 'driver_return']"
MTRN,return,1,expanding,core_financial_changes,2023-11-30,2023-11-30,2023-12-31,0.1504729690054069,0.028101899368680242,0.020515067209707923,95,0.0,1.0,False,100.0,"['revenue_growth_diff', 'operating_margin_diff', 'earnings_yield_diff', 'market_return', 'industry_relative', 'driver_return']"
MTRN,return,1,expanding,distributed_all_lag1,2023-11-30,2023-11-30,2023-12-31,0.1504729690054069,0.011687374368660514,0.020515067209707923,95,0.0,1.0,False,100.0,"['revenue_growth', 'operating_margin', 'earnings_yield', 'market_return', 'industry_relative', 'driver_return', 'revenue_growth_lag1', 'operating_margin_lag1', 'earnings_yield_lag1', 'market_return_lag1', 'industry_relative_lag1', 'driver_return_lag1', 'market_return_lag1 missing', 'industry_relative_lag1 missing']"
MTRN,return,1,expanding,distributed_all_lag3,2023-11-30,2023-11-30,2023-12-31,0.1504729690054069,0.015761728083332472,0.020515067209707923,95,0.0,1.0,False,100.0,"['revenue_growth', 'operating_margin', 'earnings_yield', 'market_return', 'industry_relative', 'driver_return', 'revenue_growth_lag1', 'operating_margin_lag1', 'earnings_yield_lag1', 'market_return_lag1', 'industry_relative_lag1', 'driver_return_lag1', 'revenue_growth_lag3', 'operating_margin_lag3', 'earnings_yield_lag3', 'market_return_lag3', 'industry_relative_lag3', 'driver_return_lag3', 'market_return_lag1 missing', 'industry_relative_lag1 missing']"
MTRN,return,1,expanding,core_pe_level,2023-12-31,2023-12-29,2024-01-31,-0.1011295597146849,0.023669724350443434,0.021868795353413118,96,0.0,0.0,False,100.0,"['revenue_growth', 'operating_margin', 'pe', 'market_return', 'industry_relative', 'driver_return']"
MTRN,return,1,expanding,core_pe_difference,2023-12-31,2023-12-29,2024-01-31,-0.1011295597146849,0.02125367812280962,0.021868795353413118,96,0.0,0.0,False,100.0,"['revenue_growth', 'operating_margin', 'pe_diff', 'market_return', 'industry_relative', 'driver_return']"
MTRN,return,1,expanding,core_pe_percentage,2023-12-31,2023-12-29,2024-01-31,-0.1011295597146849,0.020690902802911856,0.021868795353413118,96,0.0,0.0,False,100.0,"['revenue_growth', 'operating_margin', 'pe_pct_change', 'market_return', 'industry_relative', 'driver_return']"
MTRN,return,1,expanding,core_pe_lag1,2023-12-31,2023-12-29,2024-01-31,-0.1011295597146849,0.024742776967110684,0.021868795353413118,96,0.0,0.0,False,100.0,"['revenue_growth', 'operating_margin', 'pe_lag1', 'market_return', 'industry_relative', 'driver_return']"
MTRN,return,1,expanding,core_financial_changes,2023-12-31,2023-12-29,2024-01-31,-0.1011295597146849,0.029018673068426596,0.021868795353413118,96,0.0,0.0,False,10.0,"['revenue_growth_diff', 'operating_margin_diff', 'earnings_yield_diff', 'market_return', 'industry_relative', 'driver_return']"
MTRN,return,1,expanding,distributed_all_lag1,2023-12-31,2023-12-29,2024-01-31,-0.1011295597146849,0.012099241889412651,0.021868795353413118,96,0.0,0.0,False,100.0,"['revenue_growth', 'operating_margin', 'earnings_yield', 'market_return', 'industry_relative', 'driver_return', 'revenue_growth_lag1', 'operating_margin_lag1', 'earnings_yield_lag1', 'market_return_lag1', 'industry_relative_lag1', 'driver_return_lag1', 'market_return_lag1 missing', 'industry_relative_lag1 missing']"
MTRN,return,1,expanding,distributed_all_lag3,2023-12-31,2023-12-29,2024-01-31,-0.1011295597146849,0.01732191964213631,0.021868795353413118,96,0.0,0.0,False,100.0,"['revenue_growth', 'operating_margin', 'earnings_yield', 'market_return', 'industry_relative', 'driver_return', 'revenue_growth_lag1', 'operating_margin_lag1', 'earnings_yield_lag1', 'market_return_lag1', 'industry_relative_lag1', 'driver_return_lag1', 'revenue_growth_lag3', 'operating_margin_lag3', 'earnings_yield_lag3', 'market_return_lag3', 'industry_relative_lag3', 'driver_return_lag3', 'market_return_lag1 missing', 'industry_relative_lag1 missing']"
MTRN,return,1,expanding,core_pe_level,2024-01-31,2024-01-31,2024-02-29,0.1494652170560082,0.011159531349522552,0.020600771074360563,97,0.0,0.0,False,100.0,"['revenue_growth', 'operating_margin', 'pe', 'market_return', 'industry_relative', 'driver_return']"
MTRN,return,1,expanding,core_pe_difference,2024-01-31,2024-01-31,2024-02-29,0.1494652170560082,0.008348213419384186,0.020600771074360563,97,0.0,0.0,False,100.0,"['revenue_growth', 'operating_margin', 'pe_diff', 'market_return', 'industry_relative', 'driver_return']"
MTRN,return,1,expanding,core_pe_percentage,2024-01-31,2024-01-31,2024-02-29,0.1494652170560082,0.009246680745768872,0.020600771074360563,97,0.0,0.0,False,100.0,"['revenue_growth', 'operating_margin', 'pe_pct_change', 'market_return', 'industry_relative', 'driver_return']"
MTRN,return,1,expanding,core_pe_lag1,2024-01-31,2024-01-31,2024-02-29,0.1494652170560082,0.01075683264674509,0.020600771074360563,97,0.0,0.0,False,100.0,"['revenue_growth', 'operating_margin', 'pe_lag1', 'market_return', 'industry_relative', 'driver_return']"
MTRN,return,1,expanding,core_financial_changes,2024-01-31,2024-01-31,2024-02-29,0.1494652170560082,0.029345338042943373,0.020600771074360563,97,0.0,0.0,False,10.0,"['revenue_growth_diff', 'operating_margin_diff', 'earnings_yield_diff', 'market_return', 'industry_relative', 'driver_return']"
MTRN,return,1,expanding,distributed_all_lag1,2024-01-31,2024-01-31,2024-02-29,0.1494652170560082,0.006042679956364597,0.020600771074360563,97,0.0,0.0,False,100.0,"['revenue_growth', 'operating_margin', 'earnings_yield', 'market_return', 'industry_relative', 'driver_return', 'revenue_growth_lag1', 'operating_margin_lag1', 'earnings_yield_lag1', 'market_return_lag1', 'industry_relative_lag1', 'driver_return_lag1', 'market_return_lag1 missing', 'industry_relative_lag1 missing']"
MTRN,return,1,expanding,distributed_all_lag3,2024-01-31,2024-01-31,2024-02-29,0.1494652170560082,0.010323407887654835,0.020600771074360563,97,0.0,0.0,False,100.0,"['revenue_growth', 'operating_margin', 'earnings_yield', 'market_return', 'industry_relative', 'driver_return', 'revenue_growth_lag1', 'operating_margin_lag1', 'earnings_yield_lag1', 'market_return_lag1', 'industry_relative_lag1', 'driver_return_lag1', 'revenue_growth_lag3', 'operating_margin_lag3', 'earnings_yield_lag3', 'market_return_lag3', 'industry_relative_lag3', 'driver_return_lag3', 'market_return_lag1 missing', 'industry_relative_lag1 missing']"
MTRN,return,1,expanding,core_pe_level,2024-02-29,2024-02-29,2024-03-31,-0.0191335423631086,0.02561196472425943,0.021915714400703907,98,0.0,1.0,False,100.0,"['revenue_growth', 'operating_margin', 'pe', 'market_return', 'industry_relative', 'driver_return']"
MTRN,return,1,expanding,core_pe_difference,2024-02-29,2024-02-29,2024-03-31,-0.0191335423631086,0.024812339774216496,0.021915714400703907,98,0.0,1.0,False,100.0,"['revenue_growth', 'operating_margin', 'pe_diff', 'market_return', 'industry_relative', 'driver_return']"
MTRN,return,1,expanding,core_pe_percentage,2024-02-29,2024-02-29,2024-03-31,-0.0191335423631086,0.022837097976455768,0.021915714400703907,98,0.0,1.0,False,100.0,"['revenue_growth', 'operating_margin', 'pe_pct_change', 'market_return', 'industry_relative', 'driver_return']"
MTRN,return,1,expanding,core_pe_lag1,2024-02-29,2024-02-29,2024-03-31,-0.0191335423631086,0.028298766529877742,0.021915714400703907,98,0.0,1.0,False,100.0,"['revenue_growth', 'operating_margin', 'pe_lag1', 'market_return', 'industry_relative', 'driver_return']"
MTRN,return,1,expanding,core_financial_changes,2024-02-29,2024-02-29,2024-03-31,-0.0191335423631086,0.02351644516349596,0.021915714400703907,98,0.0,1.0,False,10.0,"['revenue_growth_diff', 'operating_margin_diff', 'earnings_yield_diff', 'market_return', 'industry_relative', 'driver_return']"
MTRN,return,1,expanding,distributed_all_lag1,2024-02-29,2024-02-29,2024-03-31,-0.0191335423631086,0.015860853991772582,0.021915714400703907,98,0.0,1.0,False,100.0,"['revenue_growth', 'operating_margin', 'earnings_yield', 'market_return', 'industry_relative', 'driver_return', 'revenue_growth_lag1', 'operating_margin_lag1', 'earnings_yield_lag1', 'market_return_lag1', 'industry_relative_lag1', 'driver_return_lag1', 'market_return_lag1 missing', 'industry_relative_lag1 missing']"
MTRN,return,1,expanding,distributed_all_lag3,2024-02-29,2024-02-29,2024-03-31,-0.0191335423631086,0.010335472776808343,0.021915714400703907,98,0.0,1.0,False,100.0,"['revenue_growth', 'operating_margin', 'earnings_yield', 'market_return', 'industry_relative', 'driver_return', 'revenue_growth_lag1', 'operating_margin_lag1', 'earnings_yield_lag1', 'market_return_lag1', 'industry_relative_lag1', 'driver_return_lag1', 'revenue_growth_lag3', 'operating_margin_lag3', 'earnings_yield_lag3', 'market_return_lag3', 'industry_relative_lag3', 'driver_return_lag3', 'market_return_lag1 missing', 'industry_relative_lag1 missing']"
MTRN,return,1,expanding,core_pe_level,2024-03-31,2024-03-28,2024-04-30,-0.1275901224041384,0.010905296693800047,0.021501075443493677,99,0.0,1.0,False,100.0,"['revenue_growth', 'operating_margin', 'pe', 'market_return', 'industry_relative', 'driver_return']"
MTRN,return,1,expanding,core_pe_difference,2024-03-31,2024-03-28,2024-04-30,-0.1275901224041384,0.009934071785378014,0.021501075443493677,99,0.0,1.0,False,100.0,"['revenue_growth', 'operating_margin', 'pe_diff', 'market_return', 'industry_relative', 'driver_return']"
MTRN,return,1,expanding,core_pe_percentage,2024-03-31,2024-03-28,2024-04-30,-0.1275901224041384,0.01065209802104073,0.021501075443493677,99,0.0,1.0,False,100.0,"['revenue_growth', 'operating_margin', 'pe_pct_change', 'market_return', 'industry_relative', 'driver_return']"
MTRN,return,1,expanding,core_pe_lag1,2024-03-31,2024-03-28,2024-04-30,-0.1275901224041384,0.01068270873316063,0.021501075443493677,99,0.0,1.0,False,100.0,"['revenue_growth', 'operating_margin', 'pe_lag1', 'market_return', 'industry_relative', 'driver_return']"
MTRN,return,1,expanding,core_financial_changes,2024-03-31,2024-03-28,2024-04-30,-0.1275901224041384,0.016566730939625192,0.021501075443493677,99,0.0,1.0,False,10.0,"['revenue_growth_diff', 'operating_margin_diff', 'earnings_yield_diff', 'market_return', 'industry_relative', 'driver_return']"
MTRN,return,1,expanding,distributed_all_lag1,2024-03-31,2024-03-28,2024-04-30,-0.1275901224041384,-0.007093235832435291,0.021501075443493677,99,0.0,1.0,False,100.0,"['revenue_growth', 'operating_margin', 'earnings_yield', 'market_return', 'industry_relative', 'driver_return', 'revenue_growth_lag1', 'operating_margin_lag1', 'earnings_yield_lag1', 'market_return_lag1', 'industry_relative_lag1', 'driver_return_lag1', 'market_return_lag1 missing', 'industry_relative_lag1 missing']"
MTRN,return,1,expanding,distributed_all_lag3,2024-03-31,2024-03-28,2024-04-30,-0.1275901224041384,-0.011742044056307865,0.021501075443493677,99,0.0,1.0,False,100.0,"['revenue_growth', 'operating_margin', 'earnings_yield', 'market_return', 'industry_relative', 'driver_return', 'revenue_growth_lag1', 'operating_margin_lag1', 'earnings_yield_lag1', 'market_return_lag1', 'industry_relative_lag1', 'driver_return_lag1', 'revenue_growth_lag3', 'operating_margin_lag3', 'earnings_yield_lag3', 'market_return_lag3', 'industry_relative_lag3', 'driver_return_lag3', 'market_return_lag1 missing', 'industry_relative_lag1 missing']"
MTRN,return,1,expanding,core_pe_level,2024-04-30,2024-04-30,2024-05-31,-0.0037056645148236,-0.00808580187101442,0.020010163465017355,100,0.0,1.0,False,100.0,"['revenue_growth', 'operating_margin', 'pe', 'market_return', 'industry_relative', 'driver_return']"
MTRN,return,1,expanding,core_pe_difference,2024-04-30,2024-04-30,2024-05-31,-0.0037056645148236,-0.009964029913310767,0.020010163465017355,100,0.0,1.0,False,100.0,"['revenue_growth', 'operating_margin', 'pe_diff', 'market_return', 'industry_relative', 'driver_return']"
MTRN,return,1,expanding,core_pe_percentage,2024-04-30,2024-04-30,2024-05-31,-0.0037056645148236,-0.008215029003938907,0.020010163465017355,100,0.0,1.0,False,100.0,"['revenue_growth', 'operating_margin', 'pe_pct_change', 'market_return', 'industry_relative', 'driver_return']"
MTRN,return,1,expanding,core_pe_lag1,2024-04-30,2024-04-30,2024-05-31,-0.0037056645148236,-0.00949233552971981,0.020010163465017355,100,0.0,1.0,False,100.0,"['revenue_growth', 'operating_margin', 'pe_lag1', 'market_return', 'industry_relative', 'driver_return']"
MTRN,return,1,expanding,core_financial_changes,2024-04-30,2024-04-30,2024-05-31,-0.0037056645148236,-0.010893608280183972,0.020010163465017355,100,0.0,1.0,False,10.0,"['revenue_growth_diff', 'operating_margin_diff', 'earnings_yield_diff', 'market_return', 'industry_relative', 'driver_return']"
MTRN,return,1,expanding,distributed_all_lag1,2024-04-30,2024-04-30,2024-05-31,-0.0037056645148236,-0.013414120732054842,0.020010163465017355,100,0.0,1.0,False,100.0,"['revenue_growth', 'operating_margin', 'earnings_yield', 'market_return', 'industry_relative', 'driver_return', 'revenue_growth_lag1', 'operating_margin_lag1', 'earnings_yield_lag1', 'market_return_lag1', 'industry_relative_lag1', 'driver_return_lag1', 'market_return_lag1 missing', 'industry_relative_lag1 missing']"
MTRN,return,1,expanding,distributed_all_lag3,2024-04-30,2024-04-30,2024-05-31,-0.0037056645148236,-0.013216499028591434,0.020010163465017355,100,0.0,1.0,False,100.0,"['revenue_growth', 'operating_margin', 'earnings_yield', 'market_return', 'industry_relative', 'driver_return', 'revenue_growth_lag1', 'operating_margin_lag1', 'earnings_yield_lag1', 'market_return_lag1', 'industry_relative_lag1', 'driver_return_lag1', 'revenue_growth_lag3', 'operating_margin_lag3', 'earnings_yield_lag3', 'market_return_lag3', 'industry_relative_lag3', 'driver_return_lag3', 'market_return_lag1 missing', 'industry_relative_lag1 missing']"
MTRN,return,1,expanding,core_pe_level,2024-05-31,2024-05-31,2024-06-30,-0.054642427048499,0.016659005819303113,0.01977535328699913,101,0.0,1.0,False,100.0,"['revenue_growth', 'operating_margin', 'pe', 'market_return', 'industry_relative', 'driver_return']"
MTRN,return,1,expanding,core_pe_difference,2024-05-31,2024-05-31,2024-06-30,-0.054642427048499,0.015390204081640563,0.01977535328699913,101,0.0,1.0,False,100.0,"['revenue_growth', 'operating_margin', 'pe_diff', 'market_return', 'industry_relative', 'driver_return']"
MTRN,return,1,expanding,core_pe_percentage,2024-05-31,2024-05-31,2024-06-30,-0.054642427048499,0.014610166648417768,0.01977535328699913,101,0.0,1.0,False,100.0,"['revenue_growth', 'operating_margin', 'pe_pct_change', 'market_return', 'industry_relative', 'driver_return']"
MTRN,return,1,expanding,core_pe_lag1,2024-05-31,2024-05-31,2024-06-30,-0.054642427048499,0.01806741284178897,0.01977535328699913,101,0.0,1.0,False,100.0,"['revenue_growth', 'operating_margin', 'pe_lag1', 'market_return', 'industry_relative', 'driver_return']"
MTRN,return,1,expanding,core_financial_changes,2024-05-31,2024-05-31,2024-06-30,-0.054642427048499,-0.003288844366165479,0.01977535328699913,101,0.0,1.0,False,10.0,"['revenue_growth_diff', 'operating_margin_diff', 'earnings_yield_diff', 'market_return', 'industry_relative', 'driver_return']"
MTRN,return,1,expanding,distributed_all_lag1,2024-05-31,2024-05-31,2024-06-30,-0.054642427048499,0.04745042334391838,0.01977535328699913,101,0.0,1.0,False,100.0,"['revenue_growth', 'operating_margin', 'earnings_yield', 'market_return', 'industry_relative', 'driver_return', 'revenue_growth_lag1', 'operating_margin_lag1', 'earnings_yield_lag1', 'market_return_lag1', 'industry_relative_lag1', 'driver_return_lag1', 'market_return_lag1 missing', 'industry_relative_lag1 missing']"
MTRN,return,1,expanding,distributed_all_lag3,2024-05-31,2024-05-31,2024-06-30,-0.054642427048499,0.04039444551553935,0.01977535328699913,101,0.0,1.0,False,100.0,"['revenue_growth', 'operating_margin', 'earnings_yield', 'market_return', 'industry_relative', 'driver_return', 'revenue_growth_lag1', 'operating_margin_lag1', 'earnings_yield_lag1', 'market_return_lag1', 'industry_relative_lag1', 'driver_return_lag1', 'revenue_growth_lag3', 'operating_margin_lag3', 'earnings_yield_lag3', 'market_return_lag3', 'industry_relative_lag3', 'driver_return_lag3', 'market_return_lag1 missing', 'industry_relative_lag1 missing']"
MTRN,return,1,expanding,core_pe_level,2024-06-30,2024-06-28,2024-07-31,0.1137520907808509,0.020831414940052504,0.019045767205278556,102,0.0,1.0,False,100.0,"['revenue_growth', 'operating_margin', 'pe', 'market_return', 'industry_relative', 'driver_return']"
MTRN,return,1,expanding,core_pe_difference,2024-06-30,2024-06-28,2024-07-31,0.1137520907808509,0.019078084195761597,0.019045767205278556,102,0.0,1.0,False,100.0,"['revenue_growth', 'operating_margin', 'pe_diff', 'market_return', 'industry_relative', 'driver_return']"
MTRN,return,1,expanding,core_pe_percentage,2024-06-30,2024-06-28,2024-07-31,0.1137520907808509,0.019669295744695114,0.019045767205278556,102,0.0,1.0,False,100.0,"['revenue_growth', 'operating_margin', 'pe_pct_change', 'market_return', 'industry_relative', 'driver_return']"
MTRN,return,1,expanding,core_pe_lag1,2024-06-30,2024-06-28,2024-07-31,0.1137520907808509,0.020511484557388174,0.019045767205278556,102,0.0,1.0,False,100.0,"['revenue_growth', 'operating_margin', 'pe_lag1', 'market_return', 'industry_relative', 'driver_return']"
MTRN,return,1,expanding,core_financial_changes,2024-06-30,2024-06-28,2024-07-31,0.1137520907808509,0.04480094986477471,0.019045767205278556,102,0.0,1.0,False,10.0,"['revenue_growth_diff', 'operating_margin_diff', 'earnings_yield_diff', 'market_return', 'industry_relative', 'driver_return']"
MTRN,return,1,expanding,distributed_all_lag1,2024-06-30,2024-06-28,2024-07-31,0.1137520907808509,0.0037039340491962624,0.019045767205278556,102,0.0,1.0,False,100.0,"['revenue_growth', 'operating_margin', 'earnings_yield', 'market_return', 'industry_relative', 'driver_return', 'revenue_growth_lag1', 'operating_margin_lag1', 'earnings_yield_lag1', 'market_return_lag1', 'industry_relative_lag1', 'driver_return_lag1', 'market_return_lag1 missing', 'industry_relative_lag1 missing']"
MTRN,return,1,expanding,distributed_all_lag3,2024-06-30,2024-06-28,2024-07-31,0.1137520907808509,0.005286005241699867,0.019045767205278556,102,0.0,1.0,False,100.0,"['revenue_growth', 'operating_margin', 'earnings_yield', 'market_return', 'industry_relative', 'driver_return', 'revenue_growth_lag1', 'operating_margin_lag1', 'earnings_yield_lag1', 'market_return_lag1', 'industry_relative_lag1', 'driver_return_lag1', 'revenue_growth_lag3', 'operating_margin_lag3', 'earnings_yield_lag3', 'market_return_lag3', 'industry_relative_lag3', 'driver_return_lag3', 'market_return_lag1 missing', 'industry_relative_lag1 missing']"
MTRN,return,1,expanding,core_pe_level,2024-07-31,2024-07-31,2024-08-31,-0.0353031011579461,0.011679002846876006,0.019965246074944307,103,1.0,0.0,False,100.0,"['revenue_growth', 'operating_margin', 'pe', 'market_return', 'industry_relative', 'driver_return']"
MTRN,return,1,expanding,core_pe_difference,2024-07-31,2024-07-31,2024-08-31,-0.0353031011579461,0.0118312075991663,0.019965246074944307,103,1.0,0.0,False,100.0,"['revenue_growth', 'operating_margin', 'pe_diff', 'market_return', 'industry_relative', 'driver_return']"
MTRN,return,1,expanding,core_pe_percentage,2024-07-31,2024-07-31,2024-08-31,-0.0353031011579461,0.010255987976353463,0.019965246074944307,103,1.0,0.0,False,100.0,"['revenue_growth', 'operating_margin', 'pe_pct_change', 'market_return', 'industry_relative', 'driver_return']"
MTRN,return,1,expanding,core_pe_lag1,2024-07-31,2024-07-31,2024-08-31,-0.0353031011579461,0.014826939995003091,0.019965246074944307,103,1.0,0.0,False,100.0,"['revenue_growth', 'operating_margin', 'pe_lag1', 'market_return', 'industry_relative', 'driver_return']"
MTRN,return,1,expanding,core_financial_changes,2024-07-31,2024-07-31,2024-08-31,-0.0353031011579461,0.005939466107789729,0.019965246074944307,103,1.0,0.0,False,10.0,"['revenue_growth_diff', 'operating_margin_diff', 'earnings_yield_diff', 'market_return', 'industry_relative', 'driver_return']"
MTRN,return,1,expanding,distributed_all_lag1,2024-07-31,2024-07-31,2024-08-31,-0.0353031011579461,-0.013092347165524348,0.019965246074944307,103,1.0,0.0,False,100.0,"['revenue_growth', 'operating_margin', 'earnings_yield', 'market_return', 'industry_relative', 'driver_return', 'revenue_growth_lag1', 'operating_margin_lag1', 'earnings_yield_lag1', 'market_return_lag1', 'industry_relative_lag1', 'driver_return_lag1', 'market_return_lag1 missing', 'industry_relative_lag1 missing']"
MTRN,return,1,expanding,distributed_all_lag3,2024-07-31,2024-07-31,2024-08-31,-0.0353031011579461,-0.0011592399528698588,0.019965246074944307,103,1.0,0.0,False,100.0,"['revenue_growth', 'operating_margin', 'earnings_yield', 'market_return', 'industry_relative', 'driver_return', 'revenue_growth_lag1', 'operating_margin_lag1', 'earnings_yield_lag1', 'market_return_lag1', 'industry_relative_lag1', 'driver_return_lag1', 'revenue_growth_lag3', 'operating_margin_lag3', 'earnings_yield_lag3', 'market_return_lag3', 'industry_relative_lag3', 'driver_return_lag3', 'market_return_lag1 missing', 'industry_relative_lag1 missing']"
MTRN,return,1,expanding,core_pe_level,2024-08-31,2024-08-30,2024-09-30,-0.0360219748015853,0.005166471478024003,0.019433819659243443,104,1.0,0.0,False,100.0,"['revenue_growth', 'operating_margin', 'pe', 'market_return', 'industry_relative', 'driver_return']"
MTRN,return,1,expanding,core_pe_difference,2024-08-31,2024-08-30,2024-09-30,-0.0360219748015853,0.004191875185380119,0.019433819659243443,104,1.0,0.0,False,100.0,"['revenue_growth', 'operating_margin', 'pe_diff', 'market_return', 'industry_relative', 'driver_return']"
MTRN,return,1,expanding,core_pe_percentage,2024-08-31,2024-08-30,2024-09-30,-0.0360219748015853,0.0040767119095176906,0.019433819659243443,104,1.0,0.0,False,100.0,"['revenue_growth', 'operating_margin', 'pe_pct_change', 'market_return', 'industry_relative', 'driver_return']"
MTRN,return,1,expanding,core_pe_lag1,2024-08-31,2024-08-30,2024-09-30,-0.0360219748015853,0.0063139857954495286,0.019433819659243443,104,1.0,0.0,False,100.0,"['revenue_growth', 'operating_margin', 'pe_lag1', 'market_return', 'industry_relative', 'driver_return']"
MTRN,return,1,expanding,core_financial_changes,2024-08-31,2024-08-30,2024-09-30,-0.0360219748015853,0.05264100579059611,0.019433819659243443,104,1.0,0.0,False,10.0,"['revenue_growth_diff', 'operating_margin_diff', 'earnings_yield_diff', 'market_return', 'industry_relative', 'driver_return']"
MTRN,return,1,expanding,distributed_all_lag1,2024-08-31,2024-08-30,2024-09-30,-0.0360219748015853,-0.020726972681851454,0.019433819659243443,104,1.0,0.0,False,100.0,"['revenue_growth', 'operating_margin', 'earnings_yield', 'market_return', 'industry_relative', 'driver_return', 'revenue_growth_lag1', 'operating_margin_lag1', 'earnings_yield_lag1', 'market_return_lag1', 'industry_relative_lag1', 'driver_return_lag1', 'market_return_lag1 missing', 'industry_relative_lag1 missing']"
MTRN,return,1,expanding,distributed_all_lag3,2024-08-31,2024-08-30,2024-09-30,-0.0360219748015853,-0.02248691628179216,0.019433819659243443,104,1.0,0.0,False,100.0,"['revenue_growth', 'operating_margin', 'earnings_yield', 'market_return', 'industry_relative', 'driver_return', 'revenue_growth_lag1', 'operating_margin_lag1', 'earnings_yield_lag1', 'market_return_lag1', 'industry_relative_lag1', 'driver_return_lag1', 'revenue_growth_lag3', 'operating_margin_lag3', 'earnings_yield_lag3', 'market_return_lag3', 'industry_relative_lag3', 'driver_return_lag3', 'market_return_lag1 missing', 'industry_relative_lag1 missing']"
MTRN,return,1,expanding,core_pe_level,2024-09-30,2024-09-30,2024-10-31,-0.0914537043223648,-0.0010662948528369215,0.018905669235806978,105,0.0,0.0,False,100.0,"['revenue_growth', 'operating_margin', 'pe', 'market_return', 'industry_relative', 'driver_return']"
MTRN,return,1,expanding,core_pe_difference,2024-09-30,2024-09-30,2024-10-31,-0.0914537043223648,-0.002576516500259838,0.018905669235806978,105,0.0,0.0,False,100.0,"['revenue_growth', 'operating_margin', 'pe_diff', 'market_return', 'industry_relative', 'driver_return']"
MTRN,return,1,expanding,core_pe_percentage,2024-09-30,2024-09-30,2024-10-31,-0.0914537043223648,-0.001606573001010303,0.018905669235806978,105,0.0,0.0,False,100.0,"['revenue_growth', 'operating_margin', 'pe_pct_change', 'market_return', 'industry_relative', 'driver_return']"
MTRN,return,1,expanding,core_pe_lag1,2024-09-30,2024-09-30,2024-10-31,-0.0914537043223648,-0.0014903756901333103,0.018905669235806978,105,0.0,0.0,False,100.0,"['revenue_growth', 'operating_margin', 'pe_lag1', 'market_return', 'industry_relative', 'driver_return']"
MTRN,return,1,expanding,core_financial_changes,2024-09-30,2024-09-30,2024-10-31,-0.0914537043223648,-0.005888539056930677,0.018905669235806978,105,0.0,0.0,False,10.0,"['revenue_growth_diff', 'operating_margin_diff', 'earnings_yield_diff', 'market_return', 'industry_relative', 'driver_return']"
MTRN,return,1,expanding,distributed_all_lag1,2024-09-30,2024-09-30,2024-10-31,-0.0914537043223648,-0.014929998475392808,0.018905669235806978,105,0.0,0.0,False,100.0,"['revenue_growth', 'operating_margin', 'earnings_yield', 'market_return', 'industry_relative', 'driver_return', 'revenue_growth_lag1', 'operating_margin_lag1', 'earnings_yield_lag1', 'market_return_lag1', 'industry_relative_lag1', 'driver_return_lag1', 'market_return_lag1 missing', 'industry_relative_lag1 missing']"
MTRN,return,1,expanding,distributed_all_lag3,2024-09-30,2024-09-30,2024-10-31,-0.0914537043223648,-0.01579617332538443,0.018905669235806978,105,0.0,0.0,False,100.0,"['revenue_growth', 'operating_margin', 'earnings_yield', 'market_return', 'industry_relative', 'driver_return', 'revenue_growth_lag1', 'operating_margin_lag1', 'earnings_yield_lag1', 'market_return_lag1', 'industry_relative_lag1', 'driver_return_lag1', 'revenue_growth_lag3', 'operating_margin_lag3', 'earnings_yield_lag3', 'market_return_lag3', 'industry_relative_lag3', 'driver_return_lag3', 'market_return_lag1 missing', 'industry_relative_lag1 missing']"
MTRN,return,1,expanding,core_pe_level,2024-10-31,2024-10-31,2024-11-30,0.1389389449888316,0.013593894134636988,0.017864543070163847,106,0.0,1.0,False,100.0,"['revenue_growth', 'operating_margin', 'pe', 'market_return', 'industry_relative', 'driver_return']"
MTRN,return,1,expanding,core_pe_difference,2024-10-31,2024-10-31,2024-11-30,0.1389389449888316,0.01166757394191303,0.017864543070163847,106,0.0,1.0,False,100.0,"['revenue_growth', 'operating_margin', 'pe_diff', 'market_return', 'industry_relative', 'driver_return']"
MTRN,return,1,expanding,core_pe_percentage,2024-10-31,2024-10-31,2024-11-30,0.1389389449888316,0.011657880420959575,0.017864543070163847,106,0.0,1.0,False,100.0,"['revenue_growth', 'operating_margin', 'pe_pct_change', 'market_return', 'industry_relative', 'driver_return']"
MTRN,return,1,expanding,core_pe_lag1,2024-10-31,2024-10-31,2024-11-30,0.1389389449888316,0.014484017139350271,0.017864543070163847,106,0.0,1.0,False,100.0,"['revenue_growth', 'operating_margin', 'pe_lag1', 'market_return', 'industry_relative', 'driver_return']"
MTRN,return,1,expanding,core_financial_changes,2024-10-31,2024-10-31,2024-11-30,0.1389389449888316,0.01681753155507841,0.017864543070163847,106,0.0,1.0,False,10.0,"['revenue_growth_diff', 'operating_margin_diff', 'earnings_yield_diff', 'market_return', 'industry_relative', 'driver_return']"
MTRN,return,1,expanding,distributed_all_lag1,2024-10-31,2024-10-31,2024-11-30,0.1389389449888316,0.010732578309823585,0.017864543070163847,106,0.0,1.0,False,100.0,"['revenue_growth', 'operating_margin', 'earnings_yield', 'market_return', 'industry_relative', 'driver_return', 'revenue_growth_lag1', 'operating_margin_lag1', 'earnings_yield_lag1', 'market_return_lag1', 'industry_relative_lag1', 'driver_return_lag1', 'market_return_lag1 missing', 'industry_relative_lag1 missing']"
MTRN,return,1,expanding,distributed_all_lag3,2024-10-31,2024-10-31,2024-11-30,0.1389389449888316,0.020182847490945857,0.017864543070163847,106,0.0,1.0,False,100.0,"['revenue_growth', 'operating_margin', 'earnings_yield', 'market_return', 'industry_relative', 'driver_return', 'revenue_growth_lag1', 'operating_margin_lag1', 'earnings_yield_lag1', 'market_return_lag1', 'industry_relative_lag1', 'driver_return_lag1', 'revenue_growth_lag3', 'operating_margin_lag3', 'earnings_yield_lag3', 'market_return_lag3', 'industry_relative_lag3', 'driver_return_lag3', 'market_return_lag1 missing', 'industry_relative_lag1 missing']"
MTRN,return,1,expanding,core_pe_level,2024-11-30,2024-11-29,2024-12-31,-0.144784726056028,0.01135155110418918,0.018996079536693453,107,0.0,1.0,False,100.0,"['revenue_growth', 'operating_margin', 'pe', 'market_return', 'industry_relative', 'driver_return']"
MTRN,return,1,expanding,core_pe_difference,2024-11-30,2024-11-29,2024-12-31,-0.144784726056028,0.010434080512372195,0.018996079536693453,107,0.0,1.0,False,100.0,"['revenue_growth', 'operating_margin', 'pe_diff', 'market_return', 'industry_relative', 'driver_return']"
MTRN,return,1,expanding,core_pe_percentage,2024-11-30,2024-11-29,2024-12-31,-0.144784726056028,0.008923400823432579,0.018996079536693453,107,0.0,1.0,False,100.0,"['revenue_growth', 'operating_margin', 'pe_pct_change', 'market_return', 'industry_relative', 'driver_return']"
MTRN,return,1,expanding,core_pe_lag1,2024-11-30,2024-11-29,2024-12-31,-0.144784726056028,0.01443393940420686,0.018996079536693453,107,0.0,1.0,False,100.0,"['revenue_growth', 'operating_margin', 'pe_lag1', 'market_return', 'industry_relative', 'driver_return']"
MTRN,return,1,expanding,core_financial_changes,2024-11-30,2024-11-29,2024-12-31,-0.144784726056028,0.0010218588773977279,0.018996079536693453,107,0.0,1.0,False,10.0,"['revenue_growth_diff', 'operating_margin_diff', 'earnings_yield_diff', 'market_return', 'industry_relative', 'driver_return']"
MTRN,return,1,expanding,distributed_all_lag1,2024-11-30,2024-11-29,2024-12-31,-0.144784726056028,-0.004579797028000963,0.018996079536693453,107,0.0,1.0,False,100.0,"['revenue_growth', 'operating_margin', 'earnings_yield', 'market_return', 'industry_relative', 'driver_return', 'revenue_growth_lag1', 'operating_margin_lag1', 'earnings_yield_lag1', 'market_return_lag1', 'industry_relative_lag1', 'driver_return_lag1', 'market_return_lag1 missing', 'industry_relative_lag1 missing']"
MTRN,return,1,expanding,distributed_all_lag3,2024-11-30,2024-11-29,2024-12-31,-0.144784726056028,0.0021369721072407033,0.018996079536693453,107,0.0,1.0,False,100.0,"['revenue_growth', 'operating_margin', 'earnings_yield', 'market_return', 'industry_relative', 'driver_return', 'revenue_growth_lag1', 'operating_margin_lag1', 'earnings_yield_lag1', 'market_return_lag1', 'industry_relative_lag1', 'driver_return_lag1', 'revenue_growth_lag3', 'operating_margin_lag3', 'earnings_yield_lag3', 'market_return_lag3', 'industry_relative_lag3', 'driver_return_lag3', 'market_return_lag1 missing', 'industry_relative_lag1 missing']"
MTRN,return,1,expanding,core_pe_level,2024-12-31,2024-12-31,2025-01-31,0.0214402309542487,0.020453245995639094,0.017479590596020105,108,1.0,1.0,False,10.0,"['revenue_growth', 'operating_margin', 'pe', 'market_return', 'industry_relative', 'driver_return']"
MTRN,return,1,expanding,core_pe_difference,2024-12-31,2024-12-31,2025-01-31,0.0214402309542487,0.018323210630920343,0.017479590596020105,108,1.0,1.0,False,100.0,"['revenue_growth', 'operating_margin', 'pe_diff', 'market_return', 'industry_relative', 'driver_return']"
MTRN,return,1,expanding,core_pe_percentage,2024-12-31,2024-12-31,2025-01-31,0.0214402309542487,0.019883083585452797,0.017479590596020105,108,1.0,1.0,False,100.0,"['revenue_growth', 'operating_margin', 'pe_pct_change', 'market_return', 'industry_relative', 'driver_return']"
MTRN,return,1,expanding,core_pe_lag1,2024-12-31,2024-12-31,2025-01-31,0.0214402309542487,0.01849750484549224,0.017479590596020105,108,1.0,1.0,False,100.0,"['revenue_growth', 'operating_margin', 'pe_lag1', 'market_return', 'industry_relative', 'driver_return']"
MTRN,return,1,expanding,core_financial_changes,2024-12-31,2024-12-31,2025-01-31,0.0214402309542487,0.045029100699550614,0.017479590596020105,108,1.0,1.0,False,0.01,"['revenue_growth_diff', 'operating_margin_diff', 'earnings_yield_diff', 'market_return', 'industry_relative', 'driver_return']"
MTRN,return,1,expanding,distributed_all_lag1,2024-12-31,2024-12-31,2025-01-31,0.0214402309542487,-0.06014237058121868,0.017479590596020105,108,1.0,1.0,False,10.0,"['revenue_growth', 'operating_margin', 'earnings_yield', 'market_return', 'industry_relative', 'driver_return', 'revenue_growth_lag1', 'operating_margin_lag1', 'earnings_yield_lag1', 'market_return_lag1', 'industry_relative_lag1', 'driver_return_lag1', 'market_return_lag1 missing', 'industry_relative_lag1 missing']"
MTRN,return,1,expanding,distributed_all_lag3,2024-12-31,2024-12-31,2025-01-31,0.0214402309542487,-0.05053557028448794,0.017479590596020105,108,1.0,1.0,False,0.01,"['revenue_growth', 'operating_margin', 'earnings_yield', 'market_return', 'industry_relative', 'driver_return', 'revenue_growth_lag1', 'operating_margin_lag1', 'earnings_yield_lag1', 'market_return_lag1', 'industry_relative_lag1', 'driver_return_lag1', 'revenue_growth_lag3', 'operating_margin_lag3', 'earnings_yield_lag3', 'market_return_lag3', 'industry_relative_lag3', 'driver_return_lag3', 'market_return_lag1 missing', 'industry_relative_lag1 missing']"
MTRN,return,1,expanding,core_pe_level,2025-01-31,2025-01-31,2025-02-28,-0.0942669816981214,-0.012947995392718174,0.017515926746095596,109,0.0,1.0,False,10.0,"['revenue_growth', 'operating_margin', 'pe', 'market_return', 'industry_relative', 'driver_return']"
MTRN,return,1,expanding,core_pe_difference,2025-01-31,2025-01-31,2025-02-28,-0.0942669816981214,0.00043084401985449966,0.017515926746095596,109,0.0,1.0,False,100.0,"['revenue_growth', 'operating_margin', 'pe_diff', 'market_return', 'industry_relative', 'driver_return']"
MTRN,return,1,expanding,core_pe_percentage,2025-01-31,2025-01-31,2025-02-28,-0.0942669816981214,0.0007692255923085374,0.017515926746095596,109,0.0,1.0,False,100.0,"['revenue_growth', 'operating_margin', 'pe_pct_change', 'market_return', 'industry_relative', 'driver_return']"
MTRN,return,1,expanding,core_pe_lag1,2025-01-31,2025-01-31,2025-02-28,-0.0942669816981214,0.0033934072066323893,0.017515926746095596,109,0.0,1.0,False,100.0,"['revenue_growth', 'operating_margin', 'pe_lag1', 'market_return', 'industry_relative', 'driver_return']"
MTRN,return,1,expanding,core_financial_changes,2025-01-31,2025-01-31,2025-02-28,-0.0942669816981214,-0.007632678148791164,0.017515926746095596,109,0.0,1.0,False,0.01,"['revenue_growth_diff', 'operating_margin_diff', 'earnings_yield_diff', 'market_return', 'industry_relative', 'driver_return']"
MTRN,return,1,expanding,distributed_all_lag1,2025-01-31,2025-01-31,2025-02-28,-0.0942669816981214,0.007552514930630867,0.017515926746095596,109,0.0,1.0,False,10.0,"['revenue_growth', 'operating_margin', 'earnings_yield', 'market_return', 'industry_relative', 'driver_return', 'revenue_growth_lag1', 'operating_margin_lag1', 'earnings_yield_lag1', 'market_return_lag1', 'industry_relative_lag1', 'driver_return_lag1', 'market_return_lag1 missing', 'industry_relative_lag1 missing']"
MTRN,return,1,expanding,distributed_all_lag3,2025-01-31,2025-01-31,2025-02-28,-0.0942669816981214,0.04296878303558659,0.017515926746095596,109,0.0,1.0,False,0.01,"['revenue_growth', 'operating_margin', 'earnings_yield', 'market_return', 'industry_relative', 'driver_return', 'revenue_growth_lag1', 'operating_margin_lag1', 'earnings_yield_lag1', 'market_return_lag1', 'industry_relative_lag1', 'driver_return_lag1', 'revenue_growth_lag3', 'operating_margin_lag3', 'earnings_yield_lag3', 'market_return_lag3', 'industry_relative_lag3', 'driver_return_lag3', 'market_return_lag1 missing', 'industry_relative_lag1 missing']"
MTRN,return,1,expanding,core_pe_level,2025-02-28,2025-02-28,2025-03-31,-0.1068301399606375,-0.04797087933493159,0.016499718487511805,110,0.0,1.0,False,10.0,"['revenue_growth', 'operating_margin', 'pe', 'market_return', 'industry_relative', 'driver_return']"
MTRN,return,1,expanding,core_pe_difference,2025-02-28,2025-02-28,2025-03-31,-0.1068301399606375,0.008307477063207372,0.016499718487511805,110,0.0,1.0,False,100.0,"['revenue_growth', 'operating_margin', 'pe_diff', 'market_return', 'industry_relative', 'driver_return']"
MTRN,return,1,expanding,core_pe_percentage,2025-02-28,2025-02-28,2025-03-31,-0.1068301399606375,-0.0051851000552767396,0.016499718487511805,110,0.0,1.0,False,100.0,"['revenue_growth', 'operating_margin', 'pe_pct_change', 'market_return', 'industry_relative', 'driver_return']"
MTRN,return,1,expanding,core_pe_lag1,2025-02-28,2025-02-28,2025-03-31,-0.1068301399606375,0.015128383016130512,0.016499718487511805,110,0.0,1.0,False,100.0,"['revenue_growth', 'operating_margin', 'pe_lag1', 'market_return', 'industry_relative', 'driver_return']"
MTRN,return,1,expanding,core_financial_changes,2025-02-28,2025-02-28,2025-03-31,-0.1068301399606375,-0.06604375429784669,0.016499718487511805,110,0.0,1.0,False,0.01,"['revenue_growth_diff', 'operating_margin_diff', 'earnings_yield_diff', 'market_return', 'industry_relative', 'driver_return']"
MTRN,return,1,expanding,distributed_all_lag1,2025-02-28,2025-02-28,2025-03-31,-0.1068301399606375,-0.06123270286099744,0.016499718487511805,110,0.0,1.0,False,10.0,"['revenue_growth', 'operating_margin', 'earnings_yield', 'market_return', 'industry_relative', 'driver_return', 'revenue_growth_lag1', 'operating_margin_lag1', 'earnings_yield_lag1', 'market_return_lag1', 'industry_relative_lag1', 'driver_return_lag1', 'market_return_lag1 missing', 'industry_relative_lag1 missing']"
MTRN,return,1,expanding,distributed_all_lag3,2025-02-28,2025-02-28,2025-03-31,-0.1068301399606375,-0.20602677617686702,0.016499718487511805,110,0.0,1.0,False,0.01,"['revenue_growth', 'operating_margin', 'earnings_yield', 'market_return', 'industry_relative', 'driver_return', 'revenue_growth_lag1', 'operating_margin_lag1', 'earnings_yield_lag1', 'market_return_lag1', 'industry_relative_lag1', 'driver_return_lag1', 'revenue_growth_lag3', 'operating_margin_lag3', 'earnings_yield_lag3', 'market_return_lag3', 'industry_relative_lag3', 'driver_return_lag3', 'market_return_lag1 missing', 'industry_relative_lag1 missing']"
MTRN,return,1,expanding,core_pe_level,2025-03-31,2025-03-31,2025-04-30,0.0172793922529033,-0.06789015005546374,0.015388638681672622,111,1.0,0.0,False,10.0,"['revenue_growth', 'operating_margin', 'pe', 'market_return', 'industry_relative', 'driver_return']"
MTRN,return,1,expanding,core_pe_difference,2025-03-31,2025-03-31,2025-04-30,0.0172793922529033,0.009541191287602575,0.015388638681672622,111,1.0,0.0,False,100.0,"['revenue_growth', 'operating_margin', 'pe_diff', 'market_return', 'industry_relative', 'driver_return']"
MTRN,return,1,expanding,core_pe_percentage,2025-03-31,2025-03-31,2025-04-30,0.0172793922529033,0.0043739652860043925,0.015388638681672622,111,1.0,0.0,False,100.0,"['revenue_growth', 'operating_margin', 'pe_pct_change', 'market_return', 'industry_relative', 'driver_return']"
MTRN,return,1,expanding,core_pe_lag1,2025-03-31,2025-03-31,2025-04-30,0.0172793922529033,-0.02302431780473011,0.015388638681672622,111,1.0,0.0,False,100.0,"['revenue_growth', 'operating_margin', 'pe_lag1', 'market_return', 'industry_relative', 'driver_return']"
MTRN,return,1,expanding,core_financial_changes,2025-03-31,2025-03-31,2025-04-30,0.0172793922529033,-0.031190265542547835,0.015388638681672622,111,1.0,0.0,False,0.01,"['revenue_growth_diff', 'operating_margin_diff', 'earnings_yield_diff', 'market_return', 'industry_relative', 'driver_return']"
MTRN,return,1,expanding,distributed_all_lag1,2025-03-31,2025-03-31,2025-04-30,0.0172793922529033,-0.02667256467616278,0.015388638681672622,111,1.0,0.0,False,10.0,"['revenue_growth', 'operating_margin', 'earnings_yield', 'market_return', 'industry_relative', 'driver_return', 'revenue_growth_lag1', 'operating_margin_lag1', 'earnings_yield_lag1', 'market_return_lag1', 'industry_relative_lag1', 'driver_return_lag1', 'market_return_lag1 missing', 'industry_relative_lag1 missing']"
MTRN,return,1,expanding,distributed_all_lag3,2025-03-31,2025-03-31,2025-04-30,0.0172793922529033,0.0481404689396431,0.015388638681672622,111,1.0,0.0,False,0.01,"['revenue_growth', 'operating_margin', 'earnings_yield', 'market_return', 'industry_relative', 'driver_return', 'revenue_growth_lag1', 'operating_margin_lag1', 'earnings_yield_lag1', 'market_return_lag1', 'industry_relative_lag1', 'driver_return_lag1', 'revenue_growth_lag3', 'operating_margin_lag3', 'earnings_yield_lag3', 'market_return_lag3', 'industry_relative_lag3', 'driver_return_lag3', 'market_return_lag1 missing', 'industry_relative_lag1 missing']"
MTRN,return,1,expanding,core_pe_level,2025-04-30,2025-04-30,2025-05-31,-0.0655308393615532,-0.04441287763295816,0.015405520409987185,112,1.0,0.0,False,10.0,"['revenue_growth', 'operating_margin', 'pe', 'market_return', 'industry_relative', 'driver_return']"
MTRN,return,1,expanding,core_pe_difference,2025-04-30,2025-04-30,2025-05-31,-0.0655308393615532,0.026066379192412226,0.015405520409987185,112,1.0,0.0,False,100.0,"['revenue_growth', 'operating_margin', 'pe_diff', 'market_return', 'industry_relative', 'driver_return']"
MTRN,return,1,expanding,core_pe_percentage,2025-04-30,2025-04-30,2025-05-31,-0.0655308393615532,0.027309760438958636,0.015405520409987185,112,1.0,0.0,False,100.0,"['revenue_growth', 'operating_margin', 'pe_pct_change', 'market_return', 'industry_relative', 'driver_return']"
MTRN,return,1,expanding,core_pe_lag1,2025-04-30,2025-04-30,2025-05-31,-0.0655308393615532,0.006240479265898758,0.015405520409987185,112,1.0,0.0,False,100.0,"['revenue_growth', 'operating_margin', 'pe_lag1', 'market_return', 'industry_relative', 'driver_return']"
MTRN,return,1,expanding,core_financial_changes,2025-04-30,2025-04-30,2025-05-31,-0.0655308393615532,0.023622903898978427,0.015405520409987185,112,1.0,0.0,False,0.01,"['revenue_growth_diff', 'operating_margin_diff', 'earnings_yield_diff', 'market_return', 'industry_relative', 'driver_return']"
MTRN,return,1,expanding,distributed_all_lag1,2025-04-30,2025-04-30,2025-05-31,-0.0655308393615532,0.04622834041293787,0.015405520409987185,112,1.0,0.0,False,10.0,"['revenue_growth', 'operating_margin', 'earnings_yield', 'market_return', 'industry_relative', 'driver_return', 'revenue_growth_lag1', 'operating_margin_lag1', 'earnings_yield_lag1', 'market_return_lag1', 'industry_relative_lag1', 'driver_return_lag1', 'market_return_lag1 missing', 'industry_relative_lag1 missing']"
MTRN,return,1,expanding,distributed_all_lag3,2025-04-30,2025-04-30,2025-05-31,-0.0655308393615532,0.12247214018209711,0.015405520409987185,112,1.0,0.0,False,0.01,"['revenue_growth', 'operating_margin', 'earnings_yield', 'market_return', 'industry_relative', 'driver_return', 'revenue_growth_lag1', 'operating_margin_lag1', 'earnings_yield_lag1', 'market_return_lag1', 'industry_relative_lag1', 'driver_return_lag1', 'revenue_growth_lag3', 'operating_margin_lag3', 'earnings_yield_lag3', 'market_return_lag3', 'industry_relative_lag3', 'driver_return_lag3', 'market_return_lag1 missing', 'industry_relative_lag1 missing']"
MTRN,return,1,expanding,core_pe_level,2025-05-31,2025-05-30,2025-06-30,0.0250548194817632,0.0028074165857688935,0.014689269438557624,113,1.0,1.0,False,10.0,"['revenue_growth', 'operating_margin', 'pe', 'market_return', 'industry_relative', 'driver_return']"
MTRN,return,1,expanding,core_pe_difference,2025-05-31,2025-05-30,2025-06-30,0.0250548194817632,0.04249185426390065,0.014689269438557624,113,1.0,1.0,False,100.0,"['revenue_growth', 'operating_margin', 'pe_diff', 'market_return', 'industry_relative', 'driver_return']"
MTRN,return,1,expanding,core_pe_percentage,2025-05-31,2025-05-30,2025-06-30,0.0250548194817632,0.039986164472427956,0.014689269438557624,113,1.0,1.0,False,100.0,"['revenue_growth', 'operating_margin', 'pe_pct_change', 'market_return', 'industry_relative', 'driver_return']"
MTRN,return,1,expanding,core_pe_lag1,2025-05-31,2025-05-30,2025-06-30,0.0250548194817632,-0.011301710943346267,0.014689269438557624,113,1.0,1.0,False,100.0,"['revenue_growth', 'operating_margin', 'pe_lag1', 'market_return', 'industry_relative', 'driver_return']"
MTRN,return,1,expanding,core_financial_changes,2025-05-31,2025-05-30,2025-06-30,0.0250548194817632,0.05191320626280575,0.014689269438557624,113,1.0,1.0,False,0.01,"['revenue_growth_diff', 'operating_margin_diff', 'earnings_yield_diff', 'market_return', 'industry_relative', 'driver_return']"
MTRN,return,1,expanding,distributed_all_lag1,2025-05-31,2025-05-30,2025-06-30,0.0250548194817632,-0.013567419647546609,0.014689269438557624,113,1.0,1.0,False,10.0,"['revenue_growth', 'operating_margin', 'earnings_yield', 'market_return', 'industry_relative', 'driver_return', 'revenue_growth_lag1', 'operating_margin_lag1', 'earnings_yield_lag1', 'market_return_lag1', 'industry_relative_lag1', 'driver_return_lag1', 'market_return_lag1 missing', 'industry_relative_lag1 missing']"
MTRN,return,1,expanding,distributed_all_lag3,2025-05-31,2025-05-30,2025-06-30,0.0250548194817632,-0.012289612263236807,0.014689269438557624,113,1.0,1.0,False,0.01,"['revenue_growth', 'operating_margin', 'earnings_yield', 'market_return', 'industry_relative', 'driver_return', 'revenue_growth_lag1', 'operating_margin_lag1', 'earnings_yield_lag1', 'market_return_lag1', 'industry_relative_lag1', 'driver_return_lag1', 'revenue_growth_lag3', 'operating_margin_lag3', 'earnings_yield_lag3', 'market_return_lag3', 'industry_relative_lag3', 'driver_return_lag3', 'market_return_lag1 missing', 'industry_relative_lag1 missing']"
MTRN,return,1,expanding,core_pe_level,2025-06-30,2025-06-30,2025-07-31,0.3266979277780639,-0.0014183500157797912,0.014780195316129603,114,0.0,1.0,False,10.0,"['revenue_growth', 'operating_margin', 'pe', 'market_return', 'industry_relative', 'driver_return']"
MTRN,return,1,expanding,core_pe_difference,2025-06-30,2025-06-30,2025-07-31,0.3266979277780639,0.026447148825001352,0.014780195316129603,114,0.0,1.0,False,100.0,"['revenue_growth', 'operating_margin', 'pe_diff', 'market_return', 'industry_relative', 'driver_return']"
MTRN,return,1,expanding,core_pe_percentage,2025-06-30,2025-06-30,2025-07-31,0.3266979277780639,0.028817215497031375,0.014780195316129603,114,0.0,1.0,False,100.0,"['revenue_growth', 'operating_margin', 'pe_pct_change', 'market_return', 'industry_relative', 'driver_return']"
MTRN,return,1,expanding,core_pe_lag1,2025-06-30,2025-06-30,2025-07-31,0.3266979277780639,0.012761403635319392,0.014780195316129603,114,0.0,1.0,False,100.0,"['revenue_growth', 'operating_margin', 'pe_lag1', 'market_return', 'industry_relative', 'driver_return']"
MTRN,return,1,expanding,core_financial_changes,2025-06-30,2025-06-30,2025-07-31,0.3266979277780639,0.04137518186706533,0.014780195316129603,114,0.0,1.0,False,0.01,"['revenue_growth_diff', 'operating_margin_diff', 'earnings_yield_diff', 'market_return', 'industry_relative', 'driver_return']"
MTRN,return,1,expanding,distributed_all_lag1,2025-06-30,2025-06-30,2025-07-31,0.3266979277780639,-0.016829111706365724,0.014780195316129603,114,0.0,1.0,False,10.0,"['revenue_growth', 'operating_margin', 'earnings_yield', 'market_return', 'industry_relative', 'driver_return', 'revenue_growth_lag1', 'operating_margin_lag1', 'earnings_yield_lag1', 'market_return_lag1', 'industry_relative_lag1', 'driver_return_lag1', 'market_return_lag1 missing', 'industry_relative_lag1 missing']"
MTRN,return,1,expanding,distributed_all_lag3,2025-06-30,2025-06-30,2025-07-31,0.3266979277780639,0.0055469462030400905,0.014780195316129603,114,0.0,1.0,False,0.01,"['revenue_growth', 'operating_margin', 'earnings_yield', 'market_return', 'industry_relative', 'driver_return', 'revenue_growth_lag1', 'operating_margin_lag1', 'earnings_yield_lag1', 'market_return_lag1', 'industry_relative_lag1', 'driver_return_lag1', 'revenue_growth_lag3', 'operating_margin_lag3', 'earnings_yield_lag3', 'market_return_lag3', 'industry_relative_lag3', 'driver_return_lag3', 'market_return_lag1 missing', 'industry_relative_lag1 missing']"
MTRN,return,1,expanding,core_pe_level,2025-07-31,2025-07-31,2025-08-31,0.0535775843997334,-0.0211483975504978,0.017492523424494248,115,0.0,1.0,False,10.0,"['revenue_growth', 'operating_margin', 'pe', 'market_return', 'industry_relative', 'driver_return']"
MTRN,return,1,expanding,core_pe_difference,2025-07-31,2025-07-31,2025-08-31,0.0535775843997334,0.009808179719502558,0.017492523424494248,115,0.0,1.0,False,100.0,"['revenue_growth', 'operating_margin', 'pe_diff', 'market_return', 'industry_relative', 'driver_return']"
MTRN,return,1,expanding,core_pe_percentage,2025-07-31,2025-07-31,2025-08-31,0.0535775843997334,0.011035190601689478,0.017492523424494248,115,0.0,1.0,False,100.0,"['revenue_growth', 'operating_margin', 'pe_pct_change', 'market_return', 'industry_relative', 'driver_return']"
MTRN,return,1,expanding,core_pe_lag1,2025-07-31,2025-07-31,2025-08-31,0.0535775843997334,0.0013520580681683561,0.017492523424494248,115,0.0,1.0,False,100.0,"['revenue_growth', 'operating_margin', 'pe_lag1', 'market_return', 'industry_relative', 'driver_return']"
MTRN,return,1,expanding,core_financial_changes,2025-07-31,2025-07-31,2025-08-31,0.0535775843997334,-0.031444667398719164,0.017492523424494248,115,0.0,1.0,False,0.01,"['revenue_growth_diff', 'operating_margin_diff', 'earnings_yield_diff', 'market_return', 'industry_relative', 'driver_return']"
MTRN,return,1,expanding,distributed_all_lag1,2025-07-31,2025-07-31,2025-08-31,0.0535775843997334,0.005898899606755234,0.017492523424494248,115,0.0,1.0,False,10.0,"['revenue_growth', 'operating_margin', 'earnings_yield', 'market_return', 'industry_relative', 'driver_return', 'revenue_growth_lag1', 'operating_margin_lag1', 'earnings_yield_lag1', 'market_return_lag1', 'industry_relative_lag1', 'driver_return_lag1', 'market_return_lag1 missing', 'industry_relative_lag1 missing']"
MTRN,return,1,expanding,distributed_all_lag3,2025-07-31,2025-07-31,2025-08-31,0.0535775843997334,0.03131479540720063,0.017492523424494248,115,0.0,1.0,False,0.01,"['revenue_growth', 'operating_margin', 'earnings_yield', 'market_return', 'industry_relative', 'driver_return', 'revenue_growth_lag1', 'operating_margin_lag1', 'earnings_yield_lag1', 'market_return_lag1', 'industry_relative_lag1', 'driver_return_lag1', 'revenue_growth_lag3', 'operating_margin_lag3', 'earnings_yield_lag3', 'market_return_lag3', 'industry_relative_lag3', 'driver_return_lag3', 'market_return_lag1 missing', 'industry_relative_lag1 missing']"
MTRN,return,1,expanding,core_pe_level,2025-08-31,2025-08-29,2025-09-30,0.0903429229768426,0.02922005566871455,0.017803601536349755,116,0.0,0.0,False,10.0,"['revenue_growth', 'operating_margin', 'pe', 'market_return', 'industry_relative', 'driver_return']"
MTRN,return,1,expanding,core_pe_difference,2025-08-31,2025-08-29,2025-09-30,0.0903429229768426,0.0307001531985162,0.017803601536349755,116,0.0,0.0,False,100.0,"['revenue_growth', 'operating_margin', 'pe_diff', 'market_return', 'industry_relative', 'driver_return']"
MTRN,return,1,expanding,core_pe_percentage,2025-08-31,2025-08-29,2025-09-30,0.0903429229768426,0.030898495793398255,0.017803601536349755,116,0.0,0.0,False,100.0,"['revenue_growth', 'operating_margin', 'pe_pct_change', 'market_return', 'industry_relative', 'driver_return']"
MTRN,return,1,expanding,core_pe_lag1,2025-08-31,2025-08-29,2025-09-30,0.0903429229768426,0.030324705269921315,0.017803601536349755,116,0.0,0.0,False,100.0,"['revenue_growth', 'operating_margin', 'pe_lag1', 'market_return', 'industry_relative', 'driver_return']"
MTRN,return,1,expanding,core_financial_changes,2025-08-31,2025-08-29,2025-09-30,0.0903429229768426,0.033396303477947274,0.017803601536349755,116,0.0,0.0,False,0.01,"['revenue_growth_diff', 'operating_margin_diff', 'earnings_yield_diff', 'market_return', 'industry_relative', 'driver_return']"
MTRN,return,1,expanding,distributed_all_lag1,2025-08-31,2025-08-29,2025-09-30,0.0903429229768426,0.010269747666270389,0.017803601536349755,116,0.0,0.0,False,10.0,"['revenue_growth', 'operating_margin', 'earnings_yield', 'market_return', 'industry_relative', 'driver_return', 'revenue_growth_lag1', 'operating_margin_lag1', 'earnings_yield_lag1', 'market_return_lag1', 'industry_relative_lag1', 'driver_return_lag1', 'market_return_lag1 missing', 'industry_relative_lag1 missing']"
MTRN,return,1,expanding,distributed_all_lag3,2025-08-31,2025-08-29,2025-09-30,0.0903429229768426,-0.040497089758898416,0.017803601536349755,116,0.0,0.0,False,0.01,"['revenue_growth', 'operating_margin', 'earnings_yield', 'market_return', 'industry_relative', 'driver_return', 'revenue_growth_lag1', 'operating_margin_lag1', 'earnings_yield_lag1', 'market_return_lag1', 'industry_relative_lag1', 'driver_return_lag1', 'revenue_growth_lag3', 'operating_margin_lag3', 'earnings_yield_lag3', 'market_return_lag3', 'industry_relative_lag3', 'driver_return_lag3', 'market_return_lag1 missing', 'industry_relative_lag1 missing']"
MTRN,return,1,expanding,core_pe_level,2025-09-30,2025-09-30,2025-10-31,-0.0511547427594404,0.01946745563473358,0.018423595736695848,117,0.0,0.0,False,10.0,"['revenue_growth', 'operating_margin', 'pe', 'market_return', 'industry_relative', 'driver_return']"
MTRN,return,1,expanding,core_pe_difference,2025-09-30,2025-09-30,2025-10-31,-0.0511547427594404,0.025758422996132457,0.018423595736695848,117,0.0,0.0,False,100.0,"['revenue_growth', 'operating_margin', 'pe_diff', 'market_return', 'industry_relative', 'driver_return']"
MTRN,return,1,expanding,core_pe_percentage,2025-09-30,2025-09-30,2025-10-31,-0.0511547427594404,0.028224398231208526,0.018423595736695848,117,0.0,0.0,False,100.0,"['revenue_growth', 'operating_margin', 'pe_pct_change', 'market_return', 'industry_relative', 'driver_return']"
MTRN,return,1,expanding,core_pe_lag1,2025-09-30,2025-09-30,2025-10-31,-0.0511547427594404,0.026452483845586537,0.018423595736695848,117,0.0,0.0,False,100.0,"['revenue_growth', 'operating_margin', 'pe_lag1', 'market_return', 'industry_relative', 'driver_return']"
MTRN,return,1,expanding,core_financial_changes,2025-09-30,2025-09-30,2025-10-31,-0.0511547427594404,0.03475348225391079,0.018423595736695848,117,0.0,0.0,False,0.01,"['revenue_growth_diff', 'operating_margin_diff', 'earnings_yield_diff', 'market_return', 'industry_relative', 'driver_return']"
MTRN,return,1,expanding,distributed_all_lag1,2025-09-30,2025-09-30,2025-10-31,-0.0511547427594404,-0.020817529193807794,0.018423595736695848,117,0.0,0.0,False,10.0,"['revenue_growth', 'operating_margin', 'earnings_yield', 'market_return', 'industry_relative', 'driver_return', 'revenue_growth_lag1', 'operating_margin_lag1', 'earnings_yield_lag1', 'market_return_lag1', 'industry_relative_lag1', 'driver_return_lag1', 'market_return_lag1 missing', 'industry_relative_lag1 missing']"
MTRN,return,1,expanding,distributed_all_lag3,2025-09-30,2025-09-30,2025-10-31,-0.0511547427594404,-0.06727877891980036,0.018423595736695848,117,0.0,0.0,False,0.01,"['revenue_growth', 'operating_margin', 'earnings_yield', 'market_return', 'industry_relative', 'driver_return', 'revenue_growth_lag1', 'operating_margin_lag1', 'earnings_yield_lag1', 'market_return_lag1', 'industry_relative_lag1', 'driver_return_lag1', 'revenue_growth_lag3', 'operating_margin_lag3', 'earnings_yield_lag3', 'market_return_lag3', 'industry_relative_lag3', 'driver_return_lag3', 'market_return_lag1 missing', 'industry_relative_lag1 missing']"
MTRN,return,1,expanding,core_pe_level,2025-10-31,2025-10-31,2025-11-30,0.0671993156521206,0.043509207288729985,0.017833948800287915,118,0.0,0.0,False,10.0,"['revenue_growth', 'operating_margin', 'pe', 'market_return', 'industry_relative', 'driver_return']"
MTRN,return,1,expanding,core_pe_difference,2025-10-31,2025-10-31,2025-11-30,0.0671993156521206,0.044473019586846976,0.017833948800287915,118,0.0,0.0,False,100.0,"['revenue_growth', 'operating_margin', 'pe_diff', 'market_return', 'industry_relative', 'driver_return']"
MTRN,return,1,expanding,core_pe_percentage,2025-10-31,2025-10-31,2025-11-30,0.0671993156521206,0.04427576685404719,0.017833948800287915,118,0.0,0.0,False,100.0,"['revenue_growth', 'operating_margin', 'pe_pct_change', 'market_return', 'industry_relative', 'driver_return']"
MTRN,return,1,expanding,core_pe_lag1,2025-10-31,2025-10-31,2025-11-30,0.0671993156521206,0.03538408304149433,0.017833948800287915,118,0.0,0.0,False,100.0,"['revenue_growth', 'operating_margin', 'pe_lag1', 'market_return', 'industry_relative', 'driver_return']"
MTRN,return,1,expanding,core_financial_changes,2025-10-31,2025-10-31,2025-11-30,0.0671993156521206,0.06421929495838913,0.017833948800287915,118,0.0,0.0,False,0.01,"['revenue_growth_diff', 'operating_margin_diff', 'earnings_yield_diff', 'market_return', 'industry_relative', 'driver_return']"
MTRN,return,1,expanding,distributed_all_lag1,2025-10-31,2025-10-31,2025-11-30,0.0671993156521206,0.07302510995475478,0.017833948800287915,118,0.0,0.0,False,10.0,"['revenue_growth', 'operating_margin', 'earnings_yield', 'market_return', 'industry_relative', 'driver_return', 'revenue_growth_lag1', 'operating_margin_lag1', 'earnings_yield_lag1', 'market_return_lag1', 'industry_relative_lag1', 'driver_return_lag1', 'market_return_lag1 missing', 'industry_relative_lag1 missing']"
MTRN,return,1,expanding,distributed_all_lag3,2025-10-31,2025-10-31,2025-11-30,0.0671993156521206,0.11885105541732041,0.017833948800287915,118,0.0,0.0,False,0.01,"['revenue_growth', 'operating_margin', 'earnings_yield', 'market_return', 'industry_relative', 'driver_return', 'revenue_growth_lag1', 'operating_margin_lag1', 'earnings_yield_lag1', 'market_return_lag1', 'industry_relative_lag1', 'driver_return_lag1', 'revenue_growth_lag3', 'operating_margin_lag3', 'earnings_yield_lag3', 'market_return_lag3', 'industry_relative_lag3', 'driver_return_lag3', 'market_return_lag1 missing', 'industry_relative_lag1 missing']"
MTRN,return,1,expanding,core_pe_level,2025-11-30,2025-11-28,2025-12-31,0.0174318613961121,-0.004446274882326729,0.01824878381584953,119,1.0,0.0,False,10.0,"['revenue_growth', 'operating_margin', 'pe', 'market_return', 'industry_relative', 'driver_return']"
MTRN,return,1,expanding,core_pe_difference,2025-11-30,2025-11-28,2025-12-31,0.0174318613961121,0.010666492612133874,0.01824878381584953,119,1.0,0.0,False,100.0,"['revenue_growth', 'operating_margin', 'pe_diff', 'market_return', 'industry_relative', 'driver_return']"
MTRN,return,1,expanding,core_pe_percentage,2025-11-30,2025-11-28,2025-12-31,0.0174318613961121,0.011902046581090793,0.01824878381584953,119,1.0,0.0,False,100.0,"['revenue_growth', 'operating_margin', 'pe_pct_change', 'market_return', 'industry_relative', 'driver_return']"
MTRN,return,1,expanding,core_pe_lag1,2025-11-30,2025-11-28,2025-12-31,0.0174318613961121,0.011180894904841488,0.01824878381584953,119,1.0,0.0,False,100.0,"['revenue_growth', 'operating_margin', 'pe_lag1', 'market_return', 'industry_relative', 'driver_return']"
MTRN,return,1,expanding,core_financial_changes,2025-11-30,2025-11-28,2025-12-31,0.0174318613961121,-0.003422312818768144,0.01824878381584953,119,1.0,0.0,False,0.01,"['revenue_growth_diff', 'operating_margin_diff', 'earnings_yield_diff', 'market_return', 'industry_relative', 'driver_return']"
MTRN,return,1,expanding,distributed_all_lag1,2025-11-30,2025-11-28,2025-12-31,0.0174318613961121,0.018412899832495735,0.01824878381584953,119,1.0,0.0,False,10.0,"['revenue_growth', 'operating_margin', 'earnings_yield', 'market_return', 'industry_relative', 'driver_return', 'revenue_growth_lag1', 'operating_margin_lag1', 'earnings_yield_lag1', 'market_return_lag1', 'industry_relative_lag1', 'driver_return_lag1', 'market_return_lag1 missing', 'industry_relative_lag1 missing']"
MTRN,return,1,expanding,distributed_all_lag3,2025-11-30,2025-11-28,2025-12-31,0.0174318613961121,0.02667363216220856,0.01824878381584953,119,1.0,0.0,False,0.01,"['revenue_growth', 'operating_margin', 'earnings_yield', 'market_return', 'industry_relative', 'driver_return', 'revenue_growth_lag1', 'operating_margin_lag1', 'earnings_yield_lag1', 'market_return_lag1', 'industry_relative_lag1', 'driver_return_lag1', 'revenue_growth_lag3', 'operating_margin_lag3', 'earnings_yield_lag3', 'market_return_lag3', 'industry_relative_lag3', 'driver_return_lag3', 'market_return_lag1 missing', 'industry_relative_lag1 missing']"
MTRN,return,1,expanding,core_pe_level,2025-12-31,2025-12-31,2026-01-31,0.1122908635573067,0.003336441427959448,0.01824197612901839,120,0.0,0.0,False,100.0,"['revenue_growth', 'operating_margin', 'pe', 'market_return', 'industry_relative', 'driver_return']"
MTRN,return,1,expanding,core_pe_difference,2025-12-31,2025-12-31,2026-01-31,0.1122908635573067,-0.001612381797821489,0.01824197612901839,120,0.0,0.0,False,0.01,"['revenue_growth', 'operating_margin', 'pe_diff', 'market_return', 'industry_relative', 'driver_return']"
MTRN,return,1,expanding,core_pe_percentage,2025-12-31,2025-12-31,2026-01-31,0.1122908635573067,0.0035754854843357813,0.01824197612901839,120,0.0,0.0,False,0.01,"['revenue_growth', 'operating_margin', 'pe_pct_change', 'market_return', 'industry_relative', 'driver_return']"
MTRN,return,1,expanding,core_pe_lag1,2025-12-31,2025-12-31,2026-01-31,0.1122908635573067,0.007813626638379253,0.01824197612901839,120,0.0,0.0,False,100.0,"['revenue_growth', 'operating_margin', 'pe_lag1', 'market_return', 'industry_relative', 'driver_return']"
MTRN,return,1,expanding,core_financial_changes,2025-12-31,2025-12-31,2026-01-31,0.1122908635573067,-0.002627481317457551,0.01824197612901839,120,0.0,0.0,False,0.01,"['revenue_growth_diff', 'operating_margin_diff', 'earnings_yield_diff', 'market_return', 'industry_relative', 'driver_return']"
MTRN,return,1,expanding,distributed_all_lag1,2025-12-31,2025-12-31,2026-01-31,0.1122908635573067,-0.011382086491141034,0.01824197612901839,120,0.0,0.0,False,100.0,"['revenue_growth', 'operating_margin', 'earnings_yield', 'market_return', 'industry_relative', 'driver_return', 'revenue_growth_lag1', 'operating_margin_lag1', 'earnings_yield_lag1', 'market_return_lag1', 'industry_relative_lag1', 'driver_return_lag1', 'market_return_lag1 missing', 'industry_relative_lag1 missing']"
MTRN,return,1,expanding,distributed_all_lag3,2025-12-31,2025-12-31,2026-01-31,0.1122908635573067,-0.02762530635068591,0.01824197612901839,120,0.0,0.0,False,10.0,"['revenue_growth', 'operating_margin', 'earnings_yield', 'market_return', 'industry_relative', 'driver_return', 'revenue_growth_lag1', 'operating_margin_lag1', 'earnings_yield_lag1', 'market_return_lag1', 'industry_relative_lag1', 'driver_return_lag1', 'revenue_growth_lag3', 'operating_margin_lag3', 'earnings_yield_lag3', 'market_return_lag3', 'industry_relative_lag3', 'driver_return_lag3', 'market_return_lag1 missing', 'industry_relative_lag1 missing']"
MTRN,return,1,expanding,core_pe_level,2026-01-31,2026-01-30,2026-02-28,0.1802808409680709,0.03733578636517439,0.019019239661483583,121,0.0,1.0,False,100.0,"['revenue_growth', 'operating_margin', 'pe', 'market_return', 'industry_relative', 'driver_return']"
MTRN,return,1,expanding,core_pe_difference,2026-01-31,2026-01-30,2026-02-28,0.1802808409680709,0.06286418368450608,0.019019239661483583,121,0.0,1.0,False,0.01,"['revenue_growth', 'operating_margin', 'pe_diff', 'market_return', 'industry_relative', 'driver_return']"
MTRN,return,1,expanding,core_pe_percentage,2026-01-31,2026-01-30,2026-02-28,0.1802808409680709,0.06821066967551687,0.019019239661483583,121,0.0,1.0,False,0.01,"['revenue_growth', 'operating_margin', 'pe_pct_change', 'market_return', 'industry_relative', 'driver_return']"
MTRN,return,1,expanding,core_pe_lag1,2026-01-31,2026-01-30,2026-02-28,0.1802808409680709,0.04286572026326951,0.019019239661483583,121,0.0,1.0,False,100.0,"['revenue_growth', 'operating_margin', 'pe_lag1', 'market_return', 'industry_relative', 'driver_return']"
MTRN,return,1,expanding,core_financial_changes,2026-01-31,2026-01-30,2026-02-28,0.1802808409680709,0.06581666057892223,0.019019239661483583,121,0.0,1.0,False,0.01,"['revenue_growth_diff', 'operating_margin_diff', 'earnings_yield_diff', 'market_return', 'industry_relative', 'driver_return']"
MTRN,return,1,expanding,distributed_all_lag1,2026-01-31,2026-01-30,2026-02-28,0.1802808409680709,0.04879518852828365,0.019019239661483583,121,0.0,1.0,False,100.0,"['revenue_growth', 'operating_margin', 'earnings_yield', 'market_return', 'industry_relative', 'driver_return', 'revenue_growth_lag1', 'operating_margin_lag1', 'earnings_yield_lag1', 'market_return_lag1', 'industry_relative_lag1', 'driver_return_lag1', 'market_return_lag1 missing', 'industry_relative_lag1 missing']"
MTRN,return,1,expanding,distributed_all_lag3,2026-01-31,2026-01-30,2026-02-28,0.1802808409680709,0.07719972364413408,0.019019239661483583,121,0.0,1.0,False,10.0,"['revenue_growth', 'operating_margin', 'earnings_yield', 'market_return', 'industry_relative', 'driver_return', 'revenue_growth_lag1', 'operating_margin_lag1', 'earnings_yield_lag1', 'market_return_lag1', 'industry_relative_lag1', 'driver_return_lag1', 'revenue_growth_lag3', 'operating_margin_lag3', 'earnings_yield_lag3', 'market_return_lag3', 'industry_relative_lag3', 'driver_return_lag3', 'market_return_lag1 missing', 'industry_relative_lag1 missing']"
MTRN,return,1,expanding,core_pe_level,2026-02-28,2026-02-27,2026-03-31,-0.112903233362444,0.024294993137528417,0.020341056065635937,122,0.0,1.0,False,100.0,"['revenue_growth', 'operating_margin', 'pe', 'market_return', 'industry_relative', 'driver_return']"
MTRN,return,1,expanding,core_pe_difference,2026-02-28,2026-02-27,2026-03-31,-0.112903233362444,0.04930640861624822,0.020341056065635937,122,0.0,1.0,False,0.01,"['revenue_growth', 'operating_margin', 'pe_diff', 'market_return', 'industry_relative', 'driver_return']"
MTRN,return,1,expanding,core_pe_percentage,2026-02-28,2026-02-27,2026-03-31,-0.112903233362444,0.05039152975814,0.020341056065635937,122,0.0,1.0,False,0.01,"['revenue_growth', 'operating_margin', 'pe_pct_change', 'market_return', 'industry_relative', 'driver_return']"
MTRN,return,1,expanding,core_pe_lag1,2026-02-28,2026-02-27,2026-03-31,-0.112903233362444,0.02623272270412425,0.020341056065635937,122,0.0,1.0,False,100.0,"['revenue_growth', 'operating_margin', 'pe_lag1', 'market_return', 'industry_relative', 'driver_return']"
MTRN,return,1,expanding,core_financial_changes,2026-02-28,2026-02-27,2026-03-31,-0.112903233362444,0.0787435525888037,0.020341056065635937,122,0.0,1.0,False,0.01,"['revenue_growth_diff', 'operating_margin_diff', 'earnings_yield_diff', 'market_return', 'industry_relative', 'driver_return']"
MTRN,return,1,expanding,distributed_all_lag1,2026-02-28,2026-02-27,2026-03-31,-0.112903233362444,0.0511356423448463,0.020341056065635937,122,0.0,1.0,False,100.0,"['revenue_growth', 'operating_margin', 'earnings_yield', 'market_return', 'industry_relative', 'driver_return', 'revenue_growth_lag1', 'operating_margin_lag1', 'earnings_yield_lag1', 'market_return_lag1', 'industry_relative_lag1', 'driver_return_lag1', 'market_return_lag1 missing', 'industry_relative_lag1 missing']"
MTRN,return,1,expanding,distributed_all_lag3,2026-02-28,2026-02-27,2026-03-31,-0.112903233362444,0.13768516797369346,0.020341056065635937,122,0.0,1.0,False,10.0,"['revenue_growth', 'operating_margin', 'earnings_yield', 'market_return', 'industry_relative', 'driver_return', 'revenue_growth_lag1', 'operating_margin_lag1', 'earnings_yield_lag1', 'market_return_lag1', 'industry_relative_lag1', 'driver_return_lag1', 'revenue_growth_lag3', 'operating_margin_lag3', 'earnings_yield_lag3', 'market_return_lag3', 'industry_relative_lag3', 'driver_return_lag3', 'market_return_lag1 missing', 'industry_relative_lag1 missing']"
MTRN,return,1,expanding,core_pe_level,2026-03-31,2026-03-31,2026-04-30,0.270722402537392,0.01763748438481778,0.01925776915971659,123,1.0,1.0,False,100.0,"['revenue_growth', 'operating_margin', 'pe', 'market_return', 'industry_relative', 'driver_return']"
MTRN,return,1,expanding,core_pe_difference,2026-03-31,2026-03-31,2026-04-30,0.270722402537392,0.022284336486885627,0.01925776915971659,123,1.0,1.0,False,0.01,"['revenue_growth', 'operating_margin', 'pe_diff', 'market_return', 'industry_relative', 'driver_return']"
MTRN,return,1,expanding,core_pe_percentage,2026-03-31,2026-03-31,2026-04-30,0.270722402537392,0.021590046698323616,0.01925776915971659,123,1.0,1.0,False,0.01,"['revenue_growth', 'operating_margin', 'pe_pct_change', 'market_return', 'industry_relative', 'driver_return']"
MTRN,return,1,expanding,core_pe_lag1,2026-03-31,2026-03-31,2026-04-30,0.270722402537392,0.017650223508894565,0.01925776915971659,123,1.0,1.0,False,100.0,"['revenue_growth', 'operating_margin', 'pe_lag1', 'market_return', 'industry_relative', 'driver_return']"
MTRN,return,1,expanding,core_financial_changes,2026-03-31,2026-03-31,2026-04-30,0.270722402537392,0.031027356786802775,0.01925776915971659,123,1.0,1.0,False,0.01,"['revenue_growth_diff', 'operating_margin_diff', 'earnings_yield_diff', 'market_return', 'industry_relative', 'driver_return']"
MTRN,return,1,expanding,distributed_all_lag1,2026-03-31,2026-03-31,2026-04-30,0.270722402537392,0.007084693240782921,0.01925776915971659,123,1.0,1.0,False,100.0,"['revenue_growth', 'operating_margin', 'earnings_yield', 'market_return', 'industry_relative', 'driver_return', 'revenue_growth_lag1', 'operating_margin_lag1', 'earnings_yield_lag1', 'market_return_lag1', 'industry_relative_lag1', 'driver_return_lag1', 'market_return_lag1 missing', 'industry_relative_lag1 missing']"
MTRN,return,1,expanding,distributed_all_lag3,2026-03-31,2026-03-31,2026-04-30,0.270722402537392,0.05035086715209358,0.01925776915971659,123,1.0,1.0,False,10.0,"['revenue_growth', 'operating_margin', 'earnings_yield', 'market_return', 'industry_relative', 'driver_return', 'revenue_growth_lag1', 'operating_margin_lag1', 'earnings_yield_lag1', 'market_return_lag1', 'industry_relative_lag1', 'driver_return_lag1', 'revenue_growth_lag3', 'operating_margin_lag3', 'earnings_yield_lag3', 'market_return_lag3', 'industry_relative_lag3', 'driver_return_lag3', 'market_return_lag1 missing', 'industry_relative_lag1 missing']"
MTRN,return,1,expanding,core_pe_level,2026-04-30,2026-04-30,2026-05-31,0.1978879556938153,0.03342577725337282,0.021285709751472037,124,0.0,1.0,False,100.0,"['revenue_growth', 'operating_margin', 'pe', 'market_return', 'industry_relative', 'driver_return']"
MTRN,return,1,expanding,core_pe_difference,2026-04-30,2026-04-30,2026-05-31,0.1978879556938153,0.04206444514686278,0.021285709751472037,124,0.0,1.0,False,0.01,"['revenue_growth', 'operating_margin', 'pe_diff', 'market_return', 'industry_relative', 'driver_return']"
MTRN,return,1,expanding,core_pe_percentage,2026-04-30,2026-04-30,2026-05-31,0.1978879556938153,0.0390374674636314,0.021285709751472037,124,0.0,1.0,False,0.01,"['revenue_growth', 'operating_margin', 'pe_pct_change', 'market_return', 'industry_relative', 'driver_return']"
MTRN,return,1,expanding,core_pe_lag1,2026-04-30,2026-04-30,2026-05-31,0.1978879556938153,0.0335780101754391,0.021285709751472037,124,0.0,1.0,False,100.0,"['revenue_growth', 'operating_margin', 'pe_lag1', 'market_return', 'industry_relative', 'driver_return']"
MTRN,return,1,expanding,core_financial_changes,2026-04-30,2026-04-30,2026-05-31,0.1978879556938153,0.10626931447973456,0.021285709751472037,124,0.0,1.0,False,0.01,"['revenue_growth_diff', 'operating_margin_diff', 'earnings_yield_diff', 'market_return', 'industry_relative', 'driver_return']"
MTRN,return,1,expanding,distributed_all_lag1,2026-04-30,2026-04-30,2026-05-31,0.1978879556938153,0.029517568057032526,0.021285709751472037,124,0.0,1.0,False,100.0,"['revenue_growth', 'operating_margin', 'earnings_yield', 'market_return', 'industry_relative', 'driver_return', 'revenue_growth_lag1', 'operating_margin_lag1', 'earnings_yield_lag1', 'market_return_lag1', 'industry_relative_lag1', 'driver_return_lag1', 'market_return_lag1 missing', 'industry_relative_lag1 missing']"
MTRN,return,1,expanding,distributed_all_lag3,2026-04-30,2026-04-30,2026-05-31,0.1978879556938153,0.09214147029751439,0.021285709751472037,124,0.0,1.0,False,10.0,"['revenue_growth', 'operating_margin', 'earnings_yield', 'market_return', 'industry_relative', 'driver_return', 'revenue_growth_lag1', 'operating_margin_lag1', 'earnings_yield_lag1', 'market_return_lag1', 'industry_relative_lag1', 'driver_return_lag1', 'revenue_growth_lag3', 'operating_margin_lag3', 'earnings_yield_lag3', 'market_return_lag3', 'industry_relative_lag3', 'driver_return_lag3', 'market_return_lag1 missing', 'industry_relative_lag1 missing']"
MTRN,return,1,expanding,core_pe_level,2026-05-31,2026-05-29,2026-06-30,0.3515271356244873,0.048732021962685744,0.022698527719010785,125,0.0,1.0,False,100.0,"['revenue_growth', 'operating_margin', 'pe', 'market_return', 'industry_relative', 'driver_return']"
MTRN,return,1,expanding,core_pe_difference,2026-05-31,2026-05-29,2026-06-30,0.3515271356244873,0.07307464949196898,0.022698527719010785,125,0.0,1.0,False,0.01,"['revenue_growth', 'operating_margin', 'pe_diff', 'market_return', 'industry_relative', 'driver_return']"
MTRN,return,1,expanding,core_pe_percentage,2026-05-31,2026-05-29,2026-06-30,0.3515271356244873,0.07006255079363063,0.022698527719010785,125,0.0,1.0,False,0.01,"['revenue_growth', 'operating_margin', 'pe_pct_change', 'market_return', 'industry_relative', 'driver_return']"
MTRN,return,1,expanding,core_pe_lag1,2026-05-31,2026-05-29,2026-06-30,0.3515271356244873,0.04909703100045838,0.022698527719010785,125,0.0,1.0,False,100.0,"['revenue_growth', 'operating_margin', 'pe_lag1', 'market_return', 'industry_relative', 'driver_return']"
MTRN,return,1,expanding,core_financial_changes,2026-05-31,2026-05-29,2026-06-30,0.3515271356244873,0.0704889225183908,0.022698527719010785,125,0.0,1.0,False,0.01,"['revenue_growth_diff', 'operating_margin_diff', 'earnings_yield_diff', 'market_return', 'industry_relative', 'driver_return']"
MTRN,return,1,expanding,distributed_all_lag1,2026-05-31,2026-05-29,2026-06-30,0.3515271356244873,0.04254442737439451,0.022698527719010785,125,0.0,1.0,False,100.0,"['revenue_growth', 'operating_margin', 'earnings_yield', 'market_return', 'industry_relative', 'driver_return', 'revenue_growth_lag1', 'operating_margin_lag1', 'earnings_yield_lag1', 'market_return_lag1', 'industry_relative_lag1', 'driver_return_lag1', 'market_return_lag1 missing', 'industry_relative_lag1 missing']"
MTRN,return,1,expanding,distributed_all_lag3,2026-05-31,2026-05-29,2026-06-30,0.3515271356244873,0.07729129351010867,0.022698527719010785,125,0.0,1.0,False,10.0,"['revenue_growth', 'operating_margin', 'earnings_yield', 'market_return', 'industry_relative', 'driver_return', 'revenue_growth_lag1', 'operating_margin_lag1', 'earnings_yield_lag1', 'market_return_lag1', 'industry_relative_lag1', 'driver_return_lag1', 'revenue_growth_lag3', 'operating_margin_lag3', 'earnings_yield_lag3', 'market_return_lag3', 'industry_relative_lag3', 'driver_return_lag3', 'market_return_lag1 missing', 'industry_relative_lag1 missing']"
MTRN,return,1,expanding,core_pe_level,2026-06-30,2026-06-30,2026-07-31,-0.2910320179022446,0.0764562774336984,0.025308278575403454,126,1.0,1.0,False,100.0,"['revenue_growth', 'operating_margin', 'pe', 'market_return', 'industry_relative', 'driver_return']"
MTRN,return,1,expanding,core_pe_difference,2026-06-30,2026-06-30,2026-07-31,-0.2910320179022446,0.1393932543932091,0.025308278575403454,126,1.0,1.0,False,0.01,"['revenue_growth', 'operating_margin', 'pe_diff', 'market_return', 'industry_relative', 'driver_return']"
MTRN,return,1,expanding,core_pe_percentage,2026-06-30,2026-06-30,2026-07-31,-0.2910320179022446,0.12518783059014052,0.025308278575403454,126,1.0,1.0,False,0.01,"['revenue_growth', 'operating_margin', 'pe_pct_change', 'market_return', 'industry_relative', 'driver_return']"
MTRN,return,1,expanding,core_pe_lag1,2026-06-30,2026-06-30,2026-07-31,-0.2910320179022446,0.07758205218549716,0.025308278575403454,126,1.0,1.0,False,100.0,"['revenue_growth', 'operating_margin', 'pe_lag1', 'market_return', 'industry_relative', 'driver_return']"
MTRN,return,1,expanding,core_financial_changes,2026-06-30,2026-06-30,2026-07-31,-0.2910320179022446,0.11077567611531368,0.025308278575403454,126,1.0,1.0,False,0.01,"['revenue_growth_diff', 'operating_margin_diff', 'earnings_yield_diff', 'market_return', 'industry_relative', 'driver_return']"
MTRN,return,1,expanding,distributed_all_lag1,2026-06-30,2026-06-30,2026-07-31,-0.2910320179022446,0.09906625810749045,0.025308278575403454,126,1.0,1.0,False,100.0,"['revenue_growth', 'operating_margin', 'earnings_yield', 'market_return', 'industry_relative', 'driver_return', 'revenue_growth_lag1', 'operating_margin_lag1', 'earnings_yield_lag1', 'market_return_lag1', 'industry_relative_lag1', 'driver_return_lag1', 'market_return_lag1 missing', 'industry_relative_lag1 missing']"
MTRN,return,1,expanding,distributed_all_lag3,2026-06-30,2026-06-30,2026-07-31,-0.2910320179022446,0.1830095115713107,0.025308278575403454,126,1.0,1.0,False,10.0,"['revenue_growth', 'operating_margin', 'earnings_yield', 'market_return', 'industry_relative', 'driver_return', 'revenue_growth_lag1', 'operating_margin_lag1', 'earnings_yield_lag1', 'market_return_lag1', 'industry_relative_lag1', 'driver_return_lag1', 'revenue_growth_lag3', 'operating_margin_lag3', 'earnings_yield_lag3', 'market_return_lag3', 'industry_relative_lag3', 'driver_return_lag3', 'market_return_lag1 missing', 'industry_relative_lag1 missing']"
MTRN,return,1,expanding,core_pe_level,2026-07-31,2026-07-31,2026-08-31,0.1203741064083705,-0.01002089448874997,0.0228174100992015,127,0.0,1.0,False,100.0,"['revenue_growth', 'operating_margin', 'pe', 'market_return', 'industry_relative', 'driver_return']"
MTRN,return,1,expanding,core_pe_difference,2026-07-31,2026-07-31,2026-08-31,0.1203741064083705,-0.04453829126906993,0.0228174100992015,127,0.0,1.0,False,0.01,"['revenue_growth', 'operating_margin', 'pe_diff', 'market_return', 'industry_relative', 'driver_return']"
MTRN,return,1,expanding,core_pe_percentage,2026-07-31,2026-07-31,2026-08-31,0.1203741064083705,-0.033230000654945746,0.0228174100992015,127,0.0,1.0,False,0.01,"['revenue_growth', 'operating_margin', 'pe_pct_change', 'market_return', 'industry_relative', 'driver_return']"
MTRN,return,1,expanding,core_pe_lag1,2026-07-31,2026-07-31,2026-08-31,0.1203741064083705,-0.010077924476822476,0.0228174100992015,127,0.0,1.0,False,100.0,"['revenue_growth', 'operating_margin', 'pe_lag1', 'market_return', 'industry_relative', 'driver_return']"
MTRN,return,1,expanding,core_financial_changes,2026-07-31,2026-07-31,2026-08-31,0.1203741064083705,-0.018874116462305326,0.0228174100992015,127,0.0,1.0,False,0.01,"['revenue_growth_diff', 'operating_margin_diff', 'earnings_yield_diff', 'market_return', 'industry_relative', 'driver_return']"
MTRN,return,1,expanding,distributed_all_lag1,2026-07-31,2026-07-31,2026-08-31,0.1203741064083705,-0.01056576658495657,0.0228174100992015,127,0.0,1.0,False,100.0,"['revenue_growth', 'operating_margin', 'earnings_yield', 'market_return', 'industry_relative', 'driver_return', 'revenue_growth_lag1', 'operating_margin_lag1', 'earnings_yield_lag1', 'market_return_lag1', 'industry_relative_lag1', 'driver_return_lag1', 'market_return_lag1 missing', 'industry_relative_lag1 missing']"
MTRN,return,1,expanding,distributed_all_lag3,2026-07-31,2026-07-31,2026-08-31,0.1203741064083705,-0.059658275504492486,0.0228174100992015,127,0.0,1.0,False,10.0,"['revenue_growth', 'operating_margin', 'earnings_yield', 'market_return', 'industry_relative', 'driver_return', 'revenue_growth_lag1', 'operating_margin_lag1', 'earnings_yield_lag1', 'market_return_lag1', 'industry_relative_lag1', 'driver_return_lag1', 'revenue_growth_lag3', 'operating_margin_lag3', 'earnings_yield_lag3', 'market_return_lag3', 'industry_relative_lag3', 'driver_return_lag3', 'market_return_lag1 missing', 'industry_relative_lag1 missing']"
ENTG,return,1,expanding,core_pe_level,2022-12-31,2022-12-30,2023-01-31,0.2321163328202691,0.04424699267036816,0.024227343552224563,84,1.0,1.0,False,100.0,"['revenue_growth', 'operating_margin', 'pe', 'market_return', 'industry_relative', 'driver_return']"
ENTG,return,1,expanding,core_pe_difference,2022-12-31,2022-12-30,2023-01-31,0.2321163328202691,0.08597631366310117,0.024227343552224563,84,1.0,1.0,False,10.0,"['revenue_growth', 'operating_margin', 'pe_diff', 'market_return', 'industry_relative', 'driver_return']"
ENTG,return,1,expanding,core_pe_percentage,2022-12-31,2022-12-30,2023-01-31,0.2321163328202691,0.10517933587823439,0.024227343552224563,84,1.0,1.0,False,0.01,"['revenue_growth', 'operating_margin', 'pe_pct_change', 'market_return', 'industry_relative', 'driver_return']"
ENTG,return,1,expanding,core_pe_lag1,2022-12-31,2022-12-30,2023-01-31,0.2321163328202691,0.043662187061465574,0.024227343552224563,84,1.0,1.0,False,100.0,"['revenue_growth', 'operating_margin', 'pe_lag1', 'market_return', 'industry_relative', 'driver_return']"
ENTG,return,1,expanding,core_financial_changes,2022-12-31,2022-12-30,2023-01-31,0.2321163328202691,0.0705687475238557,0.024227343552224563,84,1.0,1.0,False,10.0,"['revenue_growth_diff', 'operating_margin_diff', 'earnings_yield_diff', 'market_return', 'industry_relative', 'driver_return']"
ENTG,return,1,expanding,distributed_all_lag1,2022-12-31,2022-12-30,2023-01-31,0.2321163328202691,0.06435063422516304,0.024227343552224563,84,1.0,1.0,False,100.0,"['revenue_growth', 'operating_margin', 'earnings_yield', 'market_return', 'industry_relative', 'driver_return', 'revenue_growth_lag1', 'operating_margin_lag1', 'earnings_yield_lag1', 'market_return_lag1', 'industry_relative_lag1', 'driver_return_lag1', 'market_return_lag1 missing', 'industry_relative_lag1 missing']"
ENTG,return,1,expanding,distributed_all_lag3,2022-12-31,2022-12-30,2023-01-31,0.2321163328202691,0.050834541779848225,0.024227343552224563,84,1.0,1.0,False,100.0,"['revenue_growth', 'operating_margin', 'earnings_yield', 'market_return', 'industry_relative', 'driver_return', 'revenue_growth_lag1', 'operating_margin_lag1', 'earnings_yield_lag1', 'market_return_lag1', 'industry_relative_lag1', 'driver_return_lag1', 'revenue_growth_lag3', 'operating_margin_lag3', 'earnings_yield_lag3', 'market_return_lag3', 'industry_relative_lag3', 'driver_return_lag3', 'market_return_lag1 missing', 'industry_relative_lag1 missing']"
ENTG,return,1,expanding,core_pe_level,2023-01-31,2023-01-31,2023-02-28,0.0560032484925274,0.003867723159346064,0.026673096367142733,85,1.0,0.0,False,100.0,"['revenue_growth', 'operating_margin', 'pe', 'market_return', 'industry_relative', 'driver_return']"
ENTG,return,1,expanding,core_pe_difference,2023-01-31,2023-01-31,2023-02-28,0.0560032484925274,0.011170363628806619,0.026673096367142733,85,1.0,0.0,False,10.0,"['revenue_growth', 'operating_margin', 'pe_diff', 'market_return', 'industry_relative', 'driver_return']"
ENTG,return,1,expanding,core_pe_percentage,2023-01-31,2023-01-31,2023-02-28,0.0560032484925274,0.03620088824750866,0.026673096367142733,85,1.0,0.0,False,0.01,"['revenue_growth', 'operating_margin', 'pe_pct_change', 'market_return', 'industry_relative', 'driver_return']"
ENTG,return,1,expanding,core_pe_lag1,2023-01-31,2023-01-31,2023-02-28,0.0560032484925274,0.0045944638726812224,0.026673096367142733,85,1.0,0.0,False,100.0,"['revenue_growth', 'operating_margin', 'pe_lag1', 'market_return', 'industry_relative', 'driver_return']"
ENTG,return,1,expanding,core_financial_changes,2023-01-31,2023-01-31,2023-02-28,0.0560032484925274,0.0020569976182096446,0.026673096367142733,85,1.0,0.0,False,10.0,"['revenue_growth_diff', 'operating_margin_diff', 'earnings_yield_diff', 'market_return', 'industry_relative', 'driver_return']"
ENTG,return,1,expanding,distributed_all_lag1,2023-01-31,2023-01-31,2023-02-28,0.0560032484925274,-0.0068874022103311075,0.026673096367142733,85,1.0,0.0,False,100.0,"['revenue_growth', 'operating_margin', 'earnings_yield', 'market_return', 'industry_relative', 'driver_return', 'revenue_growth_lag1', 'operating_margin_lag1', 'earnings_yield_lag1', 'market_return_lag1', 'industry_relative_lag1', 'driver_return_lag1', 'market_return_lag1 missing', 'industry_relative_lag1 missing']"
ENTG,return,1,expanding,distributed_all_lag3,2023-01-31,2023-01-31,2023-02-28,0.0560032484925274,-0.0066716604955174424,0.026673096367142733,85,1.0,0.0,False,100.0,"['revenue_growth', 'operating_margin', 'earnings_yield', 'market_return', 'industry_relative', 'driver_return', 'revenue_growth_lag1', 'operating_margin_lag1', 'earnings_yield_lag1', 'market_return_lag1', 'industry_relative_lag1', 'driver_return_lag1', 'revenue_growth_lag3', 'operating_margin_lag3', 'earnings_yield_lag3', 'market_return_lag3', 'industry_relative_lag3', 'driver_return_lag3', 'market_return_lag1 missing', 'industry_relative_lag1 missing']"
ENTG,return,1,expanding,core_pe_level,2023-02-28,2023-02-28,2023-03-31,-0.0377802586219574,0.024833880930318596,0.027014144647670463,86,0.0,1.0,False,100.0,"['revenue_growth', 'operating_margin', 'pe', 'market_return', 'industry_relative', 'driver_return']"
ENTG,return,1,expanding,core_pe_difference,2023-02-28,2023-02-28,2023-03-31,-0.0377802586219574,0.011565502870896888,0.027014144647670463,86,0.0,1.0,False,10.0,"['revenue_growth', 'operating_margin', 'pe_diff', 'market_return', 'industry_relative', 'driver_return']"
ENTG,return,1,expanding,core_pe_percentage,2023-02-28,2023-02-28,2023-03-31,-0.0377802586219574,0.030287943503024356,0.027014144647670463,86,0.0,1.0,False,0.01,"['revenue_growth', 'operating_margin', 'pe_pct_change', 'market_return', 'industry_relative', 'driver_return']"
ENTG,return,1,expanding,core_pe_lag1,2023-02-28,2023-02-28,2023-03-31,-0.0377802586219574,0.0329013186793163,0.027014144647670463,86,0.0,1.0,False,100.0,"['revenue_growth', 'operating_margin', 'pe_lag1', 'market_return', 'industry_relative', 'driver_return']"
ENTG,return,1,expanding,core_financial_changes,2023-02-28,2023-02-28,2023-03-31,-0.0377802586219574,-0.035473696679204136,0.027014144647670463,86,0.0,1.0,False,10.0,"['revenue_growth_diff', 'operating_margin_diff', 'earnings_yield_diff', 'market_return', 'industry_relative', 'driver_return']"
ENTG,return,1,expanding,distributed_all_lag1,2023-02-28,2023-02-28,2023-03-31,-0.0377802586219574,0.04810032961588836,0.027014144647670463,86,0.0,1.0,False,100.0,"['revenue_growth', 'operating_margin', 'earnings_yield', 'market_return', 'industry_relative', 'driver_return', 'revenue_growth_lag1', 'operating_margin_lag1', 'earnings_yield_lag1', 'market_return_lag1', 'industry_relative_lag1', 'driver_return_lag1', 'market_return_lag1 missing', 'industry_relative_lag1 missing']"
ENTG,return,1,expanding,distributed_all_lag3,2023-02-28,2023-02-28,2023-03-31,-0.0377802586219574,0.052753149815428085,0.027014144647670463,86,0.0,1.0,False,100.0,"['revenue_growth', 'operating_margin', 'earnings_yield', 'market_return', 'industry_relative', 'driver_return', 'revenue_growth_lag1', 'operating_margin_lag1', 'earnings_yield_lag1', 'market_return_lag1', 'industry_relative_lag1', 'driver_return_lag1', 'revenue_growth_lag3', 'operating_margin_lag3', 'earnings_yield_lag3', 'market_return_lag3', 'industry_relative_lag3', 'driver_return_lag3', 'market_return_lag1 missing', 'industry_relative_lag1 missing']"
ENTG,return,1,expanding,core_pe_level,2023-03-31,2023-03-31,2023-04-30,-0.0864528438562034,0.016565377758120732,0.026269381391697728,87,1.0,0.0,False,100.0,"['revenue_growth', 'operating_margin', 'pe', 'market_return', 'industry_relative', 'driver_return']"
ENTG,return,1,expanding,core_pe_difference,2023-03-31,2023-03-31,2023-04-30,-0.0864528438562034,0.0662472651800008,0.026269381391697728,87,1.0,0.0,False,10.0,"['revenue_growth', 'operating_margin', 'pe_diff', 'market_return', 'industry_relative', 'driver_return']"
ENTG,return,1,expanding,core_pe_percentage,2023-03-31,2023-03-31,2023-04-30,-0.0864528438562034,0.07980744702675847,0.026269381391697728,87,1.0,0.0,False,0.01,"['revenue_growth', 'operating_margin', 'pe_pct_change', 'market_return', 'industry_relative', 'driver_return']"
ENTG,return,1,expanding,core_pe_lag1,2023-03-31,2023-03-31,2023-04-30,-0.0864528438562034,0.02585605949231444,0.026269381391697728,87,1.0,0.0,False,100.0,"['revenue_growth', 'operating_margin', 'pe_lag1', 'market_return', 'industry_relative', 'driver_return']"
ENTG,return,1,expanding,core_financial_changes,2023-03-31,2023-03-31,2023-04-30,-0.0864528438562034,0.03706292714995331,0.026269381391697728,87,1.0,0.0,False,10.0,"['revenue_growth_diff', 'operating_margin_diff', 'earnings_yield_diff', 'market_return', 'industry_relative', 'driver_return']"
ENTG,return,1,expanding,distributed_all_lag1,2023-03-31,2023-03-31,2023-04-30,-0.0864528438562034,0.040235552891978374,0.026269381391697728,87,1.0,0.0,False,100.0,"['revenue_growth', 'operating_margin', 'earnings_yield', 'market_return', 'industry_relative', 'driver_return', 'revenue_growth_lag1', 'operating_margin_lag1', 'earnings_yield_lag1', 'market_return_lag1', 'industry_relative_lag1', 'driver_return_lag1', 'market_return_lag1 missing', 'industry_relative_lag1 missing']"
ENTG,return,1,expanding,distributed_all_lag3,2023-03-31,2023-03-31,2023-04-30,-0.0864528438562034,0.03729145153175721,0.026269381391697728,87,1.0,0.0,False,100.0,"['revenue_growth', 'operating_margin', 'earnings_yield', 'market_return', 'industry_relative', 'driver_return', 'revenue_growth_lag1', 'operating_margin_lag1', 'earnings_yield_lag1', 'market_return_lag1', 'industry_relative_lag1', 'driver_return_lag1', 'revenue_growth_lag3', 'operating_margin_lag3', 'earnings_yield_lag3', 'market_return_lag3', 'industry_relative_lag3', 'driver_return_lag3', 'market_return_lag1 missing', 'industry_relative_lag1 missing']"
ENTG,return,1,expanding,core_pe_level,2023-04-30,2023-04-28,2023-05-31,0.4067098253624202,0.034865335660443406,0.024988447013880675,88,0.0,0.0,False,100.0,"['revenue_growth', 'operating_margin', 'pe', 'market_return', 'industry_relative', 'driver_return']"
ENTG,return,1,expanding,core_pe_difference,2023-04-30,2023-04-28,2023-05-31,0.4067098253624202,0.08484212180831452,0.024988447013880675,88,0.0,0.0,False,10.0,"['revenue_growth', 'operating_margin', 'pe_diff', 'market_return', 'industry_relative', 'driver_return']"
ENTG,return,1,expanding,core_pe_percentage,2023-04-30,2023-04-28,2023-05-31,0.4067098253624202,0.0937279012748716,0.024988447013880675,88,0.0,0.0,False,0.01,"['revenue_growth', 'operating_margin', 'pe_pct_change', 'market_return', 'industry_relative', 'driver_return']"
ENTG,return,1,expanding,core_pe_lag1,2023-04-30,2023-04-28,2023-05-31,0.4067098253624202,0.04104322559616923,0.024988447013880675,88,0.0,0.0,False,100.0,"['revenue_growth', 'operating_margin', 'pe_lag1', 'market_return', 'industry_relative', 'driver_return']"
ENTG,return,1,expanding,core_financial_changes,2023-04-30,2023-04-28,2023-05-31,0.4067098253624202,0.03665877408360349,0.024988447013880675,88,0.0,0.0,False,10.0,"['revenue_growth_diff', 'operating_margin_diff', 'earnings_yield_diff', 'market_return', 'industry_relative', 'driver_return']"
ENTG,return,1,expanding,distributed_all_lag1,2023-04-30,2023-04-28,2023-05-31,0.4067098253624202,0.04077996467644896,0.024988447013880675,88,0.0,0.0,False,100.0,"['revenue_growth', 'operating_margin', 'earnings_yield', 'market_return', 'industry_relative', 'driver_return', 'revenue_growth_lag1', 'operating_margin_lag1', 'earnings_yield_lag1', 'market_return_lag1', 'industry_relative_lag1', 'driver_return_lag1', 'market_return_lag1 missing', 'industry_relative_lag1 missing']"
ENTG,return,1,expanding,distributed_all_lag3,2023-04-30,2023-04-28,2023-05-31,0.4067098253624202,0.01687041166812943,0.024988447013880675,88,0.0,0.0,False,100.0,"['revenue_growth', 'operating_margin', 'earnings_yield', 'market_return', 'industry_relative', 'driver_return', 'revenue_growth_lag1', 'operating_margin_lag1', 'earnings_yield_lag1', 'market_return_lag1', 'industry_relative_lag1', 'driver_return_lag1', 'revenue_growth_lag3', 'operating_margin_lag3', 'earnings_yield_lag3', 'market_return_lag3', 'industry_relative_lag3', 'driver_return_lag3', 'market_return_lag1 missing', 'industry_relative_lag1 missing']"
ENTG,return,1,expanding,core_pe_level,2023-05-31,2023-05-31,2023-06-30,0.0529214231337189,0.016022450739564834,0.029277451264987858,89,0.0,0.0,False,100.0,"['revenue_growth', 'operating_margin', 'pe', 'market_return', 'industry_relative', 'driver_return']"
ENTG,return,1,expanding,core_pe_difference,2023-05-31,2023-05-31,2023-06-30,0.0529214231337189,0.03619017168851866,0.029277451264987858,89,0.0,0.0,False,10.0,"['revenue_growth', 'operating_margin', 'pe_diff', 'market_return', 'industry_relative', 'driver_return']"
ENTG,return,1,expanding,core_pe_percentage,2023-05-31,2023-05-31,2023-06-30,0.0529214231337189,0.04668103760950189,0.029277451264987858,89,0.0,0.0,False,0.01,"['revenue_growth', 'operating_margin', 'pe_pct_change', 'market_return', 'industry_relative', 'driver_return']"
ENTG,return,1,expanding,core_pe_lag1,2023-05-31,2023-05-31,2023-06-30,0.0529214231337189,0.01815538630426336,0.029277451264987858,89,0.0,0.0,False,100.0,"['revenue_growth', 'operating_margin', 'pe_lag1', 'market_return', 'industry_relative', 'driver_return']"
ENTG,return,1,expanding,core_financial_changes,2023-05-31,2023-05-31,2023-06-30,0.0529214231337189,-0.10953333852129866,0.029277451264987858,89,0.0,0.0,False,10.0,"['revenue_growth_diff', 'operating_margin_diff', 'earnings_yield_diff', 'market_return', 'industry_relative', 'driver_return']"
ENTG,return,1,expanding,distributed_all_lag1,2023-05-31,2023-05-31,2023-06-30,0.0529214231337189,0.01147783437680885,0.029277451264987858,89,0.0,0.0,False,100.0,"['revenue_growth', 'operating_margin', 'earnings_yield', 'market_return', 'industry_relative', 'driver_return', 'revenue_growth_lag1', 'operating_margin_lag1', 'earnings_yield_lag1', 'market_return_lag1', 'industry_relative_lag1', 'driver_return_lag1', 'market_return_lag1 missing', 'industry_relative_lag1 missing']"
ENTG,return,1,expanding,distributed_all_lag3,2023-05-31,2023-05-31,2023-06-30,0.0529214231337189,0.009025537439117638,0.029277451264987858,89,0.0,0.0,False,100.0,"['revenue_growth', 'operating_margin', 'earnings_yield', 'market_return', 'industry_relative', 'driver_return', 'revenue_growth_lag1', 'operating_margin_lag1', 'earnings_yield_lag1', 'market_return_lag1', 'industry_relative_lag1', 'driver_return_lag1', 'revenue_growth_lag3', 'operating_margin_lag3', 'earnings_yield_lag3', 'market_return_lag3', 'industry_relative_lag3', 'driver_return_lag3', 'market_return_lag1 missing', 'industry_relative_lag1 missing']"
ENTG,return,1,expanding,core_pe_level,2023-06-30,2023-06-30,2023-07-31,-0.0100163014906055,0.04382741797813613,0.029540162063529312,90,0.0,1.0,False,100.0,"['revenue_growth', 'operating_margin', 'pe', 'market_return', 'industry_relative', 'driver_return', 'pe missing']"
ENTG,return,1,expanding,core_pe_difference,2023-06-30,2023-06-30,2023-07-31,-0.0100163014906055,0.08751411202365975,0.029540162063529312,90,0.0,1.0,False,10.0,"['revenue_growth', 'operating_margin', 'pe_diff', 'market_return', 'industry_relative', 'driver_return', 'pe_diff missing']"
ENTG,return,1,expanding,core_pe_percentage,2023-06-30,2023-06-30,2023-07-31,-0.0100163014906055,0.11639296723911301,0.029540162063529312,90,0.0,1.0,False,0.01,"['revenue_growth', 'operating_margin', 'pe_pct_change', 'market_return', 'industry_relative', 'driver_return', 'pe_pct_change missing']"
ENTG,return,1,expanding,core_pe_lag1,2023-06-30,2023-06-30,2023-07-31,-0.0100163014906055,0.04043613222618789,0.029540162063529312,90,0.0,1.0,False,100.0,"['revenue_growth', 'operating_margin', 'pe_lag1', 'market_return', 'industry_relative', 'driver_return']"
ENTG,return,1,expanding,core_financial_changes,2023-06-30,2023-06-30,2023-07-31,-0.0100163014906055,0.014974442281878463,0.029540162063529312,90,0.0,1.0,False,10.0,"['revenue_growth_diff', 'operating_margin_diff', 'earnings_yield_diff', 'market_return', 'industry_relative', 'driver_return']"
ENTG,return,1,expanding,distributed_all_lag1,2023-06-30,2023-06-30,2023-07-31,-0.0100163014906055,0.07292224646565787,0.029540162063529312,90,0.0,1.0,False,100.0,"['revenue_growth', 'operating_margin', 'earnings_yield', 'market_return', 'industry_relative', 'driver_return', 'revenue_growth_lag1', 'operating_margin_lag1', 'earnings_yield_lag1', 'market_return_lag1', 'industry_relative_lag1', 'driver_return_lag1', 'market_return_lag1 missing', 'industry_relative_lag1 missing']"
ENTG,return,1,expanding,distributed_all_lag3,2023-06-30,2023-06-30,2023-07-31,-0.0100163014906055,0.07537954834371519,0.029540162063529312,90,0.0,1.0,False,100.0,"['revenue_growth', 'operating_margin', 'earnings_yield', 'market_return', 'industry_relative', 'driver_return', 'revenue_growth_lag1', 'operating_margin_lag1', 'earnings_yield_lag1', 'market_return_lag1', 'industry_relative_lag1', 'driver_return_lag1', 'revenue_growth_lag3', 'operating_margin_lag3', 'earnings_yield_lag3', 'market_return_lag3', 'industry_relative_lag3', 'driver_return_lag3', 'market_return_lag1 missing', 'industry_relative_lag1 missing']"
ENTG,return,1,expanding,core_pe_level,2023-07-31,2023-07-31,2023-08-31,-0.0760879404989964,0.04744912947291899,0.02910547565084651,91,0.0,1.0,False,100.0,"['revenue_growth', 'operating_margin', 'pe', 'market_return', 'industry_relative', 'driver_return', 'pe missing']"
ENTG,return,1,expanding,core_pe_difference,2023-07-31,2023-07-31,2023-08-31,-0.0760879404989964,0.08124548076287172,0.02910547565084651,91,0.0,1.0,False,10.0,"['revenue_growth', 'operating_margin', 'pe_diff', 'market_return', 'industry_relative', 'driver_return', 'pe_diff missing']"
ENTG,return,1,expanding,core_pe_percentage,2023-07-31,2023-07-31,2023-08-31,-0.0760879404989964,0.050601005069556115,0.02910547565084651,91,0.0,1.0,False,0.01,"['revenue_growth', 'operating_margin', 'pe_pct_change', 'market_return', 'industry_relative', 'driver_return', 'pe_pct_change missing']"
ENTG,return,1,expanding,core_pe_lag1,2023-07-31,2023-07-31,2023-08-31,-0.0760879404989964,0.04486486870897888,0.02910547565084651,91,0.0,1.0,False,100.0,"['revenue_growth', 'operating_margin', 'pe_lag1', 'market_return', 'industry_relative', 'driver_return', 'pe_lag1 missing']"
ENTG,return,1,expanding,core_financial_changes,2023-07-31,2023-07-31,2023-08-31,-0.0760879404989964,0.023711584552492,0.02910547565084651,91,0.0,1.0,False,10.0,"['revenue_growth_diff', 'operating_margin_diff', 'earnings_yield_diff', 'market_return', 'industry_relative', 'driver_return']"
ENTG,return,1,expanding,distributed_all_lag1,2023-07-31,2023-07-31,2023-08-31,-0.0760879404989964,0.050709269188460346,0.02910547565084651,91,0.0,1.0,False,100.0,"['revenue_growth', 'operating_margin', 'earnings_yield', 'market_return', 'industry_relative', 'driver_return', 'revenue_growth_lag1', 'operating_margin_lag1', 'earnings_yield_lag1', 'market_return_lag1', 'industry_relative_lag1', 'driver_return_lag1', 'market_return_lag1 missing', 'industry_relative_lag1 missing']"
ENTG,return,1,expanding,distributed_all_lag3,2023-07-31,2023-07-31,2023-08-31,-0.0760879404989964,0.03414482867447104,0.02910547565084651,91,0.0,1.0,False,100.0,"['revenue_growth', 'operating_margin', 'earnings_yield', 'market_return', 'industry_relative', 'driver_return', 'revenue_growth_lag1', 'operating_margin_lag1', 'earnings_yield_lag1', 'market_return_lag1', 'industry_relative_lag1', 'driver_return_lag1', 'revenue_growth_lag3', 'operating_margin_lag3', 'earnings_yield_lag3', 'market_return_lag3', 'industry_relative_lag3', 'driver_return_lag3', 'market_return_lag1 missing', 'industry_relative_lag1 missing']"
ENTG,return,1,expanding,core_pe_level,2023-08-31,2023-08-31,2023-09-30,-0.0726770520523379,0.05007666169149924,0.02796206895356561,92,0.0,1.0,False,100.0,"['revenue_growth', 'operating_margin', 'pe', 'market_return', 'industry_relative', 'driver_return', 'pe missing']"
ENTG,return,1,expanding,core_pe_difference,2023-08-31,2023-08-31,2023-09-30,-0.0726770520523379,0.07275769308770935,0.02796206895356561,92,0.0,1.0,False,10.0,"['revenue_growth', 'operating_margin', 'pe_diff', 'market_return', 'industry_relative', 'driver_return', 'pe_diff missing']"
ENTG,return,1,expanding,core_pe_percentage,2023-08-31,2023-08-31,2023-09-30,-0.0726770520523379,0.007036346768277978,0.02796206895356561,92,0.0,1.0,False,0.01,"['revenue_growth', 'operating_margin', 'pe_pct_change', 'market_return', 'industry_relative', 'driver_return', 'pe_pct_change missing']"
ENTG,return,1,expanding,core_pe_lag1,2023-08-31,2023-08-31,2023-09-30,-0.0726770520523379,0.05472621854665469,0.02796206895356561,92,0.0,1.0,False,100.0,"['revenue_growth', 'operating_margin', 'pe_lag1', 'market_return', 'industry_relative', 'driver_return', 'pe_lag1 missing']"
ENTG,return,1,expanding,core_financial_changes,2023-08-31,2023-08-31,2023-09-30,-0.0726770520523379,0.08926456370828736,0.02796206895356561,92,0.0,1.0,False,10.0,"['revenue_growth_diff', 'operating_margin_diff', 'earnings_yield_diff', 'market_return', 'industry_relative', 'driver_return']"
ENTG,return,1,expanding,distributed_all_lag1,2023-08-31,2023-08-31,2023-09-30,-0.0726770520523379,0.058050430021211005,0.02796206895356561,92,0.0,1.0,False,100.0,"['revenue_growth', 'operating_margin', 'earnings_yield', 'market_return', 'industry_relative', 'driver_return', 'revenue_growth_lag1', 'operating_margin_lag1', 'earnings_yield_lag1', 'market_return_lag1', 'industry_relative_lag1', 'driver_return_lag1', 'market_return_lag1 missing', 'industry_relative_lag1 missing']"
ENTG,return,1,expanding,distributed_all_lag3,2023-08-31,2023-08-31,2023-09-30,-0.0726770520523379,0.07098319991853858,0.02796206895356561,92,0.0,1.0,False,100.0,"['revenue_growth', 'operating_margin', 'earnings_yield', 'market_return', 'industry_relative', 'driver_return', 'revenue_growth_lag1', 'operating_margin_lag1', 'earnings_yield_lag1', 'market_return_lag1', 'industry_relative_lag1', 'driver_return_lag1', 'revenue_growth_lag3', 'operating_margin_lag3', 'earnings_yield_lag3', 'market_return_lag3', 'industry_relative_lag3', 'driver_return_lag3', 'market_return_lag1 missing', 'industry_relative_lag1 missing']"
ENTG,return,1,expanding,core_pe_level,2023-09-30,2023-09-29,2023-10-31,-0.0614356290151987,0.03876023882404382,0.026879927867480623,93,0.0,1.0,False,100.0,"['revenue_growth', 'operating_margin', 'pe', 'market_return', 'industry_relative', 'driver_return', 'pe missing']"
ENTG,return,1,expanding,core_pe_difference,2023-09-30,2023-09-29,2023-10-31,-0.0614356290151987,0.12268777770638323,0.026879927867480623,93,0.0,1.0,False,10.0,"['revenue_growth', 'operating_margin', 'pe_diff', 'market_return', 'industry_relative', 'driver_return', 'pe_diff missing']"
ENTG,return,1,expanding,core_pe_percentage,2023-09-30,2023-09-29,2023-10-31,-0.0614356290151987,0.12812684823050835,0.026879927867480623,93,0.0,1.0,False,0.01,"['revenue_growth', 'operating_margin', 'pe_pct_change', 'market_return', 'industry_relative', 'driver_return', 'pe_pct_change missing']"
ENTG,return,1,expanding,core_pe_lag1,2023-09-30,2023-09-29,2023-10-31,-0.0614356290151987,0.06349087181372196,0.026879927867480623,93,0.0,1.0,False,100.0,"['revenue_growth', 'operating_margin', 'pe_lag1', 'market_return', 'industry_relative', 'driver_return', 'pe_lag1 missing']"
ENTG,return,1,expanding,core_financial_changes,2023-09-30,2023-09-29,2023-10-31,-0.0614356290151987,0.05195118279205794,0.026879927867480623,93,0.0,1.0,False,10.0,"['revenue_growth_diff', 'operating_margin_diff', 'earnings_yield_diff', 'market_return', 'industry_relative', 'driver_return']"
ENTG,return,1,expanding,distributed_all_lag1,2023-09-30,2023-09-29,2023-10-31,-0.0614356290151987,0.0400655175718644,0.026879927867480623,93,0.0,1.0,False,100.0,"['revenue_growth', 'operating_margin', 'earnings_yield', 'market_return', 'industry_relative', 'driver_return', 'revenue_growth_lag1', 'operating_margin_lag1', 'earnings_yield_lag1', 'market_return_lag1', 'industry_relative_lag1', 'driver_return_lag1', 'market_return_lag1 missing', 'industry_relative_lag1 missing']"
ENTG,return,1,expanding,distributed_all_lag3,2023-09-30,2023-09-29,2023-10-31,-0.0614356290151987,0.032821393223028364,0.026879927867480623,93,0.0,1.0,False,100.0,"['revenue_growth', 'operating_margin', 'earnings_yield', 'market_return', 'industry_relative', 'driver_return', 'revenue_growth_lag1', 'operating_margin_lag1', 'earnings_yield_lag1', 'market_return_lag1', 'industry_relative_lag1', 'driver_return_lag1', 'revenue_growth_lag3', 'operating_margin_lag3', 'earnings_yield_lag3', 'market_return_lag3', 'industry_relative_lag3', 'driver_return_lag3', 'market_return_lag1 missing', 'industry_relative_lag1 missing']"
ENTG,return,1,expanding,core_pe_level,2023-10-31,2023-10-31,2023-11-30,0.1858246935795939,0.00613756932295792,0.025940400666601058,94,0.0,1.0,False,100.0,"['revenue_growth', 'operating_margin', 'pe', 'market_return', 'industry_relative', 'driver_return', 'pe missing']"
ENTG,return,1,expanding,core_pe_difference,2023-10-31,2023-10-31,2023-11-30,0.1858246935795939,0.09751501634779358,0.025940400666601058,94,0.0,1.0,False,10.0,"['revenue_growth', 'operating_margin', 'pe_diff', 'market_return', 'industry_relative', 'driver_return', 'pe_diff missing']"
ENTG,return,1,expanding,core_pe_percentage,2023-10-31,2023-10-31,2023-11-30,0.1858246935795939,0.11257653989872801,0.025940400666601058,94,0.0,1.0,False,0.01,"['revenue_growth', 'operating_margin', 'pe_pct_change', 'market_return', 'industry_relative', 'driver_return', 'pe_pct_change missing']"
ENTG,return,1,expanding,core_pe_lag1,2023-10-31,2023-10-31,2023-11-30,0.1858246935795939,0.0534298182006705,0.025940400666601058,94,0.0,1.0,False,100.0,"['revenue_growth', 'operating_margin', 'pe_lag1', 'market_return', 'industry_relative', 'driver_return', 'pe_lag1 missing']"
ENTG,return,1,expanding,core_financial_changes,2023-10-31,2023-10-31,2023-11-30,0.1858246935795939,0.04617845885383074,0.025940400666601058,94,0.0,1.0,False,10.0,"['revenue_growth_diff', 'operating_margin_diff', 'earnings_yield_diff', 'market_return', 'industry_relative', 'driver_return']"
ENTG,return,1,expanding,distributed_all_lag1,2023-10-31,2023-10-31,2023-11-30,0.1858246935795939,0.03429766909446744,0.025940400666601058,94,0.0,1.0,False,100.0,"['revenue_growth', 'operating_margin', 'earnings_yield', 'market_return', 'industry_relative', 'driver_return', 'revenue_growth_lag1', 'operating_margin_lag1', 'earnings_yield_lag1', 'market_return_lag1', 'industry_relative_lag1', 'driver_return_lag1', 'market_return_lag1 missing', 'industry_relative_lag1 missing']"
ENTG,return,1,expanding,distributed_all_lag3,2023-10-31,2023-10-31,2023-11-30,0.1858246935795939,0.016805123725477197,0.025940400666601058,94,0.0,1.0,False,100.0,"['revenue_growth', 'operating_margin', 'earnings_yield', 'market_return', 'industry_relative', 'driver_return', 'revenue_growth_lag1', 'operating_margin_lag1', 'earnings_yield_lag1', 'market_return_lag1', 'industry_relative_lag1', 'driver_return_lag1', 'revenue_growth_lag3', 'operating_margin_lag3', 'earnings_yield_lag3', 'market_return_lag3', 'industry_relative_lag3', 'driver_return_lag3', 'market_return_lag1 missing', 'industry_relative_lag1 missing']"
ENTG,return,1,expanding,core_pe_level,2023-11-30,2023-11-30,2023-12-31,0.1477009619004738,-0.015529759616159333,0.027623393223579932,95,0.0,1.0,False,100.0,"['revenue_growth', 'operating_margin', 'pe', 'market_return', 'industry_relative', 'driver_return', 'pe missing']"
ENTG,return,1,expanding,core_pe_difference,2023-11-30,2023-11-30,2023-12-31,0.1477009619004738,0.017280299868015415,0.027623393223579932,95,0.0,1.0,False,10.0,"['revenue_growth', 'operating_margin', 'pe_diff', 'market_return', 'industry_relative', 'driver_return', 'pe_diff missing']"
ENTG,return,1,expanding,core_pe_percentage,2023-11-30,2023-11-30,2023-12-31,0.1477009619004738,0.0046305789348743895,0.027623393223579932,95,0.0,1.0,False,0.01,"['revenue_growth', 'operating_margin', 'pe_pct_change', 'market_return', 'industry_relative', 'driver_return', 'pe_pct_change missing']"
ENTG,return,1,expanding,core_pe_lag1,2023-11-30,2023-11-30,2023-12-31,0.1477009619004738,0.0050765050731509595,0.027623393223579932,95,0.0,1.0,False,100.0,"['revenue_growth', 'operating_margin', 'pe_lag1', 'market_return', 'industry_relative', 'driver_return', 'pe_lag1 missing']"
ENTG,return,1,expanding,core_financial_changes,2023-11-30,2023-11-30,2023-12-31,0.1477009619004738,0.012973632430046044,0.027623393223579932,95,0.0,1.0,False,10.0,"['revenue_growth_diff', 'operating_margin_diff', 'earnings_yield_diff', 'market_return', 'industry_relative', 'driver_return']"
ENTG,return,1,expanding,distributed_all_lag1,2023-11-30,2023-11-30,2023-12-31,0.1477009619004738,-0.009485286387820178,0.027623393223579932,95,0.0,1.0,False,100.0,"['revenue_growth', 'operating_margin', 'earnings_yield', 'market_return', 'industry_relative', 'driver_return', 'revenue_growth_lag1', 'operating_margin_lag1', 'earnings_yield_lag1', 'market_return_lag1', 'industry_relative_lag1', 'driver_return_lag1', 'market_return_lag1 missing', 'industry_relative_lag1 missing']"
ENTG,return,1,expanding,distributed_all_lag3,2023-11-30,2023-11-30,2023-12-31,0.1477009619004738,-0.024938979625614584,0.027623393223579932,95,0.0,1.0,False,100.0,"['revenue_growth', 'operating_margin', 'earnings_yield', 'market_return', 'industry_relative', 'driver_return', 'revenue_growth_lag1', 'operating_margin_lag1', 'earnings_yield_lag1', 'market_return_lag1', 'industry_relative_lag1', 'driver_return_lag1', 'revenue_growth_lag3', 'operating_margin_lag3', 'earnings_yield_lag3', 'market_return_lag3', 'industry_relative_lag3', 'driver_return_lag3', 'market_return_lag1 missing', 'industry_relative_lag1 missing']"
ENTG,return,1,expanding,core_pe_level,2023-12-31,2023-12-29,2024-01-31,-0.0168938163252386,-0.0033184480243322843,0.02887420123063091,96,0.0,0.0,False,100.0,"['revenue_growth', 'operating_margin', 'pe', 'market_return', 'industry_relative', 'driver_return', 'pe missing']"
ENTG,return,1,expanding,core_pe_difference,2023-12-31,2023-12-29,2024-01-31,-0.0168938163252386,-0.052120885675817866,0.02887420123063091,96,0.0,0.0,False,10.0,"['revenue_growth', 'operating_margin', 'pe_diff', 'market_return', 'industry_relative', 'driver_return', 'pe_diff missing']"
ENTG,return,1,expanding,core_pe_percentage,2023-12-31,2023-12-29,2024-01-31,-0.0168938163252386,-0.030451545432841783,0.02887420123063091,96,0.0,0.0,False,10.0,"['revenue_growth', 'operating_margin', 'pe_pct_change', 'market_return', 'industry_relative', 'driver_return', 'pe_pct_change missing']"
ENTG,return,1,expanding,core_pe_lag1,2023-12-31,2023-12-29,2024-01-31,-0.0168938163252386,0.015337745181250481,0.02887420123063091,96,0.0,0.0,False,100.0,"['revenue_growth', 'operating_margin', 'pe_lag1', 'market_return', 'industry_relative', 'driver_return', 'pe_lag1 missing']"
ENTG,return,1,expanding,core_financial_changes,2023-12-31,2023-12-29,2024-01-31,-0.0168938163252386,0.011336270262401336,0.02887420123063091,96,0.0,0.0,False,100.0,"['revenue_growth_diff', 'operating_margin_diff', 'earnings_yield_diff', 'market_return', 'industry_relative', 'driver_return']"
ENTG,return,1,expanding,distributed_all_lag1,2023-12-31,2023-12-29,2024-01-31,-0.0168938163252386,-0.018772948655106304,0.02887420123063091,96,0.0,0.0,False,100.0,"['revenue_growth', 'operating_margin', 'earnings_yield', 'market_return', 'industry_relative', 'driver_return', 'revenue_growth_lag1', 'operating_margin_lag1', 'earnings_yield_lag1', 'market_return_lag1', 'industry_relative_lag1', 'driver_return_lag1', 'market_return_lag1 missing', 'industry_relative_lag1 missing']"
ENTG,return,1,expanding,distributed_all_lag3,2023-12-31,2023-12-29,2024-01-31,-0.0168938163252386,-0.028111330729717294,0.02887420123063091,96,0.0,0.0,False,100.0,"['revenue_growth', 'operating_margin', 'earnings_yield', 'market_return', 'industry_relative', 'driver_return', 'revenue_growth_lag1', 'operating_margin_lag1', 'earnings_yield_lag1', 'market_return_lag1', 'industry_relative_lag1', 'driver_return_lag1', 'revenue_growth_lag3', 'operating_margin_lag3', 'earnings_yield_lag3', 'market_return_lag3', 'industry_relative_lag3', 'driver_return_lag3', 'market_return_lag1 missing', 'industry_relative_lag1 missing']"
ENTG,return,1,expanding,core_pe_level,2024-01-31,2024-01-31,2024-02-29,0.1415463236411185,0.02738519941224641,0.028402365998096174,97,0.0,0.0,False,100.0,"['revenue_growth', 'operating_margin', 'pe', 'market_return', 'industry_relative', 'driver_return', 'pe missing']"
ENTG,return,1,expanding,core_pe_difference,2024-01-31,2024-01-31,2024-02-29,0.1415463236411185,0.035141992613476204,0.028402365998096174,97,0.0,0.0,False,10.0,"['revenue_growth', 'operating_margin', 'pe_diff', 'market_return', 'industry_relative', 'driver_return', 'pe_diff missing']"
ENTG,return,1,expanding,core_pe_percentage,2024-01-31,2024-01-31,2024-02-29,0.1415463236411185,0.029749433202136296,0.028402365998096174,97,0.0,0.0,False,10.0,"['revenue_growth', 'operating_margin', 'pe_pct_change', 'market_return', 'industry_relative', 'driver_return', 'pe_pct_change missing']"
ENTG,return,1,expanding,core_pe_lag1,2024-01-31,2024-01-31,2024-02-29,0.1415463236411185,0.04686023029729072,0.028402365998096174,97,0.0,0.0,False,100.0,"['revenue_growth', 'operating_margin', 'pe_lag1', 'market_return', 'industry_relative', 'driver_return', 'pe_lag1 missing']"
ENTG,return,1,expanding,core_financial_changes,2024-01-31,2024-01-31,2024-02-29,0.1415463236411185,0.03745212982482674,0.028402365998096174,97,0.0,0.0,False,100.0,"['revenue_growth_diff', 'operating_margin_diff', 'earnings_yield_diff', 'market_return', 'industry_relative', 'driver_return']"
ENTG,return,1,expanding,distributed_all_lag1,2024-01-31,2024-01-31,2024-02-29,0.1415463236411185,0.01523937253838295,0.028402365998096174,97,0.0,0.0,False,100.0,"['revenue_growth', 'operating_margin', 'earnings_yield', 'market_return', 'industry_relative', 'driver_return', 'revenue_growth_lag1', 'operating_margin_lag1', 'earnings_yield_lag1', 'market_return_lag1', 'industry_relative_lag1', 'driver_return_lag1', 'market_return_lag1 missing', 'industry_relative_lag1 missing']"
ENTG,return,1,expanding,distributed_all_lag3,2024-01-31,2024-01-31,2024-02-29,0.1415463236411185,0.004747400303540466,0.028402365998096174,97,0.0,0.0,False,100.0,"['revenue_growth', 'operating_margin', 'earnings_yield', 'market_return', 'industry_relative', 'driver_return', 'revenue_growth_lag1', 'operating_margin_lag1', 'earnings_yield_lag1', 'market_return_lag1', 'industry_relative_lag1', 'driver_return_lag1', 'revenue_growth_lag3', 'operating_margin_lag3', 'earnings_yield_lag3', 'market_return_lag3', 'industry_relative_lag3', 'driver_return_lag3', 'market_return_lag1 missing', 'industry_relative_lag1 missing']"
ENTG,return,1,expanding,core_pe_level,2024-02-29,2024-02-29,2024-03-31,0.0459957592001485,0.016168027628569975,0.029556896178127012,98,0.0,1.0,False,100.0,"['revenue_growth', 'operating_margin', 'pe', 'market_return', 'industry_relative', 'driver_return', 'pe missing']"
ENTG,return,1,expanding,core_pe_difference,2024-02-29,2024-02-29,2024-03-31,0.0459957592001485,-0.033226528677834585,0.029556896178127012,98,0.0,1.0,False,10.0,"['revenue_growth', 'operating_margin', 'pe_diff', 'market_return', 'industry_relative', 'driver_return', 'pe_diff missing']"
ENTG,return,1,expanding,core_pe_percentage,2024-02-29,2024-02-29,2024-03-31,0.0459957592001485,-0.0086051755135537,0.029556896178127012,98,0.0,1.0,False,10.0,"['revenue_growth', 'operating_margin', 'pe_pct_change', 'market_return', 'industry_relative', 'driver_return', 'pe_pct_change missing']"
ENTG,return,1,expanding,core_pe_lag1,2024-02-29,2024-02-29,2024-03-31,0.0459957592001485,0.03637654384667625,0.029556896178127012,98,0.0,1.0,False,100.0,"['revenue_growth', 'operating_margin', 'pe_lag1', 'market_return', 'industry_relative', 'driver_return', 'pe_lag1 missing']"
ENTG,return,1,expanding,core_financial_changes,2024-02-29,2024-02-29,2024-03-31,0.0459957592001485,-0.012948237472147753,0.029556896178127012,98,0.0,1.0,False,100.0,"['revenue_growth_diff', 'operating_margin_diff', 'earnings_yield_diff', 'market_return', 'industry_relative', 'driver_return']"
ENTG,return,1,expanding,distributed_all_lag1,2024-02-29,2024-02-29,2024-03-31,0.0459957592001485,-0.004702144778763531,0.029556896178127012,98,0.0,1.0,False,100.0,"['revenue_growth', 'operating_margin', 'earnings_yield', 'market_return', 'industry_relative', 'driver_return', 'revenue_growth_lag1', 'operating_margin_lag1', 'earnings_yield_lag1', 'market_return_lag1', 'industry_relative_lag1', 'driver_return_lag1', 'market_return_lag1 missing', 'industry_relative_lag1 missing']"
ENTG,return,1,expanding,distributed_all_lag3,2024-02-29,2024-02-29,2024-03-31,0.0459957592001485,-0.0075089577190645546,0.029556896178127012,98,0.0,1.0,False,100.0,"['revenue_growth', 'operating_margin', 'earnings_yield', 'market_return', 'industry_relative', 'driver_return', 'revenue_growth_lag1', 'operating_margin_lag1', 'earnings_yield_lag1', 'market_return_lag1', 'industry_relative_lag1', 'driver_return_lag1', 'revenue_growth_lag3', 'operating_margin_lag3', 'earnings_yield_lag3', 'market_return_lag3', 'industry_relative_lag3', 'driver_return_lag3', 'market_return_lag1 missing', 'industry_relative_lag1 missing']"
ENTG,return,1,expanding,core_pe_level,2024-03-31,2024-03-28,2024-04-30,-0.0535237753949687,0.03655757533780231,0.02972294529956157,99,0.0,1.0,False,100.0,"['revenue_growth', 'operating_margin', 'pe', 'market_return', 'industry_relative', 'driver_return', 'pe missing']"
ENTG,return,1,expanding,core_pe_difference,2024-03-31,2024-03-28,2024-04-30,-0.0535237753949687,0.038952901076798996,0.02972294529956157,99,0.0,1.0,False,10.0,"['revenue_growth', 'operating_margin', 'pe_diff', 'market_return', 'industry_relative', 'driver_return', 'pe_diff missing']"
ENTG,return,1,expanding,core_pe_percentage,2024-03-31,2024-03-28,2024-04-30,-0.0535237753949687,0.04424997101397311,0.02972294529956157,99,0.0,1.0,False,10.0,"['revenue_growth', 'operating_margin', 'pe_pct_change', 'market_return', 'industry_relative', 'driver_return', 'pe_pct_change missing']"
ENTG,return,1,expanding,core_pe_lag1,2024-03-31,2024-03-28,2024-04-30,-0.0535237753949687,0.0606258648307285,0.02972294529956157,99,0.0,1.0,False,100.0,"['revenue_growth', 'operating_margin', 'pe_lag1', 'market_return', 'industry_relative', 'driver_return', 'pe_lag1 missing']"
ENTG,return,1,expanding,core_financial_changes,2024-03-31,2024-03-28,2024-04-30,-0.0535237753949687,0.03211419133177011,0.02972294529956157,99,0.0,1.0,False,100.0,"['revenue_growth_diff', 'operating_margin_diff', 'earnings_yield_diff', 'market_return', 'industry_relative', 'driver_return']"
ENTG,return,1,expanding,distributed_all_lag1,2024-03-31,2024-03-28,2024-04-30,-0.0535237753949687,0.03433572880703864,0.02972294529956157,99,0.0,1.0,False,100.0,"['revenue_growth', 'operating_margin', 'earnings_yield', 'market_return', 'industry_relative', 'driver_return', 'revenue_growth_lag1', 'operating_margin_lag1', 'earnings_yield_lag1', 'market_return_lag1', 'industry_relative_lag1', 'driver_return_lag1', 'market_return_lag1 missing', 'industry_relative_lag1 missing']"
ENTG,return,1,expanding,distributed_all_lag3,2024-03-31,2024-03-28,2024-04-30,-0.0535237753949687,0.028932440940296324,0.02972294529956157,99,0.0,1.0,False,100.0,"['revenue_growth', 'operating_margin', 'earnings_yield', 'market_return', 'industry_relative', 'driver_return', 'revenue_growth_lag1', 'operating_margin_lag1', 'earnings_yield_lag1', 'market_return_lag1', 'industry_relative_lag1', 'driver_return_lag1', 'revenue_growth_lag3', 'operating_margin_lag3', 'earnings_yield_lag3', 'market_return_lag3', 'industry_relative_lag3', 'driver_return_lag3', 'market_return_lag1 missing', 'industry_relative_lag1 missing']"
ENTG,return,1,expanding,core_pe_level,2024-04-30,2024-04-30,2024-05-31,-0.0494281596299313,0.03636517871700598,0.028890478092616266,100,0.0,1.0,False,100.0,"['revenue_growth', 'operating_margin', 'pe', 'market_return', 'industry_relative', 'driver_return', 'pe missing']"
ENTG,return,1,expanding,core_pe_difference,2024-04-30,2024-04-30,2024-05-31,-0.0494281596299313,0.06174863581754222,0.028890478092616266,100,0.0,1.0,False,10.0,"['revenue_growth', 'operating_margin', 'pe_diff', 'market_return', 'industry_relative', 'driver_return', 'pe_diff missing']"
ENTG,return,1,expanding,core_pe_percentage,2024-04-30,2024-04-30,2024-05-31,-0.0494281596299313,0.048786975728086476,0.028890478092616266,100,0.0,1.0,False,10.0,"['revenue_growth', 'operating_margin', 'pe_pct_change', 'market_return', 'industry_relative', 'driver_return', 'pe_pct_change missing']"
ENTG,return,1,expanding,core_pe_lag1,2024-04-30,2024-04-30,2024-05-31,-0.0494281596299313,0.05847038042353628,0.028890478092616266,100,0.0,1.0,False,100.0,"['revenue_growth', 'operating_margin', 'pe_lag1', 'market_return', 'industry_relative', 'driver_return', 'pe_lag1 missing']"
ENTG,return,1,expanding,core_financial_changes,2024-04-30,2024-04-30,2024-05-31,-0.0494281596299313,0.03566171908963197,0.028890478092616266,100,0.0,1.0,False,100.0,"['revenue_growth_diff', 'operating_margin_diff', 'earnings_yield_diff', 'market_return', 'industry_relative', 'driver_return']"
ENTG,return,1,expanding,distributed_all_lag1,2024-04-30,2024-04-30,2024-05-31,-0.0494281596299313,0.028698093714111556,0.028890478092616266,100,0.0,1.0,False,100.0,"['revenue_growth', 'operating_margin', 'earnings_yield', 'market_return', 'industry_relative', 'driver_return', 'revenue_growth_lag1', 'operating_margin_lag1', 'earnings_yield_lag1', 'market_return_lag1', 'industry_relative_lag1', 'driver_return_lag1', 'market_return_lag1 missing', 'industry_relative_lag1 missing']"
ENTG,return,1,expanding,distributed_all_lag3,2024-04-30,2024-04-30,2024-05-31,-0.0494281596299313,0.01693856290300979,0.028890478092616266,100,0.0,1.0,False,100.0,"['revenue_growth', 'operating_margin', 'earnings_yield', 'market_return', 'industry_relative', 'driver_return', 'revenue_growth_lag1', 'operating_margin_lag1', 'earnings_yield_lag1', 'market_return_lag1', 'industry_relative_lag1', 'driver_return_lag1', 'revenue_growth_lag3', 'operating_margin_lag3', 'earnings_yield_lag3', 'market_return_lag3', 'industry_relative_lag3', 'driver_return_lag3', 'market_return_lag1 missing', 'industry_relative_lag1 missing']"
ENTG,return,1,expanding,core_pe_level,2024-05-31,2024-05-31,2024-06-30,0.0716263929573759,-0.00011454889829918755,0.02811504603595738,101,0.0,1.0,False,100.0,"['revenue_growth', 'operating_margin', 'pe', 'market_return', 'industry_relative', 'driver_return', 'pe missing']"
ENTG,return,1,expanding,core_pe_difference,2024-05-31,2024-05-31,2024-06-30,0.0716263929573759,0.030148584956937754,0.02811504603595738,101,0.0,1.0,False,10.0,"['revenue_growth', 'operating_margin', 'pe_diff', 'market_return', 'industry_relative', 'driver_return', 'pe_diff missing']"
ENTG,return,1,expanding,core_pe_percentage,2024-05-31,2024-05-31,2024-06-30,0.0716263929573759,0.03849964018819898,0.02811504603595738,101,0.0,1.0,False,10.0,"['revenue_growth', 'operating_margin', 'pe_pct_change', 'market_return', 'industry_relative', 'driver_return', 'pe_pct_change missing']"
ENTG,return,1,expanding,core_pe_lag1,2024-05-31,2024-05-31,2024-06-30,0.0716263929573759,0.01049287330373938,0.02811504603595738,101,0.0,1.0,False,100.0,"['revenue_growth', 'operating_margin', 'pe_lag1', 'market_return', 'industry_relative', 'driver_return', 'pe_lag1 missing']"
ENTG,return,1,expanding,core_financial_changes,2024-05-31,2024-05-31,2024-06-30,0.0716263929573759,0.031362828934297565,0.02811504603595738,101,0.0,1.0,False,100.0,"['revenue_growth_diff', 'operating_margin_diff', 'earnings_yield_diff', 'market_return', 'industry_relative', 'driver_return']"
ENTG,return,1,expanding,distributed_all_lag1,2024-05-31,2024-05-31,2024-06-30,0.0716263929573759,0.002280959470009218,0.02811504603595738,101,0.0,1.0,False,100.0,"['revenue_growth', 'operating_margin', 'earnings_yield', 'market_return', 'industry_relative', 'driver_return', 'revenue_growth_lag1', 'operating_margin_lag1', 'earnings_yield_lag1', 'market_return_lag1', 'industry_relative_lag1', 'driver_return_lag1', 'market_return_lag1 missing', 'industry_relative_lag1 missing']"
ENTG,return,1,expanding,distributed_all_lag3,2024-05-31,2024-05-31,2024-06-30,0.0716263929573759,0.0001920424819481098,0.02811504603595738,101,0.0,1.0,False,100.0,"['revenue_growth', 'operating_margin', 'earnings_yield', 'market_return', 'industry_relative', 'driver_return', 'revenue_growth_lag1', 'operating_margin_lag1', 'earnings_yield_lag1', 'market_return_lag1', 'industry_relative_lag1', 'driver_return_lag1', 'revenue_growth_lag3', 'operating_margin_lag3', 'earnings_yield_lag3', 'market_return_lag3', 'industry_relative_lag3', 'driver_return_lag3', 'market_return_lag1 missing', 'industry_relative_lag1 missing']"
ENTG,return,1,expanding,core_pe_level,2024-06-30,2024-06-28,2024-07-31,-0.1256522355884152,0.01983474839672489,0.028541627868520304,102,0.0,1.0,False,100.0,"['revenue_growth', 'operating_margin', 'pe', 'market_return', 'industry_relative', 'driver_return', 'pe missing']"
ENTG,return,1,expanding,core_pe_difference,2024-06-30,2024-06-28,2024-07-31,-0.1256522355884152,0.0010115238043245066,0.028541627868520304,102,0.0,1.0,False,10.0,"['revenue_growth', 'operating_margin', 'pe_diff', 'market_return', 'industry_relative', 'driver_return', 'pe_diff missing']"
ENTG,return,1,expanding,core_pe_percentage,2024-06-30,2024-06-28,2024-07-31,-0.1256522355884152,0.00453838425664491,0.028541627868520304,102,0.0,1.0,False,10.0,"['revenue_growth', 'operating_margin', 'pe_pct_change', 'market_return', 'industry_relative', 'driver_return', 'pe_pct_change missing']"
ENTG,return,1,expanding,core_pe_lag1,2024-06-30,2024-06-28,2024-07-31,-0.1256522355884152,0.02541812761316303,0.028541627868520304,102,0.0,1.0,False,100.0,"['revenue_growth', 'operating_margin', 'pe_lag1', 'market_return', 'industry_relative', 'driver_return', 'pe_lag1 missing']"
ENTG,return,1,expanding,core_financial_changes,2024-06-30,2024-06-28,2024-07-31,-0.1256522355884152,0.021410807815678654,0.028541627868520304,102,0.0,1.0,False,100.0,"['revenue_growth_diff', 'operating_margin_diff', 'earnings_yield_diff', 'market_return', 'industry_relative', 'driver_return']"
ENTG,return,1,expanding,distributed_all_lag1,2024-06-30,2024-06-28,2024-07-31,-0.1256522355884152,0.018210423846427837,0.028541627868520304,102,0.0,1.0,False,100.0,"['revenue_growth', 'operating_margin', 'earnings_yield', 'market_return', 'industry_relative', 'driver_return', 'revenue_growth_lag1', 'operating_margin_lag1', 'earnings_yield_lag1', 'market_return_lag1', 'industry_relative_lag1', 'driver_return_lag1', 'market_return_lag1 missing', 'industry_relative_lag1 missing']"
ENTG,return,1,expanding,distributed_all_lag3,2024-06-30,2024-06-28,2024-07-31,-0.1256522355884152,0.015181989107806096,0.028541627868520304,102,0.0,1.0,False,100.0,"['revenue_growth', 'operating_margin', 'earnings_yield', 'market_return', 'industry_relative', 'driver_return', 'revenue_growth_lag1', 'operating_margin_lag1', 'earnings_yield_lag1', 'market_return_lag1', 'industry_relative_lag1', 'driver_return_lag1', 'revenue_growth_lag3', 'operating_margin_lag3', 'earnings_yield_lag3', 'market_return_lag3', 'industry_relative_lag3', 'driver_return_lag3', 'market_return_lag1 missing', 'industry_relative_lag1 missing']"
ENTG,return,1,expanding,core_pe_level,2024-07-31,2024-07-31,2024-08-31,-0.0204582408307466,0.05215963098206074,0.027044600067967533,103,1.0,0.0,False,100.0,"['revenue_growth', 'operating_margin', 'pe', 'market_return', 'industry_relative', 'driver_return', 'pe missing']"
ENTG,return,1,expanding,core_pe_difference,2024-07-31,2024-07-31,2024-08-31,-0.0204582408307466,0.08025591139936,0.027044600067967533,103,1.0,0.0,False,10.0,"['revenue_growth', 'operating_margin', 'pe_diff', 'market_return', 'industry_relative', 'driver_return', 'pe_diff missing']"
ENTG,return,1,expanding,core_pe_percentage,2024-07-31,2024-07-31,2024-08-31,-0.0204582408307466,0.07301598670195665,0.027044600067967533,103,1.0,0.0,False,10.0,"['revenue_growth', 'operating_margin', 'pe_pct_change', 'market_return', 'industry_relative', 'driver_return', 'pe_pct_change missing']"
ENTG,return,1,expanding,core_pe_lag1,2024-07-31,2024-07-31,2024-08-31,-0.0204582408307466,0.05692395745732112,0.027044600067967533,103,1.0,0.0,False,100.0,"['revenue_growth', 'operating_margin', 'pe_lag1', 'market_return', 'industry_relative', 'driver_return', 'pe_lag1 missing']"
ENTG,return,1,expanding,core_financial_changes,2024-07-31,2024-07-31,2024-08-31,-0.0204582408307466,0.05543488787494634,0.027044600067967533,103,1.0,0.0,False,100.0,"['revenue_growth_diff', 'operating_margin_diff', 'earnings_yield_diff', 'market_return', 'industry_relative', 'driver_return']"
ENTG,return,1,expanding,distributed_all_lag1,2024-07-31,2024-07-31,2024-08-31,-0.0204582408307466,0.03582193670427125,0.027044600067967533,103,1.0,0.0,False,100.0,"['revenue_growth', 'operating_margin', 'earnings_yield', 'market_return', 'industry_relative', 'driver_return', 'revenue_growth_lag1', 'operating_margin_lag1', 'earnings_yield_lag1', 'market_return_lag1', 'industry_relative_lag1', 'driver_return_lag1', 'market_return_lag1 missing', 'industry_relative_lag1 missing']"
ENTG,return,1,expanding,distributed_all_lag3,2024-07-31,2024-07-31,2024-08-31,-0.0204582408307466,0.02235359732686277,0.027044600067967533,103,1.0,0.0,False,100.0,"['revenue_growth', 'operating_margin', 'earnings_yield', 'market_return', 'industry_relative', 'driver_return', 'revenue_growth_lag1', 'operating_margin_lag1', 'earnings_yield_lag1', 'market_return_lag1', 'industry_relative_lag1', 'driver_return_lag1', 'revenue_growth_lag3', 'operating_margin_lag3', 'earnings_yield_lag3', 'market_return_lag3', 'industry_relative_lag3', 'driver_return_lag3', 'market_return_lag1 missing', 'industry_relative_lag1 missing']"
ENTG,return,1,expanding,core_pe_level,2024-08-31,2024-08-30,2024-09-30,-0.0288253566150576,0.034510934466642156,0.02658784198240298,104,1.0,0.0,False,100.0,"['revenue_growth', 'operating_margin', 'pe', 'market_return', 'industry_relative', 'driver_return', 'pe missing']"
ENTG,return,1,expanding,core_pe_difference,2024-08-31,2024-08-30,2024-09-30,-0.0288253566150576,-0.00027970755956326435,0.02658784198240298,104,1.0,0.0,False,10.0,"['revenue_growth', 'operating_margin', 'pe_diff', 'market_return', 'industry_relative', 'driver_return', 'pe_diff missing']"
ENTG,return,1,expanding,core_pe_percentage,2024-08-31,2024-08-30,2024-09-30,-0.0288253566150576,-0.04097311549359563,0.02658784198240298,104,1.0,0.0,False,10.0,"['revenue_growth', 'operating_margin', 'pe_pct_change', 'market_return', 'industry_relative', 'driver_return', 'pe_pct_change missing']"
ENTG,return,1,expanding,core_pe_lag1,2024-08-31,2024-08-30,2024-09-30,-0.0288253566150576,0.04485669388000249,0.02658784198240298,104,1.0,0.0,False,100.0,"['revenue_growth', 'operating_margin', 'pe_lag1', 'market_return', 'industry_relative', 'driver_return', 'pe_lag1 missing']"
ENTG,return,1,expanding,core_financial_changes,2024-08-31,2024-08-30,2024-09-30,-0.0288253566150576,0.003989846395369881,0.02658784198240298,104,1.0,0.0,False,100.0,"['revenue_growth_diff', 'operating_margin_diff', 'earnings_yield_diff', 'market_return', 'industry_relative', 'driver_return']"
ENTG,return,1,expanding,distributed_all_lag1,2024-08-31,2024-08-30,2024-09-30,-0.0288253566150576,0.006283599965598224,0.02658784198240298,104,1.0,0.0,False,100.0,"['revenue_growth', 'operating_margin', 'earnings_yield', 'market_return', 'industry_relative', 'driver_return', 'revenue_growth_lag1', 'operating_margin_lag1', 'earnings_yield_lag1', 'market_return_lag1', 'industry_relative_lag1', 'driver_return_lag1', 'market_return_lag1 missing', 'industry_relative_lag1 missing']"
ENTG,return,1,expanding,distributed_all_lag3,2024-08-31,2024-08-30,2024-09-30,-0.0288253566150576,-0.004790884021674269,0.02658784198240298,104,1.0,0.0,False,100.0,"['revenue_growth', 'operating_margin', 'earnings_yield', 'market_return', 'industry_relative', 'driver_return', 'revenue_growth_lag1', 'operating_margin_lag1', 'earnings_yield_lag1', 'market_return_lag1', 'industry_relative_lag1', 'driver_return_lag1', 'revenue_growth_lag3', 'operating_margin_lag3', 'earnings_yield_lag3', 'market_return_lag3', 'industry_relative_lag3', 'driver_return_lag3', 'market_return_lag1 missing', 'industry_relative_lag1 missing']"
ENTG,return,1,expanding,core_pe_level,2024-09-30,2024-09-30,2024-10-31,-0.068635892678956,0.014303162271259686,0.026060097233855734,105,0.0,0.0,False,100.0,"['revenue_growth', 'operating_margin', 'pe', 'market_return', 'industry_relative', 'driver_return', 'pe missing']"
ENTG,return,1,expanding,core_pe_difference,2024-09-30,2024-09-30,2024-10-31,-0.068635892678956,0.019502339552006684,0.026060097233855734,105,0.0,0.0,False,10.0,"['revenue_growth', 'operating_margin', 'pe_diff', 'market_return', 'industry_relative', 'driver_return', 'pe_diff missing']"
ENTG,return,1,expanding,core_pe_percentage,2024-09-30,2024-09-30,2024-10-31,-0.068635892678956,0.021267415296842056,0.026060097233855734,105,0.0,0.0,False,10.0,"['revenue_growth', 'operating_margin', 'pe_pct_change', 'market_return', 'industry_relative', 'driver_return', 'pe_pct_change missing']"
ENTG,return,1,expanding,core_pe_lag1,2024-09-30,2024-09-30,2024-10-31,-0.068635892678956,0.028622331676024924,0.026060097233855734,105,0.0,0.0,False,100.0,"['revenue_growth', 'operating_margin', 'pe_lag1', 'market_return', 'industry_relative', 'driver_return', 'pe_lag1 missing']"
ENTG,return,1,expanding,core_financial_changes,2024-09-30,2024-09-30,2024-10-31,-0.068635892678956,0.02004609454283249,0.026060097233855734,105,0.0,0.0,False,100.0,"['revenue_growth_diff', 'operating_margin_diff', 'earnings_yield_diff', 'market_return', 'industry_relative', 'driver_return']"
ENTG,return,1,expanding,distributed_all_lag1,2024-09-30,2024-09-30,2024-10-31,-0.068635892678956,0.0029436898030638786,0.026060097233855734,105,0.0,0.0,False,100.0,"['revenue_growth', 'operating_margin', 'earnings_yield', 'market_return', 'industry_relative', 'driver_return', 'revenue_growth_lag1', 'operating_margin_lag1', 'earnings_yield_lag1', 'market_return_lag1', 'industry_relative_lag1', 'driver_return_lag1', 'market_return_lag1 missing', 'industry_relative_lag1 missing']"
ENTG,return,1,expanding,distributed_all_lag3,2024-09-30,2024-09-30,2024-10-31,-0.068635892678956,-0.008123768200572094,0.026060097233855734,105,0.0,0.0,False,100.0,"['revenue_growth', 'operating_margin', 'earnings_yield', 'market_return', 'industry_relative', 'driver_return', 'revenue_growth_lag1', 'operating_margin_lag1', 'earnings_yield_lag1', 'market_return_lag1', 'industry_relative_lag1', 'driver_return_lag1', 'revenue_growth_lag3', 'operating_margin_lag3', 'earnings_yield_lag3', 'market_return_lag3', 'industry_relative_lag3', 'driver_return_lag3', 'market_return_lag1 missing', 'industry_relative_lag1 missing']"
ENTG,return,1,expanding,core_pe_level,2024-10-31,2024-10-31,2024-11-30,0.0087862708044486,0.03702329124994731,0.02516673883845185,106,0.0,1.0,False,100.0,"['revenue_growth', 'operating_margin', 'pe', 'market_return', 'industry_relative', 'driver_return', 'pe missing']"
ENTG,return,1,expanding,core_pe_difference,2024-10-31,2024-10-31,2024-11-30,0.0087862708044486,0.06659504594316706,0.02516673883845185,106,0.0,1.0,False,10.0,"['revenue_growth', 'operating_margin', 'pe_diff', 'market_return', 'industry_relative', 'driver_return', 'pe_diff missing']"
ENTG,return,1,expanding,core_pe_percentage,2024-10-31,2024-10-31,2024-11-30,0.0087862708044486,0.05946313280702394,0.02516673883845185,106,0.0,1.0,False,10.0,"['revenue_growth', 'operating_margin', 'pe_pct_change', 'market_return', 'industry_relative', 'driver_return', 'pe_pct_change missing']"
ENTG,return,1,expanding,core_pe_lag1,2024-10-31,2024-10-31,2024-11-30,0.0087862708044486,0.04887821837345694,0.02516673883845185,106,0.0,1.0,False,100.0,"['revenue_growth', 'operating_margin', 'pe_lag1', 'market_return', 'industry_relative', 'driver_return', 'pe_lag1 missing']"
ENTG,return,1,expanding,core_financial_changes,2024-10-31,2024-10-31,2024-11-30,0.0087862708044486,0.04173455260490762,0.02516673883845185,106,0.0,1.0,False,100.0,"['revenue_growth_diff', 'operating_margin_diff', 'earnings_yield_diff', 'market_return', 'industry_relative', 'driver_return']"
ENTG,return,1,expanding,distributed_all_lag1,2024-10-31,2024-10-31,2024-11-30,0.0087862708044486,0.030737146242280702,0.02516673883845185,106,0.0,1.0,False,100.0,"['revenue_growth', 'operating_margin', 'earnings_yield', 'market_return', 'industry_relative', 'driver_return', 'revenue_growth_lag1', 'operating_margin_lag1', 'earnings_yield_lag1', 'market_return_lag1', 'industry_relative_lag1', 'driver_return_lag1', 'market_return_lag1 missing', 'industry_relative_lag1 missing']"
ENTG,return,1,expanding,distributed_all_lag3,2024-10-31,2024-10-31,2024-11-30,0.0087862708044486,0.01912278580751784,0.02516673883845185,106,0.0,1.0,False,100.0,"['revenue_growth', 'operating_margin', 'earnings_yield', 'market_return', 'industry_relative', 'driver_return', 'revenue_growth_lag1', 'operating_margin_lag1', 'earnings_yield_lag1', 'market_return_lag1', 'industry_relative_lag1', 'driver_return_lag1', 'revenue_growth_lag3', 'operating_margin_lag3', 'earnings_yield_lag3', 'market_return_lag3', 'industry_relative_lag3', 'driver_return_lag3', 'market_return_lag1 missing', 'industry_relative_lag1 missing']"
ENTG,return,1,expanding,core_pe_level,2024-11-30,2024-11-29,2024-12-31,-0.0621982494843027,0.029789820871605546,0.025013650352152753,107,0.0,1.0,False,100.0,"['revenue_growth', 'operating_margin', 'pe', 'market_return', 'industry_relative', 'driver_return', 'pe missing']"
ENTG,return,1,expanding,core_pe_difference,2024-11-30,2024-11-29,2024-12-31,-0.0621982494843027,0.07114853461089907,0.025013650352152753,107,0.0,1.0,False,10.0,"['revenue_growth', 'operating_margin', 'pe_diff', 'market_return', 'industry_relative', 'driver_return', 'pe_diff missing']"
ENTG,return,1,expanding,core_pe_percentage,2024-11-30,2024-11-29,2024-12-31,-0.0621982494843027,0.06048442697186633,0.025013650352152753,107,0.0,1.0,False,10.0,"['revenue_growth', 'operating_margin', 'pe_pct_change', 'market_return', 'industry_relative', 'driver_return', 'pe_pct_change missing']"
ENTG,return,1,expanding,core_pe_lag1,2024-11-30,2024-11-29,2024-12-31,-0.0621982494843027,0.036722427988900234,0.025013650352152753,107,0.0,1.0,False,100.0,"['revenue_growth', 'operating_margin', 'pe_lag1', 'market_return', 'industry_relative', 'driver_return', 'pe_lag1 missing']"
ENTG,return,1,expanding,core_financial_changes,2024-11-30,2024-11-29,2024-12-31,-0.0621982494843027,0.039523299640651176,0.025013650352152753,107,0.0,1.0,False,100.0,"['revenue_growth_diff', 'operating_margin_diff', 'earnings_yield_diff', 'market_return', 'industry_relative', 'driver_return']"
ENTG,return,1,expanding,distributed_all_lag1,2024-11-30,2024-11-29,2024-12-31,-0.0621982494843027,0.01561480187747296,0.025013650352152753,107,0.0,1.0,False,100.0,"['revenue_growth', 'operating_margin', 'earnings_yield', 'market_return', 'industry_relative', 'driver_return', 'revenue_growth_lag1', 'operating_margin_lag1', 'earnings_yield_lag1', 'market_return_lag1', 'industry_relative_lag1', 'driver_return_lag1', 'market_return_lag1 missing', 'industry_relative_lag1 missing']"
ENTG,return,1,expanding,distributed_all_lag3,2024-11-30,2024-11-29,2024-12-31,-0.0621982494843027,0.004915716062542017,0.025013650352152753,107,0.0,1.0,False,100.0,"['revenue_growth', 'operating_margin', 'earnings_yield', 'market_return', 'industry_relative', 'driver_return', 'revenue_growth_lag1', 'operating_margin_lag1', 'earnings_yield_lag1', 'market_return_lag1', 'industry_relative_lag1', 'driver_return_lag1', 'revenue_growth_lag3', 'operating_margin_lag3', 'earnings_yield_lag3', 'market_return_lag3', 'industry_relative_lag3', 'driver_return_lag3', 'market_return_lag1 missing', 'industry_relative_lag1 missing']"
ENTG,return,1,expanding,core_pe_level,2024-12-31,2024-12-31,2025-01-31,0.0260891972713952,-0.0032908726958740878,0.024206132761074462,108,1.0,1.0,False,10.0,"['revenue_growth', 'operating_margin', 'pe', 'market_return', 'industry_relative', 'driver_return', 'pe missing']"
ENTG,return,1,expanding,core_pe_difference,2024-12-31,2024-12-31,2025-01-31,0.0260891972713952,0.019143202504712502,0.024206132761074462,108,1.0,1.0,False,100.0,"['revenue_growth', 'operating_margin', 'pe_diff', 'market_return', 'industry_relative', 'driver_return', 'pe_diff missing']"
ENTG,return,1,expanding,core_pe_percentage,2024-12-31,2024-12-31,2025-01-31,0.0260891972713952,0.011517487296896216,0.024206132761074462,108,1.0,1.0,False,10.0,"['revenue_growth', 'operating_margin', 'pe_pct_change', 'market_return', 'industry_relative', 'driver_return', 'pe_pct_change missing']"
ENTG,return,1,expanding,core_pe_lag1,2024-12-31,2024-12-31,2025-01-31,0.0260891972713952,0.016678824004831064,0.024206132761074462,108,1.0,1.0,False,100.0,"['revenue_growth', 'operating_margin', 'pe_lag1', 'market_return', 'industry_relative', 'driver_return', 'pe_lag1 missing']"
ENTG,return,1,expanding,core_financial_changes,2024-12-31,2024-12-31,2025-01-31,0.0260891972713952,0.02010704271111012,0.024206132761074462,108,1.0,1.0,False,100.0,"['revenue_growth_diff', 'operating_margin_diff', 'earnings_yield_diff', 'market_return', 'industry_relative', 'driver_return']"
ENTG,return,1,expanding,distributed_all_lag1,2024-12-31,2024-12-31,2025-01-31,0.0260891972713952,-0.011184872824477905,0.024206132761074462,108,1.0,1.0,False,100.0,"['revenue_growth', 'operating_margin', 'earnings_yield', 'market_return', 'industry_relative', 'driver_return', 'revenue_growth_lag1', 'operating_margin_lag1', 'earnings_yield_lag1', 'market_return_lag1', 'industry_relative_lag1', 'driver_return_lag1', 'market_return_lag1 missing', 'industry_relative_lag1 missing']"
ENTG,return,1,expanding,distributed_all_lag3,2024-12-31,2024-12-31,2025-01-31,0.0260891972713952,-0.027009647179628057,0.024206132761074462,108,1.0,1.0,False,100.0,"['revenue_growth', 'operating_margin', 'earnings_yield', 'market_return', 'industry_relative', 'driver_return', 'revenue_growth_lag1', 'operating_margin_lag1', 'earnings_yield_lag1', 'market_return_lag1', 'industry_relative_lag1', 'driver_return_lag1', 'revenue_growth_lag3', 'operating_margin_lag3', 'earnings_yield_lag3', 'market_return_lag3', 'industry_relative_lag3', 'driver_return_lag3', 'market_return_lag1 missing', 'industry_relative_lag1 missing']"
ENTG,return,1,expanding,core_pe_level,2025-01-31,2025-01-31,2025-02-28,-0.0031514598400861,0.03833762527850505,0.024223408582270064,109,0.0,1.0,False,10.0,"['revenue_growth', 'operating_margin', 'pe', 'market_return', 'industry_relative', 'driver_return', 'pe missing']"
ENTG,return,1,expanding,core_pe_difference,2025-01-31,2025-01-31,2025-02-28,-0.0031514598400861,0.03358165150282734,0.024223408582270064,109,0.0,1.0,False,100.0,"['revenue_growth', 'operating_margin', 'pe_diff', 'market_return', 'industry_relative', 'driver_return', 'pe_diff missing']"
ENTG,return,1,expanding,core_pe_percentage,2025-01-31,2025-01-31,2025-02-28,-0.0031514598400861,0.04007020725812328,0.024223408582270064,109,0.0,1.0,False,10.0,"['revenue_growth', 'operating_margin', 'pe_pct_change', 'market_return', 'industry_relative', 'driver_return', 'pe_pct_change missing']"
ENTG,return,1,expanding,core_pe_lag1,2025-01-31,2025-01-31,2025-02-28,-0.0031514598400861,0.03780470385168327,0.024223408582270064,109,0.0,1.0,False,100.0,"['revenue_growth', 'operating_margin', 'pe_lag1', 'market_return', 'industry_relative', 'driver_return', 'pe_lag1 missing']"
ENTG,return,1,expanding,core_financial_changes,2025-01-31,2025-01-31,2025-02-28,-0.0031514598400861,0.03602187322462673,0.024223408582270064,109,0.0,1.0,False,100.0,"['revenue_growth_diff', 'operating_margin_diff', 'earnings_yield_diff', 'market_return', 'industry_relative', 'driver_return']"
ENTG,return,1,expanding,distributed_all_lag1,2025-01-31,2025-01-31,2025-02-28,-0.0031514598400861,0.03060886602936674,0.024223408582270064,109,0.0,1.0,False,100.0,"['revenue_growth', 'operating_margin', 'earnings_yield', 'market_return', 'industry_relative', 'driver_return', 'revenue_growth_lag1', 'operating_margin_lag1', 'earnings_yield_lag1', 'market_return_lag1', 'industry_relative_lag1', 'driver_return_lag1', 'market_return_lag1 missing', 'industry_relative_lag1 missing']"
ENTG,return,1,expanding,distributed_all_lag3,2025-01-31,2025-01-31,2025-02-28,-0.0031514598400861,0.018915654995999023,0.024223408582270064,109,0.0,1.0,False,100.0,"['revenue_growth', 'operating_margin', 'earnings_yield', 'market_return', 'industry_relative', 'driver_return', 'revenue_growth_lag1', 'operating_margin_lag1', 'earnings_yield_lag1', 'market_return_lag1', 'industry_relative_lag1', 'driver_return_lag1', 'revenue_growth_lag3', 'operating_margin_lag3', 'earnings_yield_lag3', 'market_return_lag3', 'industry_relative_lag3', 'driver_return_lag3', 'market_return_lag1 missing', 'industry_relative_lag1 missing']"
ENTG,return,1,expanding,core_pe_level,2025-02-28,2025-02-28,2025-03-31,-0.1357439195867436,0.01851297134008944,0.023974546142066826,110,0.0,1.0,False,10.0,"['revenue_growth', 'operating_margin', 'pe', 'market_return', 'industry_relative', 'driver_return', 'pe missing']"
ENTG,return,1,expanding,core_pe_difference,2025-02-28,2025-02-28,2025-03-31,-0.1357439195867436,0.03692714063167943,0.023974546142066826,110,0.0,1.0,False,100.0,"['revenue_growth', 'operating_margin', 'pe_diff', 'market_return', 'industry_relative', 'driver_return', 'pe_diff missing']"
ENTG,return,1,expanding,core_pe_percentage,2025-02-28,2025-02-28,2025-03-31,-0.1357439195867436,0.03686708294072463,0.023974546142066826,110,0.0,1.0,False,10.0,"['revenue_growth', 'operating_margin', 'pe_pct_change', 'market_return', 'industry_relative', 'driver_return', 'pe_pct_change missing']"
ENTG,return,1,expanding,core_pe_lag1,2025-02-28,2025-02-28,2025-03-31,-0.1357439195867436,0.02366870757383653,0.023974546142066826,110,0.0,1.0,False,100.0,"['revenue_growth', 'operating_margin', 'pe_lag1', 'market_return', 'industry_relative', 'driver_return', 'pe_lag1 missing']"
ENTG,return,1,expanding,core_financial_changes,2025-02-28,2025-02-28,2025-03-31,-0.1357439195867436,0.03786625585543112,0.023974546142066826,110,0.0,1.0,False,100.0,"['revenue_growth_diff', 'operating_margin_diff', 'earnings_yield_diff', 'market_return', 'industry_relative', 'driver_return']"
ENTG,return,1,expanding,distributed_all_lag1,2025-02-28,2025-02-28,2025-03-31,-0.1357439195867436,0.005906108688165355,0.023974546142066826,110,0.0,1.0,False,100.0,"['revenue_growth', 'operating_margin', 'earnings_yield', 'market_return', 'industry_relative', 'driver_return', 'revenue_growth_lag1', 'operating_margin_lag1', 'earnings_yield_lag1', 'market_return_lag1', 'industry_relative_lag1', 'driver_return_lag1', 'market_return_lag1 missing', 'industry_relative_lag1 missing']"
ENTG,return,1,expanding,distributed_all_lag3,2025-02-28,2025-02-28,2025-03-31,-0.1357439195867436,-0.008144052914765953,0.023974546142066826,110,0.0,1.0,False,100.0,"['revenue_growth', 'operating_margin', 'earnings_yield', 'market_return', 'industry_relative', 'driver_return', 'revenue_growth_lag1', 'operating_margin_lag1', 'earnings_yield_lag1', 'market_return_lag1', 'industry_relative_lag1', 'driver_return_lag1', 'revenue_growth_lag3', 'operating_margin_lag3', 'earnings_yield_lag3', 'market_return_lag3', 'industry_relative_lag3', 'driver_return_lag3', 'market_return_lag1 missing', 'industry_relative_lag1 missing']"
ENTG,return,1,expanding,core_pe_level,2025-03-31,2025-03-31,2025-04-30,-0.0944137883544089,0.04711411683612974,0.022535641045410875,111,1.0,0.0,False,10.0,"['revenue_growth', 'operating_margin', 'pe', 'market_return', 'industry_relative', 'driver_return', 'pe missing']"
ENTG,return,1,expanding,core_pe_difference,2025-03-31,2025-03-31,2025-04-30,-0.0944137883544089,0.04302213511610298,0.022535641045410875,111,1.0,0.0,False,100.0,"['revenue_growth', 'operating_margin', 'pe_diff', 'market_return', 'industry_relative', 'driver_return', 'pe_diff missing']"
ENTG,return,1,expanding,core_pe_percentage,2025-03-31,2025-03-31,2025-04-30,-0.0944137883544089,0.04789529687133073,0.022535641045410875,111,1.0,0.0,False,10.0,"['revenue_growth', 'operating_margin', 'pe_pct_change', 'market_return', 'industry_relative', 'driver_return', 'pe_pct_change missing']"
ENTG,return,1,expanding,core_pe_lag1,2025-03-31,2025-03-31,2025-04-30,-0.0944137883544089,0.03902071533494858,0.022535641045410875,111,1.0,0.0,False,100.0,"['revenue_growth', 'operating_margin', 'pe_lag1', 'market_return', 'industry_relative', 'driver_return', 'pe_lag1 missing']"
ENTG,return,1,expanding,core_financial_changes,2025-03-31,2025-03-31,2025-04-30,-0.0944137883544089,0.04470002697884596,0.022535641045410875,111,1.0,0.0,False,100.0,"['revenue_growth_diff', 'operating_margin_diff', 'earnings_yield_diff', 'market_return', 'industry_relative', 'driver_return']"
ENTG,return,1,expanding,distributed_all_lag1,2025-03-31,2025-03-31,2025-04-30,-0.0944137883544089,0.029727371812042186,0.022535641045410875,111,1.0,0.0,False,100.0,"['revenue_growth', 'operating_margin', 'earnings_yield', 'market_return', 'industry_relative', 'driver_return', 'revenue_growth_lag1', 'operating_margin_lag1', 'earnings_yield_lag1', 'market_return_lag1', 'industry_relative_lag1', 'driver_return_lag1', 'market_return_lag1 missing', 'industry_relative_lag1 missing']"
ENTG,return,1,expanding,distributed_all_lag3,2025-03-31,2025-03-31,2025-04-30,-0.0944137883544089,0.022994779864253342,0.022535641045410875,111,1.0,0.0,False,100.0,"['revenue_growth', 'operating_margin', 'earnings_yield', 'market_return', 'industry_relative', 'driver_return', 'revenue_growth_lag1', 'operating_margin_lag1', 'earnings_yield_lag1', 'market_return_lag1', 'industry_relative_lag1', 'driver_return_lag1', 'revenue_growth_lag3', 'operating_margin_lag3', 'earnings_yield_lag3', 'market_return_lag3', 'industry_relative_lag3', 'driver_return_lag3', 'market_return_lag1 missing', 'industry_relative_lag1 missing']"
ENTG,return,1,expanding,core_pe_level,2025-04-30,2025-04-30,2025-05-31,-0.1311932906280545,0.04093060078218326,0.021491449711483923,112,1.0,0.0,False,10.0,"['revenue_growth', 'operating_margin', 'pe', 'market_return', 'industry_relative', 'driver_return', 'pe missing']"
ENTG,return,1,expanding,core_pe_difference,2025-04-30,2025-04-30,2025-05-31,-0.1311932906280545,0.035271481763562915,0.021491449711483923,112,1.0,0.0,False,100.0,"['revenue_growth', 'operating_margin', 'pe_diff', 'market_return', 'industry_relative', 'driver_return', 'pe_diff missing']"
ENTG,return,1,expanding,core_pe_percentage,2025-04-30,2025-04-30,2025-05-31,-0.1311932906280545,0.04257006443382795,0.021491449711483923,112,1.0,0.0,False,10.0,"['revenue_growth', 'operating_margin', 'pe_pct_change', 'market_return', 'industry_relative', 'driver_return', 'pe_pct_change missing']"
ENTG,return,1,expanding,core_pe_lag1,2025-04-30,2025-04-30,2025-05-31,-0.1311932906280545,0.03275983779706823,0.021491449711483923,112,1.0,0.0,False,100.0,"['revenue_growth', 'operating_margin', 'pe_lag1', 'market_return', 'industry_relative', 'driver_return', 'pe_lag1 missing']"
ENTG,return,1,expanding,core_financial_changes,2025-04-30,2025-04-30,2025-05-31,-0.1311932906280545,0.04085147945728748,0.021491449711483923,112,1.0,0.0,False,100.0,"['revenue_growth_diff', 'operating_margin_diff', 'earnings_yield_diff', 'market_return', 'industry_relative', 'driver_return']"
ENTG,return,1,expanding,distributed_all_lag1,2025-04-30,2025-04-30,2025-05-31,-0.1311932906280545,0.018603754909697748,0.021491449711483923,112,1.0,0.0,False,100.0,"['revenue_growth', 'operating_margin', 'earnings_yield', 'market_return', 'industry_relative', 'driver_return', 'revenue_growth_lag1', 'operating_margin_lag1', 'earnings_yield_lag1', 'market_return_lag1', 'industry_relative_lag1', 'driver_return_lag1', 'market_return_lag1 missing', 'industry_relative_lag1 missing']"
ENTG,return,1,expanding,distributed_all_lag3,2025-04-30,2025-04-30,2025-05-31,-0.1311932906280545,0.014714357603961786,0.021491449711483923,112,1.0,0.0,False,100.0,"['revenue_growth', 'operating_margin', 'earnings_yield', 'market_return', 'industry_relative', 'driver_return', 'revenue_growth_lag1', 'operating_margin_lag1', 'earnings_yield_lag1', 'market_return_lag1', 'industry_relative_lag1', 'driver_return_lag1', 'revenue_growth_lag3', 'operating_margin_lag3', 'earnings_yield_lag3', 'market_return_lag3', 'industry_relative_lag3', 'driver_return_lag3', 'market_return_lag1 missing', 'industry_relative_lag1 missing']"
ENTG,return,1,expanding,core_pe_level,2025-05-31,2025-05-30,2025-06-30,0.1732618657390376,-0.008390701101769042,0.020140257319098628,113,1.0,1.0,False,10.0,"['revenue_growth', 'operating_margin', 'pe', 'market_return', 'industry_relative', 'driver_return', 'pe missing']"
ENTG,return,1,expanding,core_pe_difference,2025-05-31,2025-05-30,2025-06-30,0.1732618657390376,0.007525389401129999,0.020140257319098628,113,1.0,1.0,False,100.0,"['revenue_growth', 'operating_margin', 'pe_diff', 'market_return', 'industry_relative', 'driver_return', 'pe_diff missing']"
ENTG,return,1,expanding,core_pe_percentage,2025-05-31,2025-05-30,2025-06-30,0.1732618657390376,0.014345391421780542,0.020140257319098628,113,1.0,1.0,False,10.0,"['revenue_growth', 'operating_margin', 'pe_pct_change', 'market_return', 'industry_relative', 'driver_return', 'pe_pct_change missing']"
ENTG,return,1,expanding,core_pe_lag1,2025-05-31,2025-05-30,2025-06-30,0.1732618657390376,3.371750964501971e-05,0.020140257319098628,113,1.0,1.0,False,100.0,"['revenue_growth', 'operating_margin', 'pe_lag1', 'market_return', 'industry_relative', 'driver_return', 'pe_lag1 missing']"
ENTG,return,1,expanding,core_financial_changes,2025-05-31,2025-05-30,2025-06-30,0.1732618657390376,0.013214585690745767,0.020140257319098628,113,1.0,1.0,False,100.0,"['revenue_growth_diff', 'operating_margin_diff', 'earnings_yield_diff', 'market_return', 'industry_relative', 'driver_return']"
ENTG,return,1,expanding,distributed_all_lag1,2025-05-31,2025-05-30,2025-06-30,0.1732618657390376,-0.011655570137608647,0.020140257319098628,113,1.0,1.0,False,100.0,"['revenue_growth', 'operating_margin', 'earnings_yield', 'market_return', 'industry_relative', 'driver_return', 'revenue_growth_lag1', 'operating_margin_lag1', 'earnings_yield_lag1', 'market_return_lag1', 'industry_relative_lag1', 'driver_return_lag1', 'market_return_lag1 missing', 'industry_relative_lag1 missing']"
ENTG,return,1,expanding,distributed_all_lag3,2025-05-31,2025-05-30,2025-06-30,0.1732618657390376,-0.031234074086040547,0.020140257319098628,113,1.0,1.0,False,100.0,"['revenue_growth', 'operating_margin', 'earnings_yield', 'market_return', 'industry_relative', 'driver_return', 'revenue_growth_lag1', 'operating_margin_lag1', 'earnings_yield_lag1', 'market_return_lag1', 'industry_relative_lag1', 'driver_return_lag1', 'revenue_growth_lag3', 'operating_margin_lag3', 'earnings_yield_lag3', 'market_return_lag3', 'industry_relative_lag3', 'driver_return_lag3', 'market_return_lag1 missing', 'industry_relative_lag1 missing']"
ENTG,return,1,expanding,core_pe_level,2025-06-30,2025-06-30,2025-07-31,-0.0261057028520954,-0.030673407643408715,0.0214834293227823,114,0.0,1.0,False,10.0,"['revenue_growth', 'operating_margin', 'pe', 'market_return', 'industry_relative', 'driver_return', 'pe missing']"
ENTG,return,1,expanding,core_pe_difference,2025-06-30,2025-06-30,2025-07-31,-0.0261057028520954,-0.013499836851500517,0.0214834293227823,114,0.0,1.0,False,100.0,"['revenue_growth', 'operating_margin', 'pe_diff', 'market_return', 'industry_relative', 'driver_return', 'pe_diff missing']"
ENTG,return,1,expanding,core_pe_percentage,2025-06-30,2025-06-30,2025-07-31,-0.0261057028520954,-0.03771177582805331,0.0214834293227823,114,0.0,1.0,False,10.0,"['revenue_growth', 'operating_margin', 'pe_pct_change', 'market_return', 'industry_relative', 'driver_return', 'pe_pct_change missing']"
ENTG,return,1,expanding,core_pe_lag1,2025-06-30,2025-06-30,2025-07-31,-0.0261057028520954,-0.00852161336332526,0.0214834293227823,114,0.0,1.0,False,100.0,"['revenue_growth', 'operating_margin', 'pe_lag1', 'market_return', 'industry_relative', 'driver_return', 'pe_lag1 missing']"
ENTG,return,1,expanding,core_financial_changes,2025-06-30,2025-06-30,2025-07-31,-0.0261057028520954,-0.005316211162071004,0.0214834293227823,114,0.0,1.0,False,100.0,"['revenue_growth_diff', 'operating_margin_diff', 'earnings_yield_diff', 'market_return', 'industry_relative', 'driver_return']"
ENTG,return,1,expanding,distributed_all_lag1,2025-06-30,2025-06-30,2025-07-31,-0.0261057028520954,-0.005480856229203662,0.0214834293227823,114,0.0,1.0,False,100.0,"['revenue_growth', 'operating_margin', 'earnings_yield', 'market_return', 'industry_relative', 'driver_return', 'revenue_growth_lag1', 'operating_margin_lag1', 'earnings_yield_lag1', 'market_return_lag1', 'industry_relative_lag1', 'driver_return_lag1', 'market_return_lag1 missing', 'industry_relative_lag1 missing']"
ENTG,return,1,expanding,distributed_all_lag3,2025-06-30,2025-06-30,2025-07-31,-0.0261057028520954,-0.020668400226335683,0.0214834293227823,114,0.0,1.0,False,100.0,"['revenue_growth', 'operating_margin', 'earnings_yield', 'market_return', 'industry_relative', 'driver_return', 'revenue_growth_lag1', 'operating_margin_lag1', 'earnings_yield_lag1', 'market_return_lag1', 'industry_relative_lag1', 'driver_return_lag1', 'revenue_growth_lag3', 'operating_margin_lag3', 'earnings_yield_lag3', 'market_return_lag3', 'industry_relative_lag3', 'driver_return_lag3', 'market_return_lag1 missing', 'industry_relative_lag1 missing']"
ENTG,return,1,expanding,core_pe_level,2025-07-31,2025-07-31,2025-08-31,0.0672955459345325,0.041206718401672386,0.02106961078213119,115,0.0,1.0,False,10.0,"['revenue_growth', 'operating_margin', 'pe', 'market_return', 'industry_relative', 'driver_return', 'pe missing']"
ENTG,return,1,expanding,core_pe_difference,2025-07-31,2025-07-31,2025-08-31,0.0672955459345325,0.028116364802804928,0.02106961078213119,115,0.0,1.0,False,100.0,"['revenue_growth', 'operating_margin', 'pe_diff', 'market_return', 'industry_relative', 'driver_return', 'pe_diff missing']"
ENTG,return,1,expanding,core_pe_percentage,2025-07-31,2025-07-31,2025-08-31,0.0672955459345325,0.031138469899660896,0.02106961078213119,115,0.0,1.0,False,10.0,"['revenue_growth', 'operating_margin', 'pe_pct_change', 'market_return', 'industry_relative', 'driver_return', 'pe_pct_change missing']"
ENTG,return,1,expanding,core_pe_lag1,2025-07-31,2025-07-31,2025-08-31,0.0672955459345325,0.030785811165793014,0.02106961078213119,115,0.0,1.0,False,100.0,"['revenue_growth', 'operating_margin', 'pe_lag1', 'market_return', 'industry_relative', 'driver_return', 'pe_lag1 missing']"
ENTG,return,1,expanding,core_financial_changes,2025-07-31,2025-07-31,2025-08-31,0.0672955459345325,0.029035345402255018,0.02106961078213119,115,0.0,1.0,False,100.0,"['revenue_growth_diff', 'operating_margin_diff', 'earnings_yield_diff', 'market_return', 'industry_relative', 'driver_return']"
ENTG,return,1,expanding,distributed_all_lag1,2025-07-31,2025-07-31,2025-08-31,0.0672955459345325,0.03820724983180704,0.02106961078213119,115,0.0,1.0,False,100.0,"['revenue_growth', 'operating_margin', 'earnings_yield', 'market_return', 'industry_relative', 'driver_return', 'revenue_growth_lag1', 'operating_margin_lag1', 'earnings_yield_lag1', 'market_return_lag1', 'industry_relative_lag1', 'driver_return_lag1', 'market_return_lag1 missing', 'industry_relative_lag1 missing']"
ENTG,return,1,expanding,distributed_all_lag3,2025-07-31,2025-07-31,2025-08-31,0.0672955459345325,0.02893476915399773,0.02106961078213119,115,0.0,1.0,False,100.0,"['revenue_growth', 'operating_margin', 'earnings_yield', 'market_return', 'industry_relative', 'driver_return', 'revenue_growth_lag1', 'operating_margin_lag1', 'earnings_yield_lag1', 'market_return_lag1', 'industry_relative_lag1', 'driver_return_lag1', 'revenue_growth_lag3', 'operating_margin_lag3', 'earnings_yield_lag3', 'market_return_lag3', 'industry_relative_lag3', 'driver_return_lag3', 'market_return_lag1 missing', 'industry_relative_lag1 missing']"
ENTG,return,1,expanding,core_pe_level,2025-08-31,2025-08-29,2025-09-30,0.104131801788269,0.022763344376970158,0.021468110223100165,116,0.0,0.0,False,10.0,"['revenue_growth', 'operating_margin', 'pe', 'market_return', 'industry_relative', 'driver_return', 'pe missing']"
ENTG,return,1,expanding,core_pe_difference,2025-08-31,2025-08-29,2025-09-30,0.104131801788269,0.016802881727481293,0.021468110223100165,116,0.0,0.0,False,100.0,"['revenue_growth', 'operating_margin', 'pe_diff', 'market_return', 'industry_relative', 'driver_return', 'pe_diff missing']"
ENTG,return,1,expanding,core_pe_percentage,2025-08-31,2025-08-29,2025-09-30,0.104131801788269,0.010871481080218222,0.021468110223100165,116,0.0,0.0,False,10.0,"['revenue_growth', 'operating_margin', 'pe_pct_change', 'market_return', 'industry_relative', 'driver_return', 'pe_pct_change missing']"
ENTG,return,1,expanding,core_pe_lag1,2025-08-31,2025-08-29,2025-09-30,0.104131801788269,0.02141978870403784,0.021468110223100165,116,0.0,0.0,False,100.0,"['revenue_growth', 'operating_margin', 'pe_lag1', 'market_return', 'industry_relative', 'driver_return', 'pe_lag1 missing']"
ENTG,return,1,expanding,core_financial_changes,2025-08-31,2025-08-29,2025-09-30,0.104131801788269,0.020777458246322447,0.021468110223100165,116,0.0,0.0,False,100.0,"['revenue_growth_diff', 'operating_margin_diff', 'earnings_yield_diff', 'market_return', 'industry_relative', 'driver_return']"
ENTG,return,1,expanding,distributed_all_lag1,2025-08-31,2025-08-29,2025-09-30,0.104131801788269,0.005784024404115941,0.021468110223100165,116,0.0,0.0,False,100.0,"['revenue_growth', 'operating_margin', 'earnings_yield', 'market_return', 'industry_relative', 'driver_return', 'revenue_growth_lag1', 'operating_margin_lag1', 'earnings_yield_lag1', 'market_return_lag1', 'industry_relative_lag1', 'driver_return_lag1', 'market_return_lag1 missing', 'industry_relative_lag1 missing']"
ENTG,return,1,expanding,distributed_all_lag3,2025-08-31,2025-08-29,2025-09-30,0.104131801788269,0.010473443815506385,0.021468110223100165,116,0.0,0.0,False,100.0,"['revenue_growth', 'operating_margin', 'earnings_yield', 'market_return', 'industry_relative', 'driver_return', 'revenue_growth_lag1', 'operating_margin_lag1', 'earnings_yield_lag1', 'market_return_lag1', 'industry_relative_lag1', 'driver_return_lag1', 'revenue_growth_lag3', 'operating_margin_lag3', 'earnings_yield_lag3', 'market_return_lag3', 'industry_relative_lag3', 'driver_return_lag3', 'market_return_lag1 missing', 'industry_relative_lag1 missing']"
ENTG,return,1,expanding,core_pe_level,2025-09-30,2025-09-30,2025-10-31,-0.0085447113333285,-0.01744752720361062,0.02217463750143494,117,0.0,0.0,False,10.0,"['revenue_growth', 'operating_margin', 'pe', 'market_return', 'industry_relative', 'driver_return', 'pe missing']"
ENTG,return,1,expanding,core_pe_difference,2025-09-30,2025-09-30,2025-10-31,-0.0085447113333285,-0.004363548492478463,0.02217463750143494,117,0.0,0.0,False,100.0,"['revenue_growth', 'operating_margin', 'pe_diff', 'market_return', 'industry_relative', 'driver_return', 'pe_diff missing']"
ENTG,return,1,expanding,core_pe_percentage,2025-09-30,2025-09-30,2025-10-31,-0.0085447113333285,-0.02021414131096725,0.02217463750143494,117,0.0,0.0,False,10.0,"['revenue_growth', 'operating_margin', 'pe_pct_change', 'market_return', 'industry_relative', 'driver_return', 'pe_pct_change missing']"
ENTG,return,1,expanding,core_pe_lag1,2025-09-30,2025-09-30,2025-10-31,-0.0085447113333285,0.00046207941285692986,0.02217463750143494,117,0.0,0.0,False,100.0,"['revenue_growth', 'operating_margin', 'pe_lag1', 'market_return', 'industry_relative', 'driver_return', 'pe_lag1 missing']"
ENTG,return,1,expanding,core_financial_changes,2025-09-30,2025-09-30,2025-10-31,-0.0085447113333285,0.003926098226026891,0.02217463750143494,117,0.0,0.0,False,100.0,"['revenue_growth_diff', 'operating_margin_diff', 'earnings_yield_diff', 'market_return', 'industry_relative', 'driver_return']"
ENTG,return,1,expanding,distributed_all_lag1,2025-09-30,2025-09-30,2025-10-31,-0.0085447113333285,-0.007852039344780518,0.02217463750143494,117,0.0,0.0,False,100.0,"['revenue_growth', 'operating_margin', 'earnings_yield', 'market_return', 'industry_relative', 'driver_return', 'revenue_growth_lag1', 'operating_margin_lag1', 'earnings_yield_lag1', 'market_return_lag1', 'industry_relative_lag1', 'driver_return_lag1', 'market_return_lag1 missing', 'industry_relative_lag1 missing']"
ENTG,return,1,expanding,distributed_all_lag3,2025-09-30,2025-09-30,2025-10-31,-0.0085447113333285,0.0010737226878830414,0.02217463750143494,117,0.0,0.0,False,100.0,"['revenue_growth', 'operating_margin', 'earnings_yield', 'market_return', 'industry_relative', 'driver_return', 'revenue_growth_lag1', 'operating_margin_lag1', 'earnings_yield_lag1', 'market_return_lag1', 'industry_relative_lag1', 'driver_return_lag1', 'revenue_growth_lag3', 'operating_margin_lag3', 'earnings_yield_lag3', 'market_return_lag3', 'industry_relative_lag3', 'driver_return_lag3', 'market_return_lag1 missing', 'industry_relative_lag1 missing']"
ENTG,return,1,expanding,core_pe_level,2025-10-31,2025-10-31,2025-11-30,-0.1575843591368065,-0.03450389829395043,0.021914304036733556,118,0.0,0.0,False,10.0,"['revenue_growth', 'operating_margin', 'pe', 'market_return', 'industry_relative', 'driver_return', 'pe missing']"
ENTG,return,1,expanding,core_pe_difference,2025-10-31,2025-10-31,2025-11-30,-0.1575843591368065,-0.008506422053578069,0.021914304036733556,118,0.0,0.0,False,100.0,"['revenue_growth', 'operating_margin', 'pe_diff', 'market_return', 'industry_relative', 'driver_return', 'pe_diff missing']"
ENTG,return,1,expanding,core_pe_percentage,2025-10-31,2025-10-31,2025-11-30,-0.1575843591368065,-0.02063425784801433,0.021914304036733556,118,0.0,0.0,False,10.0,"['revenue_growth', 'operating_margin', 'pe_pct_change', 'market_return', 'industry_relative', 'driver_return', 'pe_pct_change missing']"
ENTG,return,1,expanding,core_pe_lag1,2025-10-31,2025-10-31,2025-11-30,-0.1575843591368065,-0.008791116810592657,0.021914304036733556,118,0.0,0.0,False,100.0,"['revenue_growth', 'operating_margin', 'pe_lag1', 'market_return', 'industry_relative', 'driver_return', 'pe_lag1 missing']"
ENTG,return,1,expanding,core_financial_changes,2025-10-31,2025-10-31,2025-11-30,-0.1575843591368065,-0.00195175495546826,0.021914304036733556,118,0.0,0.0,False,100.0,"['revenue_growth_diff', 'operating_margin_diff', 'earnings_yield_diff', 'market_return', 'industry_relative', 'driver_return']"
ENTG,return,1,expanding,distributed_all_lag1,2025-10-31,2025-10-31,2025-11-30,-0.1575843591368065,-0.004564520291903615,0.021914304036733556,118,0.0,0.0,False,100.0,"['revenue_growth', 'operating_margin', 'earnings_yield', 'market_return', 'industry_relative', 'driver_return', 'revenue_growth_lag1', 'operating_margin_lag1', 'earnings_yield_lag1', 'market_return_lag1', 'industry_relative_lag1', 'driver_return_lag1', 'market_return_lag1 missing', 'industry_relative_lag1 missing']"
ENTG,return,1,expanding,distributed_all_lag3,2025-10-31,2025-10-31,2025-11-30,-0.1575843591368065,-0.009450918982286692,0.021914304036733556,118,0.0,0.0,False,100.0,"['revenue_growth', 'operating_margin', 'earnings_yield', 'market_return', 'industry_relative', 'driver_return', 'revenue_growth_lag1', 'operating_margin_lag1', 'earnings_yield_lag1', 'market_return_lag1', 'industry_relative_lag1', 'driver_return_lag1', 'revenue_growth_lag3', 'operating_margin_lag3', 'earnings_yield_lag3', 'market_return_lag3', 'industry_relative_lag3', 'driver_return_lag3', 'market_return_lag1 missing', 'industry_relative_lag1 missing']"
ENTG,return,1,expanding,core_pe_level,2025-11-30,2025-11-28,2025-12-31,0.0921700783941896,0.02931601043537608,0.020405911909224816,119,1.0,0.0,False,10.0,"['revenue_growth', 'operating_margin', 'pe', 'market_return', 'industry_relative', 'driver_return', 'pe missing']"
ENTG,return,1,expanding,core_pe_difference,2025-11-30,2025-11-28,2025-12-31,0.0921700783941896,0.028604924664079726,0.020405911909224816,119,1.0,0.0,False,100.0,"['revenue_growth', 'operating_margin', 'pe_diff', 'market_return', 'industry_relative', 'driver_return', 'pe_diff missing']"
ENTG,return,1,expanding,core_pe_percentage,2025-11-30,2025-11-28,2025-12-31,0.0921700783941896,0.036762830560306756,0.020405911909224816,119,1.0,0.0,False,10.0,"['revenue_growth', 'operating_margin', 'pe_pct_change', 'market_return', 'industry_relative', 'driver_return', 'pe_pct_change missing']"
ENTG,return,1,expanding,core_pe_lag1,2025-11-30,2025-11-28,2025-12-31,0.0921700783941896,0.023177356334398092,0.020405911909224816,119,1.0,0.0,False,100.0,"['revenue_growth', 'operating_margin', 'pe_lag1', 'market_return', 'industry_relative', 'driver_return', 'pe_lag1 missing']"
ENTG,return,1,expanding,core_financial_changes,2025-11-30,2025-11-28,2025-12-31,0.0921700783941896,0.0296882622310431,0.020405911909224816,119,1.0,0.0,False,100.0,"['revenue_growth_diff', 'operating_margin_diff', 'earnings_yield_diff', 'market_return', 'industry_relative', 'driver_return']"
ENTG,return,1,expanding,distributed_all_lag1,2025-11-30,2025-11-28,2025-12-31,0.0921700783941896,0.03262590960776106,0.020405911909224816,119,1.0,0.0,False,100.0,"['revenue_growth', 'operating_margin', 'earnings_yield', 'market_return', 'industry_relative', 'driver_return', 'revenue_growth_lag1', 'operating_margin_lag1', 'earnings_yield_lag1', 'market_return_lag1', 'industry_relative_lag1', 'driver_return_lag1', 'market_return_lag1 missing', 'industry_relative_lag1 missing']"
ENTG,return,1,expanding,distributed_all_lag3,2025-11-30,2025-11-28,2025-12-31,0.0921700783941896,0.027083057359988887,0.020405911909224816,119,1.0,0.0,False,100.0,"['revenue_growth', 'operating_margin', 'earnings_yield', 'market_return', 'industry_relative', 'driver_return', 'revenue_growth_lag1', 'operating_margin_lag1', 'earnings_yield_lag1', 'market_return_lag1', 'industry_relative_lag1', 'driver_return_lag1', 'revenue_growth_lag3', 'operating_margin_lag3', 'earnings_yield_lag3', 'market_return_lag3', 'industry_relative_lag3', 'driver_return_lag3', 'market_return_lag1 missing', 'industry_relative_lag1 missing']"
ENTG,return,1,expanding,core_pe_level,2025-12-31,2025-12-31,2026-01-31,0.4025891989871,0.026892190664064515,0.02100394662993286,120,0.0,0.0,False,100.0,"['revenue_growth', 'operating_margin', 'pe', 'market_return', 'industry_relative', 'driver_return', 'pe missing']"
ENTG,return,1,expanding,core_pe_difference,2025-12-31,2025-12-31,2026-01-31,0.4025891989871,0.02177136910630097,0.02100394662993286,120,0.0,0.0,False,100.0,"['revenue_growth', 'operating_margin', 'pe_diff', 'market_return', 'industry_relative', 'driver_return', 'pe_diff missing']"
ENTG,return,1,expanding,core_pe_percentage,2025-12-31,2025-12-31,2026-01-31,0.4025891989871,0.02073182368694384,0.02100394662993286,120,0.0,0.0,False,100.0,"['revenue_growth', 'operating_margin', 'pe_pct_change', 'market_return', 'industry_relative', 'driver_return', 'pe_pct_change missing']"
ENTG,return,1,expanding,core_pe_lag1,2025-12-31,2025-12-31,2026-01-31,0.4025891989871,0.02681216472131468,0.02100394662993286,120,0.0,0.0,False,100.0,"['revenue_growth', 'operating_margin', 'pe_lag1', 'market_return', 'industry_relative', 'driver_return', 'pe_lag1 missing']"
ENTG,return,1,expanding,core_financial_changes,2025-12-31,2025-12-31,2026-01-31,0.4025891989871,0.024465165682253803,0.02100394662993286,120,0.0,0.0,False,100.0,"['revenue_growth_diff', 'operating_margin_diff', 'earnings_yield_diff', 'market_return', 'industry_relative', 'driver_return']"
ENTG,return,1,expanding,distributed_all_lag1,2025-12-31,2025-12-31,2026-01-31,0.4025891989871,0.014438045395258968,0.02100394662993286,120,0.0,0.0,False,100.0,"['revenue_growth', 'operating_margin', 'earnings_yield', 'market_return', 'industry_relative', 'driver_return', 'revenue_growth_lag1', 'operating_margin_lag1', 'earnings_yield_lag1', 'market_return_lag1', 'industry_relative_lag1', 'driver_return_lag1', 'market_return_lag1 missing', 'industry_relative_lag1 missing']"
ENTG,return,1,expanding,distributed_all_lag3,2025-12-31,2025-12-31,2026-01-31,0.4025891989871,0.017251416782709177,0.02100394662993286,120,0.0,0.0,False,100.0,"['revenue_growth', 'operating_margin', 'earnings_yield', 'market_return', 'industry_relative', 'driver_return', 'revenue_growth_lag1', 'operating_margin_lag1', 'earnings_yield_lag1', 'market_return_lag1', 'industry_relative_lag1', 'driver_return_lag1', 'revenue_growth_lag3', 'operating_margin_lag3', 'earnings_yield_lag3', 'market_return_lag3', 'industry_relative_lag3', 'driver_return_lag3', 'market_return_lag1 missing', 'industry_relative_lag1 missing']"
ENTG,return,1,expanding,core_pe_level,2026-01-31,2026-01-30,2026-02-28,0.1217921640519157,-0.0076078514859188075,0.024157543756851595,121,0.0,1.0,False,100.0,"['revenue_growth', 'operating_margin', 'pe', 'market_return', 'industry_relative', 'driver_return', 'pe missing']"
ENTG,return,1,expanding,core_pe_difference,2026-01-31,2026-01-30,2026-02-28,0.1217921640519157,-0.018429955254799926,0.024157543756851595,121,0.0,1.0,False,100.0,"['revenue_growth', 'operating_margin', 'pe_diff', 'market_return', 'industry_relative', 'driver_return', 'pe_diff missing']"
ENTG,return,1,expanding,core_pe_percentage,2026-01-31,2026-01-30,2026-02-28,0.1217921640519157,-0.021869759943933986,0.024157543756851595,121,0.0,1.0,False,100.0,"['revenue_growth', 'operating_margin', 'pe_pct_change', 'market_return', 'industry_relative', 'driver_return', 'pe_pct_change missing']"
ENTG,return,1,expanding,core_pe_lag1,2026-01-31,2026-01-30,2026-02-28,0.1217921640519157,-0.0022694367000630385,0.024157543756851595,121,0.0,1.0,False,100.0,"['revenue_growth', 'operating_margin', 'pe_lag1', 'market_return', 'industry_relative', 'driver_return', 'pe_lag1 missing']"
ENTG,return,1,expanding,core_financial_changes,2026-01-31,2026-01-30,2026-02-28,0.1217921640519157,-0.005161259317096344,0.024157543756851595,121,0.0,1.0,False,100.0,"['revenue_growth_diff', 'operating_margin_diff', 'earnings_yield_diff', 'market_return', 'industry_relative', 'driver_return']"
ENTG,return,1,expanding,distributed_all_lag1,2026-01-31,2026-01-30,2026-02-28,0.1217921640519157,-0.012628809297556453,0.024157543756851595,121,0.0,1.0,False,100.0,"['revenue_growth', 'operating_margin', 'earnings_yield', 'market_return', 'industry_relative', 'driver_return', 'revenue_growth_lag1', 'operating_margin_lag1', 'earnings_yield_lag1', 'market_return_lag1', 'industry_relative_lag1', 'driver_return_lag1', 'market_return_lag1 missing', 'industry_relative_lag1 missing']"
ENTG,return,1,expanding,distributed_all_lag3,2026-01-31,2026-01-30,2026-02-28,0.1217921640519157,0.0007194493774931483,0.024157543756851595,121,0.0,1.0,False,100.0,"['revenue_growth', 'operating_margin', 'earnings_yield', 'market_return', 'industry_relative', 'driver_return', 'revenue_growth_lag1', 'operating_margin_lag1', 'earnings_yield_lag1', 'market_return_lag1', 'industry_relative_lag1', 'driver_return_lag1', 'revenue_growth_lag3', 'operating_margin_lag3', 'earnings_yield_lag3', 'market_return_lag3', 'industry_relative_lag3', 'driver_return_lag3', 'market_return_lag1 missing', 'industry_relative_lag1 missing']"
ENTG,return,1,expanding,core_pe_level,2026-02-28,2026-02-27,2026-03-31,-0.1148357591130584,0.03392089762472621,0.024957827529761955,122,0.0,1.0,False,100.0,"['revenue_growth', 'operating_margin', 'pe', 'market_return', 'industry_relative', 'driver_return', 'pe missing']"
ENTG,return,1,expanding,core_pe_difference,2026-02-28,2026-02-27,2026-03-31,-0.1148357591130584,0.02383716613424965,0.024957827529761955,122,0.0,1.0,False,100.0,"['revenue_growth', 'operating_margin', 'pe_diff', 'market_return', 'industry_relative', 'driver_return', 'pe_diff missing']"
ENTG,return,1,expanding,core_pe_percentage,2026-02-28,2026-02-27,2026-03-31,-0.1148357591130584,0.024911985568728146,0.024957827529761955,122,0.0,1.0,False,100.0,"['revenue_growth', 'operating_margin', 'pe_pct_change', 'market_return', 'industry_relative', 'driver_return', 'pe_pct_change missing']"
ENTG,return,1,expanding,core_pe_lag1,2026-02-28,2026-02-27,2026-03-31,-0.1148357591130584,0.04411601016515801,0.024957827529761955,122,0.0,1.0,False,100.0,"['revenue_growth', 'operating_margin', 'pe_lag1', 'market_return', 'industry_relative', 'driver_return', 'pe_lag1 missing']"
ENTG,return,1,expanding,core_financial_changes,2026-02-28,2026-02-27,2026-03-31,-0.1148357591130584,0.030436951487857328,0.024957827529761955,122,0.0,1.0,False,100.0,"['revenue_growth_diff', 'operating_margin_diff', 'earnings_yield_diff', 'market_return', 'industry_relative', 'driver_return']"
ENTG,return,1,expanding,distributed_all_lag1,2026-02-28,2026-02-27,2026-03-31,-0.1148357591130584,0.04080325134685163,0.024957827529761955,122,0.0,1.0,False,100.0,"['revenue_growth', 'operating_margin', 'earnings_yield', 'market_return', 'industry_relative', 'driver_return', 'revenue_growth_lag1', 'operating_margin_lag1', 'earnings_yield_lag1', 'market_return_lag1', 'industry_relative_lag1', 'driver_return_lag1', 'market_return_lag1 missing', 'industry_relative_lag1 missing']"
ENTG,return,1,expanding,distributed_all_lag3,2026-02-28,2026-02-27,2026-03-31,-0.1148357591130584,0.03300782308820776,0.024957827529761955,122,0.0,1.0,False,100.0,"['revenue_growth', 'operating_margin', 'earnings_yield', 'market_return', 'industry_relative', 'driver_return', 'revenue_growth_lag1', 'operating_margin_lag1', 'earnings_yield_lag1', 'market_return_lag1', 'industry_relative_lag1', 'driver_return_lag1', 'revenue_growth_lag3', 'operating_margin_lag3', 'earnings_yield_lag3', 'market_return_lag3', 'industry_relative_lag3', 'driver_return_lag3', 'market_return_lag1 missing', 'industry_relative_lag1 missing']"
ENTG,return,1,expanding,core_pe_level,2026-03-31,2026-03-31,2026-04-30,0.2067362185641428,0.029292000427847617,0.02382129430502358,123,1.0,1.0,False,100.0,"['revenue_growth', 'operating_margin', 'pe', 'market_return', 'industry_relative', 'driver_return', 'pe missing']"
ENTG,return,1,expanding,core_pe_difference,2026-03-31,2026-03-31,2026-04-30,0.2067362185641428,0.046476475140818665,0.02382129430502358,123,1.0,1.0,False,100.0,"['revenue_growth', 'operating_margin', 'pe_diff', 'market_return', 'industry_relative', 'driver_return', 'pe_diff missing']"
ENTG,return,1,expanding,core_pe_percentage,2026-03-31,2026-03-31,2026-04-30,0.2067362185641428,0.04299990290545064,0.02382129430502358,123,1.0,1.0,False,100.0,"['revenue_growth', 'operating_margin', 'pe_pct_change', 'market_return', 'industry_relative', 'driver_return', 'pe_pct_change missing']"
ENTG,return,1,expanding,core_pe_lag1,2026-03-31,2026-03-31,2026-04-30,0.2067362185641428,0.03610786236425932,0.02382129430502358,123,1.0,1.0,False,100.0,"['revenue_growth', 'operating_margin', 'pe_lag1', 'market_return', 'industry_relative', 'driver_return', 'pe_lag1 missing']"
ENTG,return,1,expanding,core_financial_changes,2026-03-31,2026-03-31,2026-04-30,0.2067362185641428,0.03667540111313774,0.02382129430502358,123,1.0,1.0,False,100.0,"['revenue_growth_diff', 'operating_margin_diff', 'earnings_yield_diff', 'market_return', 'industry_relative', 'driver_return']"
ENTG,return,1,expanding,distributed_all_lag1,2026-03-31,2026-03-31,2026-04-30,0.2067362185641428,0.021541001851358894,0.02382129430502358,123,1.0,1.0,False,100.0,"['revenue_growth', 'operating_margin', 'earnings_yield', 'market_return', 'industry_relative', 'driver_return', 'revenue_growth_lag1', 'operating_margin_lag1', 'earnings_yield_lag1', 'market_return_lag1', 'industry_relative_lag1', 'driver_return_lag1', 'market_return_lag1 missing', 'industry_relative_lag1 missing']"
ENTG,return,1,expanding,distributed_all_lag3,2026-03-31,2026-03-31,2026-04-30,0.2067362185641428,0.01830866696240576,0.02382129430502358,123,1.0,1.0,False,100.0,"['revenue_growth', 'operating_margin', 'earnings_yield', 'market_return', 'industry_relative', 'driver_return', 'revenue_growth_lag1', 'operating_margin_lag1', 'earnings_yield_lag1', 'market_return_lag1', 'industry_relative_lag1', 'driver_return_lag1', 'revenue_growth_lag3', 'operating_margin_lag3', 'earnings_yield_lag3', 'market_return_lag3', 'industry_relative_lag3', 'driver_return_lag3', 'market_return_lag1 missing', 'industry_relative_lag1 missing']"
ENTG,return,1,expanding,core_pe_level,2026-04-30,2026-04-30,2026-05-31,-0.0183194676655106,-0.0185363063157797,0.025296414661951958,124,0.0,1.0,False,100.0,"['revenue_growth', 'operating_margin', 'pe', 'market_return', 'industry_relative', 'driver_return', 'pe missing']"
ENTG,return,1,expanding,core_pe_difference,2026-04-30,2026-04-30,2026-05-31,-0.0183194676655106,-0.01898525411090198,0.025296414661951958,124,0.0,1.0,False,100.0,"['revenue_growth', 'operating_margin', 'pe_diff', 'market_return', 'industry_relative', 'driver_return', 'pe_diff missing']"
ENTG,return,1,expanding,core_pe_percentage,2026-04-30,2026-04-30,2026-05-31,-0.0183194676655106,-0.010015067888665425,0.025296414661951958,124,0.0,1.0,False,100.0,"['revenue_growth', 'operating_margin', 'pe_pct_change', 'market_return', 'industry_relative', 'driver_return', 'pe_pct_change missing']"
ENTG,return,1,expanding,core_pe_lag1,2026-04-30,2026-04-30,2026-05-31,-0.0183194676655106,-0.005922925391373159,0.025296414661951958,124,0.0,1.0,False,100.0,"['revenue_growth', 'operating_margin', 'pe_lag1', 'market_return', 'industry_relative', 'driver_return', 'pe_lag1 missing']"
ENTG,return,1,expanding,core_financial_changes,2026-04-30,2026-04-30,2026-05-31,-0.0183194676655106,-0.0009031984770708212,0.025296414661951958,124,0.0,1.0,False,100.0,"['revenue_growth_diff', 'operating_margin_diff', 'earnings_yield_diff', 'market_return', 'industry_relative', 'driver_return']"
ENTG,return,1,expanding,distributed_all_lag1,2026-04-30,2026-04-30,2026-05-31,-0.0183194676655106,-0.014408490255342066,0.025296414661951958,124,0.0,1.0,False,100.0,"['revenue_growth', 'operating_margin', 'earnings_yield', 'market_return', 'industry_relative', 'driver_return', 'revenue_growth_lag1', 'operating_margin_lag1', 'earnings_yield_lag1', 'market_return_lag1', 'industry_relative_lag1', 'driver_return_lag1', 'market_return_lag1 missing', 'industry_relative_lag1 missing']"
ENTG,return,1,expanding,distributed_all_lag3,2026-04-30,2026-04-30,2026-05-31,-0.0183194676655106,0.005643037216018422,0.025296414661951958,124,0.0,1.0,False,100.0,"['revenue_growth', 'operating_margin', 'earnings_yield', 'market_return', 'industry_relative', 'driver_return', 'revenue_growth_lag1', 'operating_margin_lag1', 'earnings_yield_lag1', 'market_return_lag1', 'industry_relative_lag1', 'driver_return_lag1', 'revenue_growth_lag3', 'operating_margin_lag3', 'earnings_yield_lag3', 'market_return_lag3', 'industry_relative_lag3', 'driver_return_lag3', 'market_return_lag1 missing', 'industry_relative_lag1 missing']"
ENTG,return,1,expanding,core_pe_level,2026-05-31,2026-05-29,2026-06-30,0.2959147530441928,-0.025744759024894925,0.024947487603332257,125,0.0,1.0,False,100.0,"['revenue_growth', 'operating_margin', 'pe', 'market_return', 'industry_relative', 'driver_return', 'pe missing']"
ENTG,return,1,expanding,core_pe_difference,2026-05-31,2026-05-29,2026-06-30,0.2959147530441928,-0.00022056455367957042,0.024947487603332257,125,0.0,1.0,False,100.0,"['revenue_growth', 'operating_margin', 'pe_diff', 'market_return', 'industry_relative', 'driver_return', 'pe_diff missing']"
ENTG,return,1,expanding,core_pe_percentage,2026-05-31,2026-05-29,2026-06-30,0.2959147530441928,-0.001151965241626269,0.024947487603332257,125,0.0,1.0,False,100.0,"['revenue_growth', 'operating_margin', 'pe_pct_change', 'market_return', 'industry_relative', 'driver_return', 'pe_pct_change missing']"
ENTG,return,1,expanding,core_pe_lag1,2026-05-31,2026-05-29,2026-06-30,0.2959147530441928,-0.0168950713451858,0.024947487603332257,125,0.0,1.0,False,100.0,"['revenue_growth', 'operating_margin', 'pe_lag1', 'market_return', 'industry_relative', 'driver_return', 'pe_lag1 missing']"
ENTG,return,1,expanding,core_financial_changes,2026-05-31,2026-05-29,2026-06-30,0.2959147530441928,-0.004530192329121153,0.024947487603332257,125,0.0,1.0,False,100.0,"['revenue_growth_diff', 'operating_margin_diff', 'earnings_yield_diff', 'market_return', 'industry_relative', 'driver_return']"
ENTG,return,1,expanding,distributed_all_lag1,2026-05-31,2026-05-29,2026-06-30,0.2959147530441928,-0.022045348258307507,0.024947487603332257,125,0.0,1.0,False,100.0,"['revenue_growth', 'operating_margin', 'earnings_yield', 'market_return', 'industry_relative', 'driver_return', 'revenue_growth_lag1', 'operating_margin_lag1', 'earnings_yield_lag1', 'market_return_lag1', 'industry_relative_lag1', 'driver_return_lag1', 'market_return_lag1 missing', 'industry_relative_lag1 missing']"
ENTG,return,1,expanding,distributed_all_lag3,2026-05-31,2026-05-29,2026-06-30,0.2959147530441928,-0.031032510703490418,0.024947487603332257,125,0.0,1.0,False,100.0,"['revenue_growth', 'operating_margin', 'earnings_yield', 'market_return', 'industry_relative', 'driver_return', 'revenue_growth_lag1', 'operating_margin_lag1', 'earnings_yield_lag1', 'market_return_lag1', 'industry_relative_lag1', 'driver_return_lag1', 'revenue_growth_lag3', 'operating_margin_lag3', 'earnings_yield_lag3', 'market_return_lag3', 'industry_relative_lag3', 'driver_return_lag3', 'market_return_lag1 missing', 'industry_relative_lag1 missing']"
ENTG,return,1,expanding,core_pe_level,2026-06-30,2026-06-30,2026-07-31,-0.3375356160976739,0.010399491759835042,0.0270980214560375,126,1.0,1.0,False,100.0,"['revenue_growth', 'operating_margin', 'pe', 'market_return', 'industry_relative', 'driver_return', 'pe missing']"
ENTG,return,1,expanding,core_pe_difference,2026-06-30,2026-06-30,2026-07-31,-0.3375356160976739,-0.007412429906167445,0.0270980214560375,126,1.0,1.0,False,100.0,"['revenue_growth', 'operating_margin', 'pe_diff', 'market_return', 'industry_relative', 'driver_return', 'pe_diff missing']"
ENTG,return,1,expanding,core_pe_percentage,2026-06-30,2026-06-30,2026-07-31,-0.3375356160976739,0.005472765967078987,0.0270980214560375,126,1.0,1.0,False,100.0,"['revenue_growth', 'operating_margin', 'pe_pct_change', 'market_return', 'industry_relative', 'driver_return', 'pe_pct_change missing']"
ENTG,return,1,expanding,core_pe_lag1,2026-06-30,2026-06-30,2026-07-31,-0.3375356160976739,0.024525062556792,0.0270980214560375,126,1.0,1.0,False,100.0,"['revenue_growth', 'operating_margin', 'pe_lag1', 'market_return', 'industry_relative', 'driver_return', 'pe_lag1 missing']"
ENTG,return,1,expanding,core_financial_changes,2026-06-30,2026-06-30,2026-07-31,-0.3375356160976739,0.02134520478156875,0.0270980214560375,126,1.0,1.0,False,100.0,"['revenue_growth_diff', 'operating_margin_diff', 'earnings_yield_diff', 'market_return', 'industry_relative', 'driver_return']"
ENTG,return,1,expanding,distributed_all_lag1,2026-06-30,2026-06-30,2026-07-31,-0.3375356160976739,0.033964137419808055,0.0270980214560375,126,1.0,1.0,False,100.0,"['revenue_growth', 'operating_margin', 'earnings_yield', 'market_return', 'industry_relative', 'driver_return', 'revenue_growth_lag1', 'operating_margin_lag1', 'earnings_yield_lag1', 'market_return_lag1', 'industry_relative_lag1', 'driver_return_lag1', 'market_return_lag1 missing', 'industry_relative_lag1 missing']"
ENTG,return,1,expanding,distributed_all_lag3,2026-06-30,2026-06-30,2026-07-31,-0.3375356160976739,0.023306089990725157,0.0270980214560375,126,1.0,1.0,False,100.0,"['revenue_growth', 'operating_margin', 'earnings_yield', 'market_return', 'industry_relative', 'driver_return', 'revenue_growth_lag1', 'operating_margin_lag1', 'earnings_yield_lag1', 'market_return_lag1', 'industry_relative_lag1', 'driver_return_lag1', 'revenue_growth_lag3', 'operating_margin_lag3', 'earnings_yield_lag3', 'market_return_lag3', 'industry_relative_lag3', 'driver_return_lag3', 'market_return_lag1 missing', 'industry_relative_lag1 missing']"
ENTG,return,1,expanding,core_pe_level,2026-07-31,2026-07-31,2026-08-31,0.1364131862081059,0.045664533169413386,0.024226890451677564,127,0.0,1.0,False,100.0,"['revenue_growth', 'operating_margin', 'pe', 'market_return', 'industry_relative', 'driver_return', 'pe missing']"
ENTG,return,1,expanding,core_pe_difference,2026-07-31,2026-07-31,2026-08-31,0.1364131862081059,0.10857020773698517,0.024226890451677564,127,0.0,1.0,False,100.0,"['revenue_growth', 'operating_margin', 'pe_diff', 'market_return', 'industry_relative', 'driver_return', 'pe_diff missing']"
ENTG,return,1,expanding,core_pe_percentage,2026-07-31,2026-07-31,2026-08-31,0.1364131862081059,0.07709306368208968,0.024226890451677564,127,0.0,1.0,False,100.0,"['revenue_growth', 'operating_margin', 'pe_pct_change', 'market_return', 'industry_relative', 'driver_return', 'pe_pct_change missing']"
ENTG,return,1,expanding,core_pe_lag1,2026-07-31,2026-07-31,2026-08-31,0.1364131862081059,0.0535244466805679,0.024226890451677564,127,0.0,1.0,False,100.0,"['revenue_growth', 'operating_margin', 'pe_lag1', 'market_return', 'industry_relative', 'driver_return', 'pe_lag1 missing']"
ENTG,return,1,expanding,core_financial_changes,2026-07-31,2026-07-31,2026-08-31,0.1364131862081059,0.05568399353207158,0.024226890451677564,127,0.0,1.0,False,100.0,"['revenue_growth_diff', 'operating_margin_diff', 'earnings_yield_diff', 'market_return', 'industry_relative', 'driver_return']"
ENTG,return,1,expanding,distributed_all_lag1,2026-07-31,2026-07-31,2026-08-31,0.1364131862081059,0.05079953868943313,0.024226890451677564,127,0.0,1.0,False,100.0,"['revenue_growth', 'operating_margin', 'earnings_yield', 'market_return', 'industry_relative', 'driver_return', 'revenue_growth_lag1', 'operating_margin_lag1', 'earnings_yield_lag1', 'market_return_lag1', 'industry_relative_lag1', 'driver_return_lag1', 'market_return_lag1 missing', 'industry_relative_lag1 missing']"
ENTG,return,1,expanding,distributed_all_lag3,2026-07-31,2026-07-31,2026-08-31,0.1364131862081059,0.07449709605481934,0.024226890451677564,127,0.0,1.0,False,100.0,"['revenue_growth', 'operating_margin', 'earnings_yield', 'market_return', 'industry_relative', 'driver_return', 'revenue_growth_lag1', 'operating_margin_lag1', 'earnings_yield_lag1', 'market_return_lag1', 'industry_relative_lag1', 'driver_return_lag1', 'revenue_growth_lag3', 'operating_margin_lag3', 'earnings_yield_lag3', 'market_return_lag3', 'industry_relative_lag3', 'driver_return_lag3', 'market_return_lag1 missing', 'industry_relative_lag1 missing']"
CRS,return,1,expanding,core_pe_level,2022-12-31,2022-12-30,2023-01-31,0.3125974355572183,0.0365975590893208,0.014454365508721978,84,1.0,1.0,False,100.0,"['revenue_growth', 'operating_margin', 'market_return', 'industry_relative', 'driver_return', 'operating_margin missing']"
CRS,return,1,expanding,core_pe_difference,2022-12-31,2022-12-30,2023-01-31,0.3125974355572183,0.0365975590893208,0.014454365508721978,84,1.0,1.0,False,100.0,"['revenue_growth', 'operating_margin', 'market_return', 'industry_relative', 'driver_return', 'operating_margin missing']"
CRS,return,1,expanding,core_pe_percentage,2022-12-31,2022-12-30,2023-01-31,0.3125974355572183,0.0365975590893208,0.014454365508721978,84,1.0,1.0,False,100.0,"['revenue_growth', 'operating_margin', 'market_return', 'industry_relative', 'driver_return', 'operating_margin missing']"
CRS,return,1,expanding,core_pe_lag1,2022-12-31,2022-12-30,2023-01-31,0.3125974355572183,0.03423394951900492,0.014454365508721978,84,1.0,1.0,False,100.0,"['revenue_growth', 'operating_margin', 'pe_lag1', 'market_return', 'industry_relative', 'driver_return', 'operating_margin missing', 'pe_lag1 missing']"
CRS,return,1,expanding,core_financial_changes,2022-12-31,2022-12-30,2023-01-31,0.3125974355572183,0.04668524087092271,0.014454365508721978,84,1.0,1.0,False,100.0,"['revenue_growth_diff', 'operating_margin_diff', 'earnings_yield_diff', 'market_return', 'industry_relative', 'driver_return', 'operating_margin_diff missing']"
CRS,return,1,expanding,distributed_all_lag1,2022-12-31,2022-12-30,2023-01-31,0.3125974355572183,0.01997503761477706,0.014454365508721978,84,1.0,1.0,False,100.0,"['revenue_growth', 'operating_margin', 'earnings_yield', 'market_return', 'industry_relative', 'driver_return', 'revenue_growth_lag1', 'operating_margin_lag1', 'earnings_yield_lag1', 'market_return_lag1', 'industry_relative_lag1', 'driver_return_lag1', 'operating_margin missing', 'operating_margin_lag1 missing', 'market_return_lag1 missing', 'industry_relative_lag1 missing']"
CRS,return,1,expanding,distributed_all_lag3,2022-12-31,2022-12-30,2023-01-31,0.3125974355572183,0.022733635715247696,0.014454365508721978,84,1.0,1.0,False,100.0,"['revenue_growth', 'operating_margin', 'earnings_yield', 'market_return', 'industry_relative', 'driver_return', 'revenue_growth_lag1', 'operating_margin_lag1', 'earnings_yield_lag1', 'market_return_lag1', 'industry_relative_lag1', 'driver_return_lag1', 'revenue_growth_lag3', 'operating_margin_lag3', 'earnings_yield_lag3', 'market_return_lag3', 'industry_relative_lag3', 'driver_return_lag3', 'operating_margin missing', 'operating_margin_lag1 missing', 'market_return_lag1 missing', 'industry_relative_lag1 missing', 'operating_margin_lag3 missing']"
CRS,return,1,expanding,core_pe_level,2023-01-31,2023-01-31,2023-02-28,0.0008283533662385,0.007225200433477902,0.017961931038704287,85,1.0,0.0,False,100.0,"['revenue_growth', 'operating_margin', 'market_return', 'industry_relative', 'driver_return', 'operating_margin missing']"
CRS,return,1,expanding,core_pe_difference,2023-01-31,2023-01-31,2023-02-28,0.0008283533662385,0.007225200433477902,0.017961931038704287,85,1.0,0.0,False,100.0,"['revenue_growth', 'operating_margin', 'market_return', 'industry_relative', 'driver_return', 'operating_margin missing']"
CRS,return,1,expanding,core_pe_percentage,2023-01-31,2023-01-31,2023-02-28,0.0008283533662385,0.007225200433477902,0.017961931038704287,85,1.0,0.0,False,100.0,"['revenue_growth', 'operating_margin', 'market_return', 'industry_relative', 'driver_return', 'operating_margin missing']"
CRS,return,1,expanding,core_pe_lag1,2023-01-31,2023-01-31,2023-02-28,0.0008283533662385,0.007225200433477902,0.017961931038704287,85,1.0,0.0,False,100.0,"['revenue_growth', 'operating_margin', 'market_return', 'industry_relative', 'driver_return', 'operating_margin missing']"
CRS,return,1,expanding,core_financial_changes,2023-01-31,2023-01-31,2023-02-28,0.0008283533662385,-0.010725603325428292,0.017961931038704287,85,1.0,0.0,False,100.0,"['revenue_growth_diff', 'operating_margin_diff', 'earnings_yield_diff', 'market_return', 'industry_relative', 'driver_return', 'operating_margin_diff missing']"
CRS,return,1,expanding,distributed_all_lag1,2023-01-31,2023-01-31,2023-02-28,0.0008283533662385,0.03096504198083843,0.017961931038704287,85,1.0,0.0,False,100.0,"['revenue_growth', 'operating_margin', 'earnings_yield', 'market_return', 'industry_relative', 'driver_return', 'revenue_growth_lag1', 'operating_margin_lag1', 'earnings_yield_lag1', 'market_return_lag1', 'industry_relative_lag1', 'driver_return_lag1', 'operating_margin missing', 'operating_margin_lag1 missing', 'market_return_lag1 missing', 'industry_relative_lag1 missing']"
CRS,return,1,expanding,distributed_all_lag3,2023-01-31,2023-01-31,2023-02-28,0.0008283533662385,-0.0072980335476116875,0.017961931038704287,85,1.0,0.0,False,100.0,"['revenue_growth', 'operating_margin', 'earnings_yield', 'market_return', 'industry_relative', 'driver_return', 'revenue_growth_lag1', 'operating_margin_lag1', 'earnings_yield_lag1', 'market_return_lag1', 'industry_relative_lag1', 'driver_return_lag1', 'revenue_growth_lag3', 'operating_margin_lag3', 'earnings_yield_lag3', 'market_return_lag3', 'industry_relative_lag3', 'driver_return_lag3', 'operating_margin missing', 'operating_margin_lag1 missing', 'market_return_lag1 missing', 'industry_relative_lag1 missing', 'operating_margin_lag3 missing']"
CRS,return,1,expanding,core_pe_level,2023-02-28,2023-02-28,2023-03-31,-0.0738671848370938,0.02187296959240292,0.017762703391350033,86,0.0,1.0,False,100.0,"['revenue_growth', 'operating_margin', 'market_return', 'industry_relative', 'driver_return', 'operating_margin missing']"
CRS,return,1,expanding,core_pe_difference,2023-02-28,2023-02-28,2023-03-31,-0.0738671848370938,0.02187296959240292,0.017762703391350033,86,0.0,1.0,False,100.0,"['revenue_growth', 'operating_margin', 'market_return', 'industry_relative', 'driver_return', 'operating_margin missing']"
CRS,return,1,expanding,core_pe_percentage,2023-02-28,2023-02-28,2023-03-31,-0.0738671848370938,0.02187296959240292,0.017762703391350033,86,0.0,1.0,False,100.0,"['revenue_growth', 'operating_margin', 'market_return', 'industry_relative', 'driver_return', 'operating_margin missing']"
CRS,return,1,expanding,core_pe_lag1,2023-02-28,2023-02-28,2023-03-31,-0.0738671848370938,0.02187296959240292,0.017762703391350033,86,0.0,1.0,False,100.0,"['revenue_growth', 'operating_margin', 'market_return', 'industry_relative', 'driver_return', 'operating_margin missing']"
CRS,return,1,expanding,core_financial_changes,2023-02-28,2023-02-28,2023-03-31,-0.0738671848370938,0.031194973243107185,0.017762703391350033,86,0.0,1.0,False,100.0,"['revenue_growth_diff', 'operating_margin_diff', 'earnings_yield_diff', 'market_return', 'industry_relative', 'driver_return', 'operating_margin_diff missing']"
CRS,return,1,expanding,distributed_all_lag1,2023-02-28,2023-02-28,2023-03-31,-0.0738671848370938,0.02458073289622479,0.017762703391350033,86,0.0,1.0,False,100.0,"['revenue_growth', 'operating_margin', 'earnings_yield', 'market_return', 'industry_relative', 'driver_return', 'revenue_growth_lag1', 'operating_margin_lag1', 'earnings_yield_lag1', 'market_return_lag1', 'industry_relative_lag1', 'driver_return_lag1', 'operating_margin missing', 'operating_margin_lag1 missing', 'market_return_lag1 missing', 'industry_relative_lag1 missing']"
CRS,return,1,expanding,distributed_all_lag3,2023-02-28,2023-02-28,2023-03-31,-0.0738671848370938,0.028943812863681834,0.017762703391350033,86,0.0,1.0,False,100.0,"['revenue_growth', 'operating_margin', 'earnings_yield', 'market_return', 'industry_relative', 'driver_return', 'revenue_growth_lag1', 'operating_margin_lag1', 'earnings_yield_lag1', 'market_return_lag1', 'industry_relative_lag1', 'driver_return_lag1', 'revenue_growth_lag3', 'operating_margin_lag3', 'earnings_yield_lag3', 'market_return_lag3', 'industry_relative_lag3', 'driver_return_lag3', 'operating_margin missing', 'operating_margin_lag1 missing', 'market_return_lag1 missing', 'industry_relative_lag1 missing', 'operating_margin_lag3 missing']"
CRS,return,1,expanding,core_pe_level,2023-03-31,2023-03-31,2023-04-30,0.1782842642377391,0.007621624457165946,0.01670948628527597,87,1.0,0.0,False,100.0,"['revenue_growth', 'operating_margin', 'market_return', 'industry_relative', 'driver_return', 'operating_margin missing']"
CRS,return,1,expanding,core_pe_difference,2023-03-31,2023-03-31,2023-04-30,0.1782842642377391,0.007621624457165946,0.01670948628527597,87,1.0,0.0,False,100.0,"['revenue_growth', 'operating_margin', 'market_return', 'industry_relative', 'driver_return', 'operating_margin missing']"
CRS,return,1,expanding,core_pe_percentage,2023-03-31,2023-03-31,2023-04-30,0.1782842642377391,0.007621624457165946,0.01670948628527597,87,1.0,0.0,False,100.0,"['revenue_growth', 'operating_margin', 'market_return', 'industry_relative', 'driver_return', 'operating_margin missing']"
CRS,return,1,expanding,core_pe_lag1,2023-03-31,2023-03-31,2023-04-30,0.1782842642377391,0.007621624457165946,0.01670948628527597,87,1.0,0.0,False,100.0,"['revenue_growth', 'operating_margin', 'market_return', 'industry_relative', 'driver_return', 'operating_margin missing']"
CRS,return,1,expanding,core_financial_changes,2023-03-31,2023-03-31,2023-04-30,0.1782842642377391,0.018930145324896022,0.01670948628527597,87,1.0,0.0,False,100.0,"['revenue_growth_diff', 'operating_margin_diff', 'earnings_yield_diff', 'market_return', 'industry_relative', 'driver_return', 'operating_margin_diff missing']"
CRS,return,1,expanding,distributed_all_lag1,2023-03-31,2023-03-31,2023-04-30,0.1782842642377391,0.013986884138623493,0.01670948628527597,87,1.0,0.0,False,100.0,"['revenue_growth', 'operating_margin', 'earnings_yield', 'market_return', 'industry_relative', 'driver_return', 'revenue_growth_lag1', 'operating_margin_lag1', 'earnings_yield_lag1', 'market_return_lag1', 'industry_relative_lag1', 'driver_return_lag1', 'operating_margin missing', 'operating_margin_lag1 missing', 'market_return_lag1 missing', 'industry_relative_lag1 missing']"
CRS,return,1,expanding,distributed_all_lag3,2023-03-31,2023-03-31,2023-04-30,0.1782842642377391,0.0038202606007071167,0.01670948628527597,87,1.0,0.0,False,100.0,"['revenue_growth', 'operating_margin', 'earnings_yield', 'market_return', 'industry_relative', 'driver_return', 'revenue_growth_lag1', 'operating_margin_lag1', 'earnings_yield_lag1', 'market_return_lag1', 'industry_relative_lag1', 'driver_return_lag1', 'revenue_growth_lag3', 'operating_margin_lag3', 'earnings_yield_lag3', 'market_return_lag3', 'industry_relative_lag3', 'driver_return_lag3', 'operating_margin missing', 'operating_margin_lag1 missing', 'market_return_lag1 missing', 'industry_relative_lag1 missing', 'operating_margin_lag3 missing']"
CRS,return,1,expanding,core_pe_level,2023-04-30,2023-04-28,2023-05-31,-0.1318996425863704,-0.0004039178266029633,0.018545563307463046,88,0.0,0.0,False,100.0,"['revenue_growth', 'operating_margin', 'market_return', 'industry_relative', 'driver_return', 'operating_margin missing']"
CRS,return,1,expanding,core_pe_difference,2023-04-30,2023-04-28,2023-05-31,-0.1318996425863704,-0.0004039178266029633,0.018545563307463046,88,0.0,0.0,False,100.0,"['revenue_growth', 'operating_margin', 'market_return', 'industry_relative', 'driver_return', 'operating_margin missing']"
CRS,return,1,expanding,core_pe_percentage,2023-04-30,2023-04-28,2023-05-31,-0.1318996425863704,-0.0004039178266029633,0.018545563307463046,88,0.0,0.0,False,100.0,"['revenue_growth', 'operating_margin', 'market_return', 'industry_relative', 'driver_return', 'operating_margin missing']"
CRS,return,1,expanding,core_pe_lag1,2023-04-30,2023-04-28,2023-05-31,-0.1318996425863704,-0.0004039178266029633,0.018545563307463046,88,0.0,0.0,False,100.0,"['revenue_growth', 'operating_margin', 'market_return', 'industry_relative', 'driver_return', 'operating_margin missing']"
CRS,return,1,expanding,core_financial_changes,2023-04-30,2023-04-28,2023-05-31,-0.1318996425863704,1.9836452294485357e-05,0.018545563307463046,88,0.0,0.0,False,100.0,"['revenue_growth_diff', 'operating_margin_diff', 'earnings_yield_diff', 'market_return', 'industry_relative', 'driver_return', 'operating_margin_diff missing']"
CRS,return,1,expanding,distributed_all_lag1,2023-04-30,2023-04-28,2023-05-31,-0.1318996425863704,-0.002833509950585719,0.018545563307463046,88,0.0,0.0,False,100.0,"['revenue_growth', 'operating_margin', 'earnings_yield', 'market_return', 'industry_relative', 'driver_return', 'revenue_growth_lag1', 'operating_margin_lag1', 'earnings_yield_lag1', 'market_return_lag1', 'industry_relative_lag1', 'driver_return_lag1', 'operating_margin missing', 'operating_margin_lag1 missing', 'market_return_lag1 missing', 'industry_relative_lag1 missing']"
CRS,return,1,expanding,distributed_all_lag3,2023-04-30,2023-04-28,2023-05-31,-0.1318996425863704,0.015186034668049119,0.018545563307463046,88,0.0,0.0,False,100.0,"['revenue_growth', 'operating_margin', 'earnings_yield', 'market_return', 'industry_relative', 'driver_return', 'revenue_growth_lag1', 'operating_margin_lag1', 'earnings_yield_lag1', 'market_return_lag1', 'industry_relative_lag1', 'driver_return_lag1', 'revenue_growth_lag3', 'operating_margin_lag3', 'earnings_yield_lag3', 'market_return_lag3', 'industry_relative_lag3', 'driver_return_lag3', 'operating_margin missing', 'operating_margin_lag1 missing', 'market_return_lag1 missing', 'industry_relative_lag1 missing', 'operating_margin_lag3 missing']"
CRS,return,1,expanding,core_pe_level,2023-05-31,2023-05-31,2023-06-30,0.2306511329172575,0.004543681631146029,0.016855167735622224,89,0.0,0.0,False,100.0,"['revenue_growth', 'operating_margin', 'market_return', 'industry_relative', 'driver_return', 'operating_margin missing']"
CRS,return,1,expanding,core_pe_difference,2023-05-31,2023-05-31,2023-06-30,0.2306511329172575,0.004543681631146029,0.016855167735622224,89,0.0,0.0,False,100.0,"['revenue_growth', 'operating_margin', 'market_return', 'industry_relative', 'driver_return', 'operating_margin missing']"
CRS,return,1,expanding,core_pe_percentage,2023-05-31,2023-05-31,2023-06-30,0.2306511329172575,0.004543681631146029,0.016855167735622224,89,0.0,0.0,False,100.0,"['revenue_growth', 'operating_margin', 'market_return', 'industry_relative', 'driver_return', 'operating_margin missing']"
CRS,return,1,expanding,core_pe_lag1,2023-05-31,2023-05-31,2023-06-30,0.2306511329172575,0.004543681631146029,0.016855167735622224,89,0.0,0.0,False,100.0,"['revenue_growth', 'operating_margin', 'market_return', 'industry_relative', 'driver_return', 'operating_margin missing']"
CRS,return,1,expanding,core_financial_changes,2023-05-31,2023-05-31,2023-06-30,0.2306511329172575,0.013906188847001044,0.016855167735622224,89,0.0,0.0,False,100.0,"['revenue_growth_diff', 'operating_margin_diff', 'earnings_yield_diff', 'market_return', 'industry_relative', 'driver_return', 'operating_margin_diff missing']"
CRS,return,1,expanding,distributed_all_lag1,2023-05-31,2023-05-31,2023-06-30,0.2306511329172575,-0.001052804691537533,0.016855167735622224,89,0.0,0.0,False,100.0,"['revenue_growth', 'operating_margin', 'earnings_yield', 'market_return', 'industry_relative', 'driver_return', 'revenue_growth_lag1', 'operating_margin_lag1', 'earnings_yield_lag1', 'market_return_lag1', 'industry_relative_lag1', 'driver_return_lag1', 'operating_margin missing', 'operating_margin_lag1 missing', 'market_return_lag1 missing', 'industry_relative_lag1 missing']"
CRS,return,1,expanding,distributed_all_lag3,2023-05-31,2023-05-31,2023-06-30,0.2306511329172575,0.002065567929053035,0.016855167735622224,89,0.0,0.0,False,100.0,"['revenue_growth', 'operating_margin', 'earnings_yield', 'market_return', 'industry_relative', 'driver_return', 'revenue_growth_lag1', 'operating_margin_lag1', 'earnings_yield_lag1', 'market_return_lag1', 'industry_relative_lag1', 'driver_return_lag1', 'revenue_growth_lag3', 'operating_margin_lag3', 'earnings_yield_lag3', 'market_return_lag3', 'industry_relative_lag3', 'driver_return_lag3', 'operating_margin missing', 'operating_margin_lag1 missing', 'market_return_lag1 missing', 'industry_relative_lag1 missing', 'operating_margin_lag3 missing']"
CRS,return,1,expanding,core_pe_level,2023-06-30,2023-06-30,2023-07-31,0.0664529903117308,-0.011153453973776109,0.019230678459862614,90,0.0,1.0,False,100.0,"['revenue_growth', 'operating_margin', 'market_return', 'industry_relative', 'driver_return', 'operating_margin missing']"
CRS,return,1,expanding,core_pe_difference,2023-06-30,2023-06-30,2023-07-31,0.0664529903117308,-0.011153453973776109,0.019230678459862614,90,0.0,1.0,False,100.0,"['revenue_growth', 'operating_margin', 'market_return', 'industry_relative', 'driver_return', 'operating_margin missing']"
CRS,return,1,expanding,core_pe_percentage,2023-06-30,2023-06-30,2023-07-31,0.0664529903117308,-0.011153453973776109,0.019230678459862614,90,0.0,1.0,False,100.0,"['revenue_growth', 'operating_margin', 'market_return', 'industry_relative', 'driver_return', 'operating_margin missing']"
CRS,return,1,expanding,core_pe_lag1,2023-06-30,2023-06-30,2023-07-31,0.0664529903117308,-0.011153453973776109,0.019230678459862614,90,0.0,1.0,False,100.0,"['revenue_growth', 'operating_margin', 'market_return', 'industry_relative', 'driver_return', 'operating_margin missing']"
CRS,return,1,expanding,core_financial_changes,2023-06-30,2023-06-30,2023-07-31,0.0664529903117308,-0.0034998172437623286,0.019230678459862614,90,0.0,1.0,False,100.0,"['revenue_growth_diff', 'operating_margin_diff', 'earnings_yield_diff', 'market_return', 'industry_relative', 'driver_return', 'operating_margin_diff missing']"
CRS,return,1,expanding,distributed_all_lag1,2023-06-30,2023-06-30,2023-07-31,0.0664529903117308,-0.015041270575718996,0.019230678459862614,90,0.0,1.0,False,100.0,"['revenue_growth', 'operating_margin', 'earnings_yield', 'market_return', 'industry_relative', 'driver_return', 'revenue_growth_lag1', 'operating_margin_lag1', 'earnings_yield_lag1', 'market_return_lag1', 'industry_relative_lag1', 'driver_return_lag1', 'operating_margin missing', 'operating_margin_lag1 missing', 'market_return_lag1 missing', 'industry_relative_lag1 missing']"
CRS,return,1,expanding,distributed_all_lag3,2023-06-30,2023-06-30,2023-07-31,0.0664529903117308,-0.0012481842904618692,0.019230678459862614,90,0.0,1.0,False,100.0,"['revenue_growth', 'operating_margin', 'earnings_yield', 'market_return', 'industry_relative', 'driver_return', 'revenue_growth_lag1', 'operating_margin_lag1', 'earnings_yield_lag1', 'market_return_lag1', 'industry_relative_lag1', 'driver_return_lag1', 'revenue_growth_lag3', 'operating_margin_lag3', 'earnings_yield_lag3', 'market_return_lag3', 'industry_relative_lag3', 'driver_return_lag3', 'operating_margin missing', 'operating_margin_lag1 missing', 'market_return_lag1 missing', 'industry_relative_lag1 missing', 'operating_margin_lag3 missing']"
CRS,return,1,expanding,core_pe_level,2023-07-31,2023-07-31,2023-08-31,0.0498956488222368,0.009287215000708693,0.019749604963729298,91,0.0,1.0,False,100.0,"['revenue_growth', 'operating_margin', 'market_return', 'industry_relative', 'driver_return', 'operating_margin missing']"
CRS,return,1,expanding,core_pe_difference,2023-07-31,2023-07-31,2023-08-31,0.0498956488222368,0.009287215000708693,0.019749604963729298,91,0.0,1.0,False,100.0,"['revenue_growth', 'operating_margin', 'market_return', 'industry_relative', 'driver_return', 'operating_margin missing']"
CRS,return,1,expanding,core_pe_percentage,2023-07-31,2023-07-31,2023-08-31,0.0498956488222368,0.009287215000708693,0.019749604963729298,91,0.0,1.0,False,100.0,"['revenue_growth', 'operating_margin', 'market_return', 'industry_relative', 'driver_return', 'operating_margin missing']"
CRS,return,1,expanding,core_pe_lag1,2023-07-31,2023-07-31,2023-08-31,0.0498956488222368,0.009287215000708693,0.019749604963729298,91,0.0,1.0,False,100.0,"['revenue_growth', 'operating_margin', 'market_return', 'industry_relative', 'driver_return', 'operating_margin missing']"
CRS,return,1,expanding,core_financial_changes,2023-07-31,2023-07-31,2023-08-31,0.0498956488222368,0.015132647337171071,0.019749604963729298,91,0.0,1.0,False,100.0,"['revenue_growth_diff', 'operating_margin_diff', 'earnings_yield_diff', 'market_return', 'industry_relative', 'driver_return', 'operating_margin_diff missing']"
CRS,return,1,expanding,distributed_all_lag1,2023-07-31,2023-07-31,2023-08-31,0.0498956488222368,0.004425467016672504,0.019749604963729298,91,0.0,1.0,False,100.0,"['revenue_growth', 'operating_margin', 'earnings_yield', 'market_return', 'industry_relative', 'driver_return', 'revenue_growth_lag1', 'operating_margin_lag1', 'earnings_yield_lag1', 'market_return_lag1', 'industry_relative_lag1', 'driver_return_lag1', 'operating_margin missing', 'operating_margin_lag1 missing', 'market_return_lag1 missing', 'industry_relative_lag1 missing']"
CRS,return,1,expanding,distributed_all_lag3,2023-07-31,2023-07-31,2023-08-31,0.0498956488222368,0.019308915783031018,0.019749604963729298,91,0.0,1.0,False,100.0,"['revenue_growth', 'operating_margin', 'earnings_yield', 'market_return', 'industry_relative', 'driver_return', 'revenue_growth_lag1', 'operating_margin_lag1', 'earnings_yield_lag1', 'market_return_lag1', 'industry_relative_lag1', 'driver_return_lag1', 'revenue_growth_lag3', 'operating_margin_lag3', 'earnings_yield_lag3', 'market_return_lag3', 'industry_relative_lag3', 'driver_return_lag3', 'operating_margin missing', 'operating_margin_lag1 missing', 'market_return_lag1 missing', 'industry_relative_lag1 missing', 'operating_margin_lag3 missing']"
CRS,return,1,expanding,core_pe_level,2023-08-31,2023-08-31,2023-09-30,0.0731279065726184,0.021748993136997255,0.020077279353495684,92,0.0,1.0,False,100.0,"['revenue_growth', 'operating_margin', 'market_return', 'industry_relative', 'driver_return', 'operating_margin missing']"
CRS,return,1,expanding,core_pe_difference,2023-08-31,2023-08-31,2023-09-30,0.0731279065726184,0.021748993136997255,0.020077279353495684,92,0.0,1.0,False,100.0,"['revenue_growth', 'operating_margin', 'market_return', 'industry_relative', 'driver_return', 'operating_margin missing']"
CRS,return,1,expanding,core_pe_percentage,2023-08-31,2023-08-31,2023-09-30,0.0731279065726184,0.021748993136997255,0.020077279353495684,92,0.0,1.0,False,100.0,"['revenue_growth', 'operating_margin', 'market_return', 'industry_relative', 'driver_return', 'operating_margin missing']"
CRS,return,1,expanding,core_pe_lag1,2023-08-31,2023-08-31,2023-09-30,0.0731279065726184,0.021748993136997255,0.020077279353495684,92,0.0,1.0,False,100.0,"['revenue_growth', 'operating_margin', 'market_return', 'industry_relative', 'driver_return', 'operating_margin missing']"
CRS,return,1,expanding,core_financial_changes,2023-08-31,2023-08-31,2023-09-30,0.0731279065726184,0.014592314137440915,0.020077279353495684,92,0.0,1.0,False,100.0,"['revenue_growth_diff', 'operating_margin_diff', 'earnings_yield_diff', 'market_return', 'industry_relative', 'driver_return', 'operating_margin_diff missing']"
CRS,return,1,expanding,distributed_all_lag1,2023-08-31,2023-08-31,2023-09-30,0.0731279065726184,0.019947248939853814,0.020077279353495684,92,0.0,1.0,False,100.0,"['revenue_growth', 'operating_margin', 'earnings_yield', 'market_return', 'industry_relative', 'driver_return', 'revenue_growth_lag1', 'operating_margin_lag1', 'earnings_yield_lag1', 'market_return_lag1', 'industry_relative_lag1', 'driver_return_lag1', 'operating_margin missing', 'operating_margin_lag1 missing', 'market_return_lag1 missing', 'industry_relative_lag1 missing']"
CRS,return,1,expanding,distributed_all_lag3,2023-08-31,2023-08-31,2023-09-30,0.0731279065726184,0.04513506893286129,0.020077279353495684,92,0.0,1.0,False,100.0,"['revenue_growth', 'operating_margin', 'earnings_yield', 'market_return', 'industry_relative', 'driver_return', 'revenue_growth_lag1', 'operating_margin_lag1', 'earnings_yield_lag1', 'market_return_lag1', 'industry_relative_lag1', 'driver_return_lag1', 'revenue_growth_lag3', 'operating_margin_lag3', 'earnings_yield_lag3', 'market_return_lag3', 'industry_relative_lag3', 'driver_return_lag3', 'operating_margin missing', 'operating_margin_lag1 missing', 'market_return_lag1 missing', 'industry_relative_lag1 missing', 'operating_margin_lag3 missing']"
CRS,return,1,expanding,core_pe_level,2023-09-30,2023-09-29,2023-10-31,-0.0637364367990079,0.028287673895932987,0.02064771620531421,93,0.0,1.0,False,100.0,"['revenue_growth', 'operating_margin', 'market_return', 'industry_relative', 'driver_return', 'revenue_growth missing', 'operating_margin missing']"
CRS,return,1,expanding,core_pe_difference,2023-09-30,2023-09-29,2023-10-31,-0.0637364367990079,0.028287673895932987,0.02064771620531421,93,0.0,1.0,False,100.0,"['revenue_growth', 'operating_margin', 'market_return', 'industry_relative', 'driver_return', 'revenue_growth missing', 'operating_margin missing']"
CRS,return,1,expanding,core_pe_percentage,2023-09-30,2023-09-29,2023-10-31,-0.0637364367990079,0.028287673895932987,0.02064771620531421,93,0.0,1.0,False,100.0,"['revenue_growth', 'operating_margin', 'market_return', 'industry_relative', 'driver_return', 'revenue_growth missing', 'operating_margin missing']"
CRS,return,1,expanding,core_pe_lag1,2023-09-30,2023-09-29,2023-10-31,-0.0637364367990079,0.028287673895932987,0.02064771620531421,93,0.0,1.0,False,100.0,"['revenue_growth', 'operating_margin', 'market_return', 'industry_relative', 'driver_return', 'revenue_growth missing', 'operating_margin missing']"
CRS,return,1,expanding,core_financial_changes,2023-09-30,2023-09-29,2023-10-31,-0.0637364367990079,0.03151798891619882,0.02064771620531421,93,0.0,1.0,False,100.0,"['revenue_growth_diff', 'operating_margin_diff', 'earnings_yield_diff', 'market_return', 'industry_relative', 'driver_return', 'revenue_growth_diff missing', 'operating_margin_diff missing']"
CRS,return,1,expanding,distributed_all_lag1,2023-09-30,2023-09-29,2023-10-31,-0.0637364367990079,0.03529206798281104,0.02064771620531421,93,0.0,1.0,False,100.0,"['revenue_growth', 'operating_margin', 'earnings_yield', 'market_return', 'industry_relative', 'driver_return', 'revenue_growth_lag1', 'operating_margin_lag1', 'earnings_yield_lag1', 'market_return_lag1', 'industry_relative_lag1', 'driver_return_lag1', 'revenue_growth missing', 'operating_margin missing', 'operating_margin_lag1 missing', 'market_return_lag1 missing', 'industry_relative_lag1 missing']"
CRS,return,1,expanding,distributed_all_lag3,2023-09-30,2023-09-29,2023-10-31,-0.0637364367990079,0.03527182167913312,0.02064771620531421,93,0.0,1.0,False,100.0,"['revenue_growth', 'operating_margin', 'earnings_yield', 'market_return', 'industry_relative', 'driver_return', 'revenue_growth_lag1', 'operating_margin_lag1', 'earnings_yield_lag1', 'market_return_lag1', 'industry_relative_lag1', 'driver_return_lag1', 'revenue_growth_lag3', 'operating_margin_lag3', 'earnings_yield_lag3', 'market_return_lag3', 'industry_relative_lag3', 'driver_return_lag3', 'revenue_growth missing', 'operating_margin missing', 'operating_margin_lag1 missing', 'market_return_lag1 missing', 'industry_relative_lag1 missing', 'operating_margin_lag3 missing']"
CRS,return,1,expanding,core_pe_level,2023-10-31,2023-10-31,2023-11-30,0.1289858779203956,0.018642922143412847,0.019750012449949082,94,0.0,1.0,False,100.0,"['revenue_growth', 'operating_margin', 'market_return', 'industry_relative', 'driver_return', 'revenue_growth missing', 'operating_margin missing']"
CRS,return,1,expanding,core_pe_difference,2023-10-31,2023-10-31,2023-11-30,0.1289858779203956,0.018642922143412847,0.019750012449949082,94,0.0,1.0,False,100.0,"['revenue_growth', 'operating_margin', 'market_return', 'industry_relative', 'driver_return', 'revenue_growth missing', 'operating_margin missing']"
CRS,return,1,expanding,core_pe_percentage,2023-10-31,2023-10-31,2023-11-30,0.1289858779203956,0.018642922143412847,0.019750012449949082,94,0.0,1.0,False,100.0,"['revenue_growth', 'operating_margin', 'market_return', 'industry_relative', 'driver_return', 'revenue_growth missing', 'operating_margin missing']"
CRS,return,1,expanding,core_pe_lag1,2023-10-31,2023-10-31,2023-11-30,0.1289858779203956,0.018642922143412847,0.019750012449949082,94,0.0,1.0,False,100.0,"['revenue_growth', 'operating_margin', 'market_return', 'industry_relative', 'driver_return', 'revenue_growth missing', 'operating_margin missing']"
CRS,return,1,expanding,core_financial_changes,2023-10-31,2023-10-31,2023-11-30,0.1289858779203956,0.00859725801449601,0.019750012449949082,94,0.0,1.0,False,100.0,"['revenue_growth_diff', 'operating_margin_diff', 'earnings_yield_diff', 'market_return', 'industry_relative', 'driver_return', 'revenue_growth_diff missing', 'operating_margin_diff missing']"
CRS,return,1,expanding,distributed_all_lag1,2023-10-31,2023-10-31,2023-11-30,0.1289858779203956,0.021419563298071785,0.019750012449949082,94,0.0,1.0,False,100.0,"['revenue_growth', 'operating_margin', 'earnings_yield', 'market_return', 'industry_relative', 'driver_return', 'revenue_growth_lag1', 'operating_margin_lag1', 'earnings_yield_lag1', 'market_return_lag1', 'industry_relative_lag1', 'driver_return_lag1', 'revenue_growth missing', 'operating_margin missing', 'revenue_growth_lag1 missing', 'operating_margin_lag1 missing', 'market_return_lag1 missing', 'industry_relative_lag1 missing']"
CRS,return,1,expanding,distributed_all_lag3,2023-10-31,2023-10-31,2023-11-30,0.1289858779203956,0.034342879526704506,0.019750012449949082,94,0.0,1.0,False,100.0,"['revenue_growth', 'operating_margin', 'earnings_yield', 'market_return', 'industry_relative', 'driver_return', 'revenue_growth_lag1', 'operating_margin_lag1', 'earnings_yield_lag1', 'market_return_lag1', 'industry_relative_lag1', 'driver_return_lag1', 'revenue_growth_lag3', 'operating_margin_lag3', 'earnings_yield_lag3', 'market_return_lag3', 'industry_relative_lag3', 'driver_return_lag3', 'revenue_growth missing', 'operating_margin missing', 'revenue_growth_lag1 missing', 'operating_margin_lag1 missing', 'market_return_lag1 missing', 'industry_relative_lag1 missing', 'operating_margin_lag3 missing']"
CRS,return,1,expanding,core_pe_level,2023-11-30,2023-11-30,2023-12-31,-0.0001410165930978,0.006980084690097768,0.020899863665427468,95,0.0,1.0,False,100.0,"['revenue_growth', 'operating_margin', 'market_return', 'industry_relative', 'driver_return', 'revenue_growth missing', 'operating_margin missing']"
CRS,return,1,expanding,core_pe_difference,2023-11-30,2023-11-30,2023-12-31,-0.0001410165930978,0.006980084690097768,0.020899863665427468,95,0.0,1.0,False,100.0,"['revenue_growth', 'operating_margin', 'market_return', 'industry_relative', 'driver_return', 'revenue_growth missing', 'operating_margin missing']"
CRS,return,1,expanding,core_pe_percentage,2023-11-30,2023-11-30,2023-12-31,-0.0001410165930978,0.006980084690097768,0.020899863665427468,95,0.0,1.0,False,100.0,"['revenue_growth', 'operating_margin', 'market_return', 'industry_relative', 'driver_return', 'revenue_growth missing', 'operating_margin missing']"
CRS,return,1,expanding,core_pe_lag1,2023-11-30,2023-11-30,2023-12-31,-0.0001410165930978,0.006980084690097768,0.020899863665427468,95,0.0,1.0,False,100.0,"['revenue_growth', 'operating_margin', 'market_return', 'industry_relative', 'driver_return', 'revenue_growth missing', 'operating_margin missing']"
CRS,return,1,expanding,core_financial_changes,2023-11-30,2023-11-30,2023-12-31,-0.0001410165930978,0.013087271077881744,0.020899863665427468,95,0.0,1.0,False,100.0,"['revenue_growth_diff', 'operating_margin_diff', 'earnings_yield_diff', 'market_return', 'industry_relative', 'driver_return', 'revenue_growth_diff missing', 'operating_margin_diff missing']"
CRS,return,1,expanding,distributed_all_lag1,2023-11-30,2023-11-30,2023-12-31,-0.0001410165930978,0.016375410232162227,0.020899863665427468,95,0.0,1.0,False,100.0,"['revenue_growth', 'operating_margin', 'earnings_yield', 'market_return', 'industry_relative', 'driver_return', 'revenue_growth_lag1', 'operating_margin_lag1', 'earnings_yield_lag1', 'market_return_lag1', 'industry_relative_lag1', 'driver_return_lag1', 'revenue_growth missing', 'operating_margin missing', 'revenue_growth_lag1 missing', 'operating_margin_lag1 missing', 'market_return_lag1 missing', 'industry_relative_lag1 missing']"
CRS,return,1,expanding,distributed_all_lag3,2023-11-30,2023-11-30,2023-12-31,-0.0001410165930978,0.015765705169153696,0.020899863665427468,95,0.0,1.0,False,100.0,"['revenue_growth', 'operating_margin', 'earnings_yield', 'market_return', 'industry_relative', 'driver_return', 'revenue_growth_lag1', 'operating_margin_lag1', 'earnings_yield_lag1', 'market_return_lag1', 'industry_relative_lag1', 'driver_return_lag1', 'revenue_growth_lag3', 'operating_margin_lag3', 'earnings_yield_lag3', 'market_return_lag3', 'industry_relative_lag3', 'driver_return_lag3', 'revenue_growth missing', 'operating_margin missing', 'revenue_growth_lag1 missing', 'operating_margin_lag1 missing', 'market_return_lag1 missing', 'industry_relative_lag1 missing', 'operating_margin_lag3 missing']"
CRS,return,1,expanding,core_pe_level,2023-12-31,2023-12-29,2024-01-31,-0.1273323457502243,0.011380491517867632,0.02068068782940116,96,0.0,0.0,False,10.0,"['revenue_growth', 'operating_margin', 'market_return', 'industry_relative', 'driver_return', 'revenue_growth missing', 'operating_margin missing']"
CRS,return,1,expanding,core_pe_difference,2023-12-31,2023-12-29,2024-01-31,-0.1273323457502243,0.012312120214309434,0.02068068782940116,96,0.0,0.0,False,1.0,"['revenue_growth', 'operating_margin', 'market_return', 'industry_relative', 'driver_return', 'revenue_growth missing', 'operating_margin missing']"
CRS,return,1,expanding,core_pe_percentage,2023-12-31,2023-12-29,2024-01-31,-0.1273323457502243,0.012312120214309434,0.02068068782940116,96,0.0,0.0,False,1.0,"['revenue_growth', 'operating_margin', 'market_return', 'industry_relative', 'driver_return', 'revenue_growth missing', 'operating_margin missing']"
CRS,return,1,expanding,core_pe_lag1,2023-12-31,2023-12-29,2024-01-31,-0.1273323457502243,0.015112584892830468,0.02068068782940116,96,0.0,0.0,False,100.0,"['revenue_growth', 'operating_margin', 'market_return', 'industry_relative', 'driver_return', 'revenue_growth missing', 'operating_margin missing']"
CRS,return,1,expanding,core_financial_changes,2023-12-31,2023-12-29,2024-01-31,-0.1273323457502243,0.021023357776724465,0.02068068782940116,96,0.0,0.0,False,10.0,"['revenue_growth_diff', 'operating_margin_diff', 'earnings_yield_diff', 'market_return', 'industry_relative', 'driver_return', 'revenue_growth_diff missing', 'operating_margin_diff missing']"
CRS,return,1,expanding,distributed_all_lag1,2023-12-31,2023-12-29,2024-01-31,-0.1273323457502243,0.00622202683510386,0.02068068782940116,96,0.0,0.0,False,100.0,"['revenue_growth', 'operating_margin', 'earnings_yield', 'market_return', 'industry_relative', 'driver_return', 'revenue_growth_lag1', 'operating_margin_lag1', 'earnings_yield_lag1', 'market_return_lag1', 'industry_relative_lag1', 'driver_return_lag1', 'revenue_growth missing', 'operating_margin missing', 'revenue_growth_lag1 missing', 'operating_margin_lag1 missing', 'market_return_lag1 missing', 'industry_relative_lag1 missing']"
CRS,return,1,expanding,distributed_all_lag3,2023-12-31,2023-12-29,2024-01-31,-0.1273323457502243,0.02073816357261535,0.02068068782940116,96,0.0,0.0,False,100.0,"['revenue_growth', 'operating_margin', 'earnings_yield', 'market_return', 'industry_relative', 'driver_return', 'revenue_growth_lag1', 'operating_margin_lag1', 'earnings_yield_lag1', 'market_return_lag1', 'industry_relative_lag1', 'driver_return_lag1', 'revenue_growth_lag3', 'operating_margin_lag3', 'earnings_yield_lag3', 'market_return_lag3', 'industry_relative_lag3', 'driver_return_lag3', 'revenue_growth missing', 'operating_margin missing', 'revenue_growth_lag1 missing', 'operating_margin_lag1 missing', 'market_return_lag1 missing', 'industry_relative_lag1 missing', 'revenue_growth_lag3 missing', 'operating_margin_lag3 missing']"
CRS,return,1,expanding,core_pe_level,2024-01-31,2024-01-31,2024-02-29,0.0496833228114355,0.024728808922810017,0.019154780266724607,97,0.0,0.0,False,10.0,"['revenue_growth', 'operating_margin', 'market_return', 'industry_relative', 'driver_return', 'revenue_growth missing', 'operating_margin missing']"
CRS,return,1,expanding,core_pe_difference,2024-01-31,2024-01-31,2024-02-29,0.0496833228114355,0.02771343464960027,0.019154780266724607,97,0.0,0.0,False,1.0,"['revenue_growth', 'operating_margin', 'market_return', 'industry_relative', 'driver_return', 'revenue_growth missing', 'operating_margin missing']"
CRS,return,1,expanding,core_pe_percentage,2024-01-31,2024-01-31,2024-02-29,0.0496833228114355,0.02771343464960027,0.019154780266724607,97,0.0,0.0,False,1.0,"['revenue_growth', 'operating_margin', 'market_return', 'industry_relative', 'driver_return', 'revenue_growth missing', 'operating_margin missing']"
CRS,return,1,expanding,core_pe_lag1,2024-01-31,2024-01-31,2024-02-29,0.0496833228114355,0.020229692883186913,0.019154780266724607,97,0.0,0.0,False,100.0,"['revenue_growth', 'operating_margin', 'market_return', 'industry_relative', 'driver_return', 'revenue_growth missing', 'operating_margin missing']"
CRS,return,1,expanding,core_financial_changes,2024-01-31,2024-01-31,2024-02-29,0.0496833228114355,0.008237041390836015,0.019154780266724607,97,0.0,0.0,False,10.0,"['revenue_growth_diff', 'operating_margin_diff', 'earnings_yield_diff', 'market_return', 'industry_relative', 'driver_return', 'revenue_growth_diff missing', 'operating_margin_diff missing']"
CRS,return,1,expanding,distributed_all_lag1,2024-01-31,2024-01-31,2024-02-29,0.0496833228114355,0.016927505707865022,0.019154780266724607,97,0.0,0.0,False,100.0,"['revenue_growth', 'operating_margin', 'earnings_yield', 'market_return', 'industry_relative', 'driver_return', 'revenue_growth_lag1', 'operating_margin_lag1', 'earnings_yield_lag1', 'market_return_lag1', 'industry_relative_lag1', 'driver_return_lag1', 'revenue_growth missing', 'operating_margin missing', 'revenue_growth_lag1 missing', 'operating_margin_lag1 missing', 'market_return_lag1 missing', 'industry_relative_lag1 missing']"
CRS,return,1,expanding,distributed_all_lag3,2024-01-31,2024-01-31,2024-02-29,0.0496833228114355,0.004881856018537686,0.019154780266724607,97,0.0,0.0,False,100.0,"['revenue_growth', 'operating_margin', 'earnings_yield', 'market_return', 'industry_relative', 'driver_return', 'revenue_growth_lag1', 'operating_margin_lag1', 'earnings_yield_lag1', 'market_return_lag1', 'industry_relative_lag1', 'driver_return_lag1', 'revenue_growth_lag3', 'operating_margin_lag3', 'earnings_yield_lag3', 'market_return_lag3', 'industry_relative_lag3', 'driver_return_lag3', 'revenue_growth missing', 'operating_margin missing', 'revenue_growth_lag1 missing', 'operating_margin_lag1 missing', 'market_return_lag1 missing', 'industry_relative_lag1 missing', 'revenue_growth_lag3 missing', 'operating_margin_lag3 missing']"
CRS,return,1,expanding,core_pe_level,2024-02-29,2024-02-29,2024-03-31,0.1047177998130821,0.0028485475034416632,0.01946629600697676,98,0.0,1.0,False,10.0,"['revenue_growth', 'operating_margin', 'market_return', 'industry_relative', 'driver_return', 'revenue_growth missing', 'operating_margin missing']"
CRS,return,1,expanding,core_pe_difference,2024-02-29,2024-02-29,2024-03-31,0.1047177998130821,0.003004922047997065,0.01946629600697676,98,0.0,1.0,False,1.0,"['revenue_growth', 'operating_margin', 'market_return', 'industry_relative', 'driver_return', 'revenue_growth missing', 'operating_margin missing']"
CRS,return,1,expanding,core_pe_percentage,2024-02-29,2024-02-29,2024-03-31,0.1047177998130821,0.003004922047997065,0.01946629600697676,98,0.0,1.0,False,1.0,"['revenue_growth', 'operating_margin', 'market_return', 'industry_relative', 'driver_return', 'revenue_growth missing', 'operating_margin missing']"
CRS,return,1,expanding,core_pe_lag1,2024-02-29,2024-02-29,2024-03-31,0.1047177998130821,0.009337425264773018,0.01946629600697676,98,0.0,1.0,False,100.0,"['revenue_growth', 'operating_margin', 'market_return', 'industry_relative', 'driver_return', 'revenue_growth missing', 'operating_margin missing']"
CRS,return,1,expanding,core_financial_changes,2024-02-29,2024-02-29,2024-03-31,0.1047177998130821,0.011414614905535473,0.01946629600697676,98,0.0,1.0,False,10.0,"['revenue_growth_diff', 'operating_margin_diff', 'earnings_yield_diff', 'market_return', 'industry_relative', 'driver_return', 'revenue_growth_diff missing', 'operating_margin_diff missing']"
CRS,return,1,expanding,distributed_all_lag1,2024-02-29,2024-02-29,2024-03-31,0.1047177998130821,0.0051438859155958,0.01946629600697676,98,0.0,1.0,False,100.0,"['revenue_growth', 'operating_margin', 'earnings_yield', 'market_return', 'industry_relative', 'driver_return', 'revenue_growth_lag1', 'operating_margin_lag1', 'earnings_yield_lag1', 'market_return_lag1', 'industry_relative_lag1', 'driver_return_lag1', 'revenue_growth missing', 'operating_margin missing', 'revenue_growth_lag1 missing', 'operating_margin_lag1 missing', 'market_return_lag1 missing', 'industry_relative_lag1 missing']"
CRS,return,1,expanding,distributed_all_lag3,2024-02-29,2024-02-29,2024-03-31,0.1047177998130821,-0.00016459455351115065,0.01946629600697676,98,0.0,1.0,False,100.0,"['revenue_growth', 'operating_margin', 'earnings_yield', 'market_return', 'industry_relative', 'driver_return', 'revenue_growth_lag1', 'operating_margin_lag1', 'earnings_yield_lag1', 'market_return_lag1', 'industry_relative_lag1', 'driver_return_lag1', 'revenue_growth_lag3', 'operating_margin_lag3', 'earnings_yield_lag3', 'market_return_lag3', 'industry_relative_lag3', 'driver_return_lag3', 'revenue_growth missing', 'operating_margin missing', 'revenue_growth_lag1 missing', 'operating_margin_lag1 missing', 'market_return_lag1 missing', 'industry_relative_lag1 missing', 'revenue_growth_lag3 missing', 'operating_margin_lag3 missing']"
CRS,return,1,expanding,core_pe_level,2024-03-31,2024-03-28,2024-04-30,0.2030270856150273,0.015743069422778214,0.02032742230804853,99,0.0,1.0,False,10.0,"['revenue_growth', 'operating_margin', 'market_return', 'industry_relative', 'driver_return', 'revenue_growth missing', 'operating_margin missing']"
CRS,return,1,expanding,core_pe_difference,2024-03-31,2024-03-28,2024-04-30,0.2030270856150273,0.01705045332737213,0.02032742230804853,99,0.0,1.0,False,1.0,"['revenue_growth', 'operating_margin', 'market_return', 'industry_relative', 'driver_return', 'revenue_growth missing', 'operating_margin missing']"
CRS,return,1,expanding,core_pe_percentage,2024-03-31,2024-03-28,2024-04-30,0.2030270856150273,0.01705045332737213,0.02032742230804853,99,0.0,1.0,False,1.0,"['revenue_growth', 'operating_margin', 'market_return', 'industry_relative', 'driver_return', 'revenue_growth missing', 'operating_margin missing']"
CRS,return,1,expanding,core_pe_lag1,2024-03-31,2024-03-28,2024-04-30,0.2030270856150273,0.01700060940172744,0.02032742230804853,99,0.0,1.0,False,100.0,"['revenue_growth', 'operating_margin', 'market_return', 'industry_relative', 'driver_return', 'revenue_growth missing', 'operating_margin missing']"
CRS,return,1,expanding,core_financial_changes,2024-03-31,2024-03-28,2024-04-30,0.2030270856150273,0.024895920317071187,0.02032742230804853,99,0.0,1.0,False,10.0,"['revenue_growth_diff', 'operating_margin_diff', 'earnings_yield_diff', 'market_return', 'industry_relative', 'driver_return', 'revenue_growth_diff missing', 'operating_margin_diff missing']"
CRS,return,1,expanding,distributed_all_lag1,2024-03-31,2024-03-28,2024-04-30,0.2030270856150273,0.011612398084998032,0.02032742230804853,99,0.0,1.0,False,100.0,"['revenue_growth', 'operating_margin', 'earnings_yield', 'market_return', 'industry_relative', 'driver_return', 'revenue_growth_lag1', 'operating_margin_lag1', 'earnings_yield_lag1', 'market_return_lag1', 'industry_relative_lag1', 'driver_return_lag1', 'revenue_growth missing', 'operating_margin missing', 'revenue_growth_lag1 missing', 'operating_margin_lag1 missing', 'market_return_lag1 missing', 'industry_relative_lag1 missing']"
CRS,return,1,expanding,distributed_all_lag3,2024-03-31,2024-03-28,2024-04-30,0.2030270856150273,0.008352061199111565,0.02032742230804853,99,0.0,1.0,False,100.0,"['revenue_growth', 'operating_margin', 'earnings_yield', 'market_return', 'industry_relative', 'driver_return', 'revenue_growth_lag1', 'operating_margin_lag1', 'earnings_yield_lag1', 'market_return_lag1', 'industry_relative_lag1', 'driver_return_lag1', 'revenue_growth_lag3', 'operating_margin_lag3', 'earnings_yield_lag3', 'market_return_lag3', 'industry_relative_lag3', 'driver_return_lag3', 'revenue_growth missing', 'operating_margin missing', 'revenue_growth_lag1 missing', 'operating_margin_lag1 missing', 'market_return_lag1 missing', 'industry_relative_lag1 missing', 'revenue_growth_lag3 missing', 'operating_margin_lag3 missing']"
CRS,return,1,expanding,core_pe_level,2024-04-30,2024-04-30,2024-05-31,0.2936989766936995,0.021971515095975922,0.022154418941118314,100,0.0,1.0,False,10.0,"['revenue_growth', 'operating_margin', 'pe', 'market_return', 'industry_relative', 'driver_return', 'revenue_growth missing', 'operating_margin missing', 'pe missing']"
CRS,return,1,expanding,core_pe_difference,2024-04-30,2024-04-30,2024-05-31,0.2936989766936995,0.023398586130791755,0.022154418941118314,100,0.0,1.0,False,1.0,"['revenue_growth', 'operating_margin', 'market_return', 'industry_relative', 'driver_return', 'revenue_growth missing', 'operating_margin missing']"
CRS,return,1,expanding,core_pe_percentage,2024-04-30,2024-04-30,2024-05-31,0.2936989766936995,0.023398586130791755,0.022154418941118314,100,0.0,1.0,False,1.0,"['revenue_growth', 'operating_margin', 'market_return', 'industry_relative', 'driver_return', 'revenue_growth missing', 'operating_margin missing']"
CRS,return,1,expanding,core_pe_lag1,2024-04-30,2024-04-30,2024-05-31,0.2936989766936995,0.012694022335312869,0.022154418941118314,100,0.0,1.0,False,100.0,"['revenue_growth', 'operating_margin', 'pe_lag1', 'market_return', 'industry_relative', 'driver_return', 'revenue_growth missing', 'operating_margin missing', 'pe_lag1 missing']"
CRS,return,1,expanding,core_financial_changes,2024-04-30,2024-04-30,2024-05-31,0.2936989766936995,0.03318936502166277,0.022154418941118314,100,0.0,1.0,False,10.0,"['revenue_growth_diff', 'operating_margin_diff', 'earnings_yield_diff', 'market_return', 'industry_relative', 'driver_return', 'revenue_growth_diff missing', 'operating_margin_diff missing']"
CRS,return,1,expanding,distributed_all_lag1,2024-04-30,2024-04-30,2024-05-31,0.2936989766936995,0.023477735279357568,0.022154418941118314,100,0.0,1.0,False,100.0,"['revenue_growth', 'operating_margin', 'earnings_yield', 'market_return', 'industry_relative', 'driver_return', 'revenue_growth_lag1', 'operating_margin_lag1', 'earnings_yield_lag1', 'market_return_lag1', 'industry_relative_lag1', 'driver_return_lag1', 'revenue_growth missing', 'operating_margin missing', 'revenue_growth_lag1 missing', 'operating_margin_lag1 missing', 'market_return_lag1 missing', 'industry_relative_lag1 missing']"
CRS,return,1,expanding,distributed_all_lag3,2024-04-30,2024-04-30,2024-05-31,0.2936989766936995,0.03939184954756412,0.022154418941118314,100,0.0,1.0,False,100.0,"['revenue_growth', 'operating_margin', 'earnings_yield', 'market_return', 'industry_relative', 'driver_return', 'revenue_growth_lag1', 'operating_margin_lag1', 'earnings_yield_lag1', 'market_return_lag1', 'industry_relative_lag1', 'driver_return_lag1', 'revenue_growth_lag3', 'operating_margin_lag3', 'earnings_yield_lag3', 'market_return_lag3', 'industry_relative_lag3', 'driver_return_lag3', 'revenue_growth missing', 'operating_margin missing', 'revenue_growth_lag1 missing', 'operating_margin_lag1 missing', 'market_return_lag1 missing', 'industry_relative_lag1 missing', 'revenue_growth_lag3 missing', 'operating_margin_lag3 missing']"
CRS,return,1,expanding,core_pe_level,2024-05-31,2024-05-31,2024-06-30,-0.0116352918898182,-0.019657187793061456,0.024842978918866644,101,0.0,1.0,False,10.0,"['revenue_growth', 'operating_margin', 'pe', 'market_return', 'industry_relative', 'driver_return', 'revenue_growth missing', 'operating_margin missing', 'pe missing']"
CRS,return,1,expanding,core_pe_difference,2024-05-31,2024-05-31,2024-06-30,-0.0116352918898182,-0.02611151008194012,0.024842978918866644,101,0.0,1.0,False,1.0,"['revenue_growth', 'operating_margin', 'market_return', 'industry_relative', 'driver_return', 'revenue_growth missing', 'operating_margin missing']"
CRS,return,1,expanding,core_pe_percentage,2024-05-31,2024-05-31,2024-06-30,-0.0116352918898182,-0.02611151008194012,0.024842978918866644,101,0.0,1.0,False,1.0,"['revenue_growth', 'operating_margin', 'market_return', 'industry_relative', 'driver_return', 'revenue_growth missing', 'operating_margin missing']"
CRS,return,1,expanding,core_pe_lag1,2024-05-31,2024-05-31,2024-06-30,-0.0116352918898182,-0.009691372341630276,0.024842978918866644,101,0.0,1.0,False,100.0,"['revenue_growth', 'operating_margin', 'pe_lag1', 'market_return', 'industry_relative', 'driver_return', 'revenue_growth missing', 'operating_margin missing', 'pe_lag1 missing']"
CRS,return,1,expanding,core_financial_changes,2024-05-31,2024-05-31,2024-06-30,-0.0116352918898182,-0.035443432008708316,0.024842978918866644,101,0.0,1.0,False,10.0,"['revenue_growth_diff', 'operating_margin_diff', 'earnings_yield_diff', 'market_return', 'industry_relative', 'driver_return', 'revenue_growth_diff missing', 'operating_margin_diff missing']"
CRS,return,1,expanding,distributed_all_lag1,2024-05-31,2024-05-31,2024-06-30,-0.0116352918898182,0.007692928448367432,0.024842978918866644,101,0.0,1.0,False,100.0,"['revenue_growth', 'operating_margin', 'earnings_yield', 'market_return', 'industry_relative', 'driver_return', 'revenue_growth_lag1', 'operating_margin_lag1', 'earnings_yield_lag1', 'market_return_lag1', 'industry_relative_lag1', 'driver_return_lag1', 'revenue_growth missing', 'operating_margin missing', 'revenue_growth_lag1 missing', 'operating_margin_lag1 missing', 'market_return_lag1 missing', 'industry_relative_lag1 missing']"
CRS,return,1,expanding,distributed_all_lag3,2024-05-31,2024-05-31,2024-06-30,-0.0116352918898182,0.011720233850326858,0.024842978918866644,101,0.0,1.0,False,100.0,"['revenue_growth', 'operating_margin', 'earnings_yield', 'market_return', 'industry_relative', 'driver_return', 'revenue_growth_lag1', 'operating_margin_lag1', 'earnings_yield_lag1', 'market_return_lag1', 'industry_relative_lag1', 'driver_return_lag1', 'revenue_growth_lag3', 'operating_margin_lag3', 'earnings_yield_lag3', 'market_return_lag3', 'industry_relative_lag3', 'driver_return_lag3', 'revenue_growth missing', 'operating_margin missing', 'revenue_growth_lag1 missing', 'operating_margin_lag1 missing', 'market_return_lag1 missing', 'industry_relative_lag1 missing', 'revenue_growth_lag3 missing', 'operating_margin_lag3 missing']"
CRS,return,1,expanding,core_pe_level,2024-06-30,2024-06-28,2024-07-31,0.3311733897571514,-0.0005716068857901969,0.024485348812899148,102,0.0,1.0,False,10.0,"['revenue_growth', 'operating_margin', 'pe', 'market_return', 'industry_relative', 'driver_return', 'revenue_growth missing', 'operating_margin missing', 'pe missing']"
CRS,return,1,expanding,core_pe_difference,2024-06-30,2024-06-28,2024-07-31,0.3311733897571514,-0.003549541711487487,0.024485348812899148,102,0.0,1.0,False,1.0,"['revenue_growth', 'operating_margin', 'market_return', 'industry_relative', 'driver_return', 'revenue_growth missing', 'operating_margin missing']"
CRS,return,1,expanding,core_pe_percentage,2024-06-30,2024-06-28,2024-07-31,0.3311733897571514,-0.003549541711487487,0.024485348812899148,102,0.0,1.0,False,1.0,"['revenue_growth', 'operating_margin', 'market_return', 'industry_relative', 'driver_return', 'revenue_growth missing', 'operating_margin missing']"
CRS,return,1,expanding,core_pe_lag1,2024-06-30,2024-06-28,2024-07-31,0.3311733897571514,0.004768015033228261,0.024485348812899148,102,0.0,1.0,False,100.0,"['revenue_growth', 'operating_margin', 'pe_lag1', 'market_return', 'industry_relative', 'driver_return', 'revenue_growth missing', 'operating_margin missing', 'pe_lag1 missing']"
CRS,return,1,expanding,core_financial_changes,2024-06-30,2024-06-28,2024-07-31,0.3311733897571514,-0.002947672206859285,0.024485348812899148,102,0.0,1.0,False,10.0,"['revenue_growth_diff', 'operating_margin_diff', 'earnings_yield_diff', 'market_return', 'industry_relative', 'driver_return', 'revenue_growth_diff missing', 'operating_margin_diff missing']"
CRS,return,1,expanding,distributed_all_lag1,2024-06-30,2024-06-28,2024-07-31,0.3311733897571514,0.004043491077435686,0.024485348812899148,102,0.0,1.0,False,100.0,"['revenue_growth', 'operating_margin', 'earnings_yield', 'market_return', 'industry_relative', 'driver_return', 'revenue_growth_lag1', 'operating_margin_lag1', 'earnings_yield_lag1', 'market_return_lag1', 'industry_relative_lag1', 'driver_return_lag1', 'revenue_growth missing', 'operating_margin missing', 'revenue_growth_lag1 missing', 'operating_margin_lag1 missing', 'market_return_lag1 missing', 'industry_relative_lag1 missing']"
CRS,return,1,expanding,distributed_all_lag3,2024-06-30,2024-06-28,2024-07-31,0.3311733897571514,0.007979664357980698,0.024485348812899148,102,0.0,1.0,False,100.0,"['revenue_growth', 'operating_margin', 'earnings_yield', 'market_return', 'industry_relative', 'driver_return', 'revenue_growth_lag1', 'operating_margin_lag1', 'earnings_yield_lag1', 'market_return_lag1', 'industry_relative_lag1', 'driver_return_lag1', 'revenue_growth_lag3', 'operating_margin_lag3', 'earnings_yield_lag3', 'market_return_lag3', 'industry_relative_lag3', 'driver_return_lag3', 'revenue_growth missing', 'operating_margin missing', 'revenue_growth_lag1 missing', 'operating_margin_lag1 missing', 'market_return_lag1 missing', 'industry_relative_lag1 missing', 'revenue_growth_lag3 missing', 'operating_margin_lag3 missing']"
CRS,return,1,expanding,core_pe_level,2024-07-31,2024-07-31,2024-08-31,-0.0061544749163077,0.05874400641059901,0.027462902608474414,103,1.0,0.0,False,10.0,"['revenue_growth', 'operating_margin', 'pe', 'market_return', 'industry_relative', 'driver_return', 'revenue_growth missing', 'operating_margin missing', 'pe missing']"
CRS,return,1,expanding,core_pe_difference,2024-07-31,2024-07-31,2024-08-31,-0.0061544749163077,0.06260284914342125,0.027462902608474414,103,1.0,0.0,False,1.0,"['revenue_growth', 'operating_margin', 'market_return', 'industry_relative', 'driver_return', 'revenue_growth missing', 'operating_margin missing']"
CRS,return,1,expanding,core_pe_percentage,2024-07-31,2024-07-31,2024-08-31,-0.0061544749163077,0.06260284914342125,0.027462902608474414,103,1.0,0.0,False,1.0,"['revenue_growth', 'operating_margin', 'market_return', 'industry_relative', 'driver_return', 'revenue_growth missing', 'operating_margin missing']"
CRS,return,1,expanding,core_pe_lag1,2024-07-31,2024-07-31,2024-08-31,-0.0061544749163077,0.04118472319131871,0.027462902608474414,103,1.0,0.0,False,100.0,"['revenue_growth', 'operating_margin', 'pe_lag1', 'market_return', 'industry_relative', 'driver_return', 'revenue_growth missing', 'operating_margin missing', 'pe_lag1 missing']"
CRS,return,1,expanding,core_financial_changes,2024-07-31,2024-07-31,2024-08-31,-0.0061544749163077,0.06305994123752845,0.027462902608474414,103,1.0,0.0,False,10.0,"['revenue_growth_diff', 'operating_margin_diff', 'earnings_yield_diff', 'market_return', 'industry_relative', 'driver_return', 'revenue_growth_diff missing', 'operating_margin_diff missing']"
CRS,return,1,expanding,distributed_all_lag1,2024-07-31,2024-07-31,2024-08-31,-0.0061544749163077,0.04575532410517193,0.027462902608474414,103,1.0,0.0,False,100.0,"['revenue_growth', 'operating_margin', 'earnings_yield', 'market_return', 'industry_relative', 'driver_return', 'revenue_growth_lag1', 'operating_margin_lag1', 'earnings_yield_lag1', 'market_return_lag1', 'industry_relative_lag1', 'driver_return_lag1', 'revenue_growth missing', 'operating_margin missing', 'revenue_growth_lag1 missing', 'operating_margin_lag1 missing', 'market_return_lag1 missing', 'industry_relative_lag1 missing']"
CRS,return,1,expanding,distributed_all_lag3,2024-07-31,2024-07-31,2024-08-31,-0.0061544749163077,0.038363545346545215,0.027462902608474414,103,1.0,0.0,False,100.0,"['revenue_growth', 'operating_margin', 'earnings_yield', 'market_return', 'industry_relative', 'driver_return', 'revenue_growth_lag1', 'operating_margin_lag1', 'earnings_yield_lag1', 'market_return_lag1', 'industry_relative_lag1', 'driver_return_lag1', 'revenue_growth_lag3', 'operating_margin_lag3', 'earnings_yield_lag3', 'market_return_lag3', 'industry_relative_lag3', 'driver_return_lag3', 'revenue_growth missing', 'operating_margin missing', 'revenue_growth_lag1 missing', 'operating_margin_lag1 missing', 'market_return_lag1 missing', 'industry_relative_lag1 missing', 'revenue_growth_lag3 missing', 'operating_margin_lag3 missing']"
CRS,return,1,expanding,core_pe_level,2024-08-31,2024-08-30,2024-09-30,0.1023001204290976,0.027405747259156114,0.027139658593813048,104,1.0,0.0,False,10.0,"['revenue_growth', 'operating_margin', 'pe', 'market_return', 'industry_relative', 'driver_return', 'revenue_growth missing', 'operating_margin missing', 'pe missing']"
CRS,return,1,expanding,core_pe_difference,2024-08-31,2024-08-30,2024-09-30,0.1023001204290976,0.04295824685198464,0.027139658593813048,104,1.0,0.0,False,1.0,"['revenue_growth', 'operating_margin', 'pe_diff', 'market_return', 'industry_relative', 'driver_return', 'revenue_growth missing', 'operating_margin missing', 'pe_diff missing']"
CRS,return,1,expanding,core_pe_percentage,2024-08-31,2024-08-30,2024-09-30,0.1023001204290976,0.03448691597559904,0.027139658593813048,104,1.0,0.0,False,1.0,"['revenue_growth', 'operating_margin', 'pe_pct_change', 'market_return', 'industry_relative', 'driver_return', 'revenue_growth missing', 'operating_margin missing', 'pe_pct_change missing']"
CRS,return,1,expanding,core_pe_lag1,2024-08-31,2024-08-30,2024-09-30,0.1023001204290976,0.025273681418553278,0.027139658593813048,104,1.0,0.0,False,100.0,"['revenue_growth', 'operating_margin', 'pe_lag1', 'market_return', 'industry_relative', 'driver_return', 'revenue_growth missing', 'operating_margin missing', 'pe_lag1 missing']"
CRS,return,1,expanding,core_financial_changes,2024-08-31,2024-08-30,2024-09-30,0.1023001204290976,0.006428506897477013,0.027139658593813048,104,1.0,0.0,False,10.0,"['revenue_growth_diff', 'operating_margin_diff', 'earnings_yield_diff', 'market_return', 'industry_relative', 'driver_return', 'revenue_growth_diff missing', 'operating_margin_diff missing']"
CRS,return,1,expanding,distributed_all_lag1,2024-08-31,2024-08-30,2024-09-30,0.1023001204290976,0.036540801962056654,0.027139658593813048,104,1.0,0.0,False,100.0,"['revenue_growth', 'operating_margin', 'earnings_yield', 'market_return', 'industry_relative', 'driver_return', 'revenue_growth_lag1', 'operating_margin_lag1', 'earnings_yield_lag1', 'market_return_lag1', 'industry_relative_lag1', 'driver_return_lag1', 'revenue_growth missing', 'operating_margin missing', 'revenue_growth_lag1 missing', 'operating_margin_lag1 missing', 'market_return_lag1 missing', 'industry_relative_lag1 missing']"
CRS,return,1,expanding,distributed_all_lag3,2024-08-31,2024-08-30,2024-09-30,0.1023001204290976,0.023481126518630543,0.027139658593813048,104,1.0,0.0,False,100.0,"['revenue_growth', 'operating_margin', 'earnings_yield', 'market_return', 'industry_relative', 'driver_return', 'revenue_growth_lag1', 'operating_margin_lag1', 'earnings_yield_lag1', 'market_return_lag1', 'industry_relative_lag1', 'driver_return_lag1', 'revenue_growth_lag3', 'operating_margin_lag3', 'earnings_yield_lag3', 'market_return_lag3', 'industry_relative_lag3', 'driver_return_lag3', 'revenue_growth missing', 'operating_margin missing', 'revenue_growth_lag1 missing', 'operating_margin_lag1 missing', 'market_return_lag1 missing', 'industry_relative_lag1 missing', 'revenue_growth_lag3 missing', 'operating_margin_lag3 missing']"
CRS,return,1,expanding,core_pe_level,2024-09-30,2024-09-30,2024-10-31,-0.0619828947719227,-0.002867197056207013,0.02785547251605385,105,0.0,0.0,False,10.0,"['revenue_growth', 'operating_margin', 'pe', 'market_return', 'industry_relative', 'driver_return', 'revenue_growth missing', 'operating_margin missing', 'pe missing']"
CRS,return,1,expanding,core_pe_difference,2024-09-30,2024-09-30,2024-10-31,-0.0619828947719227,-0.0018232740176464222,0.02785547251605385,105,0.0,0.0,False,1.0,"['revenue_growth', 'operating_margin', 'pe_diff', 'market_return', 'industry_relative', 'driver_return', 'revenue_growth missing', 'operating_margin missing', 'pe_diff missing']"
CRS,return,1,expanding,core_pe_percentage,2024-09-30,2024-09-30,2024-10-31,-0.0619828947719227,0.0005662987203975955,0.02785547251605385,105,0.0,0.0,False,1.0,"['revenue_growth', 'operating_margin', 'pe_pct_change', 'market_return', 'industry_relative', 'driver_return', 'revenue_growth missing', 'operating_margin missing', 'pe_pct_change missing']"
CRS,return,1,expanding,core_pe_lag1,2024-09-30,2024-09-30,2024-10-31,-0.0619828947719227,0.002066816962390413,0.02785547251605385,105,0.0,0.0,False,100.0,"['revenue_growth', 'operating_margin', 'pe_lag1', 'market_return', 'industry_relative', 'driver_return', 'revenue_growth missing', 'operating_margin missing', 'pe_lag1 missing']"
CRS,return,1,expanding,core_financial_changes,2024-09-30,2024-09-30,2024-10-31,-0.0619828947719227,-0.007656999065279939,0.02785547251605385,105,0.0,0.0,False,10.0,"['revenue_growth_diff', 'operating_margin_diff', 'earnings_yield_diff', 'market_return', 'industry_relative', 'driver_return', 'revenue_growth_diff missing', 'operating_margin_diff missing']"
CRS,return,1,expanding,distributed_all_lag1,2024-09-30,2024-09-30,2024-10-31,-0.0619828947719227,0.014746067818150143,0.02785547251605385,105,0.0,0.0,False,100.0,"['revenue_growth', 'operating_margin', 'earnings_yield', 'market_return', 'industry_relative', 'driver_return', 'revenue_growth_lag1', 'operating_margin_lag1', 'earnings_yield_lag1', 'market_return_lag1', 'industry_relative_lag1', 'driver_return_lag1', 'revenue_growth missing', 'operating_margin missing', 'revenue_growth_lag1 missing', 'operating_margin_lag1 missing', 'market_return_lag1 missing', 'industry_relative_lag1 missing']"
CRS,return,1,expanding,distributed_all_lag3,2024-09-30,2024-09-30,2024-10-31,-0.0619828947719227,0.03137152627397577,0.02785547251605385,105,0.0,0.0,False,100.0,"['revenue_growth', 'operating_margin', 'earnings_yield', 'market_return', 'industry_relative', 'driver_return', 'revenue_growth_lag1', 'operating_margin_lag1', 'earnings_yield_lag1', 'market_return_lag1', 'industry_relative_lag1', 'driver_return_lag1', 'revenue_growth_lag3', 'operating_margin_lag3', 'earnings_yield_lag3', 'market_return_lag3', 'industry_relative_lag3', 'driver_return_lag3', 'revenue_growth missing', 'operating_margin missing', 'revenue_growth_lag1 missing', 'operating_margin_lag1 missing', 'market_return_lag1 missing', 'industry_relative_lag1 missing', 'revenue_growth_lag3 missing', 'operating_margin_lag3 missing']"
CRS,return,1,expanding,core_pe_level,2024-10-31,2024-10-31,2024-11-30,0.2979264919339865,0.04111016800919083,0.027007940749186148,106,0.0,1.0,False,10.0,"['revenue_growth', 'operating_margin', 'pe', 'market_return', 'industry_relative', 'driver_return', 'revenue_growth missing', 'operating_margin missing', 'pe missing']"
CRS,return,1,expanding,core_pe_difference,2024-10-31,2024-10-31,2024-11-30,0.2979264919339865,0.054658396845246135,0.027007940749186148,106,0.0,1.0,False,1.0,"['revenue_growth', 'operating_margin', 'pe_diff', 'market_return', 'industry_relative', 'driver_return', 'revenue_growth missing', 'operating_margin missing', 'pe_diff missing']"
CRS,return,1,expanding,core_pe_percentage,2024-10-31,2024-10-31,2024-11-30,0.2979264919339865,0.04945532202885621,0.027007940749186148,106,0.0,1.0,False,1.0,"['revenue_growth', 'operating_margin', 'pe_pct_change', 'market_return', 'industry_relative', 'driver_return', 'revenue_growth missing', 'operating_margin missing', 'pe_pct_change missing']"
CRS,return,1,expanding,core_pe_lag1,2024-10-31,2024-10-31,2024-11-30,0.2979264919339865,0.029525211615661594,0.027007940749186148,106,0.0,1.0,False,100.0,"['revenue_growth', 'operating_margin', 'pe_lag1', 'market_return', 'industry_relative', 'driver_return', 'revenue_growth missing', 'operating_margin missing', 'pe_lag1 missing']"
CRS,return,1,expanding,core_financial_changes,2024-10-31,2024-10-31,2024-11-30,0.2979264919339865,0.024511845770626012,0.027007940749186148,106,0.0,1.0,False,10.0,"['revenue_growth_diff', 'operating_margin_diff', 'earnings_yield_diff', 'market_return', 'industry_relative', 'driver_return', 'revenue_growth_diff missing', 'operating_margin_diff missing']"
CRS,return,1,expanding,distributed_all_lag1,2024-10-31,2024-10-31,2024-11-30,0.2979264919339865,0.037834543603741,0.027007940749186148,106,0.0,1.0,False,100.0,"['revenue_growth', 'operating_margin', 'earnings_yield', 'market_return', 'industry_relative', 'driver_return', 'revenue_growth_lag1', 'operating_margin_lag1', 'earnings_yield_lag1', 'market_return_lag1', 'industry_relative_lag1', 'driver_return_lag1', 'revenue_growth missing', 'operating_margin missing', 'revenue_growth_lag1 missing', 'operating_margin_lag1 missing', 'market_return_lag1 missing', 'industry_relative_lag1 missing']"
CRS,return,1,expanding,distributed_all_lag3,2024-10-31,2024-10-31,2024-11-30,0.2979264919339865,0.018988849467844765,0.027007940749186148,106,0.0,1.0,False,100.0,"['revenue_growth', 'operating_margin', 'earnings_yield', 'market_return', 'industry_relative', 'driver_return', 'revenue_growth_lag1', 'operating_margin_lag1', 'earnings_yield_lag1', 'market_return_lag1', 'industry_relative_lag1', 'driver_return_lag1', 'revenue_growth_lag3', 'operating_margin_lag3', 'earnings_yield_lag3', 'market_return_lag3', 'industry_relative_lag3', 'driver_return_lag3', 'revenue_growth missing', 'operating_margin missing', 'revenue_growth_lag1 missing', 'operating_margin_lag1 missing', 'market_return_lag1 missing', 'industry_relative_lag1 missing', 'revenue_growth_lag3 missing', 'operating_margin_lag3 missing']"
CRS,return,1,expanding,core_pe_level,2024-11-30,2024-11-29,2024-12-31,-0.1253865656432295,-0.0009547559526233325,0.029539889825679608,107,0.0,1.0,False,10.0,"['revenue_growth', 'operating_margin', 'pe', 'market_return', 'industry_relative', 'driver_return', 'revenue_growth missing', 'operating_margin missing', 'pe missing']"
CRS,return,1,expanding,core_pe_difference,2024-11-30,2024-11-29,2024-12-31,-0.1253865656432295,-0.0063952710212897765,0.029539889825679608,107,0.0,1.0,False,1.0,"['revenue_growth', 'operating_margin', 'pe_diff', 'market_return', 'industry_relative', 'driver_return', 'revenue_growth missing', 'operating_margin missing', 'pe_diff missing']"
CRS,return,1,expanding,core_pe_percentage,2024-11-30,2024-11-29,2024-12-31,-0.1253865656432295,-0.0011806999743125095,0.029539889825679608,107,0.0,1.0,False,1.0,"['revenue_growth', 'operating_margin', 'pe_pct_change', 'market_return', 'industry_relative', 'driver_return', 'revenue_growth missing', 'operating_margin missing', 'pe_pct_change missing']"
CRS,return,1,expanding,core_pe_lag1,2024-11-30,2024-11-29,2024-12-31,-0.1253865656432295,0.00456559642780666,0.029539889825679608,107,0.0,1.0,False,100.0,"['revenue_growth', 'operating_margin', 'pe_lag1', 'market_return', 'industry_relative', 'driver_return', 'revenue_growth missing', 'operating_margin missing', 'pe_lag1 missing']"
CRS,return,1,expanding,core_financial_changes,2024-11-30,2024-11-29,2024-12-31,-0.1253865656432295,-0.0015261797546535644,0.029539889825679608,107,0.0,1.0,False,10.0,"['revenue_growth_diff', 'operating_margin_diff', 'earnings_yield_diff', 'market_return', 'industry_relative', 'driver_return', 'revenue_growth_diff missing', 'operating_margin_diff missing']"
CRS,return,1,expanding,distributed_all_lag1,2024-11-30,2024-11-29,2024-12-31,-0.1253865656432295,0.018167293687019435,0.029539889825679608,107,0.0,1.0,False,100.0,"['revenue_growth', 'operating_margin', 'earnings_yield', 'market_return', 'industry_relative', 'driver_return', 'revenue_growth_lag1', 'operating_margin_lag1', 'earnings_yield_lag1', 'market_return_lag1', 'industry_relative_lag1', 'driver_return_lag1', 'revenue_growth missing', 'operating_margin missing', 'revenue_growth_lag1 missing', 'operating_margin_lag1 missing', 'market_return_lag1 missing', 'industry_relative_lag1 missing']"
CRS,return,1,expanding,distributed_all_lag3,2024-11-30,2024-11-29,2024-12-31,-0.1253865656432295,0.012766019173510765,0.029539889825679608,107,0.0,1.0,False,100.0,"['revenue_growth', 'operating_margin', 'earnings_yield', 'market_return', 'industry_relative', 'driver_return', 'revenue_growth_lag1', 'operating_margin_lag1', 'earnings_yield_lag1', 'market_return_lag1', 'industry_relative_lag1', 'driver_return_lag1', 'revenue_growth_lag3', 'operating_margin_lag3', 'earnings_yield_lag3', 'market_return_lag3', 'industry_relative_lag3', 'driver_return_lag3', 'revenue_growth missing', 'operating_margin missing', 'revenue_growth_lag1 missing', 'operating_margin_lag1 missing', 'market_return_lag1 missing', 'industry_relative_lag1 missing', 'revenue_growth_lag3 missing', 'operating_margin_lag3 missing']"
CRS,return,1,expanding,core_pe_level,2024-12-31,2024-12-31,2025-01-31,0.1387302318169407,0.023761678249695675,0.028105385608374896,108,1.0,1.0,False,100.0,"['revenue_growth', 'operating_margin', 'pe', 'market_return', 'industry_relative', 'driver_return', 'revenue_growth missing', 'operating_margin missing', 'pe missing']"
CRS,return,1,expanding,core_pe_difference,2024-12-31,2024-12-31,2025-01-31,0.1387302318169407,0.024961018710132357,0.028105385608374896,108,1.0,1.0,False,100.0,"['revenue_growth', 'operating_margin', 'pe_diff', 'market_return', 'industry_relative', 'driver_return', 'revenue_growth missing', 'operating_margin missing', 'pe_diff missing']"
CRS,return,1,expanding,core_pe_percentage,2024-12-31,2024-12-31,2025-01-31,0.1387302318169407,0.024074050880140262,0.028105385608374896,108,1.0,1.0,False,100.0,"['revenue_growth', 'operating_margin', 'pe_pct_change', 'market_return', 'industry_relative', 'driver_return', 'revenue_growth missing', 'operating_margin missing', 'pe_pct_change missing']"
CRS,return,1,expanding,core_pe_lag1,2024-12-31,2024-12-31,2025-01-31,0.1387302318169407,0.021348528665522306,0.028105385608374896,108,1.0,1.0,False,10.0,"['revenue_growth', 'operating_margin', 'pe_lag1', 'market_return', 'industry_relative', 'driver_return', 'revenue_growth missing', 'operating_margin missing', 'pe_lag1 missing']"
CRS,return,1,expanding,core_financial_changes,2024-12-31,2024-12-31,2025-01-31,0.1387302318169407,0.02472960105255202,0.028105385608374896,108,1.0,1.0,False,1.0,"['revenue_growth_diff', 'operating_margin_diff', 'earnings_yield_diff', 'market_return', 'industry_relative', 'driver_return', 'revenue_growth_diff missing', 'operating_margin_diff missing']"
CRS,return,1,expanding,distributed_all_lag1,2024-12-31,2024-12-31,2025-01-31,0.1387302318169407,0.08847000052113246,0.028105385608374896,108,1.0,1.0,False,0.01,"['revenue_growth', 'operating_margin', 'earnings_yield', 'market_return', 'industry_relative', 'driver_return', 'revenue_growth_lag1', 'operating_margin_lag1', 'earnings_yield_lag1', 'market_return_lag1', 'industry_relative_lag1', 'driver_return_lag1', 'revenue_growth missing', 'operating_margin missing', 'revenue_growth_lag1 missing', 'operating_margin_lag1 missing', 'market_return_lag1 missing', 'industry_relative_lag1 missing']"
CRS,return,1,expanding,distributed_all_lag3,2024-12-31,2024-12-31,2025-01-31,0.1387302318169407,0.01988007863116708,0.028105385608374896,108,1.0,1.0,False,0.01,"['revenue_growth', 'operating_margin', 'earnings_yield', 'market_return', 'industry_relative', 'driver_return', 'revenue_growth_lag1', 'operating_margin_lag1', 'earnings_yield_lag1', 'market_return_lag1', 'industry_relative_lag1', 'driver_return_lag1', 'revenue_growth_lag3', 'operating_margin_lag3', 'earnings_yield_lag3', 'market_return_lag3', 'industry_relative_lag3', 'driver_return_lag3', 'revenue_growth missing', 'operating_margin missing', 'revenue_growth_lag1 missing', 'operating_margin_lag1 missing', 'market_return_lag1 missing', 'industry_relative_lag1 missing', 'revenue_growth_lag3 missing', 'operating_margin_lag3 missing']"
CRS,return,1,expanding,core_pe_level,2025-01-31,2025-01-31,2025-02-28,0.0725681489034146,0.0387641761563908,0.02912029245432504,109,0.0,1.0,False,100.0,"['revenue_growth', 'operating_margin', 'pe', 'market_return', 'industry_relative', 'driver_return', 'revenue_growth missing', 'operating_margin missing', 'pe missing']"
CRS,return,1,expanding,core_pe_difference,2025-01-31,2025-01-31,2025-02-28,0.0725681489034146,0.039178008206058525,0.02912029245432504,109,0.0,1.0,False,100.0,"['revenue_growth', 'operating_margin', 'pe_diff', 'market_return', 'industry_relative', 'driver_return', 'revenue_growth missing', 'operating_margin missing', 'pe_diff missing']"
CRS,return,1,expanding,core_pe_percentage,2025-01-31,2025-01-31,2025-02-28,0.0725681489034146,0.038846664554675336,0.02912029245432504,109,0.0,1.0,False,100.0,"['revenue_growth', 'operating_margin', 'pe_pct_change', 'market_return', 'industry_relative', 'driver_return', 'revenue_growth missing', 'operating_margin missing', 'pe_pct_change missing']"
CRS,return,1,expanding,core_pe_lag1,2025-01-31,2025-01-31,2025-02-28,0.0725681489034146,0.04225808651481388,0.02912029245432504,109,0.0,1.0,False,10.0,"['revenue_growth', 'operating_margin', 'pe_lag1', 'market_return', 'industry_relative', 'driver_return', 'revenue_growth missing', 'operating_margin missing', 'pe_lag1 missing']"
CRS,return,1,expanding,core_financial_changes,2025-01-31,2025-01-31,2025-02-28,0.0725681489034146,0.033482627696081194,0.02912029245432504,109,0.0,1.0,False,1.0,"['revenue_growth_diff', 'operating_margin_diff', 'earnings_yield_diff', 'market_return', 'industry_relative', 'driver_return', 'revenue_growth_diff missing', 'operating_margin_diff missing']"
CRS,return,1,expanding,distributed_all_lag1,2025-01-31,2025-01-31,2025-02-28,0.0725681489034146,0.13583040443188082,0.02912029245432504,109,0.0,1.0,False,0.01,"['revenue_growth', 'operating_margin', 'earnings_yield', 'market_return', 'industry_relative', 'driver_return', 'revenue_growth_lag1', 'operating_margin_lag1', 'earnings_yield_lag1', 'market_return_lag1', 'industry_relative_lag1', 'driver_return_lag1', 'revenue_growth missing', 'operating_margin missing', 'revenue_growth_lag1 missing', 'operating_margin_lag1 missing', 'market_return_lag1 missing', 'industry_relative_lag1 missing']"
CRS,return,1,expanding,distributed_all_lag3,2025-01-31,2025-01-31,2025-02-28,0.0725681489034146,0.18192987683166204,0.02912029245432504,109,0.0,1.0,False,0.01,"['revenue_growth', 'operating_margin', 'earnings_yield', 'market_return', 'industry_relative', 'driver_return', 'revenue_growth_lag1', 'operating_margin_lag1', 'earnings_yield_lag1', 'market_return_lag1', 'industry_relative_lag1', 'driver_return_lag1', 'revenue_growth_lag3', 'operating_margin_lag3', 'earnings_yield_lag3', 'market_return_lag3', 'industry_relative_lag3', 'driver_return_lag3', 'revenue_growth missing', 'operating_margin missing', 'revenue_growth_lag1 missing', 'operating_margin_lag1 missing', 'market_return_lag1 missing', 'industry_relative_lag1 missing', 'revenue_growth_lag3 missing', 'operating_margin_lag3 missing']"
CRS,return,1,expanding,core_pe_level,2025-02-28,2025-02-28,2025-03-31,-0.1250302689959038,0.02139719474209973,0.02951527296749858,110,0.0,1.0,False,100.0,"['revenue_growth', 'operating_margin', 'pe', 'market_return', 'industry_relative', 'driver_return', 'revenue_growth missing', 'operating_margin missing', 'pe missing']"
CRS,return,1,expanding,core_pe_difference,2025-02-28,2025-02-28,2025-03-31,-0.1250302689959038,0.0202315743557947,0.02951527296749858,110,0.0,1.0,False,100.0,"['revenue_growth', 'operating_margin', 'pe_diff', 'market_return', 'industry_relative', 'driver_return', 'revenue_growth missing', 'operating_margin missing', 'pe_diff missing']"
CRS,return,1,expanding,core_pe_percentage,2025-02-28,2025-02-28,2025-03-31,-0.1250302689959038,0.021278962530910814,0.02951527296749858,110,0.0,1.0,False,100.0,"['revenue_growth', 'operating_margin', 'pe_pct_change', 'market_return', 'industry_relative', 'driver_return', 'revenue_growth missing', 'operating_margin missing', 'pe_pct_change missing']"
CRS,return,1,expanding,core_pe_lag1,2025-02-28,2025-02-28,2025-03-31,-0.1250302689959038,0.00959450893969073,0.02951527296749858,110,0.0,1.0,False,10.0,"['revenue_growth', 'operating_margin', 'pe_lag1', 'market_return', 'industry_relative', 'driver_return', 'revenue_growth missing', 'operating_margin missing', 'pe_lag1 missing']"
CRS,return,1,expanding,core_financial_changes,2025-02-28,2025-02-28,2025-03-31,-0.1250302689959038,0.01667923352660894,0.02951527296749858,110,0.0,1.0,False,1.0,"['revenue_growth_diff', 'operating_margin_diff', 'earnings_yield_diff', 'market_return', 'industry_relative', 'driver_return', 'revenue_growth_diff missing', 'operating_margin_diff missing']"
CRS,return,1,expanding,distributed_all_lag1,2025-02-28,2025-02-28,2025-03-31,-0.1250302689959038,0.0859546079811111,0.02951527296749858,110,0.0,1.0,False,0.01,"['revenue_growth', 'operating_margin', 'earnings_yield', 'market_return', 'industry_relative', 'driver_return', 'revenue_growth_lag1', 'operating_margin_lag1', 'earnings_yield_lag1', 'market_return_lag1', 'industry_relative_lag1', 'driver_return_lag1', 'revenue_growth missing', 'operating_margin missing', 'revenue_growth_lag1 missing', 'operating_margin_lag1 missing', 'market_return_lag1 missing', 'industry_relative_lag1 missing']"
CRS,return,1,expanding,distributed_all_lag3,2025-02-28,2025-02-28,2025-03-31,-0.1250302689959038,0.03293191980347769,0.02951527296749858,110,0.0,1.0,False,0.01,"['revenue_growth', 'operating_margin', 'earnings_yield', 'market_return', 'industry_relative', 'driver_return', 'revenue_growth_lag1', 'operating_margin_lag1', 'earnings_yield_lag1', 'market_return_lag1', 'industry_relative_lag1', 'driver_return_lag1', 'revenue_growth_lag3', 'operating_margin_lag3', 'earnings_yield_lag3', 'market_return_lag3', 'industry_relative_lag3', 'driver_return_lag3', 'revenue_growth missing', 'operating_margin missing', 'revenue_growth_lag1 missing', 'operating_margin_lag1 missing', 'market_return_lag1 missing', 'industry_relative_lag1 missing', 'revenue_growth_lag3 missing', 'operating_margin_lag3 missing']"
CRS,return,1,expanding,core_pe_level,2025-03-31,2025-03-31,2025-04-30,0.0809345883718197,0.04699731358426637,0.028122970787648104,111,1.0,0.0,False,100.0,"['revenue_growth', 'operating_margin', 'pe', 'market_return', 'industry_relative', 'driver_return', 'revenue_growth missing', 'operating_margin missing', 'pe missing']"
CRS,return,1,expanding,core_pe_difference,2025-03-31,2025-03-31,2025-04-30,0.0809345883718197,0.04816436956055741,0.028122970787648104,111,1.0,0.0,False,100.0,"['revenue_growth', 'operating_margin', 'pe_diff', 'market_return', 'industry_relative', 'driver_return', 'revenue_growth missing', 'operating_margin missing', 'pe_diff missing']"
CRS,return,1,expanding,core_pe_percentage,2025-03-31,2025-03-31,2025-04-30,0.0809345883718197,0.04740666796167041,0.028122970787648104,111,1.0,0.0,False,100.0,"['revenue_growth', 'operating_margin', 'pe_pct_change', 'market_return', 'industry_relative', 'driver_return', 'revenue_growth missing', 'operating_margin missing', 'pe_pct_change missing']"
CRS,return,1,expanding,core_pe_lag1,2025-03-31,2025-03-31,2025-04-30,0.0809345883718197,0.05494441088269837,0.028122970787648104,111,1.0,0.0,False,10.0,"['revenue_growth', 'operating_margin', 'pe_lag1', 'market_return', 'industry_relative', 'driver_return', 'revenue_growth missing', 'operating_margin missing', 'pe_lag1 missing']"
CRS,return,1,expanding,core_financial_changes,2025-03-31,2025-03-31,2025-04-30,0.0809345883718197,0.06973355777867168,0.028122970787648104,111,1.0,0.0,False,1.0,"['revenue_growth_diff', 'operating_margin_diff', 'earnings_yield_diff', 'market_return', 'industry_relative', 'driver_return', 'revenue_growth_diff missing', 'operating_margin_diff missing']"
CRS,return,1,expanding,distributed_all_lag1,2025-03-31,2025-03-31,2025-04-30,0.0809345883718197,0.1261695827473914,0.028122970787648104,111,1.0,0.0,False,0.01,"['revenue_growth', 'operating_margin', 'earnings_yield', 'market_return', 'industry_relative', 'driver_return', 'revenue_growth_lag1', 'operating_margin_lag1', 'earnings_yield_lag1', 'market_return_lag1', 'industry_relative_lag1', 'driver_return_lag1', 'revenue_growth missing', 'operating_margin missing', 'revenue_growth_lag1 missing', 'operating_margin_lag1 missing', 'market_return_lag1 missing', 'industry_relative_lag1 missing']"
CRS,return,1,expanding,distributed_all_lag3,2025-03-31,2025-03-31,2025-04-30,0.0809345883718197,0.15538521192764676,0.028122970787648104,111,1.0,0.0,False,0.01,"['revenue_growth', 'operating_margin', 'earnings_yield', 'market_return', 'industry_relative', 'driver_return', 'revenue_growth_lag1', 'operating_margin_lag1', 'earnings_yield_lag1', 'market_return_lag1', 'industry_relative_lag1', 'driver_return_lag1', 'revenue_growth_lag3', 'operating_margin_lag3', 'earnings_yield_lag3', 'market_return_lag3', 'industry_relative_lag3', 'driver_return_lag3', 'revenue_growth missing', 'operating_margin missing', 'revenue_growth_lag1 missing', 'operating_margin_lag1 missing', 'market_return_lag1 missing', 'industry_relative_lag1 missing', 'revenue_growth_lag3 missing', 'operating_margin_lag3 missing']"
CRS,return,1,expanding,core_pe_level,2025-04-30,2025-04-30,2025-05-31,0.2013698535808668,0.0470516328301834,0.028594503087506783,112,1.0,0.0,False,100.0,"['revenue_growth', 'operating_margin', 'pe', 'market_return', 'industry_relative', 'driver_return', 'revenue_growth missing', 'operating_margin missing', 'pe missing']"
CRS,return,1,expanding,core_pe_difference,2025-04-30,2025-04-30,2025-05-31,0.2013698535808668,0.048822319931842856,0.028594503087506783,112,1.0,0.0,False,100.0,"['revenue_growth', 'operating_margin', 'pe_diff', 'market_return', 'industry_relative', 'driver_return', 'revenue_growth missing', 'operating_margin missing', 'pe_diff missing']"
CRS,return,1,expanding,core_pe_percentage,2025-04-30,2025-04-30,2025-05-31,0.2013698535808668,0.0473842934150442,0.028594503087506783,112,1.0,0.0,False,100.0,"['revenue_growth', 'operating_margin', 'pe_pct_change', 'market_return', 'industry_relative', 'driver_return', 'revenue_growth missing', 'operating_margin missing', 'pe_pct_change missing']"
CRS,return,1,expanding,core_pe_lag1,2025-04-30,2025-04-30,2025-05-31,0.2013698535808668,0.05605739572351985,0.028594503087506783,112,1.0,0.0,False,10.0,"['revenue_growth', 'operating_margin', 'pe_lag1', 'market_return', 'industry_relative', 'driver_return', 'revenue_growth missing', 'operating_margin missing', 'pe_lag1 missing']"
CRS,return,1,expanding,core_financial_changes,2025-04-30,2025-04-30,2025-05-31,0.2013698535808668,0.04244737390527989,0.028594503087506783,112,1.0,0.0,False,1.0,"['revenue_growth_diff', 'operating_margin_diff', 'earnings_yield_diff', 'market_return', 'industry_relative', 'driver_return', 'revenue_growth_diff missing', 'operating_margin_diff missing']"
CRS,return,1,expanding,distributed_all_lag1,2025-04-30,2025-04-30,2025-05-31,0.2013698535808668,0.14769961242708818,0.028594503087506783,112,1.0,0.0,False,0.01,"['revenue_growth', 'operating_margin', 'earnings_yield', 'market_return', 'industry_relative', 'driver_return', 'revenue_growth_lag1', 'operating_margin_lag1', 'earnings_yield_lag1', 'market_return_lag1', 'industry_relative_lag1', 'driver_return_lag1', 'revenue_growth missing', 'operating_margin missing', 'revenue_growth_lag1 missing', 'operating_margin_lag1 missing', 'market_return_lag1 missing', 'industry_relative_lag1 missing']"
CRS,return,1,expanding,distributed_all_lag3,2025-04-30,2025-04-30,2025-05-31,0.2013698535808668,0.10579098802297955,0.028594503087506783,112,1.0,0.0,False,0.01,"['revenue_growth', 'operating_margin', 'earnings_yield', 'market_return', 'industry_relative', 'driver_return', 'revenue_growth_lag1', 'operating_margin_lag1', 'earnings_yield_lag1', 'market_return_lag1', 'industry_relative_lag1', 'driver_return_lag1', 'revenue_growth_lag3', 'operating_margin_lag3', 'earnings_yield_lag3', 'market_return_lag3', 'industry_relative_lag3', 'driver_return_lag3', 'revenue_growth missing', 'operating_margin missing', 'revenue_growth_lag1 missing', 'operating_margin_lag1 missing', 'market_return_lag1 missing', 'industry_relative_lag1 missing', 'revenue_growth_lag3 missing', 'operating_margin_lag3 missing']"
CRS,return,1,expanding,core_pe_level,2025-05-31,2025-05-30,2025-06-30,0.1760852881086829,0.015063069470622626,0.03012348849010289,113,1.0,1.0,False,100.0,"['revenue_growth', 'operating_margin', 'pe', 'market_return', 'industry_relative', 'driver_return', 'revenue_growth missing', 'operating_margin missing', 'pe missing']"
CRS,return,1,expanding,core_pe_difference,2025-05-31,2025-05-30,2025-06-30,0.1760852881086829,0.01273117061402088,0.03012348849010289,113,1.0,1.0,False,100.0,"['revenue_growth', 'operating_margin', 'pe_diff', 'market_return', 'industry_relative', 'driver_return', 'revenue_growth missing', 'operating_margin missing', 'pe_diff missing']"
CRS,return,1,expanding,core_pe_percentage,2025-05-31,2025-05-30,2025-06-30,0.1760852881086829,0.014138202007339878,0.03012348849010289,113,1.0,1.0,False,100.0,"['revenue_growth', 'operating_margin', 'pe_pct_change', 'market_return', 'industry_relative', 'driver_return', 'revenue_growth missing', 'operating_margin missing', 'pe_pct_change missing']"
CRS,return,1,expanding,core_pe_lag1,2025-05-31,2025-05-30,2025-06-30,0.1760852881086829,-0.008327327101759516,0.03012348849010289,113,1.0,1.0,False,10.0,"['revenue_growth', 'operating_margin', 'pe_lag1', 'market_return', 'industry_relative', 'driver_return', 'revenue_growth missing', 'operating_margin missing', 'pe_lag1 missing']"
CRS,return,1,expanding,core_financial_changes,2025-05-31,2025-05-30,2025-06-30,0.1760852881086829,0.004094297986879859,0.03012348849010289,113,1.0,1.0,False,1.0,"['revenue_growth_diff', 'operating_margin_diff', 'earnings_yield_diff', 'market_return', 'industry_relative', 'driver_return', 'revenue_growth_diff missing', 'operating_margin_diff missing']"
CRS,return,1,expanding,distributed_all_lag1,2025-05-31,2025-05-30,2025-06-30,0.1760852881086829,0.043266626613503334,0.03012348849010289,113,1.0,1.0,False,0.01,"['revenue_growth', 'operating_margin', 'earnings_yield', 'market_return', 'industry_relative', 'driver_return', 'revenue_growth_lag1', 'operating_margin_lag1', 'earnings_yield_lag1', 'market_return_lag1', 'industry_relative_lag1', 'driver_return_lag1', 'revenue_growth missing', 'operating_margin missing', 'revenue_growth_lag1 missing', 'operating_margin_lag1 missing', 'market_return_lag1 missing', 'industry_relative_lag1 missing']"
CRS,return,1,expanding,distributed_all_lag3,2025-05-31,2025-05-30,2025-06-30,0.1760852881086829,0.01722030197335658,0.03012348849010289,113,1.0,1.0,False,0.01,"['revenue_growth', 'operating_margin', 'earnings_yield', 'market_return', 'industry_relative', 'driver_return', 'revenue_growth_lag1', 'operating_margin_lag1', 'earnings_yield_lag1', 'market_return_lag1', 'industry_relative_lag1', 'driver_return_lag1', 'revenue_growth_lag3', 'operating_margin_lag3', 'earnings_yield_lag3', 'market_return_lag3', 'industry_relative_lag3', 'driver_return_lag3', 'revenue_growth missing', 'operating_margin missing', 'revenue_growth_lag1 missing', 'operating_margin_lag1 missing', 'market_return_lag1 missing', 'industry_relative_lag1 missing', 'revenue_growth_lag3 missing', 'operating_margin_lag3 missing']"
CRS,return,1,expanding,core_pe_level,2025-06-30,2025-06-30,2025-07-31,-0.0976554244657097,0.020539049312554025,0.03140385515342377,114,0.0,1.0,False,100.0,"['revenue_growth', 'operating_margin', 'pe', 'market_return', 'industry_relative', 'driver_return', 'revenue_growth missing', 'operating_margin missing', 'pe missing']"
CRS,return,1,expanding,core_pe_difference,2025-06-30,2025-06-30,2025-07-31,-0.0976554244657097,0.018425991302463418,0.03140385515342377,114,0.0,1.0,False,100.0,"['revenue_growth', 'operating_margin', 'pe_diff', 'market_return', 'industry_relative', 'driver_return', 'revenue_growth missing', 'operating_margin missing', 'pe_diff missing']"
CRS,return,1,expanding,core_pe_percentage,2025-06-30,2025-06-30,2025-07-31,-0.0976554244657097,0.019920671411092647,0.03140385515342377,114,0.0,1.0,False,100.0,"['revenue_growth', 'operating_margin', 'pe_pct_change', 'market_return', 'industry_relative', 'driver_return', 'revenue_growth missing', 'operating_margin missing', 'pe_pct_change missing']"
CRS,return,1,expanding,core_pe_lag1,2025-06-30,2025-06-30,2025-07-31,-0.0976554244657097,0.011213017685783238,0.03140385515342377,114,0.0,1.0,False,10.0,"['revenue_growth', 'operating_margin', 'pe_lag1', 'market_return', 'industry_relative', 'driver_return', 'revenue_growth missing', 'operating_margin missing', 'pe_lag1 missing']"
CRS,return,1,expanding,core_financial_changes,2025-06-30,2025-06-30,2025-07-31,-0.0976554244657097,0.010119551293419172,0.03140385515342377,114,0.0,1.0,False,1.0,"['revenue_growth_diff', 'operating_margin_diff', 'earnings_yield_diff', 'market_return', 'industry_relative', 'driver_return', 'revenue_growth_diff missing', 'operating_margin_diff missing']"
CRS,return,1,expanding,distributed_all_lag1,2025-06-30,2025-06-30,2025-07-31,-0.0976554244657097,0.04625261843730128,0.03140385515342377,114,0.0,1.0,False,0.01,"['revenue_growth', 'operating_margin', 'earnings_yield', 'market_return', 'industry_relative', 'driver_return', 'revenue_growth_lag1', 'operating_margin_lag1', 'earnings_yield_lag1', 'market_return_lag1', 'industry_relative_lag1', 'driver_return_lag1', 'revenue_growth missing', 'operating_margin missing', 'revenue_growth_lag1 missing', 'operating_margin_lag1 missing', 'market_return_lag1 missing', 'industry_relative_lag1 missing']"
CRS,return,1,expanding,distributed_all_lag3,2025-06-30,2025-06-30,2025-07-31,-0.0976554244657097,0.03729516365564416,0.03140385515342377,114,0.0,1.0,False,0.01,"['revenue_growth', 'operating_margin', 'earnings_yield', 'market_return', 'industry_relative', 'driver_return', 'revenue_growth_lag1', 'operating_margin_lag1', 'earnings_yield_lag1', 'market_return_lag1', 'industry_relative_lag1', 'driver_return_lag1', 'revenue_growth_lag3', 'operating_margin_lag3', 'earnings_yield_lag3', 'market_return_lag3', 'industry_relative_lag3', 'driver_return_lag3', 'revenue_growth missing', 'operating_margin missing', 'revenue_growth_lag1 missing', 'operating_margin_lag1 missing', 'market_return_lag1 missing', 'industry_relative_lag1 missing', 'revenue_growth_lag3 missing', 'operating_margin_lag3 missing']"
CRS,return,1,expanding,core_pe_level,2025-07-31,2025-07-31,2025-08-31,-0.0333230959173456,0.04399824217231664,0.030281600548039994,115,0.0,1.0,False,100.0,"['revenue_growth', 'operating_margin', 'pe', 'market_return', 'industry_relative', 'driver_return', 'revenue_growth missing', 'operating_margin missing', 'pe missing']"
CRS,return,1,expanding,core_pe_difference,2025-07-31,2025-07-31,2025-08-31,-0.0333230959173456,0.045130896676985735,0.030281600548039994,115,0.0,1.0,False,100.0,"['revenue_growth', 'operating_margin', 'pe_diff', 'market_return', 'industry_relative', 'driver_return', 'revenue_growth missing', 'operating_margin missing', 'pe_diff missing']"
CRS,return,1,expanding,core_pe_percentage,2025-07-31,2025-07-31,2025-08-31,-0.0333230959173456,0.04415545378117941,0.030281600548039994,115,0.0,1.0,False,100.0,"['revenue_growth', 'operating_margin', 'pe_pct_change', 'market_return', 'industry_relative', 'driver_return', 'revenue_growth missing', 'operating_margin missing', 'pe_pct_change missing']"
CRS,return,1,expanding,core_pe_lag1,2025-07-31,2025-07-31,2025-08-31,-0.0333230959173456,0.05594097721578305,0.030281600548039994,115,0.0,1.0,False,10.0,"['revenue_growth', 'operating_margin', 'pe_lag1', 'market_return', 'industry_relative', 'driver_return', 'revenue_growth missing', 'operating_margin missing', 'pe_lag1 missing']"
CRS,return,1,expanding,core_financial_changes,2025-07-31,2025-07-31,2025-08-31,-0.0333230959173456,0.057651707602890095,0.030281600548039994,115,0.0,1.0,False,1.0,"['revenue_growth_diff', 'operating_margin_diff', 'earnings_yield_diff', 'market_return', 'industry_relative', 'driver_return', 'revenue_growth_diff missing', 'operating_margin_diff missing']"
CRS,return,1,expanding,distributed_all_lag1,2025-07-31,2025-07-31,2025-08-31,-0.0333230959173456,0.12358149218865347,0.030281600548039994,115,0.0,1.0,False,0.01,"['revenue_growth', 'operating_margin', 'earnings_yield', 'market_return', 'industry_relative', 'driver_return', 'revenue_growth_lag1', 'operating_margin_lag1', 'earnings_yield_lag1', 'market_return_lag1', 'industry_relative_lag1', 'driver_return_lag1', 'revenue_growth missing', 'operating_margin missing', 'revenue_growth_lag1 missing', 'operating_margin_lag1 missing', 'market_return_lag1 missing', 'industry_relative_lag1 missing']"
CRS,return,1,expanding,distributed_all_lag3,2025-07-31,2025-07-31,2025-08-31,-0.0333230959173456,0.1251172310216698,0.030281600548039994,115,0.0,1.0,False,0.01,"['revenue_growth', 'operating_margin', 'earnings_yield', 'market_return', 'industry_relative', 'driver_return', 'revenue_growth_lag1', 'operating_margin_lag1', 'earnings_yield_lag1', 'market_return_lag1', 'industry_relative_lag1', 'driver_return_lag1', 'revenue_growth_lag3', 'operating_margin_lag3', 'earnings_yield_lag3', 'market_return_lag3', 'industry_relative_lag3', 'driver_return_lag3', 'revenue_growth missing', 'operating_margin missing', 'revenue_growth_lag1 missing', 'operating_margin_lag1 missing', 'market_return_lag1 missing', 'industry_relative_lag1 missing', 'revenue_growth_lag3 missing', 'operating_margin_lag3 missing']"
CRS,return,1,expanding,core_pe_level,2025-08-31,2025-08-29,2025-09-30,0.0193456161130294,0.030835042777582526,0.029733284199200467,116,0.0,0.0,False,100.0,"['revenue_growth', 'operating_margin', 'pe', 'market_return', 'industry_relative', 'driver_return', 'revenue_growth missing', 'operating_margin missing', 'pe missing']"
CRS,return,1,expanding,core_pe_difference,2025-08-31,2025-08-29,2025-09-30,0.0193456161130294,0.03144680551638766,0.029733284199200467,116,0.0,0.0,False,100.0,"['revenue_growth', 'operating_margin', 'pe_diff', 'market_return', 'industry_relative', 'driver_return', 'revenue_growth missing', 'operating_margin missing', 'pe_diff missing']"
CRS,return,1,expanding,core_pe_percentage,2025-08-31,2025-08-29,2025-09-30,0.0193456161130294,0.030853466803535855,0.029733284199200467,116,0.0,0.0,False,100.0,"['revenue_growth', 'operating_margin', 'pe_pct_change', 'market_return', 'industry_relative', 'driver_return', 'revenue_growth missing', 'operating_margin missing', 'pe_pct_change missing']"
CRS,return,1,expanding,core_pe_lag1,2025-08-31,2025-08-29,2025-09-30,0.0193456161130294,0.03270339361185517,0.029733284199200467,116,0.0,0.0,False,10.0,"['revenue_growth', 'operating_margin', 'pe_lag1', 'market_return', 'industry_relative', 'driver_return', 'revenue_growth missing', 'operating_margin missing', 'pe_lag1 missing']"
CRS,return,1,expanding,core_financial_changes,2025-08-31,2025-08-29,2025-09-30,0.0193456161130294,0.014759974111167065,0.029733284199200467,116,0.0,0.0,False,1.0,"['revenue_growth_diff', 'operating_margin_diff', 'earnings_yield_diff', 'market_return', 'industry_relative', 'driver_return', 'revenue_growth_diff missing', 'operating_margin_diff missing']"
CRS,return,1,expanding,distributed_all_lag1,2025-08-31,2025-08-29,2025-09-30,0.0193456161130294,0.0992821567233057,0.029733284199200467,116,0.0,0.0,False,0.01,"['revenue_growth', 'operating_margin', 'earnings_yield', 'market_return', 'industry_relative', 'driver_return', 'revenue_growth_lag1', 'operating_margin_lag1', 'earnings_yield_lag1', 'market_return_lag1', 'industry_relative_lag1', 'driver_return_lag1', 'revenue_growth missing', 'operating_margin missing', 'revenue_growth_lag1 missing', 'operating_margin_lag1 missing', 'market_return_lag1 missing', 'industry_relative_lag1 missing']"
CRS,return,1,expanding,distributed_all_lag3,2025-08-31,2025-08-29,2025-09-30,0.0193456161130294,0.036531813786400164,0.029733284199200467,116,0.0,0.0,False,0.01,"['revenue_growth', 'operating_margin', 'earnings_yield', 'market_return', 'industry_relative', 'driver_return', 'revenue_growth_lag1', 'operating_margin_lag1', 'earnings_yield_lag1', 'market_return_lag1', 'industry_relative_lag1', 'driver_return_lag1', 'revenue_growth_lag3', 'operating_margin_lag3', 'earnings_yield_lag3', 'market_return_lag3', 'industry_relative_lag3', 'driver_return_lag3', 'revenue_growth missing', 'operating_margin missing', 'revenue_growth_lag1 missing', 'operating_margin_lag1 missing', 'market_return_lag1 missing', 'industry_relative_lag1 missing', 'revenue_growth_lag3 missing', 'operating_margin_lag3 missing']"
CRS,return,1,expanding,core_pe_level,2025-09-30,2025-09-30,2025-10-31,0.2876173323177364,0.018141741356737226,0.029644500711284473,117,0.0,0.0,False,100.0,"['revenue_growth', 'operating_margin', 'pe', 'market_return', 'industry_relative', 'driver_return', 'revenue_growth missing', 'operating_margin missing', 'pe missing']"
CRS,return,1,expanding,core_pe_difference,2025-09-30,2025-09-30,2025-10-31,0.2876173323177364,0.017402239819751406,0.029644500711284473,117,0.0,0.0,False,100.0,"['revenue_growth', 'operating_margin', 'pe_diff', 'market_return', 'industry_relative', 'driver_return', 'revenue_growth missing', 'operating_margin missing', 'pe_diff missing']"
CRS,return,1,expanding,core_pe_percentage,2025-09-30,2025-09-30,2025-10-31,0.2876173323177364,0.017753379563705644,0.029644500711284473,117,0.0,0.0,False,100.0,"['revenue_growth', 'operating_margin', 'pe_pct_change', 'market_return', 'industry_relative', 'driver_return', 'revenue_growth missing', 'operating_margin missing', 'pe_pct_change missing']"
CRS,return,1,expanding,core_pe_lag1,2025-09-30,2025-09-30,2025-10-31,0.2876173323177364,0.005793242781771339,0.029644500711284473,117,0.0,0.0,False,10.0,"['revenue_growth', 'operating_margin', 'pe_lag1', 'market_return', 'industry_relative', 'driver_return', 'revenue_growth missing', 'operating_margin missing', 'pe_lag1 missing']"
CRS,return,1,expanding,core_financial_changes,2025-09-30,2025-09-30,2025-10-31,0.2876173323177364,0.009625792081502344,0.029644500711284473,117,0.0,0.0,False,1.0,"['revenue_growth_diff', 'operating_margin_diff', 'earnings_yield_diff', 'market_return', 'industry_relative', 'driver_return', 'revenue_growth_diff missing', 'operating_margin_diff missing']"
CRS,return,1,expanding,distributed_all_lag1,2025-09-30,2025-09-30,2025-10-31,0.2876173323177364,0.06348752419130464,0.029644500711284473,117,0.0,0.0,False,0.01,"['revenue_growth', 'operating_margin', 'earnings_yield', 'market_return', 'industry_relative', 'driver_return', 'revenue_growth_lag1', 'operating_margin_lag1', 'earnings_yield_lag1', 'market_return_lag1', 'industry_relative_lag1', 'driver_return_lag1', 'revenue_growth missing', 'operating_margin missing', 'revenue_growth_lag1 missing', 'operating_margin_lag1 missing', 'market_return_lag1 missing', 'industry_relative_lag1 missing']"
CRS,return,1,expanding,distributed_all_lag3,2025-09-30,2025-09-30,2025-10-31,0.2876173323177364,0.04036273212800474,0.029644500711284473,117,0.0,0.0,False,0.01,"['revenue_growth', 'operating_margin', 'earnings_yield', 'market_return', 'industry_relative', 'driver_return', 'revenue_growth_lag1', 'operating_margin_lag1', 'earnings_yield_lag1', 'market_return_lag1', 'industry_relative_lag1', 'driver_return_lag1', 'revenue_growth_lag3', 'operating_margin_lag3', 'earnings_yield_lag3', 'market_return_lag3', 'industry_relative_lag3', 'driver_return_lag3', 'revenue_growth missing', 'operating_margin missing', 'revenue_growth_lag1 missing', 'operating_margin_lag1 missing', 'market_return_lag1 missing', 'industry_relative_lag1 missing', 'revenue_growth_lag3 missing', 'operating_margin_lag3 missing']"
CRS,return,1,expanding,core_pe_level,2025-10-31,2025-10-31,2025-11-30,0.0083571450339365,0.02181067479584417,0.03183071114862729,118,0.0,0.0,False,100.0,"['revenue_growth', 'operating_margin', 'pe', 'market_return', 'industry_relative', 'driver_return', 'revenue_growth missing', 'operating_margin missing', 'pe missing']"
CRS,return,1,expanding,core_pe_difference,2025-10-31,2025-10-31,2025-11-30,0.0083571450339365,0.019562951696263407,0.03183071114862729,118,0.0,0.0,False,100.0,"['revenue_growth', 'operating_margin', 'pe_diff', 'market_return', 'industry_relative', 'driver_return', 'revenue_growth missing', 'operating_margin missing', 'pe_diff missing']"
CRS,return,1,expanding,core_pe_percentage,2025-10-31,2025-10-31,2025-11-30,0.0083571450339365,0.02120360268996235,0.03183071114862729,118,0.0,0.0,False,100.0,"['revenue_growth', 'operating_margin', 'pe_pct_change', 'market_return', 'industry_relative', 'driver_return', 'revenue_growth missing', 'operating_margin missing', 'pe_pct_change missing']"
CRS,return,1,expanding,core_pe_lag1,2025-10-31,2025-10-31,2025-11-30,0.0083571450339365,0.0156942224884952,0.03183071114862729,118,0.0,0.0,False,10.0,"['revenue_growth', 'operating_margin', 'pe_lag1', 'market_return', 'industry_relative', 'driver_return', 'revenue_growth missing', 'operating_margin missing', 'pe_lag1 missing']"
CRS,return,1,expanding,core_financial_changes,2025-10-31,2025-10-31,2025-11-30,0.0083571450339365,-0.008982111005029166,0.03183071114862729,118,0.0,0.0,False,1.0,"['revenue_growth_diff', 'operating_margin_diff', 'earnings_yield_diff', 'market_return', 'industry_relative', 'driver_return', 'revenue_growth_diff missing', 'operating_margin_diff missing']"
CRS,return,1,expanding,distributed_all_lag1,2025-10-31,2025-10-31,2025-11-30,0.0083571450339365,0.06323071317421616,0.03183071114862729,118,0.0,0.0,False,0.01,"['revenue_growth', 'operating_margin', 'earnings_yield', 'market_return', 'industry_relative', 'driver_return', 'revenue_growth_lag1', 'operating_margin_lag1', 'earnings_yield_lag1', 'market_return_lag1', 'industry_relative_lag1', 'driver_return_lag1', 'revenue_growth missing', 'operating_margin missing', 'revenue_growth_lag1 missing', 'operating_margin_lag1 missing', 'market_return_lag1 missing', 'industry_relative_lag1 missing']"
CRS,return,1,expanding,distributed_all_lag3,2025-10-31,2025-10-31,2025-11-30,0.0083571450339365,0.05094332417273693,0.03183071114862729,118,0.0,0.0,False,0.01,"['revenue_growth', 'operating_margin', 'earnings_yield', 'market_return', 'industry_relative', 'driver_return', 'revenue_growth_lag1', 'operating_margin_lag1', 'earnings_yield_lag1', 'market_return_lag1', 'industry_relative_lag1', 'driver_return_lag1', 'revenue_growth_lag3', 'operating_margin_lag3', 'earnings_yield_lag3', 'market_return_lag3', 'industry_relative_lag3', 'driver_return_lag3', 'revenue_growth missing', 'operating_margin missing', 'revenue_growth_lag1 missing', 'operating_margin_lag1 missing', 'market_return_lag1 missing', 'industry_relative_lag1 missing', 'revenue_growth_lag3 missing', 'operating_margin_lag3 missing']"
CRS,return,1,expanding,core_pe_level,2025-11-30,2025-11-28,2025-12-31,-0.0116155267830648,0.027118548869087825,0.03163345429052064,119,1.0,0.0,False,100.0,"['revenue_growth', 'operating_margin', 'pe', 'market_return', 'industry_relative', 'driver_return', 'revenue_growth missing', 'operating_margin missing', 'pe missing']"
CRS,return,1,expanding,core_pe_difference,2025-11-30,2025-11-28,2025-12-31,-0.0116155267830648,0.026882164749757926,0.03163345429052064,119,1.0,0.0,False,100.0,"['revenue_growth', 'operating_margin', 'pe_diff', 'market_return', 'industry_relative', 'driver_return', 'revenue_growth missing', 'operating_margin missing', 'pe_diff missing']"
CRS,return,1,expanding,core_pe_percentage,2025-11-30,2025-11-28,2025-12-31,-0.0116155267830648,0.02718815999824746,0.03163345429052064,119,1.0,0.0,False,100.0,"['revenue_growth', 'operating_margin', 'pe_pct_change', 'market_return', 'industry_relative', 'driver_return', 'revenue_growth missing', 'operating_margin missing', 'pe_pct_change missing']"
CRS,return,1,expanding,core_pe_lag1,2025-11-30,2025-11-28,2025-12-31,-0.0116155267830648,0.032867669571859284,0.03163345429052064,119,1.0,0.0,False,10.0,"['revenue_growth', 'operating_margin', 'pe_lag1', 'market_return', 'industry_relative', 'driver_return', 'revenue_growth missing', 'operating_margin missing', 'pe_lag1 missing']"
CRS,return,1,expanding,core_financial_changes,2025-11-30,2025-11-28,2025-12-31,-0.0116155267830648,0.019203470840689386,0.03163345429052064,119,1.0,0.0,False,1.0,"['revenue_growth_diff', 'operating_margin_diff', 'earnings_yield_diff', 'market_return', 'industry_relative', 'driver_return', 'revenue_growth_diff missing', 'operating_margin_diff missing']"
CRS,return,1,expanding,distributed_all_lag1,2025-11-30,2025-11-28,2025-12-31,-0.0116155267830648,0.12698015422034298,0.03163345429052064,119,1.0,0.0,False,0.01,"['revenue_growth', 'operating_margin', 'earnings_yield', 'market_return', 'industry_relative', 'driver_return', 'revenue_growth_lag1', 'operating_margin_lag1', 'earnings_yield_lag1', 'market_return_lag1', 'industry_relative_lag1', 'driver_return_lag1', 'revenue_growth missing', 'operating_margin missing', 'revenue_growth_lag1 missing', 'operating_margin_lag1 missing', 'market_return_lag1 missing', 'industry_relative_lag1 missing']"
CRS,return,1,expanding,distributed_all_lag3,2025-11-30,2025-11-28,2025-12-31,-0.0116155267830648,0.16726159165294494,0.03163345429052064,119,1.0,0.0,False,0.01,"['revenue_growth', 'operating_margin', 'earnings_yield', 'market_return', 'industry_relative', 'driver_return', 'revenue_growth_lag1', 'operating_margin_lag1', 'earnings_yield_lag1', 'market_return_lag1', 'industry_relative_lag1', 'driver_return_lag1', 'revenue_growth_lag3', 'operating_margin_lag3', 'earnings_yield_lag3', 'market_return_lag3', 'industry_relative_lag3', 'driver_return_lag3', 'revenue_growth missing', 'operating_margin missing', 'revenue_growth_lag1 missing', 'operating_margin_lag1 missing', 'market_return_lag1 missing', 'industry_relative_lag1 missing', 'revenue_growth_lag3 missing', 'operating_margin_lag3 missing']"
CRS,return,1,expanding,core_pe_level,2025-12-31,2025-12-31,2026-01-31,0.0100765685248405,0.10373525431582581,0.03127304611490743,120,0.0,0.0,False,0.01,"['revenue_growth', 'operating_margin', 'pe', 'market_return', 'industry_relative', 'driver_return', 'revenue_growth missing', 'operating_margin missing', 'pe missing']"
CRS,return,1,expanding,core_pe_difference,2025-12-31,2025-12-31,2026-01-31,0.0100765685248405,0.09663199754104569,0.03127304611490743,120,0.0,0.0,False,0.01,"['revenue_growth', 'operating_margin', 'pe_diff', 'market_return', 'industry_relative', 'driver_return', 'revenue_growth missing', 'operating_margin missing', 'pe_diff missing']"
CRS,return,1,expanding,core_pe_percentage,2025-12-31,2025-12-31,2026-01-31,0.0100765685248405,0.09615617211115755,0.03127304611490743,120,0.0,0.0,False,0.01,"['revenue_growth', 'operating_margin', 'pe_pct_change', 'market_return', 'industry_relative', 'driver_return', 'revenue_growth missing', 'operating_margin missing', 'pe_pct_change missing']"
CRS,return,1,expanding,core_pe_lag1,2025-12-31,2025-12-31,2026-01-31,0.0100765685248405,0.049316520309489756,0.03127304611490743,120,0.0,0.0,False,100.0,"['revenue_growth', 'operating_margin', 'pe_lag1', 'market_return', 'industry_relative', 'driver_return', 'revenue_growth missing', 'operating_margin missing', 'pe_lag1 missing']"
CRS,return,1,expanding,core_financial_changes,2025-12-31,2025-12-31,2026-01-31,0.0100765685248405,0.049524176126416915,0.03127304611490743,120,0.0,0.0,False,100.0,"['revenue_growth_diff', 'operating_margin_diff', 'earnings_yield_diff', 'market_return', 'industry_relative', 'driver_return', 'revenue_growth_diff missing', 'operating_margin_diff missing']"
CRS,return,1,expanding,distributed_all_lag1,2025-12-31,2025-12-31,2026-01-31,0.0100765685248405,0.12764707052994426,0.03127304611490743,120,0.0,0.0,False,0.01,"['revenue_growth', 'operating_margin', 'earnings_yield', 'market_return', 'industry_relative', 'driver_return', 'revenue_growth_lag1', 'operating_margin_lag1', 'earnings_yield_lag1', 'market_return_lag1', 'industry_relative_lag1', 'driver_return_lag1', 'revenue_growth missing', 'operating_margin missing', 'revenue_growth_lag1 missing', 'operating_margin_lag1 missing', 'market_return_lag1 missing', 'industry_relative_lag1 missing']"
CRS,return,1,expanding,distributed_all_lag3,2025-12-31,2025-12-31,2026-01-31,0.0100765685248405,0.12556700437391102,0.03127304611490743,120,0.0,0.0,False,0.1,"['revenue_growth', 'operating_margin', 'earnings_yield', 'market_return', 'industry_relative', 'driver_return', 'revenue_growth_lag1', 'operating_margin_lag1', 'earnings_yield_lag1', 'market_return_lag1', 'industry_relative_lag1', 'driver_return_lag1', 'revenue_growth_lag3', 'operating_margin_lag3', 'earnings_yield_lag3', 'market_return_lag3', 'industry_relative_lag3', 'driver_return_lag3', 'revenue_growth missing', 'operating_margin missing', 'revenue_growth_lag1 missing', 'operating_margin_lag1 missing', 'market_return_lag1 missing', 'industry_relative_lag1 missing', 'revenue_growth_lag3 missing', 'operating_margin_lag3 missing']"
CRS,return,1,expanding,core_pe_level,2026-01-31,2026-01-30,2026-02-28,0.25246220073429,0.07399060894006246,0.031097868614163075,121,0.0,1.0,False,0.01,"['revenue_growth', 'operating_margin', 'pe', 'market_return', 'industry_relative', 'driver_return', 'revenue_growth missing', 'operating_margin missing', 'pe missing']"
CRS,return,1,expanding,core_pe_difference,2026-01-31,2026-01-30,2026-02-28,0.25246220073429,0.06677586244869287,0.031097868614163075,121,0.0,1.0,False,0.01,"['revenue_growth', 'operating_margin', 'pe_diff', 'market_return', 'industry_relative', 'driver_return', 'revenue_growth missing', 'operating_margin missing', 'pe_diff missing']"
CRS,return,1,expanding,core_pe_percentage,2026-01-31,2026-01-30,2026-02-28,0.25246220073429,0.06653244293825214,0.031097868614163075,121,0.0,1.0,False,0.01,"['revenue_growth', 'operating_margin', 'pe_pct_change', 'market_return', 'industry_relative', 'driver_return', 'revenue_growth missing', 'operating_margin missing', 'pe_pct_change missing']"
CRS,return,1,expanding,core_pe_lag1,2026-01-31,2026-01-30,2026-02-28,0.25246220073429,0.037181645297401894,0.031097868614163075,121,0.0,1.0,False,100.0,"['revenue_growth', 'operating_margin', 'pe_lag1', 'market_return', 'industry_relative', 'driver_return', 'revenue_growth missing', 'operating_margin missing', 'pe_lag1 missing']"
CRS,return,1,expanding,core_financial_changes,2026-01-31,2026-01-30,2026-02-28,0.25246220073429,0.03447780044735424,0.031097868614163075,121,0.0,1.0,False,100.0,"['revenue_growth_diff', 'operating_margin_diff', 'earnings_yield_diff', 'market_return', 'industry_relative', 'driver_return', 'revenue_growth_diff missing', 'operating_margin_diff missing']"
CRS,return,1,expanding,distributed_all_lag1,2026-01-31,2026-01-30,2026-02-28,0.25246220073429,0.10238077412331942,0.031097868614163075,121,0.0,1.0,False,0.01,"['revenue_growth', 'operating_margin', 'earnings_yield', 'market_return', 'industry_relative', 'driver_return', 'revenue_growth_lag1', 'operating_margin_lag1', 'earnings_yield_lag1', 'market_return_lag1', 'industry_relative_lag1', 'driver_return_lag1', 'revenue_growth missing', 'operating_margin missing', 'revenue_growth_lag1 missing', 'operating_margin_lag1 missing', 'market_return_lag1 missing', 'industry_relative_lag1 missing']"
CRS,return,1,expanding,distributed_all_lag3,2026-01-31,2026-01-30,2026-02-28,0.25246220073429,0.07566999395776478,0.031097868614163075,121,0.0,1.0,False,0.1,"['revenue_growth', 'operating_margin', 'earnings_yield', 'market_return', 'industry_relative', 'driver_return', 'revenue_growth_lag1', 'operating_margin_lag1', 'earnings_yield_lag1', 'market_return_lag1', 'industry_relative_lag1', 'driver_return_lag1', 'revenue_growth_lag3', 'operating_margin_lag3', 'earnings_yield_lag3', 'market_return_lag3', 'industry_relative_lag3', 'driver_return_lag3', 'revenue_growth missing', 'operating_margin missing', 'revenue_growth_lag1 missing', 'operating_margin_lag1 missing', 'market_return_lag1 missing', 'industry_relative_lag1 missing', 'revenue_growth_lag3 missing', 'operating_margin_lag3 missing']"
CRS,return,1,expanding,core_pe_level,2026-02-28,2026-02-27,2026-03-31,-0.0098476075480777,0.12696195366665153,0.03291233035285264,122,0.0,1.0,False,0.01,"['revenue_growth', 'operating_margin', 'pe', 'market_return', 'industry_relative', 'driver_return', 'revenue_growth missing', 'operating_margin missing', 'pe missing']"
CRS,return,1,expanding,core_pe_difference,2026-02-28,2026-02-27,2026-03-31,-0.0098476075480777,0.11405901555446536,0.03291233035285264,122,0.0,1.0,False,0.01,"['revenue_growth', 'operating_margin', 'pe_diff', 'market_return', 'industry_relative', 'driver_return', 'revenue_growth missing', 'operating_margin missing', 'pe_diff missing']"
CRS,return,1,expanding,core_pe_percentage,2026-02-28,2026-02-27,2026-03-31,-0.0098476075480777,0.11957953270431111,0.03291233035285264,122,0.0,1.0,False,0.01,"['revenue_growth', 'operating_margin', 'pe_pct_change', 'market_return', 'industry_relative', 'driver_return', 'revenue_growth missing', 'operating_margin missing', 'pe_pct_change missing']"
CRS,return,1,expanding,core_pe_lag1,2026-02-28,2026-02-27,2026-03-31,-0.0098476075480777,0.06671057738097666,0.03291233035285264,122,0.0,1.0,False,100.0,"['revenue_growth', 'operating_margin', 'pe_lag1', 'market_return', 'industry_relative', 'driver_return', 'revenue_growth missing', 'operating_margin missing', 'pe_lag1 missing']"
CRS,return,1,expanding,core_financial_changes,2026-02-28,2026-02-27,2026-03-31,-0.0098476075480777,0.06852963592505575,0.03291233035285264,122,0.0,1.0,False,100.0,"['revenue_growth_diff', 'operating_margin_diff', 'earnings_yield_diff', 'market_return', 'industry_relative', 'driver_return', 'revenue_growth_diff missing', 'operating_margin_diff missing']"
CRS,return,1,expanding,distributed_all_lag1,2026-02-28,2026-02-27,2026-03-31,-0.0098476075480777,0.16426771343908753,0.03291233035285264,122,0.0,1.0,False,0.01,"['revenue_growth', 'operating_margin', 'earnings_yield', 'market_return', 'industry_relative', 'driver_return', 'revenue_growth_lag1', 'operating_margin_lag1', 'earnings_yield_lag1', 'market_return_lag1', 'industry_relative_lag1', 'driver_return_lag1', 'revenue_growth missing', 'operating_margin missing', 'revenue_growth_lag1 missing', 'operating_margin_lag1 missing', 'market_return_lag1 missing', 'industry_relative_lag1 missing']"
CRS,return,1,expanding,distributed_all_lag3,2026-02-28,2026-02-27,2026-03-31,-0.0098476075480777,0.18351089938063775,0.03291233035285264,122,0.0,1.0,False,0.1,"['revenue_growth', 'operating_margin', 'earnings_yield', 'market_return', 'industry_relative', 'driver_return', 'revenue_growth_lag1', 'operating_margin_lag1', 'earnings_yield_lag1', 'market_return_lag1', 'industry_relative_lag1', 'driver_return_lag1', 'revenue_growth_lag3', 'operating_margin_lag3', 'earnings_yield_lag3', 'market_return_lag3', 'industry_relative_lag3', 'driver_return_lag3', 'revenue_growth missing', 'operating_margin missing', 'revenue_growth_lag1 missing', 'operating_margin_lag1 missing', 'market_return_lag1 missing', 'industry_relative_lag1 missing', 'revenue_growth_lag3 missing', 'operating_margin_lag3 missing']"
CRS,return,1,expanding,core_pe_level,2026-03-31,2026-03-31,2026-04-30,0.0868958667756347,0.10893642093871213,0.03256468858130036,123,1.0,1.0,False,0.01,"['revenue_growth', 'operating_margin', 'pe', 'market_return', 'industry_relative', 'driver_return', 'revenue_growth missing', 'operating_margin missing', 'pe missing']"
CRS,return,1,expanding,core_pe_difference,2026-03-31,2026-03-31,2026-04-30,0.0868958667756347,0.09856900529835655,0.03256468858130036,123,1.0,1.0,False,0.01,"['revenue_growth', 'operating_margin', 'pe_diff', 'market_return', 'industry_relative', 'driver_return', 'revenue_growth missing', 'operating_margin missing', 'pe_diff missing']"
CRS,return,1,expanding,core_pe_percentage,2026-03-31,2026-03-31,2026-04-30,0.0868958667756347,0.09766529328634148,0.03256468858130036,123,1.0,1.0,False,0.01,"['revenue_growth', 'operating_margin', 'pe_pct_change', 'market_return', 'industry_relative', 'driver_return', 'revenue_growth missing', 'operating_margin missing', 'pe_pct_change missing']"
CRS,return,1,expanding,core_pe_lag1,2026-03-31,2026-03-31,2026-04-30,0.0868958667756347,0.04946017080745616,0.03256468858130036,123,1.0,1.0,False,100.0,"['revenue_growth', 'operating_margin', 'pe_lag1', 'market_return', 'industry_relative', 'driver_return', 'revenue_growth missing', 'operating_margin missing', 'pe_lag1 missing']"
CRS,return,1,expanding,core_financial_changes,2026-03-31,2026-03-31,2026-04-30,0.0868958667756347,0.04544422304797646,0.03256468858130036,123,1.0,1.0,False,100.0,"['revenue_growth_diff', 'operating_margin_diff', 'earnings_yield_diff', 'market_return', 'industry_relative', 'driver_return', 'revenue_growth_diff missing', 'operating_margin_diff missing']"
CRS,return,1,expanding,distributed_all_lag1,2026-03-31,2026-03-31,2026-04-30,0.0868958667756347,0.1502444882292182,0.03256468858130036,123,1.0,1.0,False,0.01,"['revenue_growth', 'operating_margin', 'earnings_yield', 'market_return', 'industry_relative', 'driver_return', 'revenue_growth_lag1', 'operating_margin_lag1', 'earnings_yield_lag1', 'market_return_lag1', 'industry_relative_lag1', 'driver_return_lag1', 'revenue_growth missing', 'operating_margin missing', 'revenue_growth_lag1 missing', 'operating_margin_lag1 missing', 'market_return_lag1 missing', 'industry_relative_lag1 missing']"
CRS,return,1,expanding,distributed_all_lag3,2026-03-31,2026-03-31,2026-04-30,0.0868958667756347,0.1321352731561879,0.03256468858130036,123,1.0,1.0,False,0.1,"['revenue_growth', 'operating_margin', 'earnings_yield', 'market_return', 'industry_relative', 'driver_return', 'revenue_growth_lag1', 'operating_margin_lag1', 'earnings_yield_lag1', 'market_return_lag1', 'industry_relative_lag1', 'driver_return_lag1', 'revenue_growth_lag3', 'operating_margin_lag3', 'earnings_yield_lag3', 'market_return_lag3', 'industry_relative_lag3', 'driver_return_lag3', 'revenue_growth missing', 'operating_margin missing', 'revenue_growth_lag1 missing', 'operating_margin_lag1 missing', 'market_return_lag1 missing', 'industry_relative_lag1 missing', 'revenue_growth_lag3 missing', 'operating_margin_lag3 missing']"
CRS,return,1,expanding,core_pe_level,2026-04-30,2026-04-30,2026-05-31,0.0952358781682569,0.02679976714522489,0.03300284324415789,124,0.0,1.0,False,0.01,"['revenue_growth', 'operating_margin', 'pe', 'market_return', 'industry_relative', 'driver_return', 'revenue_growth missing', 'operating_margin missing', 'pe missing']"
CRS,return,1,expanding,core_pe_difference,2026-04-30,2026-04-30,2026-05-31,0.0952358781682569,0.014458291534172146,0.03300284324415789,124,0.0,1.0,False,0.01,"['revenue_growth', 'operating_margin', 'pe_diff', 'market_return', 'industry_relative', 'driver_return', 'revenue_growth missing', 'operating_margin missing', 'pe_diff missing']"
CRS,return,1,expanding,core_pe_percentage,2026-04-30,2026-04-30,2026-05-31,0.0952358781682569,0.012098471008467407,0.03300284324415789,124,0.0,1.0,False,0.01,"['revenue_growth', 'operating_margin', 'pe_pct_change', 'market_return', 'industry_relative', 'driver_return', 'revenue_growth missing', 'operating_margin missing', 'pe_pct_change missing']"
CRS,return,1,expanding,core_pe_lag1,2026-04-30,2026-04-30,2026-05-31,0.0952358781682569,0.006405453558037517,0.03300284324415789,124,0.0,1.0,False,100.0,"['revenue_growth', 'operating_margin', 'pe_lag1', 'market_return', 'industry_relative', 'driver_return', 'revenue_growth missing', 'operating_margin missing', 'pe_lag1 missing']"
CRS,return,1,expanding,core_financial_changes,2026-04-30,2026-04-30,2026-05-31,0.0952358781682569,-0.004043137693570925,0.03300284324415789,124,0.0,1.0,False,100.0,"['revenue_growth_diff', 'operating_margin_diff', 'earnings_yield_diff', 'market_return', 'industry_relative', 'driver_return', 'revenue_growth_diff missing', 'operating_margin_diff missing']"
CRS,return,1,expanding,distributed_all_lag1,2026-04-30,2026-04-30,2026-05-31,0.0952358781682569,0.09243712175843852,0.03300284324415789,124,0.0,1.0,False,0.01,"['revenue_growth', 'operating_margin', 'earnings_yield', 'market_return', 'industry_relative', 'driver_return', 'revenue_growth_lag1', 'operating_margin_lag1', 'earnings_yield_lag1', 'market_return_lag1', 'industry_relative_lag1', 'driver_return_lag1', 'revenue_growth missing', 'operating_margin missing', 'revenue_growth_lag1 missing', 'operating_margin_lag1 missing', 'market_return_lag1 missing', 'industry_relative_lag1 missing']"
CRS,return,1,expanding,distributed_all_lag3,2026-04-30,2026-04-30,2026-05-31,0.0952358781682569,0.09822443170858434,0.03300284324415789,124,0.0,1.0,False,0.1,"['revenue_growth', 'operating_margin', 'earnings_yield', 'market_return', 'industry_relative', 'driver_return', 'revenue_growth_lag1', 'operating_margin_lag1', 'earnings_yield_lag1', 'market_return_lag1', 'industry_relative_lag1', 'driver_return_lag1', 'revenue_growth_lag3', 'operating_margin_lag3', 'earnings_yield_lag3', 'market_return_lag3', 'industry_relative_lag3', 'driver_return_lag3', 'revenue_growth missing', 'operating_margin missing', 'revenue_growth_lag1 missing', 'operating_margin_lag1 missing', 'market_return_lag1 missing', 'industry_relative_lag1 missing', 'revenue_growth_lag3 missing', 'operating_margin_lag3 missing']"
CRS,return,1,expanding,core_pe_level,2026-05-31,2026-05-29,2026-06-30,0.3152799328433289,0.03589579622932631,0.03350070752355069,125,0.0,1.0,False,0.01,"['revenue_growth', 'operating_margin', 'pe', 'market_return', 'industry_relative', 'driver_return', 'revenue_growth missing', 'operating_margin missing', 'pe missing']"
CRS,return,1,expanding,core_pe_difference,2026-05-31,2026-05-29,2026-06-30,0.3152799328433289,0.01790514005846171,0.03350070752355069,125,0.0,1.0,False,0.01,"['revenue_growth', 'operating_margin', 'pe_diff', 'market_return', 'industry_relative', 'driver_return', 'revenue_growth missing', 'operating_margin missing', 'pe_diff missing']"
CRS,return,1,expanding,core_pe_percentage,2026-05-31,2026-05-29,2026-06-30,0.3152799328433289,0.021764742316329976,0.03350070752355069,125,0.0,1.0,False,0.01,"['revenue_growth', 'operating_margin', 'pe_pct_change', 'market_return', 'industry_relative', 'driver_return', 'revenue_growth missing', 'operating_margin missing', 'pe_pct_change missing']"
CRS,return,1,expanding,core_pe_lag1,2026-05-31,2026-05-29,2026-06-30,0.3152799328433289,0.014952497253863144,0.03350070752355069,125,0.0,1.0,False,100.0,"['revenue_growth', 'operating_margin', 'pe_lag1', 'market_return', 'industry_relative', 'driver_return', 'revenue_growth missing', 'operating_margin missing', 'pe_lag1 missing']"
CRS,return,1,expanding,core_financial_changes,2026-05-31,2026-05-29,2026-06-30,0.3152799328433289,0.010949124949834271,0.03350070752355069,125,0.0,1.0,False,100.0,"['revenue_growth_diff', 'operating_margin_diff', 'earnings_yield_diff', 'market_return', 'industry_relative', 'driver_return', 'revenue_growth_diff missing', 'operating_margin_diff missing']"
CRS,return,1,expanding,distributed_all_lag1,2026-05-31,2026-05-29,2026-06-30,0.3152799328433289,0.031879211893898446,0.03350070752355069,125,0.0,1.0,False,0.01,"['revenue_growth', 'operating_margin', 'earnings_yield', 'market_return', 'industry_relative', 'driver_return', 'revenue_growth_lag1', 'operating_margin_lag1', 'earnings_yield_lag1', 'market_return_lag1', 'industry_relative_lag1', 'driver_return_lag1', 'revenue_growth missing', 'operating_margin missing', 'revenue_growth_lag1 missing', 'operating_margin_lag1 missing', 'market_return_lag1 missing', 'industry_relative_lag1 missing']"
CRS,return,1,expanding,distributed_all_lag3,2026-05-31,2026-05-29,2026-06-30,0.3152799328433289,0.02143049669701079,0.03350070752355069,125,0.0,1.0,False,0.1,"['revenue_growth', 'operating_margin', 'earnings_yield', 'market_return', 'industry_relative', 'driver_return', 'revenue_growth_lag1', 'operating_margin_lag1', 'earnings_yield_lag1', 'market_return_lag1', 'industry_relative_lag1', 'driver_return_lag1', 'revenue_growth_lag3', 'operating_margin_lag3', 'earnings_yield_lag3', 'market_return_lag3', 'industry_relative_lag3', 'driver_return_lag3', 'revenue_growth missing', 'operating_margin missing', 'revenue_growth_lag1 missing', 'operating_margin_lag1 missing', 'market_return_lag1 missing', 'industry_relative_lag1 missing', 'revenue_growth_lag3 missing', 'operating_margin_lag3 missing']"
CRS,return,1,expanding,core_pe_level,2026-06-30,2026-06-30,2026-07-31,-0.1575449388095704,0.11633552544346025,0.03573705058164417,126,1.0,1.0,False,0.01,"['revenue_growth', 'operating_margin', 'pe', 'market_return', 'industry_relative', 'driver_return', 'revenue_growth missing', 'operating_margin missing', 'pe missing']"
CRS,return,1,expanding,core_pe_difference,2026-06-30,2026-06-30,2026-07-31,-0.1575449388095704,0.08985294198566462,0.03573705058164417,126,1.0,1.0,False,0.01,"['revenue_growth', 'operating_margin', 'pe_diff', 'market_return', 'industry_relative', 'driver_return', 'revenue_growth missing', 'operating_margin missing', 'pe_diff missing']"
CRS,return,1,expanding,core_pe_percentage,2026-06-30,2026-06-30,2026-07-31,-0.1575449388095704,0.10024212164900172,0.03573705058164417,126,1.0,1.0,False,0.01,"['revenue_growth', 'operating_margin', 'pe_pct_change', 'market_return', 'industry_relative', 'driver_return', 'revenue_growth missing', 'operating_margin missing', 'pe_pct_change missing']"
CRS,return,1,expanding,core_pe_lag1,2026-06-30,2026-06-30,2026-07-31,-0.1575449388095704,0.05759577472610702,0.03573705058164417,126,1.0,1.0,False,100.0,"['revenue_growth', 'operating_margin', 'pe_lag1', 'market_return', 'industry_relative', 'driver_return', 'revenue_growth missing', 'operating_margin missing', 'pe_lag1 missing']"
CRS,return,1,expanding,core_financial_changes,2026-06-30,2026-06-30,2026-07-31,-0.1575449388095704,0.05045236032754809,0.03573705058164417,126,1.0,1.0,False,100.0,"['revenue_growth_diff', 'operating_margin_diff', 'earnings_yield_diff', 'market_return', 'industry_relative', 'driver_return', 'revenue_growth_diff missing', 'operating_margin_diff missing']"
CRS,return,1,expanding,distributed_all_lag1,2026-06-30,2026-06-30,2026-07-31,-0.1575449388095704,0.12221061351661239,0.03573705058164417,126,1.0,1.0,False,0.01,"['revenue_growth', 'operating_margin', 'earnings_yield', 'market_return', 'industry_relative', 'driver_return', 'revenue_growth_lag1', 'operating_margin_lag1', 'earnings_yield_lag1', 'market_return_lag1', 'industry_relative_lag1', 'driver_return_lag1', 'revenue_growth missing', 'operating_margin missing', 'revenue_growth_lag1 missing', 'operating_margin_lag1 missing', 'market_return_lag1 missing', 'industry_relative_lag1 missing']"
CRS,return,1,expanding,distributed_all_lag3,2026-06-30,2026-06-30,2026-07-31,-0.1575449388095704,0.1678706799908835,0.03573705058164417,126,1.0,1.0,False,0.1,"['revenue_growth', 'operating_margin', 'earnings_yield', 'market_return', 'industry_relative', 'driver_return', 'revenue_growth_lag1', 'operating_margin_lag1', 'earnings_yield_lag1', 'market_return_lag1', 'industry_relative_lag1', 'driver_return_lag1', 'revenue_growth_lag3', 'operating_margin_lag3', 'earnings_yield_lag3', 'market_return_lag3', 'industry_relative_lag3', 'driver_return_lag3', 'revenue_growth missing', 'operating_margin missing', 'revenue_growth_lag1 missing', 'operating_margin_lag1 missing', 'market_return_lag1 missing', 'industry_relative_lag1 missing', 'revenue_growth_lag3 missing', 'operating_margin_lag3 missing']"
CRS,return,1,expanding,core_pe_level,2026-07-31,2026-07-31,2026-08-31,-0.0828237103638547,0.10011529319025679,0.03421514515336689,127,0.0,1.0,False,0.01,"['revenue_growth', 'operating_margin', 'pe', 'market_return', 'industry_relative', 'driver_return', 'revenue_growth missing', 'operating_margin missing', 'pe missing']"
CRS,return,1,expanding,core_pe_difference,2026-07-31,2026-07-31,2026-08-31,-0.0828237103638547,0.10056104413587531,0.03421514515336689,127,0.0,1.0,False,0.01,"['revenue_growth', 'operating_margin', 'pe_diff', 'market_return', 'industry_relative', 'driver_return', 'revenue_growth missing', 'operating_margin missing', 'pe_diff missing']"
CRS,return,1,expanding,core_pe_percentage,2026-07-31,2026-07-31,2026-08-31,-0.0828237103638547,0.09188724605409815,0.03421514515336689,127,0.0,1.0,False,0.01,"['revenue_growth', 'operating_margin', 'pe_pct_change', 'market_return', 'industry_relative', 'driver_return', 'revenue_growth missing', 'operating_margin missing', 'pe_pct_change missing']"
CRS,return,1,expanding,core_pe_lag1,2026-07-31,2026-07-31,2026-08-31,-0.0828237103638547,0.05474632618806506,0.03421514515336689,127,0.0,1.0,False,100.0,"['revenue_growth', 'operating_margin', 'pe_lag1', 'market_return', 'industry_relative', 'driver_return', 'revenue_growth missing', 'operating_margin missing', 'pe_lag1 missing']"
CRS,return,1,expanding,core_financial_changes,2026-07-31,2026-07-31,2026-08-31,-0.0828237103638547,0.043674743186387366,0.03421514515336689,127,0.0,1.0,False,100.0,"['revenue_growth_diff', 'operating_margin_diff', 'earnings_yield_diff', 'market_return', 'industry_relative', 'driver_return', 'revenue_growth_diff missing', 'operating_margin_diff missing']"
CRS,return,1,expanding,distributed_all_lag1,2026-07-31,2026-07-31,2026-08-31,-0.0828237103638547,0.14317470508681007,0.03421514515336689,127,0.0,1.0,False,0.01,"['revenue_growth', 'operating_margin', 'earnings_yield', 'market_return', 'industry_relative', 'driver_return', 'revenue_growth_lag1', 'operating_margin_lag1', 'earnings_yield_lag1', 'market_return_lag1', 'industry_relative_lag1', 'driver_return_lag1', 'revenue_growth missing', 'operating_margin missing', 'revenue_growth_lag1 missing', 'operating_margin_lag1 missing', 'market_return_lag1 missing', 'industry_relative_lag1 missing']"
CRS,return,1,expanding,distributed_all_lag3,2026-07-31,2026-07-31,2026-08-31,-0.0828237103638547,0.16963310452939329,0.03421514515336689,127,0.0,1.0,False,0.1,"['revenue_growth', 'operating_margin', 'earnings_yield', 'market_return', 'industry_relative', 'driver_return', 'revenue_growth_lag1', 'operating_margin_lag1', 'earnings_yield_lag1', 'market_return_lag1', 'industry_relative_lag1', 'driver_return_lag1', 'revenue_growth_lag3', 'operating_margin_lag3', 'earnings_yield_lag3', 'market_return_lag3', 'industry_relative_lag3', 'driver_return_lag3', 'revenue_growth missing', 'operating_margin missing', 'revenue_growth_lag1 missing', 'operating_margin_lag1 missing', 'market_return_lag1 missing', 'industry_relative_lag1 missing', 'revenue_growth_lag3 missing', 'operating_margin_lag3 missing']"
ATI,return,1,expanding,core_pe_level,2022-12-31,2022-12-30,2023-01-31,0.2186871616148966,0.016188919073203738,0.024904130656592433,84,1.0,1.0,False,100.0,"['revenue_growth', 'operating_margin', 'market_return', 'industry_relative', 'driver_return']"
ATI,return,1,expanding,core_pe_difference,2022-12-31,2022-12-30,2023-01-31,0.2186871616148966,0.016188919073203738,0.024904130656592433,84,1.0,1.0,False,100.0,"['revenue_growth', 'operating_margin', 'market_return', 'industry_relative', 'driver_return']"
ATI,return,1,expanding,core_pe_percentage,2022-12-31,2022-12-30,2023-01-31,0.2186871616148966,0.016188919073203738,0.024904130656592433,84,1.0,1.0,False,100.0,"['revenue_growth', 'operating_margin', 'market_return', 'industry_relative', 'driver_return']"
ATI,return,1,expanding,core_pe_lag1,2022-12-31,2022-12-30,2023-01-31,0.2186871616148966,0.016188919073203738,0.024904130656592433,84,1.0,1.0,False,100.0,"['revenue_growth', 'operating_margin', 'market_return', 'industry_relative', 'driver_return']"
ATI,return,1,expanding,core_financial_changes,2022-12-31,2022-12-30,2023-01-31,0.2186871616148966,0.03361245184213601,0.024904130656592433,84,1.0,1.0,False,100.0,"['revenue_growth_diff', 'operating_margin_diff', 'earnings_yield_diff', 'market_return', 'industry_relative', 'driver_return']"
ATI,return,1,expanding,distributed_all_lag1,2022-12-31,2022-12-30,2023-01-31,0.2186871616148966,-0.00020229293725362169,0.024904130656592433,84,1.0,1.0,False,100.0,"['revenue_growth', 'operating_margin', 'earnings_yield', 'market_return', 'industry_relative', 'driver_return', 'revenue_growth_lag1', 'operating_margin_lag1', 'earnings_yield_lag1', 'market_return_lag1', 'industry_relative_lag1', 'driver_return_lag1', 'market_return_lag1 missing', 'industry_relative_lag1 missing']"
ATI,return,1,expanding,distributed_all_lag3,2022-12-31,2022-12-30,2023-01-31,0.2186871616148966,-0.020584817468366632,0.024904130656592433,84,1.0,1.0,False,100.0,"['revenue_growth', 'operating_margin', 'earnings_yield', 'market_return', 'industry_relative', 'driver_return', 'revenue_growth_lag1', 'operating_margin_lag1', 'earnings_yield_lag1', 'market_return_lag1', 'industry_relative_lag1', 'driver_return_lag1', 'revenue_growth_lag3', 'operating_margin_lag3', 'earnings_yield_lag3', 'market_return_lag3', 'industry_relative_lag3', 'driver_return_lag3', 'market_return_lag1 missing', 'industry_relative_lag1 missing']"
ATI,return,1,expanding,core_pe_level,2023-01-31,2023-01-31,2023-02-28,0.1170651884496125,-0.00796861120995317,0.027183931020807777,85,1.0,0.0,False,100.0,"['revenue_growth', 'operating_margin', 'market_return', 'industry_relative', 'driver_return']"
ATI,return,1,expanding,core_pe_difference,2023-01-31,2023-01-31,2023-02-28,0.1170651884496125,-0.00796861120995317,0.027183931020807777,85,1.0,0.0,False,100.0,"['revenue_growth', 'operating_margin', 'market_return', 'industry_relative', 'driver_return']"
ATI,return,1,expanding,core_pe_percentage,2023-01-31,2023-01-31,2023-02-28,0.1170651884496125,-0.00796861120995317,0.027183931020807777,85,1.0,0.0,False,100.0,"['revenue_growth', 'operating_margin', 'market_return', 'industry_relative', 'driver_return']"
ATI,return,1,expanding,core_pe_lag1,2023-01-31,2023-01-31,2023-02-28,0.1170651884496125,-0.00796861120995317,0.027183931020807777,85,1.0,0.0,False,100.0,"['revenue_growth', 'operating_margin', 'market_return', 'industry_relative', 'driver_return']"
ATI,return,1,expanding,core_financial_changes,2023-01-31,2023-01-31,2023-02-28,0.1170651884496125,0.007386150368761831,0.027183931020807777,85,1.0,0.0,False,100.0,"['revenue_growth_diff', 'operating_margin_diff', 'earnings_yield_diff', 'market_return', 'industry_relative', 'driver_return']"
ATI,return,1,expanding,distributed_all_lag1,2023-01-31,2023-01-31,2023-02-28,0.1170651884496125,0.009219715612504415,0.027183931020807777,85,1.0,0.0,False,100.0,"['revenue_growth', 'operating_margin', 'earnings_yield', 'market_return', 'industry_relative', 'driver_return', 'revenue_growth_lag1', 'operating_margin_lag1', 'earnings_yield_lag1', 'market_return_lag1', 'industry_relative_lag1', 'driver_return_lag1', 'market_return_lag1 missing', 'industry_relative_lag1 missing']"
ATI,return,1,expanding,distributed_all_lag3,2023-01-31,2023-01-31,2023-02-28,0.1170651884496125,-0.003979214976156095,0.027183931020807777,85,1.0,0.0,False,100.0,"['revenue_growth', 'operating_margin', 'earnings_yield', 'market_return', 'industry_relative', 'driver_return', 'revenue_growth_lag1', 'operating_margin_lag1', 'earnings_yield_lag1', 'market_return_lag1', 'industry_relative_lag1', 'driver_return_lag1', 'revenue_growth_lag3', 'operating_margin_lag3', 'earnings_yield_lag3', 'market_return_lag3', 'industry_relative_lag3', 'driver_return_lag3', 'market_return_lag1 missing', 'industry_relative_lag1 missing']"
ATI,return,1,expanding,core_pe_level,2023-02-28,2023-02-28,2023-03-31,-0.0292743517032507,0.02710746458401257,0.028229061921142717,86,0.0,1.0,False,100.0,"['revenue_growth', 'operating_margin', 'market_return', 'industry_relative', 'driver_return']"
ATI,return,1,expanding,core_pe_difference,2023-02-28,2023-02-28,2023-03-31,-0.0292743517032507,0.02710746458401257,0.028229061921142717,86,0.0,1.0,False,100.0,"['revenue_growth', 'operating_margin', 'market_return', 'industry_relative', 'driver_return']"
ATI,return,1,expanding,core_pe_percentage,2023-02-28,2023-02-28,2023-03-31,-0.0292743517032507,0.02710746458401257,0.028229061921142717,86,0.0,1.0,False,100.0,"['revenue_growth', 'operating_margin', 'market_return', 'industry_relative', 'driver_return']"
ATI,return,1,expanding,core_pe_lag1,2023-02-28,2023-02-28,2023-03-31,-0.0292743517032507,0.02710746458401257,0.028229061921142717,86,0.0,1.0,False,100.0,"['revenue_growth', 'operating_margin', 'market_return', 'industry_relative', 'driver_return']"
ATI,return,1,expanding,core_financial_changes,2023-02-28,2023-02-28,2023-03-31,-0.0292743517032507,0.03553217991995684,0.028229061921142717,86,0.0,1.0,False,100.0,"['revenue_growth_diff', 'operating_margin_diff', 'earnings_yield_diff', 'market_return', 'industry_relative', 'driver_return']"
ATI,return,1,expanding,distributed_all_lag1,2023-02-28,2023-02-28,2023-03-31,-0.0292743517032507,0.02598108300294721,0.028229061921142717,86,0.0,1.0,False,100.0,"['revenue_growth', 'operating_margin', 'earnings_yield', 'market_return', 'industry_relative', 'driver_return', 'revenue_growth_lag1', 'operating_margin_lag1', 'earnings_yield_lag1', 'market_return_lag1', 'industry_relative_lag1', 'driver_return_lag1', 'market_return_lag1 missing', 'industry_relative_lag1 missing']"
ATI,return,1,expanding,distributed_all_lag3,2023-02-28,2023-02-28,2023-03-31,-0.0292743517032507,0.03555771074032291,0.028229061921142717,86,0.0,1.0,False,100.0,"['revenue_growth', 'operating_margin', 'earnings_yield', 'market_return', 'industry_relative', 'driver_return', 'revenue_growth_lag1', 'operating_margin_lag1', 'earnings_yield_lag1', 'market_return_lag1', 'industry_relative_lag1', 'driver_return_lag1', 'revenue_growth_lag3', 'operating_margin_lag3', 'earnings_yield_lag3', 'market_return_lag3', 'industry_relative_lag3', 'driver_return_lag3', 'market_return_lag1 missing', 'industry_relative_lag1 missing']"
ATI,return,1,expanding,core_pe_level,2023-03-31,2023-03-31,2023-04-30,-0.0212873839857342,0.005884329574107221,0.02756810314385084,87,1.0,0.0,False,100.0,"['revenue_growth', 'operating_margin', 'market_return', 'industry_relative', 'driver_return']"
ATI,return,1,expanding,core_pe_difference,2023-03-31,2023-03-31,2023-04-30,-0.0212873839857342,0.005884329574107221,0.02756810314385084,87,1.0,0.0,False,100.0,"['revenue_growth', 'operating_margin', 'market_return', 'industry_relative', 'driver_return']"
ATI,return,1,expanding,core_pe_percentage,2023-03-31,2023-03-31,2023-04-30,-0.0212873839857342,0.005884329574107221,0.02756810314385084,87,1.0,0.0,False,100.0,"['revenue_growth', 'operating_margin', 'market_return', 'industry_relative', 'driver_return']"
ATI,return,1,expanding,core_pe_lag1,2023-03-31,2023-03-31,2023-04-30,-0.0212873839857342,0.005884329574107221,0.02756810314385084,87,1.0,0.0,False,100.0,"['revenue_growth', 'operating_margin', 'market_return', 'industry_relative', 'driver_return']"
ATI,return,1,expanding,core_financial_changes,2023-03-31,2023-03-31,2023-04-30,-0.0212873839857342,0.01883042640526326,0.02756810314385084,87,1.0,0.0,False,100.0,"['revenue_growth_diff', 'operating_margin_diff', 'earnings_yield_diff', 'market_return', 'industry_relative', 'driver_return']"
ATI,return,1,expanding,distributed_all_lag1,2023-03-31,2023-03-31,2023-04-30,-0.0212873839857342,0.010194544388408777,0.02756810314385084,87,1.0,0.0,False,100.0,"['revenue_growth', 'operating_margin', 'earnings_yield', 'market_return', 'industry_relative', 'driver_return', 'revenue_growth_lag1', 'operating_margin_lag1', 'earnings_yield_lag1', 'market_return_lag1', 'industry_relative_lag1', 'driver_return_lag1', 'market_return_lag1 missing', 'industry_relative_lag1 missing']"
ATI,return,1,expanding,distributed_all_lag3,2023-03-31,2023-03-31,2023-04-30,-0.0212873839857342,-0.006712259759104059,0.02756810314385084,87,1.0,0.0,False,100.0,"['revenue_growth', 'operating_margin', 'earnings_yield', 'market_return', 'industry_relative', 'driver_return', 'revenue_growth_lag1', 'operating_margin_lag1', 'earnings_yield_lag1', 'market_return_lag1', 'industry_relative_lag1', 'driver_return_lag1', 'revenue_growth_lag3', 'operating_margin_lag3', 'earnings_yield_lag3', 'market_return_lag3', 'industry_relative_lag3', 'driver_return_lag3', 'market_return_lag1 missing', 'industry_relative_lag1 missing']"
ATI,return,1,expanding,core_pe_level,2023-04-30,2023-04-28,2023-05-31,-0.1046089386992353,0.011642407405861383,0.027012927153741918,88,0.0,0.0,False,100.0,"['revenue_growth', 'operating_margin', 'market_return', 'industry_relative', 'driver_return']"
ATI,return,1,expanding,core_pe_difference,2023-04-30,2023-04-28,2023-05-31,-0.1046089386992353,0.011642407405861383,0.027012927153741918,88,0.0,0.0,False,100.0,"['revenue_growth', 'operating_margin', 'market_return', 'industry_relative', 'driver_return']"
ATI,return,1,expanding,core_pe_percentage,2023-04-30,2023-04-28,2023-05-31,-0.1046089386992353,0.011642407405861383,0.027012927153741918,88,0.0,0.0,False,100.0,"['revenue_growth', 'operating_margin', 'market_return', 'industry_relative', 'driver_return']"
ATI,return,1,expanding,core_pe_lag1,2023-04-30,2023-04-28,2023-05-31,-0.1046089386992353,0.011642407405861383,0.027012927153741918,88,0.0,0.0,False,100.0,"['revenue_growth', 'operating_margin', 'market_return', 'industry_relative', 'driver_return']"
ATI,return,1,expanding,core_financial_changes,2023-04-30,2023-04-28,2023-05-31,-0.1046089386992353,0.023285683035657322,0.027012927153741918,88,0.0,0.0,False,100.0,"['revenue_growth_diff', 'operating_margin_diff', 'earnings_yield_diff', 'market_return', 'industry_relative', 'driver_return']"
ATI,return,1,expanding,distributed_all_lag1,2023-04-30,2023-04-28,2023-05-31,-0.1046089386992353,0.008424376002716834,0.027012927153741918,88,0.0,0.0,False,100.0,"['revenue_growth', 'operating_margin', 'earnings_yield', 'market_return', 'industry_relative', 'driver_return', 'revenue_growth_lag1', 'operating_margin_lag1', 'earnings_yield_lag1', 'market_return_lag1', 'industry_relative_lag1', 'driver_return_lag1', 'market_return_lag1 missing', 'industry_relative_lag1 missing']"
ATI,return,1,expanding,distributed_all_lag3,2023-04-30,2023-04-28,2023-05-31,-0.1046089386992353,0.02502689161533336,0.027012927153741918,88,0.0,0.0,False,100.0,"['revenue_growth', 'operating_margin', 'earnings_yield', 'market_return', 'industry_relative', 'driver_return', 'revenue_growth_lag1', 'operating_margin_lag1', 'earnings_yield_lag1', 'market_return_lag1', 'industry_relative_lag1', 'driver_return_lag1', 'revenue_growth_lag3', 'operating_margin_lag3', 'earnings_yield_lag3', 'market_return_lag3', 'industry_relative_lag3', 'driver_return_lag3', 'market_return_lag1 missing', 'industry_relative_lag1 missing']"
ATI,return,1,expanding,core_pe_level,2023-05-31,2023-05-31,2023-06-30,0.2790629612551207,0.00781083970533486,0.02553402978460734,89,0.0,0.0,False,100.0,"['revenue_growth', 'operating_margin', 'market_return', 'industry_relative', 'driver_return']"
ATI,return,1,expanding,core_pe_difference,2023-05-31,2023-05-31,2023-06-30,0.2790629612551207,0.00781083970533486,0.02553402978460734,89,0.0,0.0,False,100.0,"['revenue_growth', 'operating_margin', 'market_return', 'industry_relative', 'driver_return']"
ATI,return,1,expanding,core_pe_percentage,2023-05-31,2023-05-31,2023-06-30,0.2790629612551207,0.00781083970533486,0.02553402978460734,89,0.0,0.0,False,100.0,"['revenue_growth', 'operating_margin', 'market_return', 'industry_relative', 'driver_return']"
ATI,return,1,expanding,core_pe_lag1,2023-05-31,2023-05-31,2023-06-30,0.2790629612551207,0.00781083970533486,0.02553402978460734,89,0.0,0.0,False,100.0,"['revenue_growth', 'operating_margin', 'market_return', 'industry_relative', 'driver_return']"
ATI,return,1,expanding,core_financial_changes,2023-05-31,2023-05-31,2023-06-30,0.2790629612551207,0.03359193385353649,0.02553402978460734,89,0.0,0.0,False,100.0,"['revenue_growth_diff', 'operating_margin_diff', 'earnings_yield_diff', 'market_return', 'industry_relative', 'driver_return']"
ATI,return,1,expanding,distributed_all_lag1,2023-05-31,2023-05-31,2023-06-30,0.2790629612551207,-0.0014371745791911805,0.02553402978460734,89,0.0,0.0,False,100.0,"['revenue_growth', 'operating_margin', 'earnings_yield', 'market_return', 'industry_relative', 'driver_return', 'revenue_growth_lag1', 'operating_margin_lag1', 'earnings_yield_lag1', 'market_return_lag1', 'industry_relative_lag1', 'driver_return_lag1', 'market_return_lag1 missing', 'industry_relative_lag1 missing']"
ATI,return,1,expanding,distributed_all_lag3,2023-05-31,2023-05-31,2023-06-30,0.2790629612551207,-0.009594631179130706,0.02553402978460734,89,0.0,0.0,False,100.0,"['revenue_growth', 'operating_margin', 'earnings_yield', 'market_return', 'industry_relative', 'driver_return', 'revenue_growth_lag1', 'operating_margin_lag1', 'earnings_yield_lag1', 'market_return_lag1', 'industry_relative_lag1', 'driver_return_lag1', 'revenue_growth_lag3', 'operating_margin_lag3', 'earnings_yield_lag3', 'market_return_lag3', 'industry_relative_lag3', 'driver_return_lag3', 'market_return_lag1 missing', 'industry_relative_lag1 missing']"
ATI,return,1,expanding,core_pe_level,2023-06-30,2023-06-30,2023-07-31,0.0780013746019814,0.01659547598554982,0.028351017912057488,90,0.0,1.0,False,100.0,"['revenue_growth', 'operating_margin', 'market_return', 'industry_relative', 'driver_return']"
ATI,return,1,expanding,core_pe_difference,2023-06-30,2023-06-30,2023-07-31,0.0780013746019814,0.01659547598554982,0.028351017912057488,90,0.0,1.0,False,100.0,"['revenue_growth', 'operating_margin', 'market_return', 'industry_relative', 'driver_return']"
ATI,return,1,expanding,core_pe_percentage,2023-06-30,2023-06-30,2023-07-31,0.0780013746019814,0.01659547598554982,0.028351017912057488,90,0.0,1.0,False,100.0,"['revenue_growth', 'operating_margin', 'market_return', 'industry_relative', 'driver_return']"
ATI,return,1,expanding,core_pe_lag1,2023-06-30,2023-06-30,2023-07-31,0.0780013746019814,0.01659547598554982,0.028351017912057488,90,0.0,1.0,False,100.0,"['revenue_growth', 'operating_margin', 'market_return', 'industry_relative', 'driver_return']"
ATI,return,1,expanding,core_financial_changes,2023-06-30,2023-06-30,2023-07-31,0.0780013746019814,0.02383409295331872,0.028351017912057488,90,0.0,1.0,False,100.0,"['revenue_growth_diff', 'operating_margin_diff', 'earnings_yield_diff', 'market_return', 'industry_relative', 'driver_return']"
ATI,return,1,expanding,distributed_all_lag1,2023-06-30,2023-06-30,2023-07-31,0.0780013746019814,0.009855277442402444,0.028351017912057488,90,0.0,1.0,False,100.0,"['revenue_growth', 'operating_margin', 'earnings_yield', 'market_return', 'industry_relative', 'driver_return', 'revenue_growth_lag1', 'operating_margin_lag1', 'earnings_yield_lag1', 'market_return_lag1', 'industry_relative_lag1', 'driver_return_lag1', 'market_return_lag1 missing', 'industry_relative_lag1 missing']"
ATI,return,1,expanding,distributed_all_lag3,2023-06-30,2023-06-30,2023-07-31,0.0780013746019814,0.015034325116546893,0.028351017912057488,90,0.0,1.0,False,100.0,"['revenue_growth', 'operating_margin', 'earnings_yield', 'market_return', 'industry_relative', 'driver_return', 'revenue_growth_lag1', 'operating_margin_lag1', 'earnings_yield_lag1', 'market_return_lag1', 'industry_relative_lag1', 'driver_return_lag1', 'revenue_growth_lag3', 'operating_margin_lag3', 'earnings_yield_lag3', 'market_return_lag3', 'industry_relative_lag3', 'driver_return_lag3', 'market_return_lag1 missing', 'industry_relative_lag1 missing']"
ATI,return,1,expanding,core_pe_level,2023-07-31,2023-07-31,2023-08-31,-0.049286880433723,0.016172545790409252,0.028896626227331378,91,0.0,1.0,False,100.0,"['revenue_growth', 'operating_margin', 'market_return', 'industry_relative', 'driver_return']"
ATI,return,1,expanding,core_pe_difference,2023-07-31,2023-07-31,2023-08-31,-0.049286880433723,0.016172545790409252,0.028896626227331378,91,0.0,1.0,False,100.0,"['revenue_growth', 'operating_margin', 'market_return', 'industry_relative', 'driver_return']"
ATI,return,1,expanding,core_pe_percentage,2023-07-31,2023-07-31,2023-08-31,-0.049286880433723,0.016172545790409252,0.028896626227331378,91,0.0,1.0,False,100.0,"['revenue_growth', 'operating_margin', 'market_return', 'industry_relative', 'driver_return']"
ATI,return,1,expanding,core_pe_lag1,2023-07-31,2023-07-31,2023-08-31,-0.049286880433723,0.016172545790409252,0.028896626227331378,91,0.0,1.0,False,100.0,"['revenue_growth', 'operating_margin', 'market_return', 'industry_relative', 'driver_return']"
ATI,return,1,expanding,core_financial_changes,2023-07-31,2023-07-31,2023-08-31,-0.049286880433723,0.023632347106001074,0.028896626227331378,91,0.0,1.0,False,100.0,"['revenue_growth_diff', 'operating_margin_diff', 'earnings_yield_diff', 'market_return', 'industry_relative', 'driver_return']"
ATI,return,1,expanding,distributed_all_lag1,2023-07-31,2023-07-31,2023-08-31,-0.049286880433723,0.00547466065916025,0.028896626227331378,91,0.0,1.0,False,100.0,"['revenue_growth', 'operating_margin', 'earnings_yield', 'market_return', 'industry_relative', 'driver_return', 'revenue_growth_lag1', 'operating_margin_lag1', 'earnings_yield_lag1', 'market_return_lag1', 'industry_relative_lag1', 'driver_return_lag1', 'market_return_lag1 missing', 'industry_relative_lag1 missing']"
ATI,return,1,expanding,distributed_all_lag3,2023-07-31,2023-07-31,2023-08-31,-0.049286880433723,0.013946958246720518,0.028896626227331378,91,0.0,1.0,False,100.0,"['revenue_growth', 'operating_margin', 'earnings_yield', 'market_return', 'industry_relative', 'driver_return', 'revenue_growth_lag1', 'operating_margin_lag1', 'earnings_yield_lag1', 'market_return_lag1', 'industry_relative_lag1', 'driver_return_lag1', 'revenue_growth_lag3', 'operating_margin_lag3', 'earnings_yield_lag3', 'market_return_lag3', 'industry_relative_lag3', 'driver_return_lag3', 'market_return_lag1 missing', 'industry_relative_lag1 missing']"
ATI,return,1,expanding,core_pe_level,2023-08-31,2023-08-31,2023-09-30,-0.0922126657032724,0.028409750133120554,0.028046805502754697,92,0.0,1.0,False,100.0,"['revenue_growth', 'operating_margin', 'market_return', 'industry_relative', 'driver_return']"
ATI,return,1,expanding,core_pe_difference,2023-08-31,2023-08-31,2023-09-30,-0.0922126657032724,0.028409750133120554,0.028046805502754697,92,0.0,1.0,False,100.0,"['revenue_growth', 'operating_margin', 'market_return', 'industry_relative', 'driver_return']"
ATI,return,1,expanding,core_pe_percentage,2023-08-31,2023-08-31,2023-09-30,-0.0922126657032724,0.028409750133120554,0.028046805502754697,92,0.0,1.0,False,100.0,"['revenue_growth', 'operating_margin', 'market_return', 'industry_relative', 'driver_return']"
ATI,return,1,expanding,core_pe_lag1,2023-08-31,2023-08-31,2023-09-30,-0.0922126657032724,0.028409750133120554,0.028046805502754697,92,0.0,1.0,False,100.0,"['revenue_growth', 'operating_margin', 'market_return', 'industry_relative', 'driver_return']"
ATI,return,1,expanding,core_financial_changes,2023-08-31,2023-08-31,2023-09-30,-0.0922126657032724,0.05251365745960158,0.028046805502754697,92,0.0,1.0,False,100.0,"['revenue_growth_diff', 'operating_margin_diff', 'earnings_yield_diff', 'market_return', 'industry_relative', 'driver_return']"
ATI,return,1,expanding,distributed_all_lag1,2023-08-31,2023-08-31,2023-09-30,-0.0922126657032724,0.021369247600572606,0.028046805502754697,92,0.0,1.0,False,100.0,"['revenue_growth', 'operating_margin', 'earnings_yield', 'market_return', 'industry_relative', 'driver_return', 'revenue_growth_lag1', 'operating_margin_lag1', 'earnings_yield_lag1', 'market_return_lag1', 'industry_relative_lag1', 'driver_return_lag1', 'market_return_lag1 missing', 'industry_relative_lag1 missing']"
ATI,return,1,expanding,distributed_all_lag3,2023-08-31,2023-08-31,2023-09-30,-0.0922126657032724,0.028623488752029563,0.028046805502754697,92,0.0,1.0,False,100.0,"['revenue_growth', 'operating_margin', 'earnings_yield', 'market_return', 'industry_relative', 'driver_return', 'revenue_growth_lag1', 'operating_margin_lag1', 'earnings_yield_lag1', 'market_return_lag1', 'industry_relative_lag1', 'driver_return_lag1', 'revenue_growth_lag3', 'operating_margin_lag3', 'earnings_yield_lag3', 'market_return_lag3', 'industry_relative_lag3', 'driver_return_lag3', 'market_return_lag1 missing', 'industry_relative_lag1 missing']"
ATI,return,1,expanding,core_pe_level,2023-09-30,2023-09-29,2023-10-31,-0.0821385405293257,0.02390067157165443,0.0267536929091415,93,0.0,1.0,False,100.0,"['revenue_growth', 'operating_margin', 'market_return', 'industry_relative', 'driver_return']"
ATI,return,1,expanding,core_pe_difference,2023-09-30,2023-09-29,2023-10-31,-0.0821385405293257,0.02390067157165443,0.0267536929091415,93,0.0,1.0,False,100.0,"['revenue_growth', 'operating_margin', 'market_return', 'industry_relative', 'driver_return']"
ATI,return,1,expanding,core_pe_percentage,2023-09-30,2023-09-29,2023-10-31,-0.0821385405293257,0.02390067157165443,0.0267536929091415,93,0.0,1.0,False,100.0,"['revenue_growth', 'operating_margin', 'market_return', 'industry_relative', 'driver_return']"
ATI,return,1,expanding,core_pe_lag1,2023-09-30,2023-09-29,2023-10-31,-0.0821385405293257,0.02390067157165443,0.0267536929091415,93,0.0,1.0,False,100.0,"['revenue_growth', 'operating_margin', 'market_return', 'industry_relative', 'driver_return']"
ATI,return,1,expanding,core_financial_changes,2023-09-30,2023-09-29,2023-10-31,-0.0821385405293257,0.028635436542490997,0.0267536929091415,93,0.0,1.0,False,100.0,"['revenue_growth_diff', 'operating_margin_diff', 'earnings_yield_diff', 'market_return', 'industry_relative', 'driver_return']"
ATI,return,1,expanding,distributed_all_lag1,2023-09-30,2023-09-29,2023-10-31,-0.0821385405293257,0.02353451209775152,0.0267536929091415,93,0.0,1.0,False,100.0,"['revenue_growth', 'operating_margin', 'earnings_yield', 'market_return', 'industry_relative', 'driver_return', 'revenue_growth_lag1', 'operating_margin_lag1', 'earnings_yield_lag1', 'market_return_lag1', 'industry_relative_lag1', 'driver_return_lag1', 'market_return_lag1 missing', 'industry_relative_lag1 missing']"
ATI,return,1,expanding,distributed_all_lag3,2023-09-30,2023-09-29,2023-10-31,-0.0821385405293257,0.030246461267223055,0.0267536929091415,93,0.0,1.0,False,100.0,"['revenue_growth', 'operating_margin', 'earnings_yield', 'market_return', 'industry_relative', 'driver_return', 'revenue_growth_lag1', 'operating_margin_lag1', 'earnings_yield_lag1', 'market_return_lag1', 'industry_relative_lag1', 'driver_return_lag1', 'revenue_growth_lag3', 'operating_margin_lag3', 'earnings_yield_lag3', 'market_return_lag3', 'industry_relative_lag3', 'driver_return_lag3', 'market_return_lag1 missing', 'industry_relative_lag1 missing']"
ATI,return,1,expanding,core_pe_level,2023-10-31,2023-10-31,2023-11-30,0.1636219282572315,0.03374350701772829,0.02559526489383866,94,0.0,1.0,False,100.0,"['revenue_growth', 'operating_margin', 'market_return', 'industry_relative', 'driver_return']"
ATI,return,1,expanding,core_pe_difference,2023-10-31,2023-10-31,2023-11-30,0.1636219282572315,0.03374350701772829,0.02559526489383866,94,0.0,1.0,False,100.0,"['revenue_growth', 'operating_margin', 'market_return', 'industry_relative', 'driver_return']"
ATI,return,1,expanding,core_pe_percentage,2023-10-31,2023-10-31,2023-11-30,0.1636219282572315,0.03374350701772829,0.02559526489383866,94,0.0,1.0,False,100.0,"['revenue_growth', 'operating_margin', 'market_return', 'industry_relative', 'driver_return']"
ATI,return,1,expanding,core_pe_lag1,2023-10-31,2023-10-31,2023-11-30,0.1636219282572315,0.03374350701772829,0.02559526489383866,94,0.0,1.0,False,100.0,"['revenue_growth', 'operating_margin', 'market_return', 'industry_relative', 'driver_return']"
ATI,return,1,expanding,core_financial_changes,2023-10-31,2023-10-31,2023-11-30,0.1636219282572315,0.03837869834356025,0.02559526489383866,94,0.0,1.0,False,100.0,"['revenue_growth_diff', 'operating_margin_diff', 'earnings_yield_diff', 'market_return', 'industry_relative', 'driver_return']"
ATI,return,1,expanding,distributed_all_lag1,2023-10-31,2023-10-31,2023-11-30,0.1636219282572315,0.03325112200633302,0.02559526489383866,94,0.0,1.0,False,100.0,"['revenue_growth', 'operating_margin', 'earnings_yield', 'market_return', 'industry_relative', 'driver_return', 'revenue_growth_lag1', 'operating_margin_lag1', 'earnings_yield_lag1', 'market_return_lag1', 'industry_relative_lag1', 'driver_return_lag1', 'market_return_lag1 missing', 'industry_relative_lag1 missing']"
ATI,return,1,expanding,distributed_all_lag3,2023-10-31,2023-10-31,2023-11-30,0.1636219282572315,0.0377204888145113,0.02559526489383866,94,0.0,1.0,False,100.0,"['revenue_growth', 'operating_margin', 'earnings_yield', 'market_return', 'industry_relative', 'driver_return', 'revenue_growth_lag1', 'operating_margin_lag1', 'earnings_yield_lag1', 'market_return_lag1', 'industry_relative_lag1', 'driver_return_lag1', 'revenue_growth_lag3', 'operating_margin_lag3', 'earnings_yield_lag3', 'market_return_lag3', 'industry_relative_lag3', 'driver_return_lag3', 'market_return_lag1 missing', 'industry_relative_lag1 missing']"
ATI,return,1,expanding,core_pe_level,2023-11-30,2023-11-30,2023-12-31,0.0345847652190576,0.012972133398728432,0.02704817713976911,95,0.0,1.0,False,100.0,"['revenue_growth', 'operating_margin', 'market_return', 'industry_relative', 'driver_return']"
ATI,return,1,expanding,core_pe_difference,2023-11-30,2023-11-30,2023-12-31,0.0345847652190576,0.012972133398728432,0.02704817713976911,95,0.0,1.0,False,100.0,"['revenue_growth', 'operating_margin', 'market_return', 'industry_relative', 'driver_return']"
ATI,return,1,expanding,core_pe_percentage,2023-11-30,2023-11-30,2023-12-31,0.0345847652190576,0.012972133398728432,0.02704817713976911,95,0.0,1.0,False,100.0,"['revenue_growth', 'operating_margin', 'market_return', 'industry_relative', 'driver_return']"
ATI,return,1,expanding,core_pe_lag1,2023-11-30,2023-11-30,2023-12-31,0.0345847652190576,0.012972133398728432,0.02704817713976911,95,0.0,1.0,False,100.0,"['revenue_growth', 'operating_margin', 'market_return', 'industry_relative', 'driver_return']"
ATI,return,1,expanding,core_financial_changes,2023-11-30,2023-11-30,2023-12-31,0.0345847652190576,0.02983106443513651,0.02704817713976911,95,0.0,1.0,False,100.0,"['revenue_growth_diff', 'operating_margin_diff', 'earnings_yield_diff', 'market_return', 'industry_relative', 'driver_return']"
ATI,return,1,expanding,distributed_all_lag1,2023-11-30,2023-11-30,2023-12-31,0.0345847652190576,0.013137772040424343,0.02704817713976911,95,0.0,1.0,False,100.0,"['revenue_growth', 'operating_margin', 'earnings_yield', 'market_return', 'industry_relative', 'driver_return', 'revenue_growth_lag1', 'operating_margin_lag1', 'earnings_yield_lag1', 'market_return_lag1', 'industry_relative_lag1', 'driver_return_lag1', 'market_return_lag1 missing', 'industry_relative_lag1 missing']"
ATI,return,1,expanding,distributed_all_lag3,2023-11-30,2023-11-30,2023-12-31,0.0345847652190576,0.01267708203451211,0.02704817713976911,95,0.0,1.0,False,100.0,"['revenue_growth', 'operating_margin', 'earnings_yield', 'market_return', 'industry_relative', 'driver_return', 'revenue_growth_lag1', 'operating_margin_lag1', 'earnings_yield_lag1', 'market_return_lag1', 'industry_relative_lag1', 'driver_return_lag1', 'revenue_growth_lag3', 'operating_margin_lag3', 'earnings_yield_lag3', 'market_return_lag3', 'industry_relative_lag3', 'driver_return_lag3', 'market_return_lag1 missing', 'industry_relative_lag1 missing']"
ATI,return,1,expanding,core_pe_level,2023-12-31,2023-12-29,2024-01-31,-0.1011656513157051,0.02233667180719081,0.02712668326559504,96,0.0,0.0,False,100.0,"['revenue_growth', 'operating_margin', 'market_return', 'industry_relative', 'driver_return']"
ATI,return,1,expanding,core_pe_difference,2023-12-31,2023-12-29,2024-01-31,-0.1011656513157051,0.02233667180719081,0.02712668326559504,96,0.0,0.0,False,100.0,"['revenue_growth', 'operating_margin', 'market_return', 'industry_relative', 'driver_return']"
ATI,return,1,expanding,core_pe_percentage,2023-12-31,2023-12-29,2024-01-31,-0.1011656513157051,0.02233667180719081,0.02712668326559504,96,0.0,0.0,False,100.0,"['revenue_growth', 'operating_margin', 'market_return', 'industry_relative', 'driver_return']"
ATI,return,1,expanding,core_pe_lag1,2023-12-31,2023-12-29,2024-01-31,-0.1011656513157051,0.02233667180719081,0.02712668326559504,96,0.0,0.0,False,100.0,"['revenue_growth', 'operating_margin', 'market_return', 'industry_relative', 'driver_return']"
ATI,return,1,expanding,core_financial_changes,2023-12-31,2023-12-29,2024-01-31,-0.1011656513157051,0.02568610530736802,0.02712668326559504,96,0.0,0.0,False,100.0,"['revenue_growth_diff', 'operating_margin_diff', 'earnings_yield_diff', 'market_return', 'industry_relative', 'driver_return']"
ATI,return,1,expanding,distributed_all_lag1,2023-12-31,2023-12-29,2024-01-31,-0.1011656513157051,0.004634666842869943,0.02712668326559504,96,0.0,0.0,False,100.0,"['revenue_growth', 'operating_margin', 'earnings_yield', 'market_return', 'industry_relative', 'driver_return', 'revenue_growth_lag1', 'operating_margin_lag1', 'earnings_yield_lag1', 'market_return_lag1', 'industry_relative_lag1', 'driver_return_lag1', 'market_return_lag1 missing', 'industry_relative_lag1 missing']"
ATI,return,1,expanding,distributed_all_lag3,2023-12-31,2023-12-29,2024-01-31,-0.1011656513157051,0.022524045569477544,0.02712668326559504,96,0.0,0.0,False,0.1,"['revenue_growth', 'operating_margin', 'earnings_yield', 'market_return', 'industry_relative', 'driver_return', 'revenue_growth_lag1', 'operating_margin_lag1', 'earnings_yield_lag1', 'market_return_lag1', 'industry_relative_lag1', 'driver_return_lag1', 'revenue_growth_lag3', 'operating_margin_lag3', 'earnings_yield_lag3', 'market_return_lag3', 'industry_relative_lag3', 'driver_return_lag3', 'market_return_lag1 missing', 'industry_relative_lag1 missing']"
ATI,return,1,expanding,core_pe_level,2024-01-31,2024-01-31,2024-02-29,0.2033276630895124,0.01100872370281139,0.025804081878158955,97,0.0,0.0,False,100.0,"['revenue_growth', 'operating_margin', 'market_return', 'industry_relative', 'driver_return']"
ATI,return,1,expanding,core_pe_difference,2024-01-31,2024-01-31,2024-02-29,0.2033276630895124,0.01100872370281139,0.025804081878158955,97,0.0,0.0,False,100.0,"['revenue_growth', 'operating_margin', 'market_return', 'industry_relative', 'driver_return']"
ATI,return,1,expanding,core_pe_percentage,2024-01-31,2024-01-31,2024-02-29,0.2033276630895124,0.01100872370281139,0.025804081878158955,97,0.0,0.0,False,100.0,"['revenue_growth', 'operating_margin', 'market_return', 'industry_relative', 'driver_return']"
ATI,return,1,expanding,core_pe_lag1,2024-01-31,2024-01-31,2024-02-29,0.2033276630895124,0.01100872370281139,0.025804081878158955,97,0.0,0.0,False,100.0,"['revenue_growth', 'operating_margin', 'market_return', 'industry_relative', 'driver_return']"
ATI,return,1,expanding,core_financial_changes,2024-01-31,2024-01-31,2024-02-29,0.2033276630895124,0.015280010491036507,0.025804081878158955,97,0.0,0.0,False,100.0,"['revenue_growth_diff', 'operating_margin_diff', 'earnings_yield_diff', 'market_return', 'industry_relative', 'driver_return']"
ATI,return,1,expanding,distributed_all_lag1,2024-01-31,2024-01-31,2024-02-29,0.2033276630895124,0.0011370016418107733,0.025804081878158955,97,0.0,0.0,False,100.0,"['revenue_growth', 'operating_margin', 'earnings_yield', 'market_return', 'industry_relative', 'driver_return', 'revenue_growth_lag1', 'operating_margin_lag1', 'earnings_yield_lag1', 'market_return_lag1', 'industry_relative_lag1', 'driver_return_lag1', 'market_return_lag1 missing', 'industry_relative_lag1 missing']"
ATI,return,1,expanding,distributed_all_lag3,2024-01-31,2024-01-31,2024-02-29,0.2033276630895124,-0.012734886718704493,0.025804081878158955,97,0.0,0.0,False,0.1,"['revenue_growth', 'operating_margin', 'earnings_yield', 'market_return', 'industry_relative', 'driver_return', 'revenue_growth_lag1', 'operating_margin_lag1', 'earnings_yield_lag1', 'market_return_lag1', 'industry_relative_lag1', 'driver_return_lag1', 'revenue_growth_lag3', 'operating_margin_lag3', 'earnings_yield_lag3', 'market_return_lag3', 'industry_relative_lag3', 'driver_return_lag3', 'market_return_lag1 missing', 'industry_relative_lag1 missing']"
ATI,return,1,expanding,core_pe_level,2024-02-29,2024-02-29,2024-03-31,0.0404635594026239,0.01742757845295563,0.02761554699256052,98,0.0,1.0,False,100.0,"['revenue_growth', 'operating_margin', 'market_return', 'industry_relative', 'driver_return']"
ATI,return,1,expanding,core_pe_difference,2024-02-29,2024-02-29,2024-03-31,0.0404635594026239,0.01742757845295563,0.02761554699256052,98,0.0,1.0,False,100.0,"['revenue_growth', 'operating_margin', 'market_return', 'industry_relative', 'driver_return']"
ATI,return,1,expanding,core_pe_percentage,2024-02-29,2024-02-29,2024-03-31,0.0404635594026239,0.01742757845295563,0.02761554699256052,98,0.0,1.0,False,100.0,"['revenue_growth', 'operating_margin', 'market_return', 'industry_relative', 'driver_return']"
ATI,return,1,expanding,core_pe_lag1,2024-02-29,2024-02-29,2024-03-31,0.0404635594026239,0.01742757845295563,0.02761554699256052,98,0.0,1.0,False,100.0,"['revenue_growth', 'operating_margin', 'market_return', 'industry_relative', 'driver_return']"
ATI,return,1,expanding,core_financial_changes,2024-02-29,2024-02-29,2024-03-31,0.0404635594026239,0.013010620525729386,0.02761554699256052,98,0.0,1.0,False,100.0,"['revenue_growth_diff', 'operating_margin_diff', 'earnings_yield_diff', 'market_return', 'industry_relative', 'driver_return']"
ATI,return,1,expanding,distributed_all_lag1,2024-02-29,2024-02-29,2024-03-31,0.0404635594026239,0.010092967936534497,0.02761554699256052,98,0.0,1.0,False,100.0,"['revenue_growth', 'operating_margin', 'earnings_yield', 'market_return', 'industry_relative', 'driver_return', 'revenue_growth_lag1', 'operating_margin_lag1', 'earnings_yield_lag1', 'market_return_lag1', 'industry_relative_lag1', 'driver_return_lag1', 'market_return_lag1 missing', 'industry_relative_lag1 missing']"
ATI,return,1,expanding,distributed_all_lag3,2024-02-29,2024-02-29,2024-03-31,0.0404635594026239,0.05212059602003942,0.02761554699256052,98,0.0,1.0,False,0.1,"['revenue_growth', 'operating_margin', 'earnings_yield', 'market_return', 'industry_relative', 'driver_return', 'revenue_growth_lag1', 'operating_margin_lag1', 'earnings_yield_lag1', 'market_return_lag1', 'industry_relative_lag1', 'driver_return_lag1', 'revenue_growth_lag3', 'operating_margin_lag3', 'earnings_yield_lag3', 'market_return_lag3', 'industry_relative_lag3', 'driver_return_lag3', 'market_return_lag1 missing', 'industry_relative_lag1 missing']"
ATI,return,1,expanding,core_pe_level,2024-03-31,2024-03-28,2024-04-30,0.1666992944934464,0.02179769497233471,0.02774532489569247,99,0.0,1.0,False,100.0,"['revenue_growth', 'operating_margin', 'market_return', 'industry_relative', 'driver_return']"
ATI,return,1,expanding,core_pe_difference,2024-03-31,2024-03-28,2024-04-30,0.1666992944934464,0.02179769497233471,0.02774532489569247,99,0.0,1.0,False,100.0,"['revenue_growth', 'operating_margin', 'market_return', 'industry_relative', 'driver_return']"
ATI,return,1,expanding,core_pe_percentage,2024-03-31,2024-03-28,2024-04-30,0.1666992944934464,0.02179769497233471,0.02774532489569247,99,0.0,1.0,False,100.0,"['revenue_growth', 'operating_margin', 'market_return', 'industry_relative', 'driver_return']"
ATI,return,1,expanding,core_pe_lag1,2024-03-31,2024-03-28,2024-04-30,0.1666992944934464,0.02179769497233471,0.02774532489569247,99,0.0,1.0,False,100.0,"['revenue_growth', 'operating_margin', 'market_return', 'industry_relative', 'driver_return']"
ATI,return,1,expanding,core_financial_changes,2024-03-31,2024-03-28,2024-04-30,0.1666992944934464,0.026212563285448437,0.02774532489569247,99,0.0,1.0,False,100.0,"['revenue_growth_diff', 'operating_margin_diff', 'earnings_yield_diff', 'market_return', 'industry_relative', 'driver_return']"
ATI,return,1,expanding,distributed_all_lag1,2024-03-31,2024-03-28,2024-04-30,0.1666992944934464,0.0102993108140708,0.02774532489569247,99,0.0,1.0,False,100.0,"['revenue_growth', 'operating_margin', 'earnings_yield', 'market_return', 'industry_relative', 'driver_return', 'revenue_growth_lag1', 'operating_margin_lag1', 'earnings_yield_lag1', 'market_return_lag1', 'industry_relative_lag1', 'driver_return_lag1', 'market_return_lag1 missing', 'industry_relative_lag1 missing']"
ATI,return,1,expanding,distributed_all_lag3,2024-03-31,2024-03-28,2024-04-30,0.1666992944934464,0.04929927769110383,0.02774532489569247,99,0.0,1.0,False,0.1,"['revenue_growth', 'operating_margin', 'earnings_yield', 'market_return', 'industry_relative', 'driver_return', 'revenue_growth_lag1', 'operating_margin_lag1', 'earnings_yield_lag1', 'market_return_lag1', 'industry_relative_lag1', 'driver_return_lag1', 'revenue_growth_lag3', 'operating_margin_lag3', 'earnings_yield_lag3', 'market_return_lag3', 'industry_relative_lag3', 'driver_return_lag3', 'market_return_lag1 missing', 'industry_relative_lag1 missing']"
ATI,return,1,expanding,core_pe_level,2024-04-30,2024-04-30,2024-05-31,0.0274706761924619,0.03576264224199331,0.02913486459167001,100,0.0,1.0,False,100.0,"['revenue_growth', 'operating_margin', 'market_return', 'industry_relative', 'driver_return']"
ATI,return,1,expanding,core_pe_difference,2024-04-30,2024-04-30,2024-05-31,0.0274706761924619,0.03576264224199331,0.02913486459167001,100,0.0,1.0,False,100.0,"['revenue_growth', 'operating_margin', 'market_return', 'industry_relative', 'driver_return']"
ATI,return,1,expanding,core_pe_percentage,2024-04-30,2024-04-30,2024-05-31,0.0274706761924619,0.03576264224199331,0.02913486459167001,100,0.0,1.0,False,100.0,"['revenue_growth', 'operating_margin', 'market_return', 'industry_relative', 'driver_return']"
ATI,return,1,expanding,core_pe_lag1,2024-04-30,2024-04-30,2024-05-31,0.0274706761924619,0.03576264224199331,0.02913486459167001,100,0.0,1.0,False,100.0,"['revenue_growth', 'operating_margin', 'market_return', 'industry_relative', 'driver_return']"
ATI,return,1,expanding,core_financial_changes,2024-04-30,2024-04-30,2024-05-31,0.0274706761924619,0.039188977767662864,0.02913486459167001,100,0.0,1.0,False,100.0,"['revenue_growth_diff', 'operating_margin_diff', 'earnings_yield_diff', 'market_return', 'industry_relative', 'driver_return']"
ATI,return,1,expanding,distributed_all_lag1,2024-04-30,2024-04-30,2024-05-31,0.0274706761924619,0.029965684141052676,0.02913486459167001,100,0.0,1.0,False,100.0,"['revenue_growth', 'operating_margin', 'earnings_yield', 'market_return', 'industry_relative', 'driver_return', 'revenue_growth_lag1', 'operating_margin_lag1', 'earnings_yield_lag1', 'market_return_lag1', 'industry_relative_lag1', 'driver_return_lag1', 'market_return_lag1 missing', 'industry_relative_lag1 missing']"
ATI,return,1,expanding,distributed_all_lag3,2024-04-30,2024-04-30,2024-05-31,0.0274706761924619,0.0923112139872008,0.02913486459167001,100,0.0,1.0,False,0.1,"['revenue_growth', 'operating_margin', 'earnings_yield', 'market_return', 'industry_relative', 'driver_return', 'revenue_growth_lag1', 'operating_margin_lag1', 'earnings_yield_lag1', 'market_return_lag1', 'industry_relative_lag1', 'driver_return_lag1', 'revenue_growth_lag3', 'operating_margin_lag3', 'earnings_yield_lag3', 'market_return_lag3', 'industry_relative_lag3', 'driver_return_lag3', 'market_return_lag1 missing', 'industry_relative_lag1 missing']"
ATI,return,1,expanding,core_pe_level,2024-05-31,2024-05-31,2024-06-30,-0.0960221613139323,0.022375070874843972,0.029118387478806563,101,0.0,1.0,False,100.0,"['revenue_growth', 'operating_margin', 'market_return', 'industry_relative', 'driver_return']"
ATI,return,1,expanding,core_pe_difference,2024-05-31,2024-05-31,2024-06-30,-0.0960221613139323,0.022375070874843972,0.029118387478806563,101,0.0,1.0,False,100.0,"['revenue_growth', 'operating_margin', 'market_return', 'industry_relative', 'driver_return']"
ATI,return,1,expanding,core_pe_percentage,2024-05-31,2024-05-31,2024-06-30,-0.0960221613139323,0.022375070874843972,0.029118387478806563,101,0.0,1.0,False,100.0,"['revenue_growth', 'operating_margin', 'market_return', 'industry_relative', 'driver_return']"
ATI,return,1,expanding,core_pe_lag1,2024-05-31,2024-05-31,2024-06-30,-0.0960221613139323,0.022375070874843972,0.029118387478806563,101,0.0,1.0,False,100.0,"['revenue_growth', 'operating_margin', 'market_return', 'industry_relative', 'driver_return']"
ATI,return,1,expanding,core_financial_changes,2024-05-31,2024-05-31,2024-06-30,-0.0960221613139323,0.029722157914140804,0.029118387478806563,101,0.0,1.0,False,100.0,"['revenue_growth_diff', 'operating_margin_diff', 'earnings_yield_diff', 'market_return', 'industry_relative', 'driver_return']"
ATI,return,1,expanding,distributed_all_lag1,2024-05-31,2024-05-31,2024-06-30,-0.0960221613139323,0.023398181555937113,0.029118387478806563,101,0.0,1.0,False,100.0,"['revenue_growth', 'operating_margin', 'earnings_yield', 'market_return', 'industry_relative', 'driver_return', 'revenue_growth_lag1', 'operating_margin_lag1', 'earnings_yield_lag1', 'market_return_lag1', 'industry_relative_lag1', 'driver_return_lag1', 'market_return_lag1 missing', 'industry_relative_lag1 missing']"
ATI,return,1,expanding,distributed_all_lag3,2024-05-31,2024-05-31,2024-06-30,-0.0960221613139323,0.06054273874328156,0.029118387478806563,101,0.0,1.0,False,0.1,"['revenue_growth', 'operating_margin', 'earnings_yield', 'market_return', 'industry_relative', 'driver_return', 'revenue_growth_lag1', 'operating_margin_lag1', 'earnings_yield_lag1', 'market_return_lag1', 'industry_relative_lag1', 'driver_return_lag1', 'revenue_growth_lag3', 'operating_margin_lag3', 'earnings_yield_lag3', 'market_return_lag3', 'industry_relative_lag3', 'driver_return_lag3', 'market_return_lag1 missing', 'industry_relative_lag1 missing']"
ATI,return,1,expanding,core_pe_level,2024-06-30,2024-06-28,2024-07-31,0.2211000568592831,0.013108196890322483,0.027891519353387552,102,0.0,1.0,False,100.0,"['revenue_growth', 'operating_margin', 'market_return', 'industry_relative', 'driver_return']"
ATI,return,1,expanding,core_pe_difference,2024-06-30,2024-06-28,2024-07-31,0.2211000568592831,0.013108196890322483,0.027891519353387552,102,0.0,1.0,False,100.0,"['revenue_growth', 'operating_margin', 'market_return', 'industry_relative', 'driver_return']"
ATI,return,1,expanding,core_pe_percentage,2024-06-30,2024-06-28,2024-07-31,0.2211000568592831,0.013108196890322483,0.027891519353387552,102,0.0,1.0,False,100.0,"['revenue_growth', 'operating_margin', 'market_return', 'industry_relative', 'driver_return']"
ATI,return,1,expanding,core_pe_lag1,2024-06-30,2024-06-28,2024-07-31,0.2211000568592831,0.013108196890322483,0.027891519353387552,102,0.0,1.0,False,100.0,"['revenue_growth', 'operating_margin', 'market_return', 'industry_relative', 'driver_return']"
ATI,return,1,expanding,core_financial_changes,2024-06-30,2024-06-28,2024-07-31,0.2211000568592831,0.015341574155114302,0.027891519353387552,102,0.0,1.0,False,100.0,"['revenue_growth_diff', 'operating_margin_diff', 'earnings_yield_diff', 'market_return', 'industry_relative', 'driver_return']"
ATI,return,1,expanding,distributed_all_lag1,2024-06-30,2024-06-28,2024-07-31,0.2211000568592831,-0.0023686956813637403,0.027891519353387552,102,0.0,1.0,False,100.0,"['revenue_growth', 'operating_margin', 'earnings_yield', 'market_return', 'industry_relative', 'driver_return', 'revenue_growth_lag1', 'operating_margin_lag1', 'earnings_yield_lag1', 'market_return_lag1', 'industry_relative_lag1', 'driver_return_lag1', 'market_return_lag1 missing', 'industry_relative_lag1 missing']"
ATI,return,1,expanding,distributed_all_lag3,2024-06-30,2024-06-28,2024-07-31,0.2211000568592831,0.0274173352119417,0.027891519353387552,102,0.0,1.0,False,0.1,"['revenue_growth', 'operating_margin', 'earnings_yield', 'market_return', 'industry_relative', 'driver_return', 'revenue_growth_lag1', 'operating_margin_lag1', 'earnings_yield_lag1', 'market_return_lag1', 'industry_relative_lag1', 'driver_return_lag1', 'revenue_growth_lag3', 'operating_margin_lag3', 'earnings_yield_lag3', 'market_return_lag3', 'industry_relative_lag3', 'driver_return_lag3', 'market_return_lag1 missing', 'industry_relative_lag1 missing']"
ATI,return,1,expanding,core_pe_level,2024-07-31,2024-07-31,2024-08-31,-0.0565647329514688,0.03759125942189639,0.02976733039713411,103,1.0,0.0,False,100.0,"['revenue_growth', 'operating_margin', 'market_return', 'industry_relative', 'driver_return']"
ATI,return,1,expanding,core_pe_difference,2024-07-31,2024-07-31,2024-08-31,-0.0565647329514688,0.03759125942189639,0.02976733039713411,103,1.0,0.0,False,100.0,"['revenue_growth', 'operating_margin', 'market_return', 'industry_relative', 'driver_return']"
ATI,return,1,expanding,core_pe_percentage,2024-07-31,2024-07-31,2024-08-31,-0.0565647329514688,0.03759125942189639,0.02976733039713411,103,1.0,0.0,False,100.0,"['revenue_growth', 'operating_margin', 'market_return', 'industry_relative', 'driver_return']"
ATI,return,1,expanding,core_pe_lag1,2024-07-31,2024-07-31,2024-08-31,-0.0565647329514688,0.03759125942189639,0.02976733039713411,103,1.0,0.0,False,100.0,"['revenue_growth', 'operating_margin', 'market_return', 'industry_relative', 'driver_return']"
ATI,return,1,expanding,core_financial_changes,2024-07-31,2024-07-31,2024-08-31,-0.0565647329514688,0.04110623610031777,0.02976733039713411,103,1.0,0.0,False,100.0,"['revenue_growth_diff', 'operating_margin_diff', 'earnings_yield_diff', 'market_return', 'industry_relative', 'driver_return']"
ATI,return,1,expanding,distributed_all_lag1,2024-07-31,2024-07-31,2024-08-31,-0.0565647329514688,0.02811716742077721,0.02976733039713411,103,1.0,0.0,False,100.0,"['revenue_growth', 'operating_margin', 'earnings_yield', 'market_return', 'industry_relative', 'driver_return', 'revenue_growth_lag1', 'operating_margin_lag1', 'earnings_yield_lag1', 'market_return_lag1', 'industry_relative_lag1', 'driver_return_lag1', 'market_return_lag1 missing', 'industry_relative_lag1 missing']"
ATI,return,1,expanding,distributed_all_lag3,2024-07-31,2024-07-31,2024-08-31,-0.0565647329514688,0.03766470071723077,0.02976733039713411,103,1.0,0.0,False,0.1,"['revenue_growth', 'operating_margin', 'earnings_yield', 'market_return', 'industry_relative', 'driver_return', 'revenue_growth_lag1', 'operating_margin_lag1', 'earnings_yield_lag1', 'market_return_lag1', 'industry_relative_lag1', 'driver_return_lag1', 'revenue_growth_lag3', 'operating_margin_lag3', 'earnings_yield_lag3', 'market_return_lag3', 'industry_relative_lag3', 'driver_return_lag3', 'market_return_lag1 missing', 'industry_relative_lag1 missing']"
ATI,return,1,expanding,core_pe_level,2024-08-31,2024-08-30,2024-09-30,0.0474327261009788,0.025633745328049743,0.02893721440339755,104,1.0,0.0,False,100.0,"['revenue_growth', 'operating_margin', 'market_return', 'industry_relative', 'driver_return']"
ATI,return,1,expanding,core_pe_difference,2024-08-31,2024-08-30,2024-09-30,0.0474327261009788,0.025633745328049743,0.02893721440339755,104,1.0,0.0,False,100.0,"['revenue_growth', 'operating_margin', 'market_return', 'industry_relative', 'driver_return']"
ATI,return,1,expanding,core_pe_percentage,2024-08-31,2024-08-30,2024-09-30,0.0474327261009788,0.025633745328049743,0.02893721440339755,104,1.0,0.0,False,100.0,"['revenue_growth', 'operating_margin', 'market_return', 'industry_relative', 'driver_return']"
ATI,return,1,expanding,core_pe_lag1,2024-08-31,2024-08-30,2024-09-30,0.0474327261009788,0.025633745328049743,0.02893721440339755,104,1.0,0.0,False,100.0,"['revenue_growth', 'operating_margin', 'market_return', 'industry_relative', 'driver_return']"
ATI,return,1,expanding,core_financial_changes,2024-08-31,2024-08-30,2024-09-30,0.0474327261009788,0.022215437770976024,0.02893721440339755,104,1.0,0.0,False,100.0,"['revenue_growth_diff', 'operating_margin_diff', 'earnings_yield_diff', 'market_return', 'industry_relative', 'driver_return']"
ATI,return,1,expanding,distributed_all_lag1,2024-08-31,2024-08-30,2024-09-30,0.0474327261009788,0.02734912043376863,0.02893721440339755,104,1.0,0.0,False,100.0,"['revenue_growth', 'operating_margin', 'earnings_yield', 'market_return', 'industry_relative', 'driver_return', 'revenue_growth_lag1', 'operating_margin_lag1', 'earnings_yield_lag1', 'market_return_lag1', 'industry_relative_lag1', 'driver_return_lag1', 'market_return_lag1 missing', 'industry_relative_lag1 missing']"
ATI,return,1,expanding,distributed_all_lag3,2024-08-31,2024-08-30,2024-09-30,0.0474327261009788,0.03190403580062839,0.02893721440339755,104,1.0,0.0,False,0.1,"['revenue_growth', 'operating_margin', 'earnings_yield', 'market_return', 'industry_relative', 'driver_return', 'revenue_growth_lag1', 'operating_margin_lag1', 'earnings_yield_lag1', 'market_return_lag1', 'industry_relative_lag1', 'driver_return_lag1', 'revenue_growth_lag3', 'operating_margin_lag3', 'earnings_yield_lag3', 'market_return_lag3', 'industry_relative_lag3', 'driver_return_lag3', 'market_return_lag1 missing', 'industry_relative_lag1 missing']"
ATI,return,1,expanding,core_pe_level,2024-09-30,2024-09-30,2024-10-31,-0.212225434171932,0.024094661648098814,0.029113362133850705,105,0.0,0.0,False,100.0,"['revenue_growth', 'operating_margin', 'market_return', 'industry_relative', 'driver_return']"
ATI,return,1,expanding,core_pe_difference,2024-09-30,2024-09-30,2024-10-31,-0.212225434171932,0.024094661648098814,0.029113362133850705,105,0.0,0.0,False,100.0,"['revenue_growth', 'operating_margin', 'market_return', 'industry_relative', 'driver_return']"
ATI,return,1,expanding,core_pe_percentage,2024-09-30,2024-09-30,2024-10-31,-0.212225434171932,0.024094661648098814,0.029113362133850705,105,0.0,0.0,False,100.0,"['revenue_growth', 'operating_margin', 'market_return', 'industry_relative', 'driver_return']"
ATI,return,1,expanding,core_pe_lag1,2024-09-30,2024-09-30,2024-10-31,-0.212225434171932,0.024094661648098814,0.029113362133850705,105,0.0,0.0,False,100.0,"['revenue_growth', 'operating_margin', 'market_return', 'industry_relative', 'driver_return']"
ATI,return,1,expanding,core_financial_changes,2024-09-30,2024-09-30,2024-10-31,-0.212225434171932,0.025399986822373214,0.029113362133850705,105,0.0,0.0,False,100.0,"['revenue_growth_diff', 'operating_margin_diff', 'earnings_yield_diff', 'market_return', 'industry_relative', 'driver_return']"
ATI,return,1,expanding,distributed_all_lag1,2024-09-30,2024-09-30,2024-10-31,-0.212225434171932,0.019120651731862625,0.029113362133850705,105,0.0,0.0,False,100.0,"['revenue_growth', 'operating_margin', 'earnings_yield', 'market_return', 'industry_relative', 'driver_return', 'revenue_growth_lag1', 'operating_margin_lag1', 'earnings_yield_lag1', 'market_return_lag1', 'industry_relative_lag1', 'driver_return_lag1', 'market_return_lag1 missing', 'industry_relative_lag1 missing']"
ATI,return,1,expanding,distributed_all_lag3,2024-09-30,2024-09-30,2024-10-31,-0.212225434171932,0.07344166802057756,0.029113362133850705,105,0.0,0.0,False,0.1,"['revenue_growth', 'operating_margin', 'earnings_yield', 'market_return', 'industry_relative', 'driver_return', 'revenue_growth_lag1', 'operating_margin_lag1', 'earnings_yield_lag1', 'market_return_lag1', 'industry_relative_lag1', 'driver_return_lag1', 'revenue_growth_lag3', 'operating_margin_lag3', 'earnings_yield_lag3', 'market_return_lag3', 'industry_relative_lag3', 'driver_return_lag3', 'market_return_lag1 missing', 'industry_relative_lag1 missing']"
ATI,return,1,expanding,core_pe_level,2024-10-31,2024-10-31,2024-11-30,0.141529106697902,0.024456880206844143,0.026836581036626343,106,0.0,1.0,False,100.0,"['revenue_growth', 'operating_margin', 'market_return', 'industry_relative', 'driver_return']"
ATI,return,1,expanding,core_pe_difference,2024-10-31,2024-10-31,2024-11-30,0.141529106697902,0.024456880206844143,0.026836581036626343,106,0.0,1.0,False,100.0,"['revenue_growth', 'operating_margin', 'market_return', 'industry_relative', 'driver_return']"
ATI,return,1,expanding,core_pe_percentage,2024-10-31,2024-10-31,2024-11-30,0.141529106697902,0.024456880206844143,0.026836581036626343,106,0.0,1.0,False,100.0,"['revenue_growth', 'operating_margin', 'market_return', 'industry_relative', 'driver_return']"
ATI,return,1,expanding,core_pe_lag1,2024-10-31,2024-10-31,2024-11-30,0.141529106697902,0.024456880206844143,0.026836581036626343,106,0.0,1.0,False,100.0,"['revenue_growth', 'operating_margin', 'market_return', 'industry_relative', 'driver_return']"
ATI,return,1,expanding,core_financial_changes,2024-10-31,2024-10-31,2024-11-30,0.141529106697902,0.03070043593479057,0.026836581036626343,106,0.0,1.0,False,100.0,"['revenue_growth_diff', 'operating_margin_diff', 'earnings_yield_diff', 'market_return', 'industry_relative', 'driver_return']"
ATI,return,1,expanding,distributed_all_lag1,2024-10-31,2024-10-31,2024-11-30,0.141529106697902,0.016896528148867843,0.026836581036626343,106,0.0,1.0,False,100.0,"['revenue_growth', 'operating_margin', 'earnings_yield', 'market_return', 'industry_relative', 'driver_return', 'revenue_growth_lag1', 'operating_margin_lag1', 'earnings_yield_lag1', 'market_return_lag1', 'industry_relative_lag1', 'driver_return_lag1', 'market_return_lag1 missing', 'industry_relative_lag1 missing']"
ATI,return,1,expanding,distributed_all_lag3,2024-10-31,2024-10-31,2024-11-30,0.141529106697902,0.06321749925895359,0.026836581036626343,106,0.0,1.0,False,0.1,"['revenue_growth', 'operating_margin', 'earnings_yield', 'market_return', 'industry_relative', 'driver_return', 'revenue_growth_lag1', 'operating_margin_lag1', 'earnings_yield_lag1', 'market_return_lag1', 'industry_relative_lag1', 'driver_return_lag1', 'revenue_growth_lag3', 'operating_margin_lag3', 'earnings_yield_lag3', 'market_return_lag3', 'industry_relative_lag3', 'driver_return_lag3', 'market_return_lag1 missing', 'industry_relative_lag1 missing']"
ATI,return,1,expanding,core_pe_level,2024-11-30,2024-11-29,2024-12-31,-0.0852583913832598,0.018482225302581028,0.02790847379981583,107,0.0,1.0,False,100.0,"['revenue_growth', 'operating_margin', 'market_return', 'industry_relative', 'driver_return']"
ATI,return,1,expanding,core_pe_difference,2024-11-30,2024-11-29,2024-12-31,-0.0852583913832598,0.018482225302581028,0.02790847379981583,107,0.0,1.0,False,100.0,"['revenue_growth', 'operating_margin', 'market_return', 'industry_relative', 'driver_return']"
ATI,return,1,expanding,core_pe_percentage,2024-11-30,2024-11-29,2024-12-31,-0.0852583913832598,0.018482225302581028,0.02790847379981583,107,0.0,1.0,False,100.0,"['revenue_growth', 'operating_margin', 'market_return', 'industry_relative', 'driver_return']"
ATI,return,1,expanding,core_pe_lag1,2024-11-30,2024-11-29,2024-12-31,-0.0852583913832598,0.018482225302581028,0.02790847379981583,107,0.0,1.0,False,100.0,"['revenue_growth', 'operating_margin', 'market_return', 'industry_relative', 'driver_return']"
ATI,return,1,expanding,core_financial_changes,2024-11-30,2024-11-29,2024-12-31,-0.0852583913832598,0.02114573831420362,0.02790847379981583,107,0.0,1.0,False,100.0,"['revenue_growth_diff', 'operating_margin_diff', 'earnings_yield_diff', 'market_return', 'industry_relative', 'driver_return']"
ATI,return,1,expanding,distributed_all_lag1,2024-11-30,2024-11-29,2024-12-31,-0.0852583913832598,0.01577324794084197,0.02790847379981583,107,0.0,1.0,False,100.0,"['revenue_growth', 'operating_margin', 'earnings_yield', 'market_return', 'industry_relative', 'driver_return', 'revenue_growth_lag1', 'operating_margin_lag1', 'earnings_yield_lag1', 'market_return_lag1', 'industry_relative_lag1', 'driver_return_lag1', 'market_return_lag1 missing', 'industry_relative_lag1 missing']"
ATI,return,1,expanding,distributed_all_lag3,2024-11-30,2024-11-29,2024-12-31,-0.0852583913832598,0.037396875501101226,0.02790847379981583,107,0.0,1.0,False,0.1,"['revenue_growth', 'operating_margin', 'earnings_yield', 'market_return', 'industry_relative', 'driver_return', 'revenue_growth_lag1', 'operating_margin_lag1', 'earnings_yield_lag1', 'market_return_lag1', 'industry_relative_lag1', 'driver_return_lag1', 'revenue_growth_lag3', 'operating_margin_lag3', 'earnings_yield_lag3', 'market_return_lag3', 'industry_relative_lag3', 'driver_return_lag3', 'market_return_lag1 missing', 'industry_relative_lag1 missing']"
ATI,return,1,expanding,core_pe_level,2024-12-31,2024-12-31,2025-01-31,0.0372456250538002,0.021260822509696426,0.026860632455528097,108,1.0,1.0,False,100.0,"['revenue_growth', 'operating_margin', 'market_return', 'industry_relative', 'driver_return']"
ATI,return,1,expanding,core_pe_difference,2024-12-31,2024-12-31,2025-01-31,0.0372456250538002,0.021260822509696426,0.026860632455528097,108,1.0,1.0,False,100.0,"['revenue_growth', 'operating_margin', 'market_return', 'industry_relative', 'driver_return']"
ATI,return,1,expanding,core_pe_percentage,2024-12-31,2024-12-31,2025-01-31,0.0372456250538002,0.021260822509696426,0.026860632455528097,108,1.0,1.0,False,100.0,"['revenue_growth', 'operating_margin', 'market_return', 'industry_relative', 'driver_return']"
ATI,return,1,expanding,core_pe_lag1,2024-12-31,2024-12-31,2025-01-31,0.0372456250538002,0.021260822509696426,0.026860632455528097,108,1.0,1.0,False,100.0,"['revenue_growth', 'operating_margin', 'market_return', 'industry_relative', 'driver_return']"
ATI,return,1,expanding,core_financial_changes,2024-12-31,2024-12-31,2025-01-31,0.0372456250538002,0.023757532752018896,0.026860632455528097,108,1.0,1.0,False,100.0,"['revenue_growth_diff', 'operating_margin_diff', 'earnings_yield_diff', 'market_return', 'industry_relative', 'driver_return']"
ATI,return,1,expanding,distributed_all_lag1,2024-12-31,2024-12-31,2025-01-31,0.0372456250538002,0.013448932540011251,0.026860632455528097,108,1.0,1.0,False,100.0,"['revenue_growth', 'operating_margin', 'earnings_yield', 'market_return', 'industry_relative', 'driver_return', 'revenue_growth_lag1', 'operating_margin_lag1', 'earnings_yield_lag1', 'market_return_lag1', 'industry_relative_lag1', 'driver_return_lag1', 'market_return_lag1 missing', 'industry_relative_lag1 missing']"
ATI,return,1,expanding,distributed_all_lag3,2024-12-31,2024-12-31,2025-01-31,0.0372456250538002,0.01453253395358876,0.026860632455528097,108,1.0,1.0,False,100.0,"['revenue_growth', 'operating_margin', 'earnings_yield', 'market_return', 'industry_relative', 'driver_return', 'revenue_growth_lag1', 'operating_margin_lag1', 'earnings_yield_lag1', 'market_return_lag1', 'industry_relative_lag1', 'driver_return_lag1', 'revenue_growth_lag3', 'operating_margin_lag3', 'earnings_yield_lag3', 'market_return_lag3', 'industry_relative_lag3', 'driver_return_lag3', 'market_return_lag1 missing', 'industry_relative_lag1 missing']"
ATI,return,1,expanding,core_pe_level,2025-01-31,2025-01-31,2025-02-28,0.0187423312657974,0.030365930527580368,0.026955907616980135,109,0.0,1.0,False,100.0,"['revenue_growth', 'operating_margin', 'market_return', 'industry_relative', 'driver_return']"
ATI,return,1,expanding,core_pe_difference,2025-01-31,2025-01-31,2025-02-28,0.0187423312657974,0.030365930527580368,0.026955907616980135,109,0.0,1.0,False,100.0,"['revenue_growth', 'operating_margin', 'market_return', 'industry_relative', 'driver_return']"
ATI,return,1,expanding,core_pe_percentage,2025-01-31,2025-01-31,2025-02-28,0.0187423312657974,0.030365930527580368,0.026955907616980135,109,0.0,1.0,False,100.0,"['revenue_growth', 'operating_margin', 'market_return', 'industry_relative', 'driver_return']"
ATI,return,1,expanding,core_pe_lag1,2025-01-31,2025-01-31,2025-02-28,0.0187423312657974,0.030365930527580368,0.026955907616980135,109,0.0,1.0,False,100.0,"['revenue_growth', 'operating_margin', 'market_return', 'industry_relative', 'driver_return']"
ATI,return,1,expanding,core_financial_changes,2025-01-31,2025-01-31,2025-02-28,0.0187423312657974,0.03487719898024038,0.026955907616980135,109,0.0,1.0,False,100.0,"['revenue_growth_diff', 'operating_margin_diff', 'earnings_yield_diff', 'market_return', 'industry_relative', 'driver_return']"
ATI,return,1,expanding,distributed_all_lag1,2025-01-31,2025-01-31,2025-02-28,0.0187423312657974,0.029141449671875375,0.026955907616980135,109,0.0,1.0,False,100.0,"['revenue_growth', 'operating_margin', 'earnings_yield', 'market_return', 'industry_relative', 'driver_return', 'revenue_growth_lag1', 'operating_margin_lag1', 'earnings_yield_lag1', 'market_return_lag1', 'industry_relative_lag1', 'driver_return_lag1', 'market_return_lag1 missing', 'industry_relative_lag1 missing']"
ATI,return,1,expanding,distributed_all_lag3,2025-01-31,2025-01-31,2025-02-28,0.0187423312657974,0.02887244567892791,0.026955907616980135,109,0.0,1.0,False,100.0,"['revenue_growth', 'operating_margin', 'earnings_yield', 'market_return', 'industry_relative', 'driver_return', 'revenue_growth_lag1', 'operating_margin_lag1', 'earnings_yield_lag1', 'market_return_lag1', 'industry_relative_lag1', 'driver_return_lag1', 'revenue_growth_lag3', 'operating_margin_lag3', 'earnings_yield_lag3', 'market_return_lag3', 'industry_relative_lag3', 'driver_return_lag3', 'market_return_lag1 missing', 'industry_relative_lag1 missing']"
ATI,return,1,expanding,core_pe_level,2025-02-28,2025-02-28,2025-03-31,-0.1053989182289862,0.02168234766364278,0.02688123874106029,110,0.0,1.0,False,100.0,"['revenue_growth', 'operating_margin', 'market_return', 'industry_relative', 'driver_return']"
ATI,return,1,expanding,core_pe_difference,2025-02-28,2025-02-28,2025-03-31,-0.1053989182289862,0.02168234766364278,0.02688123874106029,110,0.0,1.0,False,100.0,"['revenue_growth', 'operating_margin', 'market_return', 'industry_relative', 'driver_return']"
ATI,return,1,expanding,core_pe_percentage,2025-02-28,2025-02-28,2025-03-31,-0.1053989182289862,0.02168234766364278,0.02688123874106029,110,0.0,1.0,False,100.0,"['revenue_growth', 'operating_margin', 'market_return', 'industry_relative', 'driver_return']"
ATI,return,1,expanding,core_pe_lag1,2025-02-28,2025-02-28,2025-03-31,-0.1053989182289862,0.02168234766364278,0.02688123874106029,110,0.0,1.0,False,100.0,"['revenue_growth', 'operating_margin', 'market_return', 'industry_relative', 'driver_return']"
ATI,return,1,expanding,core_financial_changes,2025-02-28,2025-02-28,2025-03-31,-0.1053989182289862,0.02128395292720618,0.02688123874106029,110,0.0,1.0,False,100.0,"['revenue_growth_diff', 'operating_margin_diff', 'earnings_yield_diff', 'market_return', 'industry_relative', 'driver_return']"
ATI,return,1,expanding,distributed_all_lag1,2025-02-28,2025-02-28,2025-03-31,-0.1053989182289862,0.019828385127179448,0.02688123874106029,110,0.0,1.0,False,100.0,"['revenue_growth', 'operating_margin', 'earnings_yield', 'market_return', 'industry_relative', 'driver_return', 'revenue_growth_lag1', 'operating_margin_lag1', 'earnings_yield_lag1', 'market_return_lag1', 'industry_relative_lag1', 'driver_return_lag1', 'market_return_lag1 missing', 'industry_relative_lag1 missing']"
ATI,return,1,expanding,distributed_all_lag3,2025-02-28,2025-02-28,2025-03-31,-0.1053989182289862,0.025710533518189433,0.02688123874106029,110,0.0,1.0,False,100.0,"['revenue_growth', 'operating_margin', 'earnings_yield', 'market_return', 'industry_relative', 'driver_return', 'revenue_growth_lag1', 'operating_margin_lag1', 'earnings_yield_lag1', 'market_return_lag1', 'industry_relative_lag1', 'driver_return_lag1', 'revenue_growth_lag3', 'operating_margin_lag3', 'earnings_yield_lag3', 'market_return_lag3', 'industry_relative_lag3', 'driver_return_lag3', 'market_return_lag1 missing', 'industry_relative_lag1 missing']"
ATI,return,1,expanding,core_pe_level,2025-03-31,2025-03-31,2025-04-30,0.0451662952902742,0.03349058013789551,0.025689525615204017,111,1.0,0.0,False,100.0,"['revenue_growth', 'operating_margin', 'market_return', 'industry_relative', 'driver_return']"
ATI,return,1,expanding,core_pe_difference,2025-03-31,2025-03-31,2025-04-30,0.0451662952902742,0.03349058013789551,0.025689525615204017,111,1.0,0.0,False,100.0,"['revenue_growth', 'operating_margin', 'market_return', 'industry_relative', 'driver_return']"
ATI,return,1,expanding,core_pe_percentage,2025-03-31,2025-03-31,2025-04-30,0.0451662952902742,0.03349058013789551,0.025689525615204017,111,1.0,0.0,False,100.0,"['revenue_growth', 'operating_margin', 'market_return', 'industry_relative', 'driver_return']"
ATI,return,1,expanding,core_pe_lag1,2025-03-31,2025-03-31,2025-04-30,0.0451662952902742,0.03349058013789551,0.025689525615204017,111,1.0,0.0,False,100.0,"['revenue_growth', 'operating_margin', 'market_return', 'industry_relative', 'driver_return']"
ATI,return,1,expanding,core_financial_changes,2025-03-31,2025-03-31,2025-04-30,0.0451662952902742,0.03695941794592632,0.025689525615204017,111,1.0,0.0,False,100.0,"['revenue_growth_diff', 'operating_margin_diff', 'earnings_yield_diff', 'market_return', 'industry_relative', 'driver_return']"
ATI,return,1,expanding,distributed_all_lag1,2025-03-31,2025-03-31,2025-04-30,0.0451662952902742,0.03434356897131829,0.025689525615204017,111,1.0,0.0,False,100.0,"['revenue_growth', 'operating_margin', 'earnings_yield', 'market_return', 'industry_relative', 'driver_return', 'revenue_growth_lag1', 'operating_margin_lag1', 'earnings_yield_lag1', 'market_return_lag1', 'industry_relative_lag1', 'driver_return_lag1', 'market_return_lag1 missing', 'industry_relative_lag1 missing']"
ATI,return,1,expanding,distributed_all_lag3,2025-03-31,2025-03-31,2025-04-30,0.0451662952902742,0.031543175933228154,0.025689525615204017,111,1.0,0.0,False,100.0,"['revenue_growth', 'operating_margin', 'earnings_yield', 'market_return', 'industry_relative', 'driver_return', 'revenue_growth_lag1', 'operating_margin_lag1', 'earnings_yield_lag1', 'market_return_lag1', 'industry_relative_lag1', 'driver_return_lag1', 'revenue_growth_lag3', 'operating_margin_lag3', 'earnings_yield_lag3', 'market_return_lag3', 'industry_relative_lag3', 'driver_return_lag3', 'market_return_lag1 missing', 'industry_relative_lag1 missing']"
ATI,return,1,expanding,core_pe_level,2025-04-30,2025-04-30,2025-05-31,0.4645089706764276,0.031595215376398963,0.025863425344445714,112,1.0,0.0,False,100.0,"['revenue_growth', 'operating_margin', 'market_return', 'industry_relative', 'driver_return']"
ATI,return,1,expanding,core_pe_difference,2025-04-30,2025-04-30,2025-05-31,0.4645089706764276,0.031595215376398963,0.025863425344445714,112,1.0,0.0,False,100.0,"['revenue_growth', 'operating_margin', 'market_return', 'industry_relative', 'driver_return']"
ATI,return,1,expanding,core_pe_percentage,2025-04-30,2025-04-30,2025-05-31,0.4645089706764276,0.031595215376398963,0.025863425344445714,112,1.0,0.0,False,100.0,"['revenue_growth', 'operating_margin', 'market_return', 'industry_relative', 'driver_return']"
ATI,return,1,expanding,core_pe_lag1,2025-04-30,2025-04-30,2025-05-31,0.4645089706764276,0.031595215376398963,0.025863425344445714,112,1.0,0.0,False,100.0,"['revenue_growth', 'operating_margin', 'market_return', 'industry_relative', 'driver_return']"
ATI,return,1,expanding,core_financial_changes,2025-04-30,2025-04-30,2025-05-31,0.4645089706764276,0.037050248412327055,0.025863425344445714,112,1.0,0.0,False,100.0,"['revenue_growth_diff', 'operating_margin_diff', 'earnings_yield_diff', 'market_return', 'industry_relative', 'driver_return']"
ATI,return,1,expanding,distributed_all_lag1,2025-04-30,2025-04-30,2025-05-31,0.4645089706764276,0.03962058584339043,0.025863425344445714,112,1.0,0.0,False,100.0,"['revenue_growth', 'operating_margin', 'earnings_yield', 'market_return', 'industry_relative', 'driver_return', 'revenue_growth_lag1', 'operating_margin_lag1', 'earnings_yield_lag1', 'market_return_lag1', 'industry_relative_lag1', 'driver_return_lag1', 'market_return_lag1 missing', 'industry_relative_lag1 missing']"
ATI,return,1,expanding,distributed_all_lag3,2025-04-30,2025-04-30,2025-05-31,0.4645089706764276,0.04223542198692812,0.025863425344445714,112,1.0,0.0,False,100.0,"['revenue_growth', 'operating_margin', 'earnings_yield', 'market_return', 'industry_relative', 'driver_return', 'revenue_growth_lag1', 'operating_margin_lag1', 'earnings_yield_lag1', 'market_return_lag1', 'industry_relative_lag1', 'driver_return_lag1', 'revenue_growth_lag3', 'operating_margin_lag3', 'earnings_yield_lag3', 'market_return_lag3', 'industry_relative_lag3', 'driver_return_lag3', 'market_return_lag1 missing', 'industry_relative_lag1 missing']"
ATI,return,1,expanding,core_pe_level,2025-05-31,2025-05-30,2025-06-30,0.0841285409290584,0.023665105876691125,0.029745244329684492,113,1.0,1.0,False,100.0,"['revenue_growth', 'operating_margin', 'market_return', 'industry_relative', 'driver_return']"
ATI,return,1,expanding,core_pe_difference,2025-05-31,2025-05-30,2025-06-30,0.0841285409290584,0.023665105876691125,0.029745244329684492,113,1.0,1.0,False,100.0,"['revenue_growth', 'operating_margin', 'market_return', 'industry_relative', 'driver_return']"
ATI,return,1,expanding,core_pe_percentage,2025-05-31,2025-05-30,2025-06-30,0.0841285409290584,0.023665105876691125,0.029745244329684492,113,1.0,1.0,False,100.0,"['revenue_growth', 'operating_margin', 'market_return', 'industry_relative', 'driver_return']"
ATI,return,1,expanding,core_pe_lag1,2025-05-31,2025-05-30,2025-06-30,0.0841285409290584,0.023665105876691125,0.029745244329684492,113,1.0,1.0,False,100.0,"['revenue_growth', 'operating_margin', 'market_return', 'industry_relative', 'driver_return']"
ATI,return,1,expanding,core_financial_changes,2025-05-31,2025-05-30,2025-06-30,0.0841285409290584,0.016730187287416924,0.029745244329684492,113,1.0,1.0,False,100.0,"['revenue_growth_diff', 'operating_margin_diff', 'earnings_yield_diff', 'market_return', 'industry_relative', 'driver_return']"
ATI,return,1,expanding,distributed_all_lag1,2025-05-31,2025-05-30,2025-06-30,0.0841285409290584,0.028048653936177836,0.029745244329684492,113,1.0,1.0,False,100.0,"['revenue_growth', 'operating_margin', 'earnings_yield', 'market_return', 'industry_relative', 'driver_return', 'revenue_growth_lag1', 'operating_margin_lag1', 'earnings_yield_lag1', 'market_return_lag1', 'industry_relative_lag1', 'driver_return_lag1', 'market_return_lag1 missing', 'industry_relative_lag1 missing']"
ATI,return,1,expanding,distributed_all_lag3,2025-05-31,2025-05-30,2025-06-30,0.0841285409290584,0.020341222952120756,0.029745244329684492,113,1.0,1.0,False,100.0,"['revenue_growth', 'operating_margin', 'earnings_yield', 'market_return', 'industry_relative', 'driver_return', 'revenue_growth_lag1', 'operating_margin_lag1', 'earnings_yield_lag1', 'market_return_lag1', 'industry_relative_lag1', 'driver_return_lag1', 'revenue_growth_lag3', 'operating_margin_lag3', 'earnings_yield_lag3', 'market_return_lag3', 'industry_relative_lag3', 'driver_return_lag3', 'market_return_lag1 missing', 'industry_relative_lag1 missing']"
ATI,return,1,expanding,core_pe_level,2025-06-30,2025-06-30,2025-07-31,-0.1088718357098094,0.020407821999760233,0.030222290791082507,114,0.0,1.0,False,100.0,"['revenue_growth', 'operating_margin', 'market_return', 'industry_relative', 'driver_return']"
ATI,return,1,expanding,core_pe_difference,2025-06-30,2025-06-30,2025-07-31,-0.1088718357098094,0.020407821999760233,0.030222290791082507,114,0.0,1.0,False,100.0,"['revenue_growth', 'operating_margin', 'market_return', 'industry_relative', 'driver_return']"
ATI,return,1,expanding,core_pe_percentage,2025-06-30,2025-06-30,2025-07-31,-0.1088718357098094,0.020407821999760233,0.030222290791082507,114,0.0,1.0,False,100.0,"['revenue_growth', 'operating_margin', 'market_return', 'industry_relative', 'driver_return']"
ATI,return,1,expanding,core_pe_lag1,2025-06-30,2025-06-30,2025-07-31,-0.1088718357098094,0.020407821999760233,0.030222290791082507,114,0.0,1.0,False,100.0,"['revenue_growth', 'operating_margin', 'market_return', 'industry_relative', 'driver_return']"
ATI,return,1,expanding,core_financial_changes,2025-06-30,2025-06-30,2025-07-31,-0.1088718357098094,0.024269926831016163,0.030222290791082507,114,0.0,1.0,False,100.0,"['revenue_growth_diff', 'operating_margin_diff', 'earnings_yield_diff', 'market_return', 'industry_relative', 'driver_return']"
ATI,return,1,expanding,distributed_all_lag1,2025-06-30,2025-06-30,2025-07-31,-0.1088718357098094,0.017622826655785268,0.030222290791082507,114,0.0,1.0,False,100.0,"['revenue_growth', 'operating_margin', 'earnings_yield', 'market_return', 'industry_relative', 'driver_return', 'revenue_growth_lag1', 'operating_margin_lag1', 'earnings_yield_lag1', 'market_return_lag1', 'industry_relative_lag1', 'driver_return_lag1', 'market_return_lag1 missing', 'industry_relative_lag1 missing']"
ATI,return,1,expanding,distributed_all_lag3,2025-06-30,2025-06-30,2025-07-31,-0.1088718357098094,0.01273408301014902,0.030222290791082507,114,0.0,1.0,False,100.0,"['revenue_growth', 'operating_margin', 'earnings_yield', 'market_return', 'industry_relative', 'driver_return', 'revenue_growth_lag1', 'operating_margin_lag1', 'earnings_yield_lag1', 'market_return_lag1', 'industry_relative_lag1', 'driver_return_lag1', 'revenue_growth_lag3', 'operating_margin_lag3', 'earnings_yield_lag3', 'market_return_lag3', 'industry_relative_lag3', 'driver_return_lag3', 'market_return_lag1 missing', 'industry_relative_lag1 missing']"
ATI,return,1,expanding,core_pe_level,2025-07-31,2025-07-31,2025-08-31,0.007798264297925,0.03326935071450448,0.029012776647596487,115,0.0,1.0,False,100.0,"['revenue_growth', 'operating_margin', 'market_return', 'industry_relative', 'driver_return']"
ATI,return,1,expanding,core_pe_difference,2025-07-31,2025-07-31,2025-08-31,0.007798264297925,0.03326935071450448,0.029012776647596487,115,0.0,1.0,False,100.0,"['revenue_growth', 'operating_margin', 'market_return', 'industry_relative', 'driver_return']"
ATI,return,1,expanding,core_pe_percentage,2025-07-31,2025-07-31,2025-08-31,0.007798264297925,0.03326935071450448,0.029012776647596487,115,0.0,1.0,False,100.0,"['revenue_growth', 'operating_margin', 'market_return', 'industry_relative', 'driver_return']"
ATI,return,1,expanding,core_pe_lag1,2025-07-31,2025-07-31,2025-08-31,0.007798264297925,0.03326935071450448,0.029012776647596487,115,0.0,1.0,False,100.0,"['revenue_growth', 'operating_margin', 'market_return', 'industry_relative', 'driver_return']"
ATI,return,1,expanding,core_financial_changes,2025-07-31,2025-07-31,2025-08-31,0.007798264297925,0.03843909667648983,0.029012776647596487,115,0.0,1.0,False,100.0,"['revenue_growth_diff', 'operating_margin_diff', 'earnings_yield_diff', 'market_return', 'industry_relative', 'driver_return']"
ATI,return,1,expanding,distributed_all_lag1,2025-07-31,2025-07-31,2025-08-31,0.007798264297925,0.026289019380103223,0.029012776647596487,115,0.0,1.0,False,100.0,"['revenue_growth', 'operating_margin', 'earnings_yield', 'market_return', 'industry_relative', 'driver_return', 'revenue_growth_lag1', 'operating_margin_lag1', 'earnings_yield_lag1', 'market_return_lag1', 'industry_relative_lag1', 'driver_return_lag1', 'market_return_lag1 missing', 'industry_relative_lag1 missing']"
ATI,return,1,expanding,distributed_all_lag3,2025-07-31,2025-07-31,2025-08-31,0.007798264297925,0.03038681738831653,0.029012776647596487,115,0.0,1.0,False,100.0,"['revenue_growth', 'operating_margin', 'earnings_yield', 'market_return', 'industry_relative', 'driver_return', 'revenue_growth_lag1', 'operating_margin_lag1', 'earnings_yield_lag1', 'market_return_lag1', 'industry_relative_lag1', 'driver_return_lag1', 'revenue_growth_lag3', 'operating_margin_lag3', 'earnings_yield_lag3', 'market_return_lag3', 'industry_relative_lag3', 'driver_return_lag3', 'market_return_lag1 missing', 'industry_relative_lag1 missing']"
ATI,return,1,expanding,core_pe_level,2025-08-31,2025-08-29,2025-09-30,0.0490069045330934,0.025162993412546422,0.028829892920444147,116,0.0,0.0,False,100.0,"['revenue_growth', 'operating_margin', 'market_return', 'industry_relative', 'driver_return']"
ATI,return,1,expanding,core_pe_difference,2025-08-31,2025-08-29,2025-09-30,0.0490069045330934,0.025162993412546422,0.028829892920444147,116,0.0,0.0,False,100.0,"['revenue_growth', 'operating_margin', 'market_return', 'industry_relative', 'driver_return']"
ATI,return,1,expanding,core_pe_percentage,2025-08-31,2025-08-29,2025-09-30,0.0490069045330934,0.025162993412546422,0.028829892920444147,116,0.0,0.0,False,100.0,"['revenue_growth', 'operating_margin', 'market_return', 'industry_relative', 'driver_return']"
ATI,return,1,expanding,core_pe_lag1,2025-08-31,2025-08-29,2025-09-30,0.0490069045330934,0.025162993412546422,0.028829892920444147,116,0.0,0.0,False,100.0,"['revenue_growth', 'operating_margin', 'market_return', 'industry_relative', 'driver_return']"
ATI,return,1,expanding,core_financial_changes,2025-08-31,2025-08-29,2025-09-30,0.0490069045330934,0.03647910852301201,0.028829892920444147,116,0.0,0.0,False,100.0,"['revenue_growth_diff', 'operating_margin_diff', 'earnings_yield_diff', 'market_return', 'industry_relative', 'driver_return']"
ATI,return,1,expanding,distributed_all_lag1,2025-08-31,2025-08-29,2025-09-30,0.0490069045330934,0.024269291739012735,0.028829892920444147,116,0.0,0.0,False,100.0,"['revenue_growth', 'operating_margin', 'earnings_yield', 'market_return', 'industry_relative', 'driver_return', 'revenue_growth_lag1', 'operating_margin_lag1', 'earnings_yield_lag1', 'market_return_lag1', 'industry_relative_lag1', 'driver_return_lag1', 'market_return_lag1 missing', 'industry_relative_lag1 missing']"
ATI,return,1,expanding,distributed_all_lag3,2025-08-31,2025-08-29,2025-09-30,0.0490069045330934,0.03319450848369159,0.028829892920444147,116,0.0,0.0,False,100.0,"['revenue_growth', 'operating_margin', 'earnings_yield', 'market_return', 'industry_relative', 'driver_return', 'revenue_growth_lag1', 'operating_margin_lag1', 'earnings_yield_lag1', 'market_return_lag1', 'industry_relative_lag1', 'driver_return_lag1', 'revenue_growth_lag3', 'operating_margin_lag3', 'earnings_yield_lag3', 'market_return_lag3', 'industry_relative_lag3', 'driver_return_lag3', 'market_return_lag1 missing', 'industry_relative_lag1 missing']"
ATI,return,1,expanding,core_pe_level,2025-09-30,2025-09-30,2025-10-31,0.2167445989249439,0.020934178887617852,0.02900234601115055,117,0.0,0.0,False,100.0,"['revenue_growth', 'operating_margin', 'market_return', 'industry_relative', 'driver_return']"
ATI,return,1,expanding,core_pe_difference,2025-09-30,2025-09-30,2025-10-31,0.2167445989249439,0.020934178887617852,0.02900234601115055,117,0.0,0.0,False,100.0,"['revenue_growth', 'operating_margin', 'market_return', 'industry_relative', 'driver_return']"
ATI,return,1,expanding,core_pe_percentage,2025-09-30,2025-09-30,2025-10-31,0.2167445989249439,0.020934178887617852,0.02900234601115055,117,0.0,0.0,False,100.0,"['revenue_growth', 'operating_margin', 'market_return', 'industry_relative', 'driver_return']"
ATI,return,1,expanding,core_pe_lag1,2025-09-30,2025-09-30,2025-10-31,0.2167445989249439,0.020934178887617852,0.02900234601115055,117,0.0,0.0,False,100.0,"['revenue_growth', 'operating_margin', 'market_return', 'industry_relative', 'driver_return']"
ATI,return,1,expanding,core_financial_changes,2025-09-30,2025-09-30,2025-10-31,0.2167445989249439,0.02346408479862266,0.02900234601115055,117,0.0,0.0,False,100.0,"['revenue_growth_diff', 'operating_margin_diff', 'earnings_yield_diff', 'market_return', 'industry_relative', 'driver_return']"
ATI,return,1,expanding,distributed_all_lag1,2025-09-30,2025-09-30,2025-10-31,0.2167445989249439,0.016793654316574015,0.02900234601115055,117,0.0,0.0,False,100.0,"['revenue_growth', 'operating_margin', 'earnings_yield', 'market_return', 'industry_relative', 'driver_return', 'revenue_growth_lag1', 'operating_margin_lag1', 'earnings_yield_lag1', 'market_return_lag1', 'industry_relative_lag1', 'driver_return_lag1', 'market_return_lag1 missing', 'industry_relative_lag1 missing']"
ATI,return,1,expanding,distributed_all_lag3,2025-09-30,2025-09-30,2025-10-31,0.2167445989249439,0.02320265258364534,0.02900234601115055,117,0.0,0.0,False,100.0,"['revenue_growth', 'operating_margin', 'earnings_yield', 'market_return', 'industry_relative', 'driver_return', 'revenue_growth_lag1', 'operating_margin_lag1', 'earnings_yield_lag1', 'market_return_lag1', 'industry_relative_lag1', 'driver_return_lag1', 'revenue_growth_lag3', 'operating_margin_lag3', 'earnings_yield_lag3', 'market_return_lag3', 'industry_relative_lag3', 'driver_return_lag3', 'market_return_lag1 missing', 'industry_relative_lag1 missing']"
ATI,return,1,expanding,core_pe_level,2025-10-31,2025-10-31,2025-11-30,0.0184904699250614,0.01972867480621896,0.03059338205279287,118,0.0,0.0,False,100.0,"['revenue_growth', 'operating_margin', 'market_return', 'industry_relative', 'driver_return']"
ATI,return,1,expanding,core_pe_difference,2025-10-31,2025-10-31,2025-11-30,0.0184904699250614,0.01972867480621896,0.03059338205279287,118,0.0,0.0,False,100.0,"['revenue_growth', 'operating_margin', 'market_return', 'industry_relative', 'driver_return']"
ATI,return,1,expanding,core_pe_percentage,2025-10-31,2025-10-31,2025-11-30,0.0184904699250614,0.01972867480621896,0.03059338205279287,118,0.0,0.0,False,100.0,"['revenue_growth', 'operating_margin', 'market_return', 'industry_relative', 'driver_return']"
ATI,return,1,expanding,core_pe_lag1,2025-10-31,2025-10-31,2025-11-30,0.0184904699250614,0.01972867480621896,0.03059338205279287,118,0.0,0.0,False,100.0,"['revenue_growth', 'operating_margin', 'market_return', 'industry_relative', 'driver_return']"
ATI,return,1,expanding,core_financial_changes,2025-10-31,2025-10-31,2025-11-30,0.0184904699250614,0.01729321851514834,0.03059338205279287,118,0.0,0.0,False,100.0,"['revenue_growth_diff', 'operating_margin_diff', 'earnings_yield_diff', 'market_return', 'industry_relative', 'driver_return']"
ATI,return,1,expanding,distributed_all_lag1,2025-10-31,2025-10-31,2025-11-30,0.0184904699250614,0.01641698409856148,0.03059338205279287,118,0.0,0.0,False,100.0,"['revenue_growth', 'operating_margin', 'earnings_yield', 'market_return', 'industry_relative', 'driver_return', 'revenue_growth_lag1', 'operating_margin_lag1', 'earnings_yield_lag1', 'market_return_lag1', 'industry_relative_lag1', 'driver_return_lag1', 'market_return_lag1 missing', 'industry_relative_lag1 missing']"
ATI,return,1,expanding,distributed_all_lag3,2025-10-31,2025-10-31,2025-11-30,0.0184904699250614,0.023842964736772696,0.03059338205279287,118,0.0,0.0,False,100.0,"['revenue_growth', 'operating_margin', 'earnings_yield', 'market_return', 'industry_relative', 'driver_return', 'revenue_growth_lag1', 'operating_margin_lag1', 'earnings_yield_lag1', 'market_return_lag1', 'industry_relative_lag1', 'driver_return_lag1', 'revenue_growth_lag3', 'operating_margin_lag3', 'earnings_yield_lag3', 'market_return_lag3', 'industry_relative_lag3', 'driver_return_lag3', 'market_return_lag1 missing', 'industry_relative_lag1 missing']"
ATI,return,1,expanding,core_pe_level,2025-11-30,2025-11-28,2025-12-31,0.1384920502165527,0.017971398125910917,0.030491676908862352,119,1.0,0.0,False,100.0,"['revenue_growth', 'operating_margin', 'market_return', 'industry_relative', 'driver_return']"
ATI,return,1,expanding,core_pe_difference,2025-11-30,2025-11-28,2025-12-31,0.1384920502165527,0.017971398125910917,0.030491676908862352,119,1.0,0.0,False,100.0,"['revenue_growth', 'operating_margin', 'market_return', 'industry_relative', 'driver_return']"
ATI,return,1,expanding,core_pe_percentage,2025-11-30,2025-11-28,2025-12-31,0.1384920502165527,0.017971398125910917,0.030491676908862352,119,1.0,0.0,False,100.0,"['revenue_growth', 'operating_margin', 'market_return', 'industry_relative', 'driver_return']"
ATI,return,1,expanding,core_pe_lag1,2025-11-30,2025-11-28,2025-12-31,0.1384920502165527,0.017971398125910917,0.030491676908862352,119,1.0,0.0,False,100.0,"['revenue_growth', 'operating_margin', 'market_return', 'industry_relative', 'driver_return']"
ATI,return,1,expanding,core_financial_changes,2025-11-30,2025-11-28,2025-12-31,0.1384920502165527,0.020867810323099516,0.030491676908862352,119,1.0,0.0,False,100.0,"['revenue_growth_diff', 'operating_margin_diff', 'earnings_yield_diff', 'market_return', 'industry_relative', 'driver_return']"
ATI,return,1,expanding,distributed_all_lag1,2025-11-30,2025-11-28,2025-12-31,0.1384920502165527,0.01801991834415073,0.030491676908862352,119,1.0,0.0,False,100.0,"['revenue_growth', 'operating_margin', 'earnings_yield', 'market_return', 'industry_relative', 'driver_return', 'revenue_growth_lag1', 'operating_margin_lag1', 'earnings_yield_lag1', 'market_return_lag1', 'industry_relative_lag1', 'driver_return_lag1', 'market_return_lag1 missing', 'industry_relative_lag1 missing']"
ATI,return,1,expanding,distributed_all_lag3,2025-11-30,2025-11-28,2025-12-31,0.1384920502165527,0.021997501432639007,0.030491676908862352,119,1.0,0.0,False,100.0,"['revenue_growth', 'operating_margin', 'earnings_yield', 'market_return', 'industry_relative', 'driver_return', 'revenue_growth_lag1', 'operating_margin_lag1', 'earnings_yield_lag1', 'market_return_lag1', 'industry_relative_lag1', 'driver_return_lag1', 'revenue_growth_lag3', 'operating_margin_lag3', 'earnings_yield_lag3', 'market_return_lag3', 'industry_relative_lag3', 'driver_return_lag3', 'market_return_lag1 missing', 'industry_relative_lag1 missing']"
ATI,return,1,expanding,core_pe_level,2025-12-31,2025-12-31,2026-01-31,0.0482746672394689,0.04064060205822192,0.031391680019759775,120,0.0,0.0,False,100.0,"['revenue_growth', 'operating_margin', 'market_return', 'industry_relative', 'driver_return']"
ATI,return,1,expanding,core_pe_difference,2025-12-31,2025-12-31,2026-01-31,0.0482746672394689,0.04064060205822192,0.031391680019759775,120,0.0,0.0,False,100.0,"['revenue_growth', 'operating_margin', 'market_return', 'industry_relative', 'driver_return']"
ATI,return,1,expanding,core_pe_percentage,2025-12-31,2025-12-31,2026-01-31,0.0482746672394689,0.04064060205822192,0.031391680019759775,120,0.0,0.0,False,100.0,"['revenue_growth', 'operating_margin', 'market_return', 'industry_relative', 'driver_return']"
ATI,return,1,expanding,core_pe_lag1,2025-12-31,2025-12-31,2026-01-31,0.0482746672394689,0.04064060205822192,0.031391680019759775,120,0.0,0.0,False,100.0,"['revenue_growth', 'operating_margin', 'market_return', 'industry_relative', 'driver_return']"
ATI,return,1,expanding,core_financial_changes,2025-12-31,2025-12-31,2026-01-31,0.0482746672394689,0.04425857883020512,0.031391680019759775,120,0.0,0.0,False,100.0,"['revenue_growth_diff', 'operating_margin_diff', 'earnings_yield_diff', 'market_return', 'industry_relative', 'driver_return']"
ATI,return,1,expanding,distributed_all_lag1,2025-12-31,2025-12-31,2026-01-31,0.0482746672394689,0.11671327346926219,0.031391680019759775,120,0.0,0.0,False,0.01,"['revenue_growth', 'operating_margin', 'earnings_yield', 'market_return', 'industry_relative', 'driver_return', 'revenue_growth_lag1', 'operating_margin_lag1', 'earnings_yield_lag1', 'market_return_lag1', 'industry_relative_lag1', 'driver_return_lag1', 'market_return_lag1 missing', 'industry_relative_lag1 missing']"
ATI,return,1,expanding,distributed_all_lag3,2025-12-31,2025-12-31,2026-01-31,0.0482746672394689,0.12679659907647114,0.031391680019759775,120,0.0,0.0,False,0.01,"['revenue_growth', 'operating_margin', 'earnings_yield', 'market_return', 'industry_relative', 'driver_return', 'revenue_growth_lag1', 'operating_margin_lag1', 'earnings_yield_lag1', 'market_return_lag1', 'industry_relative_lag1', 'driver_return_lag1', 'revenue_growth_lag3', 'operating_margin_lag3', 'earnings_yield_lag3', 'market_return_lag3', 'industry_relative_lag3', 'driver_return_lag3', 'market_return_lag1 missing', 'industry_relative_lag1 missing']"
ATI,return,1,expanding,core_pe_level,2026-01-31,2026-01-30,2026-02-28,0.3598503091268226,0.03694008298465268,0.03153120883975737,121,0.0,1.0,False,100.0,"['revenue_growth', 'operating_margin', 'market_return', 'industry_relative', 'driver_return']"
ATI,return,1,expanding,core_pe_difference,2026-01-31,2026-01-30,2026-02-28,0.3598503091268226,0.03694008298465268,0.03153120883975737,121,0.0,1.0,False,100.0,"['revenue_growth', 'operating_margin', 'market_return', 'industry_relative', 'driver_return']"
ATI,return,1,expanding,core_pe_percentage,2026-01-31,2026-01-30,2026-02-28,0.3598503091268226,0.03694008298465268,0.03153120883975737,121,0.0,1.0,False,100.0,"['revenue_growth', 'operating_margin', 'market_return', 'industry_relative', 'driver_return']"
ATI,return,1,expanding,core_pe_lag1,2026-01-31,2026-01-30,2026-02-28,0.3598503091268226,0.03694008298465268,0.03153120883975737,121,0.0,1.0,False,100.0,"['revenue_growth', 'operating_margin', 'market_return', 'industry_relative', 'driver_return']"
ATI,return,1,expanding,core_financial_changes,2026-01-31,2026-01-30,2026-02-28,0.3598503091268226,0.03924695834153444,0.03153120883975737,121,0.0,1.0,False,100.0,"['revenue_growth_diff', 'operating_margin_diff', 'earnings_yield_diff', 'market_return', 'industry_relative', 'driver_return']"
ATI,return,1,expanding,distributed_all_lag1,2026-01-31,2026-01-30,2026-02-28,0.3598503091268226,0.08782062944105642,0.03153120883975737,121,0.0,1.0,False,0.01,"['revenue_growth', 'operating_margin', 'earnings_yield', 'market_return', 'industry_relative', 'driver_return', 'revenue_growth_lag1', 'operating_margin_lag1', 'earnings_yield_lag1', 'market_return_lag1', 'industry_relative_lag1', 'driver_return_lag1', 'market_return_lag1 missing', 'industry_relative_lag1 missing']"
ATI,return,1,expanding,distributed_all_lag3,2026-01-31,2026-01-30,2026-02-28,0.3598503091268226,0.08253980128792063,0.03153120883975737,121,0.0,1.0,False,0.01,"['revenue_growth', 'operating_margin', 'earnings_yield', 'market_return', 'industry_relative', 'driver_return', 'revenue_growth_lag1', 'operating_margin_lag1', 'earnings_yield_lag1', 'market_return_lag1', 'industry_relative_lag1', 'driver_return_lag1', 'revenue_growth_lag3', 'operating_margin_lag3', 'earnings_yield_lag3', 'market_return_lag3', 'industry_relative_lag3', 'driver_return_lag3', 'market_return_lag1 missing', 'industry_relative_lag1 missing']"
ATI,return,1,expanding,core_pe_level,2026-02-28,2026-02-27,2026-03-31,-0.1108257841547744,0.05586156699060038,0.03422234900604479,122,0.0,1.0,False,100.0,"['revenue_growth', 'operating_margin', 'market_return', 'industry_relative', 'driver_return']"
ATI,return,1,expanding,core_pe_difference,2026-02-28,2026-02-27,2026-03-31,-0.1108257841547744,0.05586156699060038,0.03422234900604479,122,0.0,1.0,False,100.0,"['revenue_growth', 'operating_margin', 'market_return', 'industry_relative', 'driver_return']"
ATI,return,1,expanding,core_pe_percentage,2026-02-28,2026-02-27,2026-03-31,-0.1108257841547744,0.05586156699060038,0.03422234900604479,122,0.0,1.0,False,100.0,"['revenue_growth', 'operating_margin', 'market_return', 'industry_relative', 'driver_return']"
ATI,return,1,expanding,core_pe_lag1,2026-02-28,2026-02-27,2026-03-31,-0.1108257841547744,0.05586156699060038,0.03422234900604479,122,0.0,1.0,False,100.0,"['revenue_growth', 'operating_margin', 'market_return', 'industry_relative', 'driver_return']"
ATI,return,1,expanding,core_financial_changes,2026-02-28,2026-02-27,2026-03-31,-0.1108257841547744,0.06109352390547057,0.03422234900604479,122,0.0,1.0,False,100.0,"['revenue_growth_diff', 'operating_margin_diff', 'earnings_yield_diff', 'market_return', 'industry_relative', 'driver_return']"
ATI,return,1,expanding,distributed_all_lag1,2026-02-28,2026-02-27,2026-03-31,-0.1108257841547744,0.1341096616416722,0.03422234900604479,122,0.0,1.0,False,0.01,"['revenue_growth', 'operating_margin', 'earnings_yield', 'market_return', 'industry_relative', 'driver_return', 'revenue_growth_lag1', 'operating_margin_lag1', 'earnings_yield_lag1', 'market_return_lag1', 'industry_relative_lag1', 'driver_return_lag1', 'market_return_lag1 missing', 'industry_relative_lag1 missing']"
ATI,return,1,expanding,distributed_all_lag3,2026-02-28,2026-02-27,2026-03-31,-0.1108257841547744,0.1514147532132343,0.03422234900604479,122,0.0,1.0,False,0.01,"['revenue_growth', 'operating_margin', 'earnings_yield', 'market_return', 'industry_relative', 'driver_return', 'revenue_growth_lag1', 'operating_margin_lag1', 'earnings_yield_lag1', 'market_return_lag1', 'industry_relative_lag1', 'driver_return_lag1', 'revenue_growth_lag3', 'operating_margin_lag3', 'earnings_yield_lag3', 'market_return_lag3', 'industry_relative_lag3', 'driver_return_lag3', 'market_return_lag1 missing', 'industry_relative_lag1 missing']"
ATI,return,1,expanding,core_pe_level,2026-03-31,2026-03-31,2026-04-30,0.0687474187985626,0.032735515818286216,0.033043095890916176,123,1.0,1.0,False,100.0,"['revenue_growth', 'operating_margin', 'market_return', 'industry_relative', 'driver_return']"
ATI,return,1,expanding,core_pe_difference,2026-03-31,2026-03-31,2026-04-30,0.0687474187985626,0.032735515818286216,0.033043095890916176,123,1.0,1.0,False,100.0,"['revenue_growth', 'operating_margin', 'market_return', 'industry_relative', 'driver_return']"
ATI,return,1,expanding,core_pe_percentage,2026-03-31,2026-03-31,2026-04-30,0.0687474187985626,0.032735515818286216,0.033043095890916176,123,1.0,1.0,False,100.0,"['revenue_growth', 'operating_margin', 'market_return', 'industry_relative', 'driver_return']"
ATI,return,1,expanding,core_pe_lag1,2026-03-31,2026-03-31,2026-04-30,0.0687474187985626,0.032735515818286216,0.033043095890916176,123,1.0,1.0,False,100.0,"['revenue_growth', 'operating_margin', 'market_return', 'industry_relative', 'driver_return']"
ATI,return,1,expanding,core_financial_changes,2026-03-31,2026-03-31,2026-04-30,0.0687474187985626,0.0349695641999521,0.033043095890916176,123,1.0,1.0,False,100.0,"['revenue_growth_diff', 'operating_margin_diff', 'earnings_yield_diff', 'market_return', 'industry_relative', 'driver_return']"
ATI,return,1,expanding,distributed_all_lag1,2026-03-31,2026-03-31,2026-04-30,0.0687474187985626,0.14733177897252417,0.033043095890916176,123,1.0,1.0,False,0.01,"['revenue_growth', 'operating_margin', 'earnings_yield', 'market_return', 'industry_relative', 'driver_return', 'revenue_growth_lag1', 'operating_margin_lag1', 'earnings_yield_lag1', 'market_return_lag1', 'industry_relative_lag1', 'driver_return_lag1', 'market_return_lag1 missing', 'industry_relative_lag1 missing']"
ATI,return,1,expanding,distributed_all_lag3,2026-03-31,2026-03-31,2026-04-30,0.0687474187985626,0.14833326455263007,0.033043095890916176,123,1.0,1.0,False,0.01,"['revenue_growth', 'operating_margin', 'earnings_yield', 'market_return', 'industry_relative', 'driver_return', 'revenue_growth_lag1', 'operating_margin_lag1', 'earnings_yield_lag1', 'market_return_lag1', 'industry_relative_lag1', 'driver_return_lag1', 'revenue_growth_lag3', 'operating_margin_lag3', 'earnings_yield_lag3', 'market_return_lag3', 'industry_relative_lag3', 'driver_return_lag3', 'market_return_lag1 missing', 'industry_relative_lag1 missing']"
ATI,return,1,expanding,core_pe_level,2026-04-30,2026-04-30,2026-05-31,0.1267206747552833,0.006928168098172396,0.03333103397888106,124,0.0,1.0,False,100.0,"['revenue_growth', 'operating_margin', 'market_return', 'industry_relative', 'driver_return']"
ATI,return,1,expanding,core_pe_difference,2026-04-30,2026-04-30,2026-05-31,0.1267206747552833,0.006928168098172396,0.03333103397888106,124,0.0,1.0,False,100.0,"['revenue_growth', 'operating_margin', 'market_return', 'industry_relative', 'driver_return']"
ATI,return,1,expanding,core_pe_percentage,2026-04-30,2026-04-30,2026-05-31,0.1267206747552833,0.006928168098172396,0.03333103397888106,124,0.0,1.0,False,100.0,"['revenue_growth', 'operating_margin', 'market_return', 'industry_relative', 'driver_return']"
ATI,return,1,expanding,core_pe_lag1,2026-04-30,2026-04-30,2026-05-31,0.1267206747552833,0.006928168098172396,0.03333103397888106,124,0.0,1.0,False,100.0,"['revenue_growth', 'operating_margin', 'market_return', 'industry_relative', 'driver_return']"
ATI,return,1,expanding,core_financial_changes,2026-04-30,2026-04-30,2026-05-31,0.1267206747552833,0.009360039800530861,0.03333103397888106,124,0.0,1.0,False,100.0,"['revenue_growth_diff', 'operating_margin_diff', 'earnings_yield_diff', 'market_return', 'industry_relative', 'driver_return']"
ATI,return,1,expanding,distributed_all_lag1,2026-04-30,2026-04-30,2026-05-31,0.1267206747552833,0.12649553544658462,0.03333103397888106,124,0.0,1.0,False,0.01,"['revenue_growth', 'operating_margin', 'earnings_yield', 'market_return', 'industry_relative', 'driver_return', 'revenue_growth_lag1', 'operating_margin_lag1', 'earnings_yield_lag1', 'market_return_lag1', 'industry_relative_lag1', 'driver_return_lag1', 'market_return_lag1 missing', 'industry_relative_lag1 missing']"
ATI,return,1,expanding,distributed_all_lag3,2026-04-30,2026-04-30,2026-05-31,0.1267206747552833,0.12734088309748984,0.03333103397888106,124,0.0,1.0,False,0.01,"['revenue_growth', 'operating_margin', 'earnings_yield', 'market_return', 'industry_relative', 'driver_return', 'revenue_growth_lag1', 'operating_margin_lag1', 'earnings_yield_lag1', 'market_return_lag1', 'industry_relative_lag1', 'driver_return_lag1', 'revenue_growth_lag3', 'operating_margin_lag3', 'earnings_yield_lag3', 'market_return_lag3', 'industry_relative_lag3', 'driver_return_lag3', 'market_return_lag1 missing', 'industry_relative_lag1 missing']"
ATI,return,1,expanding,core_pe_level,2026-05-31,2026-05-29,2026-06-30,0.1252569192892314,0.026101655827145298,0.03407815110509228,125,0.0,1.0,False,100.0,"['revenue_growth', 'operating_margin', 'market_return', 'industry_relative', 'driver_return']"
ATI,return,1,expanding,core_pe_difference,2026-05-31,2026-05-29,2026-06-30,0.1252569192892314,0.026101655827145298,0.03407815110509228,125,0.0,1.0,False,100.0,"['revenue_growth', 'operating_margin', 'market_return', 'industry_relative', 'driver_return']"
ATI,return,1,expanding,core_pe_percentage,2026-05-31,2026-05-29,2026-06-30,0.1252569192892314,0.026101655827145298,0.03407815110509228,125,0.0,1.0,False,100.0,"['revenue_growth', 'operating_margin', 'market_return', 'industry_relative', 'driver_return']"
ATI,return,1,expanding,core_pe_lag1,2026-05-31,2026-05-29,2026-06-30,0.1252569192892314,0.026101655827145298,0.03407815110509228,125,0.0,1.0,False,100.0,"['revenue_growth', 'operating_margin', 'market_return', 'industry_relative', 'driver_return']"
ATI,return,1,expanding,core_financial_changes,2026-05-31,2026-05-29,2026-06-30,0.1252569192892314,0.03352164496675933,0.03407815110509228,125,0.0,1.0,False,100.0,"['revenue_growth_diff', 'operating_margin_diff', 'earnings_yield_diff', 'market_return', 'industry_relative', 'driver_return']"
ATI,return,1,expanding,distributed_all_lag1,2026-05-31,2026-05-29,2026-06-30,0.1252569192892314,0.06139341606771963,0.03407815110509228,125,0.0,1.0,False,0.01,"['revenue_growth', 'operating_margin', 'earnings_yield', 'market_return', 'industry_relative', 'driver_return', 'revenue_growth_lag1', 'operating_margin_lag1', 'earnings_yield_lag1', 'market_return_lag1', 'industry_relative_lag1', 'driver_return_lag1', 'market_return_lag1 missing', 'industry_relative_lag1 missing']"
ATI,return,1,expanding,distributed_all_lag3,2026-05-31,2026-05-29,2026-06-30,0.1252569192892314,0.07226468911977611,0.03407815110509228,125,0.0,1.0,False,0.01,"['revenue_growth', 'operating_margin', 'earnings_yield', 'market_return', 'industry_relative', 'driver_return', 'revenue_growth_lag1', 'operating_margin_lag1', 'earnings_yield_lag1', 'market_return_lag1', 'industry_relative_lag1', 'driver_return_lag1', 'revenue_growth_lag3', 'operating_margin_lag3', 'earnings_yield_lag3', 'market_return_lag3', 'industry_relative_lag3', 'driver_return_lag3', 'market_return_lag1 missing', 'industry_relative_lag1 missing']"
ATI,return,1,expanding,core_pe_level,2026-06-30,2026-06-30,2026-07-31,-0.0490106715523694,0.04420495208705407,0.03480179212242672,126,1.0,1.0,False,100.0,"['revenue_growth', 'operating_margin', 'market_return', 'industry_relative', 'driver_return']"
ATI,return,1,expanding,core_pe_difference,2026-06-30,2026-06-30,2026-07-31,-0.0490106715523694,0.04420495208705407,0.03480179212242672,126,1.0,1.0,False,100.0,"['revenue_growth', 'operating_margin', 'market_return', 'industry_relative', 'driver_return']"
ATI,return,1,expanding,core_pe_percentage,2026-06-30,2026-06-30,2026-07-31,-0.0490106715523694,0.04420495208705407,0.03480179212242672,126,1.0,1.0,False,100.0,"['revenue_growth', 'operating_margin', 'market_return', 'industry_relative', 'driver_return']"
ATI,return,1,expanding,core_pe_lag1,2026-06-30,2026-06-30,2026-07-31,-0.0490106715523694,0.04420495208705407,0.03480179212242672,126,1.0,1.0,False,100.0,"['revenue_growth', 'operating_margin', 'market_return', 'industry_relative', 'driver_return']"
ATI,return,1,expanding,core_financial_changes,2026-06-30,2026-06-30,2026-07-31,-0.0490106715523694,0.04348471923873637,0.03480179212242672,126,1.0,1.0,False,100.0,"['revenue_growth_diff', 'operating_margin_diff', 'earnings_yield_diff', 'market_return', 'industry_relative', 'driver_return']"
ATI,return,1,expanding,distributed_all_lag1,2026-06-30,2026-06-30,2026-07-31,-0.0490106715523694,0.07513165255085555,0.03480179212242672,126,1.0,1.0,False,0.01,"['revenue_growth', 'operating_margin', 'earnings_yield', 'market_return', 'industry_relative', 'driver_return', 'revenue_growth_lag1', 'operating_margin_lag1', 'earnings_yield_lag1', 'market_return_lag1', 'industry_relative_lag1', 'driver_return_lag1', 'market_return_lag1 missing', 'industry_relative_lag1 missing']"
ATI,return,1,expanding,distributed_all_lag3,2026-06-30,2026-06-30,2026-07-31,-0.0490106715523694,0.07719634361681489,0.03480179212242672,126,1.0,1.0,False,0.01,"['revenue_growth', 'operating_margin', 'earnings_yield', 'market_return', 'industry_relative', 'driver_return', 'revenue_growth_lag1', 'operating_margin_lag1', 'earnings_yield_lag1', 'market_return_lag1', 'industry_relative_lag1', 'driver_return_lag1', 'revenue_growth_lag3', 'operating_margin_lag3', 'earnings_yield_lag3', 'market_return_lag3', 'industry_relative_lag3', 'driver_return_lag3', 'market_return_lag1 missing', 'industry_relative_lag1 missing']"
ATI,return,1,expanding,core_pe_level,2026-07-31,2026-07-31,2026-08-31,0.0894152490852382,0.038767682608092144,0.03414185146357006,127,0.0,1.0,False,100.0,"['revenue_growth', 'operating_margin', 'market_return', 'industry_relative', 'driver_return']"
ATI,return,1,expanding,core_pe_difference,2026-07-31,2026-07-31,2026-08-31,0.0894152490852382,0.038767682608092144,0.03414185146357006,127,0.0,1.0,False,100.0,"['revenue_growth', 'operating_margin', 'market_return', 'industry_relative', 'driver_return']"
ATI,return,1,expanding,core_pe_percentage,2026-07-31,2026-07-31,2026-08-31,0.0894152490852382,0.038767682608092144,0.03414185146357006,127,0.0,1.0,False,100.0,"['revenue_growth', 'operating_margin', 'market_return', 'industry_relative', 'driver_return']"
ATI,return,1,expanding,core_pe_lag1,2026-07-31,2026-07-31,2026-08-31,0.0894152490852382,0.038767682608092144,0.03414185146357006,127,0.0,1.0,False,100.0,"['revenue_growth', 'operating_margin', 'market_return', 'industry_relative', 'driver_return']"
ATI,return,1,expanding,core_financial_changes,2026-07-31,2026-07-31,2026-08-31,0.0894152490852382,0.03902147796973126,0.03414185146357006,127,0.0,1.0,False,100.0,"['revenue_growth_diff', 'operating_margin_diff', 'earnings_yield_diff', 'market_return', 'industry_relative', 'driver_return']"
ATI,return,1,expanding,distributed_all_lag1,2026-07-31,2026-07-31,2026-08-31,0.0894152490852382,0.12208673474757474,0.03414185146357006,127,0.0,1.0,False,0.01,"['revenue_growth', 'operating_margin', 'earnings_yield', 'market_return', 'industry_relative', 'driver_return', 'revenue_growth_lag1', 'operating_margin_lag1', 'earnings_yield_lag1', 'market_return_lag1', 'industry_relative_lag1', 'driver_return_lag1', 'market_return_lag1 missing', 'industry_relative_lag1 missing']"
ATI,return,1,expanding,distributed_all_lag3,2026-07-31,2026-07-31,2026-08-31,0.0894152490852382,0.14757463331557522,0.03414185146357006,127,0.0,1.0,False,0.01,"['revenue_growth', 'operating_margin', 'earnings_yield', 'market_return', 'industry_relative', 'driver_return', 'revenue_growth_lag1', 'operating_margin_lag1', 'earnings_yield_lag1', 'market_return_lag1', 'industry_relative_lag1', 'driver_return_lag1', 'revenue_growth_lag3', 'operating_margin_lag3', 'earnings_yield_lag3', 'market_return_lag3', 'industry_relative_lag3', 'driver_return_lag3', 'market_return_lag1 missing', 'industry_relative_lag1 missing']"
