ticker,task,horizon,window,model,date,origin,target_end,actual,prediction,benchmark,train_n,train_end,high_vol_regime,rate_rising_regime,fallback
MTRN,return,3,expanding,historical_mean,2023-04-30,2023-04-28,2023-07-31,0.1013618426165401,0.06743352916441148,0.06743352916441148,86,2023-04-30,0.0,0.0,False
MTRN,return,3,expanding,ridge_full,2023-04-30,2023-04-28,2023-07-31,0.1013618426165401,0.04909127339455666,0.06743352916441148,86,2023-04-30,0.0,0.0,False
MTRN,return,3,expanding,forest_full,2023-04-30,2023-04-28,2023-07-31,0.1013618426165401,0.02345249605532486,0.06743352916441148,86,2023-04-30,0.0,0.0,False
MTRN,return,3,expanding,boost_full,2023-04-30,2023-04-28,2023-07-31,0.1013618426165401,0.05876376574225268,0.06743352916441148,86,2023-04-30,0.0,0.0,False
MTRN,return,3,expanding,core_ols,2023-04-30,2023-04-28,2023-07-31,0.1013618426165401,-0.07904043781209769,0.06743352916441148,86,2023-04-30,0.0,0.0,False
MTRN,return,3,expanding,historical_mean,2023-05-31,2023-05-31,2023-08-31,0.0855176889428031,0.0655041744443686,0.0655041744443686,87,2023-05-31,0.0,0.0,False
MTRN,return,3,expanding,ridge_full,2023-05-31,2023-05-31,2023-08-31,0.0855176889428031,-0.006233495879693296,0.0655041744443686,87,2023-05-31,0.0,0.0,False
MTRN,return,3,expanding,forest_full,2023-05-31,2023-05-31,2023-08-31,0.0855176889428031,0.08467823360884465,0.0655041744443686,87,2023-05-31,0.0,0.0,False
MTRN,return,3,expanding,boost_full,2023-05-31,2023-05-31,2023-08-31,0.0855176889428031,0.09165045650631644,0.0655041744443686,87,2023-05-31,0.0,0.0,False
MTRN,return,3,expanding,core_ols,2023-05-31,2023-05-31,2023-08-31,0.0855176889428031,0.14320425234602902,0.0655041744443686,87,2023-05-31,0.0,0.0,False
MTRN,return,3,expanding,historical_mean,2023-06-30,2023-06-30,2023-09-30,-0.1065447907735329,0.06459741940264849,0.06459741940264849,88,2023-06-30,0.0,1.0,False
MTRN,return,3,expanding,ridge_full,2023-06-30,2023-06-30,2023-09-30,-0.1065447907735329,-0.12462726213031788,0.06459741940264849,88,2023-06-30,0.0,1.0,False
MTRN,return,3,expanding,forest_full,2023-06-30,2023-06-30,2023-09-30,-0.1065447907735329,0.04644948859365415,0.06459741940264849,88,2023-06-30,0.0,1.0,False
MTRN,return,3,expanding,boost_full,2023-06-30,2023-06-30,2023-09-30,-0.1065447907735329,0.045768237940001316,0.06459741940264849,88,2023-06-30,0.0,1.0,False
MTRN,return,3,expanding,core_ols,2023-06-30,2023-06-30,2023-09-30,-0.1065447907735329,-0.06871365109614327,0.06459741940264849,88,2023-06-30,0.0,1.0,False
MTRN,return,3,expanding,historical_mean,2023-07-31,2023-07-31,2023-10-31,-0.1850205866986575,0.06501050280954614,0.06501050280954614,89,2023-07-31,0.0,1.0,False
MTRN,return,3,expanding,ridge_full,2023-07-31,2023-07-31,2023-10-31,-0.1850205866986575,-0.056321695721226375,0.06501050280954614,89,2023-07-31,0.0,1.0,False
MTRN,return,3,expanding,forest_full,2023-07-31,2023-07-31,2023-10-31,-0.1850205866986575,0.04542852464586622,0.06501050280954614,89,2023-07-31,0.0,1.0,False
MTRN,return,3,expanding,boost_full,2023-07-31,2023-07-31,2023-10-31,-0.1850205866986575,0.058231660348465726,0.06501050280954614,89,2023-07-31,0.0,1.0,False
MTRN,return,3,expanding,core_ols,2023-07-31,2023-07-31,2023-10-31,-0.1850205866986575,-0.03478586830786648,0.06501050280954614,89,2023-07-31,0.0,1.0,False
MTRN,return,3,expanding,historical_mean,2023-08-31,2023-08-31,2023-11-30,0.0408759977965449,0.065238360433249,0.065238360433249,90,2023-08-31,0.0,1.0,False
MTRN,return,3,expanding,ridge_full,2023-08-31,2023-08-31,2023-11-30,0.0408759977965449,-0.06009441735613487,0.065238360433249,90,2023-08-31,0.0,1.0,False
MTRN,return,3,expanding,forest_full,2023-08-31,2023-08-31,2023-11-30,0.0408759977965449,0.05857318706449729,0.065238360433249,90,2023-08-31,0.0,1.0,False
MTRN,return,3,expanding,boost_full,2023-08-31,2023-08-31,2023-11-30,0.0408759977965449,0.057640202651150045,0.065238360433249,90,2023-08-31,0.0,1.0,False
MTRN,return,3,expanding,core_ols,2023-08-31,2023-08-31,2023-11-30,0.0408759977965449,-0.007033622794611616,0.065238360433249,90,2023-08-31,0.0,1.0,False
MTRN,return,3,expanding,historical_mean,2023-09-30,2023-09-29,2023-12-31,0.2783432556015239,0.06335063349691074,0.06335063349691074,91,2023-09-30,0.0,1.0,False
MTRN,return,3,expanding,ridge_full,2023-09-30,2023-09-29,2023-12-31,0.2783432556015239,-0.23370440968919598,0.06335063349691074,91,2023-09-30,0.0,1.0,False
MTRN,return,3,expanding,forest_full,2023-09-30,2023-09-29,2023-12-31,0.2783432556015239,0.06683271270110017,0.06335063349691074,91,2023-09-30,0.0,1.0,False
MTRN,return,3,expanding,boost_full,2023-09-30,2023-09-29,2023-12-31,0.2783432556015239,0.10509201434669693,0.06335063349691074,91,2023-09-30,0.0,1.0,False
MTRN,return,3,expanding,core_ols,2023-09-30,2023-09-29,2023-12-31,0.2783432556015239,-0.0018787211799407844,0.06335063349691074,91,2023-09-30,0.0,1.0,False
MTRN,return,3,expanding,historical_mean,2023-10-31,2023-10-31,2024-01-31,0.2074780228738306,0.06065094632087195,0.06065094632087195,92,2023-10-31,0.0,1.0,False
MTRN,return,3,expanding,ridge_full,2023-10-31,2023-10-31,2024-01-31,0.2074780228738306,-0.17900504028339043,0.06065094632087195,92,2023-10-31,0.0,1.0,False
MTRN,return,3,expanding,forest_full,2023-10-31,2023-10-31,2024-01-31,0.2074780228738306,0.061434854072766394,0.06065094632087195,92,2023-10-31,0.0,1.0,False
MTRN,return,3,expanding,boost_full,2023-10-31,2023-10-31,2024-01-31,0.2074780228738306,0.08803757395554541,0.06065094632087195,92,2023-10-31,0.0,1.0,False
MTRN,return,3,expanding,core_ols,2023-10-31,2023-10-31,2024-01-31,0.2074780228738306,-0.039842337446589354,0.06065094632087195,92,2023-10-31,0.0,1.0,False
MTRN,return,3,expanding,historical_mean,2023-11-30,2023-11-30,2024-02-29,0.1886920327903334,0.06043831246577166,0.06043831246577166,93,2023-11-30,0.0,1.0,False
MTRN,return,3,expanding,ridge_full,2023-11-30,2023-11-30,2024-02-29,0.1886920327903334,-0.2092276224317471,0.06043831246577166,93,2023-11-30,0.0,1.0,False
MTRN,return,3,expanding,forest_full,2023-11-30,2023-11-30,2024-02-29,0.1886920327903334,-0.00024296739818204655,0.06043831246577166,93,2023-11-30,0.0,1.0,False
MTRN,return,3,expanding,boost_full,2023-11-30,2023-11-30,2024-02-29,0.1886920327903334,0.032697473809993424,0.06043831246577166,93,2023-11-30,0.0,1.0,False
MTRN,return,3,expanding,core_ols,2023-11-30,2023-11-30,2024-02-29,0.1886920327903334,-0.06177408377856019,0.06043831246577166,93,2023-11-30,0.0,1.0,False
MTRN,return,3,expanding,historical_mean,2023-12-31,2023-12-29,2024-03-31,0.0134511412573399,0.0627564501587052,0.0627564501587052,94,2023-12-31,0.0,0.0,False
MTRN,return,3,expanding,ridge_full,2023-12-31,2023-12-29,2024-03-31,0.0134511412573399,-0.11948220205628939,0.0627564501587052,94,2023-12-31,0.0,0.0,False
MTRN,return,3,expanding,forest_full,2023-12-31,2023-12-29,2024-03-31,0.0134511412573399,-0.0031129064625041725,0.0627564501587052,94,2023-12-31,0.0,0.0,False
MTRN,return,3,expanding,boost_full,2023-12-31,2023-12-29,2024-03-31,0.0134511412573399,-0.005510494701416943,0.0627564501587052,94,2023-12-31,0.0,0.0,False
MTRN,return,3,expanding,core_ols,2023-12-31,2023-12-29,2024-03-31,0.0134511412573399,-0.04060242218667465,0.0627564501587052,94,2023-12-31,0.0,0.0,False
MTRN,return,3,expanding,historical_mean,2024-01-31,2024-01-31,2024-04-30,-0.0163823989883777,0.06427983513465388,0.06427983513465388,95,2024-01-31,0.0,0.0,False
MTRN,return,3,expanding,ridge_full,2024-01-31,2024-01-31,2024-04-30,-0.0163823989883777,0.0058014612826184295,0.06427983513465388,95,2024-01-31,0.0,0.0,False
MTRN,return,3,expanding,forest_full,2024-01-31,2024-01-31,2024-04-30,-0.0163823989883777,0.03296420398354054,0.06427983513465388,95,2024-01-31,0.0,0.0,False
MTRN,return,3,expanding,boost_full,2024-01-31,2024-01-31,2024-04-30,-0.0163823989883777,0.014685386136650401,0.06427983513465388,95,2024-01-31,0.0,0.0,False
MTRN,return,3,expanding,core_ols,2024-01-31,2024-01-31,2024-04-30,-0.0163823989883777,-0.025515315444306727,0.06427983513465388,95,2024-01-31,0.0,0.0,False
MTRN,return,3,expanding,historical_mean,2024-02-29,2024-02-29,2024-05-31,-0.1474534160491715,0.06557579552690056,0.06557579552690056,96,2024-02-29,0.0,1.0,False
MTRN,return,3,expanding,ridge_full,2024-02-29,2024-02-29,2024-05-31,-0.1474534160491715,-0.0007094900941957832,0.06557579552690056,96,2024-02-29,0.0,1.0,False
MTRN,return,3,expanding,forest_full,2024-02-29,2024-02-29,2024-05-31,-0.1474534160491715,0.029103467683843816,0.06557579552690056,96,2024-02-29,0.0,1.0,False
MTRN,return,3,expanding,boost_full,2024-02-29,2024-02-29,2024-05-31,-0.1474534160491715,0.021660275937654773,0.06557579552690056,96,2024-02-29,0.0,1.0,False
MTRN,return,3,expanding,core_ols,2024-02-29,2024-02-29,2024-05-31,-0.1474534160491715,-0.027386978197995043,0.06557579552690056,96,2024-02-29,0.0,1.0,False
MTRN,return,3,expanding,historical_mean,2024-03-31,2024-03-28,2024-06-30,-0.178316922597624,0.06503842795711126,0.06503842795711126,97,2024-03-31,0.0,1.0,False
MTRN,return,3,expanding,ridge_full,2024-03-31,2024-03-28,2024-06-30,-0.178316922597624,0.006780307602213653,0.06503842795711126,97,2024-03-31,0.0,1.0,False
MTRN,return,3,expanding,forest_full,2024-03-31,2024-03-28,2024-06-30,-0.178316922597624,0.002599442803672171,0.06503842795711126,97,2024-03-31,0.0,1.0,False
MTRN,return,3,expanding,boost_full,2024-03-31,2024-03-28,2024-06-30,-0.178316922597624,-0.04989854918289731,0.06503842795711126,97,2024-03-31,0.0,1.0,False
MTRN,return,3,expanding,core_ols,2024-03-31,2024-03-28,2024-06-30,-0.178316922597624,-0.05693824813962178,0.06503842795711126,97,2024-03-31,0.0,1.0,False
MTRN,return,3,expanding,historical_mean,2024-04-30,2024-04-30,2024-07-31,0.0489923015751068,0.06420760319236138,0.06420760319236138,98,2024-04-30,0.0,1.0,False
MTRN,return,3,expanding,ridge_full,2024-04-30,2024-04-30,2024-07-31,0.0489923015751068,0.04312395627998361,0.06420760319236138,98,2024-04-30,0.0,1.0,False
MTRN,return,3,expanding,forest_full,2024-04-30,2024-04-30,2024-07-31,0.0489923015751068,0.04055344945270986,0.06420760319236138,98,2024-04-30,0.0,1.0,False
MTRN,return,3,expanding,boost_full,2024-04-30,2024-04-30,2024-07-31,0.0489923015751068,-0.03682137467794985,0.06420760319236138,98,2024-04-30,0.0,1.0,False
MTRN,return,3,expanding,core_ols,2024-04-30,2024-04-30,2024-07-31,0.0489923015751068,-0.02522713196632255,0.06420760319236138,98,2024-04-30,0.0,1.0,False
MTRN,return,3,expanding,historical_mean,2024-05-31,2024-05-31,2024-08-31,0.0157235509583513,0.062069613099012565,0.062069613099012565,99,2024-05-31,0.0,1.0,False
MTRN,return,3,expanding,ridge_full,2024-05-31,2024-05-31,2024-08-31,0.0157235509583513,0.0015441210105911346,0.062069613099012565,99,2024-05-31,0.0,1.0,False
MTRN,return,3,expanding,forest_full,2024-05-31,2024-05-31,2024-08-31,0.0157235509583513,0.056110721317019004,0.062069613099012565,99,2024-05-31,0.0,1.0,False
MTRN,return,3,expanding,boost_full,2024-05-31,2024-05-31,2024-08-31,0.0157235509583513,0.025195250936483823,0.062069613099012565,99,2024-05-31,0.0,1.0,False
MTRN,return,3,expanding,core_ols,2024-05-31,2024-05-31,2024-08-31,0.0157235509583513,-0.029348159964932473,0.062069613099012565,99,2024-05-31,0.0,1.0,False
MTRN,return,3,expanding,historical_mean,2024-06-30,2024-06-28,2024-09-30,0.0357299828290313,0.0596657477420462,0.0596657477420462,100,2024-06-30,0.0,1.0,False
MTRN,return,3,expanding,ridge_full,2024-06-30,2024-06-28,2024-09-30,0.0357299828290313,0.09334004561935569,0.0596657477420462,100,2024-06-30,0.0,1.0,False
MTRN,return,3,expanding,forest_full,2024-06-30,2024-06-28,2024-09-30,0.0357299828290313,0.055600387476651074,0.0596657477420462,100,2024-06-30,0.0,1.0,False
MTRN,return,3,expanding,boost_full,2024-06-30,2024-06-28,2024-09-30,0.0357299828290313,0.09970991367406584,0.0596657477420462,100,2024-06-30,0.0,1.0,False
MTRN,return,3,expanding,core_ols,2024-06-30,2024-06-28,2024-09-30,0.0357299828290313,-0.012128230698374397,0.0596657477420462,100,2024-06-30,0.0,1.0,False
MTRN,return,3,expanding,historical_mean,2024-07-31,2024-07-31,2024-10-31,-0.155100450979323,0.059560070057225016,0.059560070057225016,101,2024-07-31,1.0,0.0,False
MTRN,return,3,expanding,ridge_full,2024-07-31,2024-07-31,2024-10-31,-0.155100450979323,0.001803728322274066,0.059560070057225016,101,2024-07-31,1.0,0.0,False
MTRN,return,3,expanding,forest_full,2024-07-31,2024-07-31,2024-10-31,-0.155100450979323,0.020441692986854748,0.059560070057225016,101,2024-07-31,1.0,0.0,False
MTRN,return,3,expanding,boost_full,2024-07-31,2024-07-31,2024-10-31,-0.155100450979323,-0.02973944944420146,0.059560070057225016,101,2024-07-31,1.0,0.0,False
MTRN,return,3,expanding,core_ols,2024-07-31,2024-07-31,2024-10-31,-0.155100450979323,-0.0692201082199754,0.059560070057225016,101,2024-07-31,1.0,0.0,False
MTRN,return,3,expanding,historical_mean,2024-08-31,2024-08-30,2024-11-30,-0.0024960149263407,0.059130300262138016,0.059130300262138016,102,2024-08-31,1.0,0.0,False
MTRN,return,3,expanding,ridge_full,2024-08-31,2024-08-30,2024-11-30,-0.0024960149263407,0.24867446638973423,0.059130300262138016,102,2024-08-31,1.0,0.0,False
MTRN,return,3,expanding,forest_full,2024-08-31,2024-08-30,2024-11-30,-0.0024960149263407,0.03264869865191178,0.059130300262138016,102,2024-08-31,1.0,0.0,False
MTRN,return,3,expanding,boost_full,2024-08-31,2024-08-30,2024-11-30,-0.0024960149263407,0.059683681223776076,0.059130300262138016,102,2024-08-31,1.0,0.0,False
MTRN,return,3,expanding,core_ols,2024-08-31,2024-08-30,2024-11-30,-0.0024960149263407,-0.06584603304011477,0.059130300262138016,102,2024-08-31,1.0,0.0,False
MTRN,return,3,expanding,historical_mean,2024-09-30,2024-09-30,2024-12-31,-0.1150413997462396,0.058903112714243776,0.058903112714243776,103,2024-09-30,0.0,0.0,False
MTRN,return,3,expanding,ridge_full,2024-09-30,2024-09-30,2024-12-31,-0.1150413997462396,0.16425425480700384,0.058903112714243776,103,2024-09-30,0.0,0.0,False
MTRN,return,3,expanding,forest_full,2024-09-30,2024-09-30,2024-12-31,-0.1150413997462396,0.017161310398462172,0.058903112714243776,103,2024-09-30,0.0,0.0,False
MTRN,return,3,expanding,boost_full,2024-09-30,2024-09-30,2024-12-31,-0.1150413997462396,0.00504871843577618,0.058903112714243776,103,2024-09-30,0.0,0.0,False
MTRN,return,3,expanding,core_ols,2024-09-30,2024-09-30,2024-12-31,-0.1150413997462396,-0.057674364964321566,0.058903112714243776,103,2024-09-30,0.0,0.0,False
MTRN,return,3,expanding,historical_mean,2024-10-31,2024-10-31,2025-01-31,-0.0050784188669704,0.056845386140267164,0.056845386140267164,104,2024-10-31,0.0,1.0,False
MTRN,return,3,expanding,ridge_full,2024-10-31,2024-10-31,2025-01-31,-0.0050784188669704,0.10538396129413846,0.056845386140267164,104,2024-10-31,0.0,1.0,False
MTRN,return,3,expanding,forest_full,2024-10-31,2024-10-31,2025-01-31,-0.0050784188669704,0.07991783284179081,0.056845386140267164,104,2024-10-31,0.0,1.0,False
MTRN,return,3,expanding,boost_full,2024-10-31,2024-10-31,2025-01-31,-0.0050784188669704,0.15560346821651547,0.056845386140267164,104,2024-10-31,0.0,1.0,False
MTRN,return,3,expanding,core_ols,2024-10-31,2024-10-31,2025-01-31,-0.0050784188669704,-0.007880092158965145,0.056845386140267164,104,2024-10-31,0.0,1.0,False
MTRN,return,3,expanding,historical_mean,2024-11-30,2024-11-29,2025-02-28,-0.2087957562447452,0.0562802299396328,0.0562802299396328,105,2024-11-30,0.0,1.0,False
MTRN,return,3,expanding,ridge_full,2024-11-30,2024-11-29,2025-02-28,-0.2087957562447452,0.052143141678324484,0.0562802299396328,105,2024-11-30,0.0,1.0,False
MTRN,return,3,expanding,forest_full,2024-11-30,2024-11-29,2025-02-28,-0.2087957562447452,0.021871550549159915,0.0562802299396328,105,2024-11-30,0.0,1.0,False
MTRN,return,3,expanding,boost_full,2024-11-30,2024-11-29,2025-02-28,-0.2087957562447452,0.07787203473952983,0.0562802299396328,105,2024-11-30,0.0,1.0,False
MTRN,return,3,expanding,core_ols,2024-11-30,2024-11-29,2025-02-28,-0.2087957562447452,-0.0957377848268243,0.0562802299396328,105,2024-11-30,0.0,1.0,False
MTRN,return,3,expanding,historical_mean,2024-12-31,2024-12-31,2025-03-31,-0.1736819895668426,0.05466398815014344,0.05466398815014344,106,2024-12-31,1.0,1.0,False
MTRN,return,3,expanding,ridge_full,2024-12-31,2024-12-31,2025-03-31,-0.1736819895668426,0.10743959542666809,0.05466398815014344,106,2024-12-31,1.0,1.0,False
MTRN,return,3,expanding,forest_full,2024-12-31,2024-12-31,2025-03-31,-0.1736819895668426,0.0788250165517525,0.05466398815014344,106,2024-12-31,1.0,1.0,False
MTRN,return,3,expanding,boost_full,2024-12-31,2024-12-31,2025-03-31,-0.1736819895668426,0.1679392732087829,0.05466398815014344,106,2024-12-31,1.0,1.0,False
MTRN,return,3,expanding,core_ols,2024-12-31,2024-12-31,2025-03-31,-0.1736819895668426,0.051911929052332904,0.05466398815014344,106,2024-12-31,1.0,1.0,False
MTRN,return,3,expanding,historical_mean,2025-01-31,2025-01-31,2025-04-30,-0.1770479975360187,0.05410564789764705,0.05410564789764705,107,2025-01-31,0.0,1.0,False
MTRN,return,3,expanding,ridge_full,2025-01-31,2025-01-31,2025-04-30,-0.1770479975360187,0.017264025470892723,0.05410564789764705,107,2025-01-31,0.0,1.0,False
MTRN,return,3,expanding,forest_full,2025-01-31,2025-01-31,2025-04-30,-0.1770479975360187,0.03720128681701926,0.05410564789764705,107,2025-01-31,0.0,1.0,False
MTRN,return,3,expanding,boost_full,2025-01-31,2025-01-31,2025-04-30,-0.1770479975360187,-0.009856156726602991,0.05410564789764705,107,2025-01-31,0.0,1.0,False
MTRN,return,3,expanding,core_ols,2025-01-31,2025-01-31,2025-04-30,-0.1770479975360187,-0.032463717184935126,0.05410564789764705,107,2025-01-31,0.0,1.0,False
MTRN,return,3,expanding,historical_mean,2025-02-28,2025-02-28,2025-05-31,-0.1509382439981536,0.05167137563706934,0.05167137563706934,108,2025-02-28,0.0,1.0,False
MTRN,return,3,expanding,ridge_full,2025-02-28,2025-02-28,2025-05-31,-0.1509382439981536,0.10836377474372005,0.05167137563706934,108,2025-02-28,0.0,1.0,False
MTRN,return,3,expanding,forest_full,2025-02-28,2025-02-28,2025-05-31,-0.1509382439981536,0.042314999722718544,0.05167137563706934,108,2025-02-28,0.0,1.0,False
MTRN,return,3,expanding,boost_full,2025-02-28,2025-02-28,2025-05-31,-0.1509382439981536,0.06952007978381806,0.05167137563706934,108,2025-02-28,0.0,1.0,False
MTRN,return,3,expanding,core_ols,2025-02-28,2025-02-28,2025-05-31,-0.1509382439981536,-0.015944566729238822,0.05167137563706934,108,2025-02-28,0.0,1.0,False
MTRN,return,3,expanding,historical_mean,2025-03-31,2025-03-31,2025-06-30,-0.0255662624027803,0.0496039135709784,0.0496039135709784,109,2025-03-31,1.0,0.0,False
MTRN,return,3,expanding,ridge_full,2025-03-31,2025-03-31,2025-06-30,-0.0255662624027803,0.09174630929382019,0.0496039135709784,109,2025-03-31,1.0,0.0,False
MTRN,return,3,expanding,forest_full,2025-03-31,2025-03-31,2025-06-30,-0.0255662624027803,0.04304472648829973,0.0496039135709784,109,2025-03-31,1.0,0.0,False
MTRN,return,3,expanding,boost_full,2025-03-31,2025-03-31,2025-06-30,-0.0255662624027803,0.08249806091825665,0.0496039135709784,109,2025-03-31,1.0,0.0,False
MTRN,return,3,expanding,core_ols,2025-03-31,2025-03-31,2025-06-30,-0.0255662624027803,0.0009978596929879208,0.0496039135709784,109,2025-03-31,1.0,0.0,False
MTRN,return,3,expanding,historical_mean,2025-04-30,2025-04-30,2025-07-31,0.2708202193737847,0.04754344165182388,0.04754344165182388,110,2025-04-30,1.0,0.0,False
MTRN,return,3,expanding,ridge_full,2025-04-30,2025-04-30,2025-07-31,0.2708202193737847,0.1192722970371195,0.04754344165182388,110,2025-04-30,1.0,0.0,False
MTRN,return,3,expanding,forest_full,2025-04-30,2025-04-30,2025-07-31,0.2708202193737847,0.04920905753957925,0.04754344165182388,110,2025-04-30,1.0,0.0,False
MTRN,return,3,expanding,boost_full,2025-04-30,2025-04-30,2025-07-31,0.2708202193737847,0.08412902419573454,0.04754344165182388,110,2025-04-30,1.0,0.0,False
MTRN,return,3,expanding,core_ols,2025-04-30,2025-04-30,2025-07-31,0.2708202193737847,0.016114999689398515,0.04754344165182388,110,2025-04-30,1.0,0.0,False
MTRN,return,3,expanding,historical_mean,2025-05-31,2025-05-30,2025-08-31,0.4328003034572107,0.045755318357679944,0.045755318357679944,111,2025-05-31,1.0,1.0,False
MTRN,return,3,expanding,ridge_full,2025-05-31,2025-05-30,2025-08-31,0.4328003034572107,0.10262367514932608,0.045755318357679944,111,2025-05-31,1.0,1.0,False
MTRN,return,3,expanding,forest_full,2025-05-31,2025-05-30,2025-08-31,0.4328003034572107,0.06040394336034095,0.045755318357679944,111,2025-05-31,1.0,1.0,False
MTRN,return,3,expanding,boost_full,2025-05-31,2025-05-30,2025-08-31,0.4328003034572107,0.18703854349328586,0.045755318357679944,111,2025-05-31,1.0,1.0,False
MTRN,return,3,expanding,core_ols,2025-05-31,2025-05-30,2025-08-31,0.4328003034572107,-0.0033854615634719906,0.045755318357679944,111,2025-05-31,1.0,1.0,False
MTRN,return,3,expanding,historical_mean,2025-06-30,2025-06-30,2025-09-30,0.5240586563979726,0.04511851852946156,0.04511851852946156,112,2025-06-30,0.0,1.0,False
MTRN,return,3,expanding,ridge_full,2025-06-30,2025-06-30,2025-09-30,0.5240586563979726,0.07175564327942835,0.04511851852946156,112,2025-06-30,0.0,1.0,False
MTRN,return,3,expanding,forest_full,2025-06-30,2025-06-30,2025-09-30,0.5240586563979726,0.043616804832950495,0.04511851852946156,112,2025-06-30,0.0,1.0,False
MTRN,return,3,expanding,boost_full,2025-06-30,2025-06-30,2025-09-30,0.5240586563979726,0.11289272898603986,0.04511851852946156,112,2025-06-30,0.0,1.0,False
MTRN,return,3,expanding,core_ols,2025-06-30,2025-06-30,2025-09-30,0.5240586563979726,0.0031923106377560947,0.04511851852946156,112,2025-06-30,0.0,1.0,False
MTRN,return,3,expanding,historical_mean,2025-07-31,2025-07-31,2025-10-31,0.0899962965205938,0.04711587871392459,0.04711587871392459,113,2025-07-31,0.0,1.0,False
MTRN,return,3,expanding,ridge_full,2025-07-31,2025-07-31,2025-10-31,0.0899962965205938,-0.039187231042751396,0.04711587871392459,113,2025-07-31,0.0,1.0,False
MTRN,return,3,expanding,forest_full,2025-07-31,2025-07-31,2025-10-31,0.0899962965205938,-0.005332795145891009,0.04711587871392459,113,2025-07-31,0.0,1.0,False
MTRN,return,3,expanding,boost_full,2025-07-31,2025-07-31,2025-10-31,0.0899962965205938,0.026586270881724217,0.04711587871392459,113,2025-07-31,0.0,1.0,False
MTRN,return,3,expanding,core_ols,2025-07-31,2025-07-31,2025-10-31,0.0899962965205938,-0.07220225334857852,0.04711587871392459,113,2025-07-31,0.0,1.0,False
MTRN,return,3,expanding,historical_mean,2025-08-31,2025-08-29,2025-11-30,0.1040888862236675,0.05049907542219903,0.05049907542219903,114,2025-08-31,0.0,0.0,False
MTRN,return,3,expanding,ridge_full,2025-08-31,2025-08-29,2025-11-30,0.1040888862236675,0.033890135035264723,0.05049907542219903,114,2025-08-31,0.0,0.0,False
MTRN,return,3,expanding,forest_full,2025-08-31,2025-08-29,2025-11-30,0.1040888862236675,-0.013753301828834691,0.05049907542219903,114,2025-08-31,0.0,0.0,False
MTRN,return,3,expanding,boost_full,2025-08-31,2025-08-29,2025-11-30,0.1040888862236675,0.05895845981353069,0.05049907542219903,114,2025-08-31,0.0,0.0,False
MTRN,return,3,expanding,core_ols,2025-08-31,2025-08-29,2025-11-30,0.1040888862236675,0.03416326098391431,0.05049907542219903,114,2025-08-31,0.0,0.0,False
MTRN,return,3,expanding,historical_mean,2025-09-30,2025-09-30,2025-12-31,0.030258634219763,0.05461698482198837,0.05461698482198837,115,2025-09-30,0.0,0.0,False
MTRN,return,3,expanding,ridge_full,2025-09-30,2025-09-30,2025-12-31,0.030258634219763,-0.019850565264773683,0.05461698482198837,115,2025-09-30,0.0,0.0,False
MTRN,return,3,expanding,forest_full,2025-09-30,2025-09-30,2025-12-31,0.030258634219763,0.0167492146372476,0.05461698482198837,115,2025-09-30,0.0,0.0,False
MTRN,return,3,expanding,boost_full,2025-09-30,2025-09-30,2025-12-31,0.030258634219763,-0.004481669228857621,0.05461698482198837,115,2025-09-30,0.0,0.0,False
MTRN,return,3,expanding,core_ols,2025-09-30,2025-09-30,2025-12-31,0.030258634219763,0.03622050239057385,0.05461698482198837,115,2025-09-30,0.0,0.0,False
MTRN,return,3,expanding,historical_mean,2025-10-31,2025-10-31,2026-01-31,0.207728296262265,0.054921978888355656,0.054921978888355656,116,2025-10-31,0.0,0.0,False
MTRN,return,3,expanding,ridge_full,2025-10-31,2025-10-31,2026-01-31,0.207728296262265,0.10829949159325067,0.054921978888355656,116,2025-10-31,0.0,0.0,False
MTRN,return,3,expanding,forest_full,2025-10-31,2025-10-31,2026-01-31,0.207728296262265,0.07733144179876247,0.054921978888355656,116,2025-10-31,0.0,0.0,False
MTRN,return,3,expanding,boost_full,2025-10-31,2025-10-31,2026-01-31,0.207728296262265,0.06894457978367889,0.054921978888355656,116,2025-10-31,0.0,0.0,False
MTRN,return,3,expanding,core_ols,2025-10-31,2025-10-31,2026-01-31,0.207728296262265,0.09505825504281905,0.054921978888355656,116,2025-10-31,0.0,0.0,False
MTRN,return,3,expanding,historical_mean,2025-11-30,2025-11-28,2026-02-28,0.3357004153458662,0.05534220886558055,0.05534220886558055,117,2025-11-30,1.0,0.0,False
MTRN,return,3,expanding,ridge_full,2025-11-30,2025-11-28,2026-02-28,0.3357004153458662,0.044375197724394036,0.05534220886558055,117,2025-11-30,1.0,0.0,False
MTRN,return,3,expanding,forest_full,2025-11-30,2025-11-28,2026-02-28,0.3357004153458662,0.05226132647643282,0.05534220886558055,117,2025-11-30,1.0,0.0,False
MTRN,return,3,expanding,boost_full,2025-11-30,2025-11-28,2026-02-28,0.3357004153458662,-0.038416199599818755,0.05534220886558055,117,2025-11-30,1.0,0.0,False
MTRN,return,3,expanding,core_ols,2025-11-30,2025-11-28,2026-02-28,0.3357004153458662,-0.014011314441662669,0.05534220886558055,117,2025-11-30,1.0,0.0,False
MTRN,return,3,expanding,historical_mean,2025-12-31,2025-12-31,2026-03-31,0.1645944702614816,0.055129636199090566,0.055129636199090566,118,2025-12-31,0.0,0.0,False
MTRN,return,3,expanding,ridge_full,2025-12-31,2025-12-31,2026-03-31,0.1645944702614816,0.04140692874437699,0.055129636199090566,118,2025-12-31,0.0,0.0,False
MTRN,return,3,expanding,forest_full,2025-12-31,2025-12-31,2026-03-31,0.1645944702614816,0.010177481044406085,0.055129636199090566,118,2025-12-31,0.0,0.0,False
MTRN,return,3,expanding,boost_full,2025-12-31,2025-12-31,2026-03-31,0.1645944702614816,0.015010654789595713,0.055129636199090566,118,2025-12-31,0.0,0.0,False
MTRN,return,3,expanding,core_ols,2025-12-31,2025-12-31,2026-03-31,0.1645944702614816,-0.005275737619038573,0.055129636199090566,118,2025-12-31,0.0,0.0,False
MTRN,return,3,expanding,historical_mean,2026-01-31,2026-01-30,2026-04-30,0.3304759858401787,0.056411977880293715,0.056411977880293715,119,2026-01-31,0.0,1.0,False
MTRN,return,3,expanding,ridge_full,2026-01-31,2026-01-30,2026-04-30,0.3304759858401787,0.010812235912888733,0.056411977880293715,119,2026-01-31,0.0,1.0,False
MTRN,return,3,expanding,forest_full,2026-01-31,2026-01-30,2026-04-30,0.3304759858401787,0.04541461591528475,0.056411977880293715,119,2026-01-31,0.0,1.0,False
MTRN,return,3,expanding,boost_full,2026-01-31,2026-01-30,2026-04-30,0.3304759858401787,0.09463765327119651,0.056411977880293715,119,2026-01-31,0.0,1.0,False
MTRN,return,3,expanding,core_ols,2026-01-31,2026-01-30,2026-04-30,0.3304759858401787,0.12112357198722394,0.056411977880293715,119,2026-01-31,0.0,1.0,False
MTRN,return,3,expanding,historical_mean,2026-02-28,2026-02-27,2026-05-31,0.3503236716700375,0.05873938152584014,0.05873938152584014,120,2026-02-28,0.0,1.0,False
MTRN,return,3,expanding,ridge_full,2026-02-28,2026-02-27,2026-05-31,0.3503236716700375,0.0465020570928415,0.05873938152584014,120,2026-02-28,0.0,1.0,False
MTRN,return,3,expanding,forest_full,2026-02-28,2026-02-27,2026-05-31,0.3503236716700375,0.016218808403539203,0.05873938152584014,120,2026-02-28,0.0,1.0,False
MTRN,return,3,expanding,boost_full,2026-02-28,2026-02-27,2026-05-31,0.3503236716700375,0.05546992544838722,0.05873938152584014,120,2026-02-28,0.0,1.0,False
MTRN,return,3,expanding,core_ols,2026-02-28,2026-02-27,2026-05-31,0.3503236716700375,0.035693278817218385,0.05873938152584014,120,2026-02-28,0.0,1.0,False
MTRN,return,3,expanding,historical_mean,2026-03-31,2026-03-31,2026-06-30,1.0572717123697872,0.05961421696993635,0.05961421696993635,121,2026-03-31,1.0,1.0,False
MTRN,return,3,expanding,ridge_full,2026-03-31,2026-03-31,2026-06-30,1.0572717123697872,0.04821850593294313,0.05961421696993635,121,2026-03-31,1.0,1.0,False
MTRN,return,3,expanding,forest_full,2026-03-31,2026-03-31,2026-06-30,1.0572717123697872,0.045510099803805916,0.05961421696993635,121,2026-03-31,1.0,1.0,False
MTRN,return,3,expanding,boost_full,2026-03-31,2026-03-31,2026-06-30,1.0572717123697872,0.07799616125374409,0.05961421696993635,121,2026-03-31,1.0,1.0,False
MTRN,return,3,expanding,core_ols,2026-03-31,2026-03-31,2026-06-30,1.0572717123697872,0.04974979345649404,0.05961421696993635,121,2026-03-31,1.0,1.0,False
MTRN,return,3,expanding,historical_mean,2026-04-30,2026-04-30,2026-07-31,0.1478036207067523,0.06183439540329899,0.06183439540329899,122,2026-04-30,0.0,1.0,False
MTRN,return,3,expanding,ridge_full,2026-04-30,2026-04-30,2026-07-31,0.1478036207067523,0.02773593477044753,0.06183439540329899,122,2026-04-30,0.0,1.0,False
MTRN,return,3,expanding,forest_full,2026-04-30,2026-04-30,2026-07-31,0.1478036207067523,-0.009955051112045504,0.06183439540329899,122,2026-04-30,0.0,1.0,False
MTRN,return,3,expanding,boost_full,2026-04-30,2026-04-30,2026-07-31,0.1478036207067523,-0.03949475914107606,0.06183439540329899,122,2026-04-30,0.0,1.0,False
MTRN,return,3,expanding,core_ols,2026-04-30,2026-04-30,2026-07-31,0.1478036207067523,0.022791644512029086,0.06183439540329899,122,2026-04-30,0.0,1.0,False
MTRN,return,3,expanding,historical_mean,2026-05-31,2026-05-29,2026-08-31,0.0735306668450372,0.06417983667376027,0.06417983667376027,123,2026-05-31,0.0,1.0,False
MTRN,return,3,expanding,ridge_full,2026-05-31,2026-05-29,2026-08-31,0.0735306668450372,0.08170648840465279,0.06417983667376027,123,2026-05-31,0.0,1.0,False
MTRN,return,3,expanding,forest_full,2026-05-31,2026-05-29,2026-08-31,0.0735306668450372,0.03040118540550702,0.06417983667376027,123,2026-05-31,0.0,1.0,False
MTRN,return,3,expanding,boost_full,2026-05-31,2026-05-29,2026-08-31,0.0735306668450372,0.030628738087159102,0.06417983667376027,123,2026-05-31,0.0,1.0,False
MTRN,return,3,expanding,core_ols,2026-05-31,2026-05-29,2026-08-31,0.0735306668450372,0.06405925756286991,0.06417983667376027,123,2026-05-31,0.0,1.0,False
ENTG,return,3,expanding,historical_mean,2023-04-30,2023-04-28,2023-07-31,0.4663192171113457,0.07990657125033936,0.07990657125033936,86,2023-04-30,0.0,0.0,False
ENTG,return,3,expanding,ridge_full,2023-04-30,2023-04-28,2023-07-31,0.4663192171113457,0.08814299871951523,0.07990657125033936,86,2023-04-30,0.0,0.0,False
ENTG,return,3,expanding,forest_full,2023-04-30,2023-04-28,2023-07-31,0.4663192171113457,0.057337993517870896,0.07990657125033936,86,2023-04-30,0.0,0.0,False
ENTG,return,3,expanding,boost_full,2023-04-30,2023-04-28,2023-07-31,0.4663192171113457,0.0876027848556369,0.07990657125033936,86,2023-04-30,0.0,0.0,False
ENTG,return,3,expanding,core_ols,2023-04-30,2023-04-28,2023-07-31,0.4663192171113457,0.22040740815188092,0.07990657125033936,86,2023-04-30,0.0,0.0,False
ENTG,return,3,expanding,historical_mean,2023-05-31,2023-05-31,2023-08-31,-0.0369371256661201,0.08170700733130654,0.08170700733130654,87,2023-05-31,0.0,0.0,False
ENTG,return,3,expanding,ridge_full,2023-05-31,2023-05-31,2023-08-31,-0.0369371256661201,0.007319573875160135,0.08170700733130654,87,2023-05-31,0.0,0.0,False
ENTG,return,3,expanding,forest_full,2023-05-31,2023-05-31,2023-08-31,-0.0369371256661201,0.018687729920182403,0.08170700733130654,87,2023-05-31,0.0,0.0,False
ENTG,return,3,expanding,boost_full,2023-05-31,2023-05-31,2023-08-31,-0.0369371256661201,0.024057625305205978,0.08170700733130654,87,2023-05-31,0.0,0.0,False
ENTG,return,3,expanding,core_ols,2023-05-31,2023-05-31,2023-08-31,-0.0369371256661201,0.19379825532573175,0.08170700733130654,87,2023-05-31,0.0,0.0,False
ENTG,return,3,expanding,historical_mean,2023-06-30,2023-06-30,2023-09-30,-0.1518167604299718,0.08479107380466729,0.08479107380466729,88,2023-06-30,0.0,1.0,False
ENTG,return,3,expanding,ridge_full,2023-06-30,2023-06-30,2023-09-30,-0.1518167604299718,0.0799651118186879,0.08479107380466729,88,2023-06-30,0.0,1.0,False
ENTG,return,3,expanding,forest_full,2023-06-30,2023-06-30,2023-09-30,-0.1518167604299718,0.02660646907412606,0.08479107380466729,88,2023-06-30,0.0,1.0,False
ENTG,return,3,expanding,boost_full,2023-06-30,2023-06-30,2023-09-30,-0.1518167604299718,0.04086943913810879,0.08479107380466729,88,2023-06-30,0.0,1.0,False
ENTG,return,3,expanding,core_ols,2023-06-30,2023-06-30,2023-09-30,-0.1518167604299718,0.2775704068224633,0.08479107380466729,88,2023-06-30,0.0,1.0,False
ENTG,return,3,expanding,historical_mean,2023-07-31,2023-07-31,2023-10-31,-0.1958710331033393,0.08907790687552884,0.08907790687552884,89,2023-07-31,0.0,1.0,False
ENTG,return,3,expanding,ridge_full,2023-07-31,2023-07-31,2023-10-31,-0.1958710331033393,0.13413639950648806,0.08907790687552884,89,2023-07-31,0.0,1.0,False
ENTG,return,3,expanding,forest_full,2023-07-31,2023-07-31,2023-10-31,-0.1958710331033393,0.049569463118801844,0.08907790687552884,89,2023-07-31,0.0,1.0,False
ENTG,return,3,expanding,boost_full,2023-07-31,2023-07-31,2023-10-31,-0.1958710331033393,0.07915919963457484,0.08907790687552884,89,2023-07-31,0.0,1.0,False
ENTG,return,3,expanding,core_ols,2023-07-31,2023-07-31,2023-10-31,-0.1958710331033393,0.2922127743360726,0.08907790687552884,89,2023-07-31,0.0,1.0,False
ENTG,return,3,expanding,historical_mean,2023-08-31,2023-08-31,2023-11-30,0.0320852249549756,0.0876777398472883,0.0876777398472883,90,2023-08-31,0.0,1.0,False
ENTG,return,3,expanding,ridge_full,2023-08-31,2023-08-31,2023-11-30,0.0320852249549756,0.20297589439688218,0.0876777398472883,90,2023-08-31,0.0,1.0,False
ENTG,return,3,expanding,forest_full,2023-08-31,2023-08-31,2023-11-30,0.0320852249549756,0.05435013537098323,0.0876777398472883,90,2023-08-31,0.0,1.0,False
ENTG,return,3,expanding,boost_full,2023-08-31,2023-08-31,2023-11-30,0.0320852249549756,0.05030703785340598,0.0876777398472883,90,2023-08-31,0.0,1.0,False
ENTG,return,3,expanding,core_ols,2023-08-31,2023-08-31,2023-11-30,0.0320852249549756,0.27470027345703385,0.0876777398472883,90,2023-08-31,0.0,1.0,False
ENTG,return,3,expanding,historical_mean,2023-09-30,2023-09-29,2023-12-31,0.2773599618834699,0.0850459321519338,0.0850459321519338,91,2023-09-30,0.0,1.0,False
ENTG,return,3,expanding,ridge_full,2023-09-30,2023-09-29,2023-12-31,0.2773599618834699,0.05499304834289975,0.0850459321519338,91,2023-09-30,0.0,1.0,False
ENTG,return,3,expanding,forest_full,2023-09-30,2023-09-29,2023-12-31,0.2773599618834699,0.03343275591659339,0.0850459321519338,91,2023-09-30,0.0,1.0,False
ENTG,return,3,expanding,boost_full,2023-09-30,2023-09-29,2023-12-31,0.2773599618834699,0.04046485645267759,0.0850459321519338,91,2023-09-30,0.0,1.0,False
ENTG,return,3,expanding,core_ols,2023-09-30,2023-09-29,2023-12-31,0.2773599618834699,0.1654601223097756,0.0850459321519338,91,2023-09-30,0.0,1.0,False
ENTG,return,3,expanding,historical_mean,2023-10-31,2023-10-31,2024-01-31,0.3379801280849306,0.08199248687741996,0.08199248687741996,92,2023-10-31,0.0,1.0,False
ENTG,return,3,expanding,ridge_full,2023-10-31,2023-10-31,2024-01-31,0.3379801280849306,0.050877788287550824,0.08199248687741996,92,2023-10-31,0.0,1.0,False
ENTG,return,3,expanding,forest_full,2023-10-31,2023-10-31,2024-01-31,0.3379801280849306,0.00014133755542405924,0.08199248687741996,92,2023-10-31,0.0,1.0,False
ENTG,return,3,expanding,boost_full,2023-10-31,2023-10-31,2024-01-31,0.3379801280849306,0.013407520660550759,0.08199248687741996,92,2023-10-31,0.0,1.0,False
ENTG,return,3,expanding,core_ols,2023-10-31,2023-10-31,2024-01-31,0.3379801280849306,0.12490049428236225,0.08199248687741996,92,2023-10-31,0.0,1.0,False
ENTG,return,3,expanding,historical_mean,2023-11-30,2023-11-30,2024-02-29,0.2880203158104555,0.08145584965244744,0.08145584965244744,93,2023-11-30,0.0,1.0,False
ENTG,return,3,expanding,ridge_full,2023-11-30,2023-11-30,2024-02-29,0.2880203158104555,-0.027226050521823114,0.08145584965244744,93,2023-11-30,0.0,1.0,False
ENTG,return,3,expanding,forest_full,2023-11-30,2023-11-30,2024-02-29,0.2880203158104555,-0.019567857124757643,0.08145584965244744,93,2023-11-30,0.0,1.0,False
ENTG,return,3,expanding,boost_full,2023-11-30,2023-11-30,2024-02-29,0.2880203158104555,-0.061427788444421746,0.08145584965244744,93,2023-11-30,0.0,1.0,False
ENTG,return,3,expanding,core_ols,2023-11-30,2023-11-30,2024-02-29,0.2880203158104555,-0.09178004716381706,0.08145584965244744,93,2023-11-30,0.0,1.0,False
ENTG,return,3,expanding,historical_mean,2023-12-31,2023-12-29,2024-03-31,0.1738805079246803,0.08353993595277748,0.08353993595277748,94,2023-12-31,0.0,0.0,False
ENTG,return,3,expanding,ridge_full,2023-12-31,2023-12-29,2024-03-31,0.1738805079246803,-0.06753171510611339,0.08353993595277748,94,2023-12-31,0.0,0.0,False
ENTG,return,3,expanding,forest_full,2023-12-31,2023-12-29,2024-03-31,0.1738805079246803,-0.049745071210341385,0.08353993595277748,94,2023-12-31,0.0,0.0,False
ENTG,return,3,expanding,boost_full,2023-12-31,2023-12-29,2024-03-31,0.1738805079246803,-0.00809686779469422,0.08353993595277748,94,2023-12-31,0.0,0.0,False
ENTG,return,3,expanding,core_ols,2023-12-31,2023-12-29,2024-03-31,0.1738805079246803,-0.08928363106430282,0.08353993595277748,94,2023-12-31,0.0,0.0,False
ENTG,return,3,expanding,historical_mean,2024-01-31,2024-01-31,2024-04-30,0.1301424095665684,0.08621825376469489,0.08621825376469489,95,2024-01-31,0.0,0.0,False
ENTG,return,3,expanding,ridge_full,2024-01-31,2024-01-31,2024-04-30,0.1301424095665684,-0.0553256857386735,0.08621825376469489,95,2024-01-31,0.0,0.0,False
ENTG,return,3,expanding,forest_full,2024-01-31,2024-01-31,2024-04-30,0.1301424095665684,-0.01572315587772591,0.08621825376469489,95,2024-01-31,0.0,0.0,False
ENTG,return,3,expanding,boost_full,2024-01-31,2024-01-31,2024-04-30,0.1301424095665684,-0.02511351214977997,0.08621825376469489,95,2024-01-31,0.0,0.0,False
ENTG,return,3,expanding,core_ols,2024-01-31,2024-01-31,2024-04-30,0.1301424095665684,-0.04458735425060273,0.08621825376469489,95,2024-01-31,0.0,0.0,False
ENTG,return,3,expanding,historical_mean,2024-02-29,2024-02-29,2024-05-31,-0.0589242609836555,0.08832035857767152,0.08832035857767152,96,2024-02-29,0.0,1.0,False
ENTG,return,3,expanding,ridge_full,2024-02-29,2024-02-29,2024-05-31,-0.0589242609836555,0.043649028974036025,0.08832035857767152,96,2024-02-29,0.0,1.0,False
ENTG,return,3,expanding,forest_full,2024-02-29,2024-02-29,2024-05-31,-0.0589242609836555,0.06873267956618101,0.08832035857767152,96,2024-02-29,0.0,1.0,False
ENTG,return,3,expanding,boost_full,2024-02-29,2024-02-29,2024-05-31,-0.0589242609836555,0.11049314278779858,0.08832035857767152,96,2024-02-29,0.0,1.0,False
ENTG,return,3,expanding,core_ols,2024-02-29,2024-02-29,2024-05-31,-0.0589242609836555,0.0581503635375043,0.08832035857767152,96,2024-02-29,0.0,1.0,False
ENTG,return,3,expanding,historical_mean,2024-03-31,2024-03-28,2024-06-30,-0.0358645426316571,0.08920242197300152,0.08920242197300152,97,2024-03-31,0.0,1.0,False
ENTG,return,3,expanding,ridge_full,2024-03-31,2024-03-28,2024-06-30,-0.0358645426316571,0.13462726889600593,0.08920242197300152,97,2024-03-31,0.0,1.0,False
ENTG,return,3,expanding,forest_full,2024-03-31,2024-03-28,2024-06-30,-0.0358645426316571,0.09617636986919365,0.08920242197300152,97,2024-03-31,0.0,1.0,False
ENTG,return,3,expanding,boost_full,2024-03-31,2024-03-28,2024-06-30,-0.0358645426316571,0.15503187348430592,0.08920242197300152,97,2024-03-31,0.0,1.0,False
ENTG,return,3,expanding,core_ols,2024-03-31,2024-03-28,2024-06-30,-0.0358645426316571,0.11764715380481643,0.08920242197300152,97,2024-03-31,0.0,1.0,False
ENTG,return,3,expanding,historical_mean,2024-04-30,2024-04-30,2024-07-31,-0.1093387664420892,0.08962017694844608,0.08962017694844608,98,2024-04-30,0.0,1.0,False
ENTG,return,3,expanding,ridge_full,2024-04-30,2024-04-30,2024-07-31,-0.1093387664420892,0.15090721138014446,0.08962017694844608,98,2024-04-30,0.0,1.0,False
ENTG,return,3,expanding,forest_full,2024-04-30,2024-04-30,2024-07-31,-0.1093387664420892,0.137890575818999,0.08962017694844608,98,2024-04-30,0.0,1.0,False
ENTG,return,3,expanding,boost_full,2024-04-30,2024-04-30,2024-07-31,-0.1093387664420892,0.16018299588045684,0.08962017694844608,98,2024-04-30,0.0,1.0,False
ENTG,return,3,expanding,core_ols,2024-04-30,2024-04-30,2024-07-31,-0.1093387664420892,0.13679964835687014,0.08962017694844608,98,2024-04-30,0.0,1.0,False
ENTG,return,3,expanding,historical_mean,2024-05-31,2024-05-31,2024-08-31,-0.0821947016613472,0.08811972808044505,0.08811972808044505,99,2024-05-31,0.0,1.0,False
ENTG,return,3,expanding,ridge_full,2024-05-31,2024-05-31,2024-08-31,-0.0821947016613472,0.06724778427636365,0.08811972808044505,99,2024-05-31,0.0,1.0,False
ENTG,return,3,expanding,forest_full,2024-05-31,2024-05-31,2024-08-31,-0.0821947016613472,0.08710430926926731,0.08811972808044505,99,2024-05-31,0.0,1.0,False
ENTG,return,3,expanding,boost_full,2024-05-31,2024-05-31,2024-08-31,-0.0821947016613472,0.09990831432022913,0.08811972808044505,99,2024-05-31,0.0,1.0,False
ENTG,return,3,expanding,core_ols,2024-05-31,2024-05-31,2024-08-31,-0.0821947016613472,0.05028929296780334,0.08811972808044505,99,2024-05-31,0.0,1.0,False
ENTG,return,3,expanding,historical_mean,2024-06-30,2024-06-28,2024-09-30,-0.1682276218944289,0.08687988537332403,0.08687988537332403,100,2024-06-30,0.0,1.0,False
ENTG,return,3,expanding,ridge_full,2024-06-30,2024-06-28,2024-09-30,-0.1682276218944289,-0.0030273173937195724,0.08687988537332403,100,2024-06-30,0.0,1.0,False
ENTG,return,3,expanding,forest_full,2024-06-30,2024-06-28,2024-09-30,-0.1682276218944289,0.05941814091694837,0.08687988537332403,100,2024-06-30,0.0,1.0,False
ENTG,return,3,expanding,boost_full,2024-06-30,2024-06-28,2024-09-30,-0.1682276218944289,0.08652205011672558,0.08687988537332403,100,2024-06-30,0.0,1.0,False
ENTG,return,3,expanding,core_ols,2024-06-30,2024-06-28,2024-09-30,-0.1682276218944289,0.04649686214896106,0.08687988537332403,100,2024-06-30,0.0,1.0,False
ENTG,return,3,expanding,historical_mean,2024-07-31,2024-07-31,2024-10-31,-0.1139876260220782,0.08493712644445855,0.08493712644445855,101,2024-07-31,1.0,0.0,False
ENTG,return,3,expanding,ridge_full,2024-07-31,2024-07-31,2024-10-31,-0.1139876260220782,0.046223488854584334,0.08493712644445855,101,2024-07-31,1.0,0.0,False
ENTG,return,3,expanding,forest_full,2024-07-31,2024-07-31,2024-10-31,-0.1139876260220782,0.1127890408749718,0.08493712644445855,101,2024-07-31,1.0,0.0,False
ENTG,return,3,expanding,boost_full,2024-07-31,2024-07-31,2024-10-31,-0.1139876260220782,0.08185545772336582,0.08493712644445855,101,2024-07-31,1.0,0.0,False
ENTG,return,3,expanding,core_ols,2024-07-31,2024-07-31,2024-10-31,-0.1139876260220782,0.06803228066745148,0.08493712644445855,101,2024-07-31,1.0,0.0,False
ENTG,return,3,expanding,historical_mean,2024-08-31,2024-08-30,2024-11-30,-0.0875354621023906,0.08329857911008791,0.08329857911008791,102,2024-08-31,1.0,0.0,False
ENTG,return,3,expanding,ridge_full,2024-08-31,2024-08-30,2024-11-30,-0.0875354621023906,0.12125927641827,0.08329857911008791,102,2024-08-31,1.0,0.0,False
ENTG,return,3,expanding,forest_full,2024-08-31,2024-08-30,2024-11-30,-0.0875354621023906,0.10215350455763911,0.08329857911008791,102,2024-08-31,1.0,0.0,False
ENTG,return,3,expanding,boost_full,2024-08-31,2024-08-30,2024-11-30,-0.0875354621023906,0.12866088170060183,0.08329857911008791,102,2024-08-31,1.0,0.0,False
ENTG,return,3,expanding,core_ols,2024-08-31,2024-08-30,2024-11-30,-0.0875354621023906,0.08487394352217818,0.08329857911008791,102,2024-08-31,1.0,0.0,False
ENTG,return,3,expanding,historical_mean,2024-09-30,2024-09-30,2024-12-31,-0.1188908743113685,0.08085657715858774,0.08085657715858774,103,2024-09-30,0.0,0.0,False
ENTG,return,3,expanding,ridge_full,2024-09-30,2024-09-30,2024-12-31,-0.1188908743113685,0.14038097208035913,0.08085657715858774,103,2024-09-30,0.0,0.0,False
ENTG,return,3,expanding,forest_full,2024-09-30,2024-09-30,2024-12-31,-0.1188908743113685,0.09073325358310685,0.08085657715858774,103,2024-09-30,0.0,0.0,False
ENTG,return,3,expanding,boost_full,2024-09-30,2024-09-30,2024-12-31,-0.1188908743113685,0.13024255580989555,0.08085657715858774,103,2024-09-30,0.0,0.0,False
ENTG,return,3,expanding,core_ols,2024-09-30,2024-09-30,2024-12-31,-0.1188908743113685,0.054337658445635734,0.08085657715858774,103,2024-09-30,0.0,0.0,False
ENTG,return,3,expanding,historical_mean,2024-10-31,2024-10-31,2025-01-31,-0.0292770052231527,0.0789830752049275,0.0789830752049275,104,2024-10-31,0.0,1.0,False
ENTG,return,3,expanding,ridge_full,2024-10-31,2024-10-31,2025-01-31,-0.0292770052231527,0.07571437341127699,0.0789830752049275,104,2024-10-31,0.0,1.0,False
ENTG,return,3,expanding,forest_full,2024-10-31,2024-10-31,2025-01-31,-0.0292770052231527,0.1267138044973,0.0789830752049275,104,2024-10-31,0.0,1.0,False
ENTG,return,3,expanding,boost_full,2024-10-31,2024-10-31,2025-01-31,-0.0292770052231527,0.12285480266756575,0.0789830752049275,104,2024-10-31,0.0,1.0,False
ENTG,return,3,expanding,core_ols,2024-10-31,2024-10-31,2025-01-31,-0.0292770052231527,0.061413090586611575,0.0789830752049275,104,2024-10-31,0.0,1.0,False
ENTG,return,3,expanding,historical_mean,2024-11-30,2024-11-29,2025-02-28,-0.0407643043443642,0.07739718437342924,0.07739718437342924,105,2024-11-30,0.0,1.0,False
ENTG,return,3,expanding,ridge_full,2024-11-30,2024-11-29,2025-02-28,-0.0407643043443642,0.02410088734219574,0.07739718437342924,105,2024-11-30,0.0,1.0,False
ENTG,return,3,expanding,forest_full,2024-11-30,2024-11-29,2025-02-28,-0.0407643043443642,0.04709354085104202,0.07739718437342924,105,2024-11-30,0.0,1.0,False
ENTG,return,3,expanding,boost_full,2024-11-30,2024-11-29,2025-02-28,-0.0407643043443642,0.08648857595296376,0.07739718437342924,105,2024-11-30,0.0,1.0,False
ENTG,return,3,expanding,core_ols,2024-11-30,2024-11-29,2025-02-28,-0.0407643043443642,0.0528326514056011,0.07739718437342924,105,2024-11-30,0.0,1.0,False
ENTG,return,3,expanding,historical_mean,2024-12-31,2024-12-31,2025-03-31,-0.1159908988611484,0.0755454102348934,0.0755454102348934,106,2024-12-31,1.0,1.0,False
ENTG,return,3,expanding,ridge_full,2024-12-31,2024-12-31,2025-03-31,-0.1159908988611484,0.005566836028969083,0.0755454102348934,106,2024-12-31,1.0,1.0,False
ENTG,return,3,expanding,forest_full,2024-12-31,2024-12-31,2025-03-31,-0.1159908988611484,0.06084815410997625,0.0755454102348934,106,2024-12-31,1.0,1.0,False
ENTG,return,3,expanding,boost_full,2024-12-31,2024-12-31,2025-03-31,-0.1159908988611484,0.06771331506992544,0.0755454102348934,106,2024-12-31,1.0,1.0,False
ENTG,return,3,expanding,core_ols,2024-12-31,2024-12-31,2025-03-31,-0.1159908988611484,0.013827641590856109,0.0755454102348934,106,2024-12-31,1.0,1.0,False
ENTG,return,3,expanding,historical_mean,2025-01-31,2025-01-31,2025-04-30,-0.2198081267307052,0.07456576149229484,0.07456576149229484,107,2025-01-31,0.0,1.0,False
ENTG,return,3,expanding,ridge_full,2025-01-31,2025-01-31,2025-04-30,-0.2198081267307052,0.014284603974686914,0.07456576149229484,107,2025-01-31,0.0,1.0,False
ENTG,return,3,expanding,forest_full,2025-01-31,2025-01-31,2025-04-30,-0.2198081267307052,0.027027886737133563,0.07456576149229484,107,2025-01-31,0.0,1.0,False
ENTG,return,3,expanding,boost_full,2025-01-31,2025-01-31,2025-04-30,-0.2198081267307052,0.057255269193504335,0.07456576149229484,107,2025-01-31,0.0,1.0,False
ENTG,return,3,expanding,core_ols,2025-01-31,2025-01-31,2025-04-30,-0.2198081267307052,0.03081505488416618,0.07456576149229484,107,2025-01-31,0.0,1.0,False
ENTG,return,3,expanding,historical_mean,2025-02-28,2025-02-28,2025-05-31,-0.3200211398362564,0.07349789051232578,0.07349789051232578,108,2025-02-28,0.0,1.0,False
ENTG,return,3,expanding,ridge_full,2025-02-28,2025-02-28,2025-05-31,-0.3200211398362564,0.037253791577581,0.07349789051232578,108,2025-02-28,0.0,1.0,False
ENTG,return,3,expanding,forest_full,2025-02-28,2025-02-28,2025-05-31,-0.3200211398362564,0.06029903792867697,0.07349789051232578,108,2025-02-28,0.0,1.0,False
ENTG,return,3,expanding,boost_full,2025-02-28,2025-02-28,2025-05-31,-0.3200211398362564,0.055577320229681544,0.07349789051232578,108,2025-02-28,0.0,1.0,False
ENTG,return,3,expanding,core_ols,2025-02-28,2025-02-28,2025-05-31,-0.3200211398362564,0.01803961446483216,0.07349789051232578,108,2025-02-28,0.0,1.0,False
ENTG,return,3,expanding,historical_mean,2025-03-31,2025-03-31,2025-06-30,-0.0769017606941895,0.07175946125201868,0.07175946125201868,109,2025-03-31,1.0,0.0,False
ENTG,return,3,expanding,ridge_full,2025-03-31,2025-03-31,2025-06-30,-0.0769017606941895,0.04339290625208678,0.07175946125201868,109,2025-03-31,1.0,0.0,False
ENTG,return,3,expanding,forest_full,2025-03-31,2025-03-31,2025-06-30,-0.0769017606941895,0.039799085910629486,0.07175946125201868,109,2025-03-31,1.0,0.0,False
ENTG,return,3,expanding,boost_full,2025-03-31,2025-03-31,2025-06-30,-0.0769017606941895,0.0379472640779422,0.07175946125201868,109,2025-03-31,1.0,0.0,False
ENTG,return,3,expanding,core_ols,2025-03-31,2025-03-31,2025-06-30,-0.0769017606941895,0.03277596915922548,0.07175946125201868,109,2025-03-31,1.0,0.0,False
ENTG,return,3,expanding,historical_mean,2025-04-30,2025-04-30,2025-07-31,-0.0072727484072693,0.0691088468158121,0.0691088468158121,110,2025-04-30,1.0,0.0,False
ENTG,return,3,expanding,ridge_full,2025-04-30,2025-04-30,2025-07-31,-0.0072727484072693,0.05307760497826375,0.0691088468158121,110,2025-04-30,1.0,0.0,False
ENTG,return,3,expanding,forest_full,2025-04-30,2025-04-30,2025-07-31,-0.0072727484072693,0.03675384500504204,0.0691088468158121,110,2025-04-30,1.0,0.0,False
ENTG,return,3,expanding,boost_full,2025-04-30,2025-04-30,2025-07-31,-0.0072727484072693,0.01495833865782107,0.0691088468158121,110,2025-04-30,1.0,0.0,False
ENTG,return,3,expanding,core_ols,2025-04-30,2025-04-30,2025-07-31,-0.0072727484072693,0.027841395473041985,0.0691088468158121,110,2025-04-30,1.0,0.0,False
ENTG,return,3,expanding,historical_mean,2025-05-31,2025-05-30,2025-08-31,0.2195271543410166,0.06560317126038806,0.06560317126038806,111,2025-05-31,1.0,1.0,False
ENTG,return,3,expanding,ridge_full,2025-05-31,2025-05-30,2025-08-31,0.2195271543410166,-0.0293153772888331,0.06560317126038806,111,2025-05-31,1.0,1.0,False
ENTG,return,3,expanding,forest_full,2025-05-31,2025-05-30,2025-08-31,0.2195271543410166,-0.015197889294469191,0.06560317126038806,111,2025-05-31,1.0,1.0,False
ENTG,return,3,expanding,boost_full,2025-05-31,2025-05-30,2025-08-31,0.2195271543410166,-0.010308359099721928,0.06560317126038806,111,2025-05-31,1.0,1.0,False
ENTG,return,3,expanding,core_ols,2025-05-31,2025-05-30,2025-08-31,0.2195271543410166,0.04111515828164653,0.06560317126038806,111,2025-05-31,1.0,1.0,False
ENTG,return,3,expanding,historical_mean,2025-06-30,2025-06-30,2025-09-30,0.1476710814291191,0.06433080579650789,0.06433080579650789,112,2025-06-30,0.0,1.0,False
ENTG,return,3,expanding,ridge_full,2025-06-30,2025-06-30,2025-09-30,0.1476710814291191,-0.06896270933306252,0.06433080579650789,112,2025-06-30,0.0,1.0,False
ENTG,return,3,expanding,forest_full,2025-06-30,2025-06-30,2025-09-30,0.1476710814291191,-0.041629304787340615,0.06433080579650789,112,2025-06-30,0.0,1.0,False
ENTG,return,3,expanding,boost_full,2025-06-30,2025-06-30,2025-09-30,0.1476710814291191,-0.02245850259870806,0.06433080579650789,112,2025-06-30,0.0,1.0,False
ENTG,return,3,expanding,core_ols,2025-06-30,2025-06-30,2025-09-30,0.1476710814291191,0.010037686292032819,0.06433080579650789,112,2025-06-30,0.0,1.0,False
ENTG,return,3,expanding,historical_mean,2025-07-31,2025-07-31,2025-10-31,0.1683655676647746,0.06369714602479305,0.06369714602479305,113,2025-07-31,0.0,1.0,False
ENTG,return,3,expanding,ridge_full,2025-07-31,2025-07-31,2025-10-31,0.1683655676647746,-0.004362377612995738,0.06369714602479305,113,2025-07-31,0.0,1.0,False
ENTG,return,3,expanding,forest_full,2025-07-31,2025-07-31,2025-10-31,0.1683655676647746,-0.035744133763147376,0.06369714602479305,113,2025-07-31,0.0,1.0,False
ENTG,return,3,expanding,boost_full,2025-07-31,2025-07-31,2025-10-31,0.1683655676647746,0.001450317232235085,0.06369714602479305,113,2025-07-31,0.0,1.0,False
ENTG,return,3,expanding,core_ols,2025-07-31,2025-07-31,2025-10-31,0.1683655676647746,0.04379293870434052,0.06369714602479305,113,2025-07-31,0.0,1.0,False
ENTG,return,3,expanding,historical_mean,2025-08-31,2025-08-29,2025-11-30,-0.0778098604496722,0.06506407592230379,0.06506407592230379,114,2025-08-31,0.0,0.0,False
ENTG,return,3,expanding,ridge_full,2025-08-31,2025-08-29,2025-11-30,-0.0778098604496722,0.019490387623474402,0.06506407592230379,114,2025-08-31,0.0,0.0,False
ENTG,return,3,expanding,forest_full,2025-08-31,2025-08-29,2025-11-30,-0.0778098604496722,0.005830874754182758,0.06506407592230379,114,2025-08-31,0.0,0.0,False
ENTG,return,3,expanding,boost_full,2025-08-31,2025-08-29,2025-11-30,-0.0778098604496722,0.03499746497920529,0.06506407592230379,114,2025-08-31,0.0,0.0,False
ENTG,return,3,expanding,core_ols,2025-08-31,2025-08-29,2025-11-30,-0.0778098604496722,0.03036075245879309,0.06506407592230379,114,2025-08-31,0.0,0.0,False
ENTG,return,3,expanding,historical_mean,2025-09-30,2025-09-30,2025-12-31,-0.0878005004694437,0.06578239770931957,0.06578239770931957,115,2025-09-30,0.0,0.0,False
ENTG,return,3,expanding,ridge_full,2025-09-30,2025-09-30,2025-12-31,-0.0878005004694437,0.02768055234729816,0.06578239770931957,115,2025-09-30,0.0,0.0,False
ENTG,return,3,expanding,forest_full,2025-09-30,2025-09-30,2025-12-31,-0.0878005004694437,0.014698508657782279,0.06578239770931957,115,2025-09-30,0.0,0.0,False
ENTG,return,3,expanding,boost_full,2025-09-30,2025-09-30,2025-12-31,-0.0878005004694437,0.058230746544720983,0.06578239770931957,115,2025-09-30,0.0,0.0,False
ENTG,return,3,expanding,core_ols,2025-09-30,2025-09-30,2025-12-31,-0.0878005004694437,0.010886424947261199,0.06578239770931957,115,2025-09-30,0.0,0.0,False
ENTG,return,3,expanding,historical_mean,2025-10-31,2025-10-31,2026-01-31,0.2904678405454006,0.06666673538134936,0.06666673538134936,116,2025-10-31,0.0,0.0,False
ENTG,return,3,expanding,ridge_full,2025-10-31,2025-10-31,2026-01-31,0.2904678405454006,0.06651909688976321,0.06666673538134936,116,2025-10-31,0.0,0.0,False
ENTG,return,3,expanding,forest_full,2025-10-31,2025-10-31,2026-01-31,0.2904678405454006,0.08157432739320375,0.06666673538134936,116,2025-10-31,0.0,0.0,False
ENTG,return,3,expanding,boost_full,2025-10-31,2025-10-31,2026-01-31,0.2904678405454006,0.07634576824640874,0.06666673538134936,116,2025-10-31,0.0,0.0,False
ENTG,return,3,expanding,core_ols,2025-10-31,2025-10-31,2026-01-31,0.2904678405454006,0.00949731087266912,0.06666673538134936,116,2025-10-31,0.0,0.0,False
ENTG,return,3,expanding,historical_mean,2025-11-30,2025-11-28,2026-02-28,0.7184352251597388,0.06543189268193891,0.06543189268193891,117,2025-11-30,1.0,0.0,False
ENTG,return,3,expanding,ridge_full,2025-11-30,2025-11-28,2026-02-28,0.7184352251597388,0.10296465430499535,0.06543189268193891,117,2025-11-30,1.0,0.0,False
ENTG,return,3,expanding,forest_full,2025-11-30,2025-11-28,2026-02-28,0.7184352251597388,0.06887038232204813,0.06543189268193891,117,2025-11-30,1.0,0.0,False
ENTG,return,3,expanding,boost_full,2025-11-30,2025-11-28,2026-02-28,0.7184352251597388,0.054256459362321235,0.06543189268193891,117,2025-11-30,1.0,0.0,False
ENTG,return,3,expanding,core_ols,2025-11-30,2025-11-28,2026-02-28,0.7184352251597388,0.04316120059841352,0.06543189268193891,117,2025-11-30,1.0,0.0,False
ENTG,return,3,expanding,historical_mean,2025-12-31,2025-12-31,2026-03-31,0.3927294307754339,0.0641333130789611,0.0641333130789611,118,2025-12-31,0.0,0.0,False
ENTG,return,3,expanding,ridge_full,2025-12-31,2025-12-31,2026-03-31,0.3927294307754339,0.0466872731628581,0.0641333130789611,118,2025-12-31,0.0,0.0,False
ENTG,return,3,expanding,forest_full,2025-12-31,2025-12-31,2026-03-31,0.3927294307754339,0.04491661621288806,0.0641333130789611,118,2025-12-31,0.0,0.0,False
ENTG,return,3,expanding,boost_full,2025-12-31,2025-12-31,2026-03-31,0.3927294307754339,0.043832034177393966,0.0641333130789611,118,2025-12-31,0.0,0.0,False
ENTG,return,3,expanding,core_ols,2025-12-31,2025-12-31,2026-03-31,0.3927294307754339,0.03904706674047237,0.0641333130789611,118,2025-12-31,0.0,0.0,False
ENTG,return,3,expanding,historical_mean,2026-01-31,2026-01-30,2026-04-30,0.198253236222444,0.06603528389800681,0.06603528389800681,119,2026-01-31,0.0,1.0,False
ENTG,return,3,expanding,ridge_full,2026-01-31,2026-01-30,2026-04-30,0.198253236222444,-0.005818949014796973,0.06603528389800681,119,2026-01-31,0.0,1.0,False
ENTG,return,3,expanding,forest_full,2026-01-31,2026-01-30,2026-04-30,0.198253236222444,-0.0633926232313049,0.06603528389800681,119,2026-01-31,0.0,1.0,False
ENTG,return,3,expanding,boost_full,2026-01-31,2026-01-30,2026-04-30,0.198253236222444,-0.013334688775581943,0.06603528389800681,119,2026-01-31,0.0,1.0,False
ENTG,return,3,expanding,core_ols,2026-01-31,2026-01-30,2026-04-30,0.198253236222444,0.009732442668811507,0.06603528389800681,119,2026-01-31,0.0,1.0,False
ENTG,return,3,expanding,historical_mean,2026-02-28,2026-02-27,2026-05-31,0.0485916308753384,0.0714719500751879,0.0714719500751879,120,2026-02-28,0.0,1.0,False
ENTG,return,3,expanding,ridge_full,2026-02-28,2026-02-27,2026-05-31,0.0485916308753384,0.08244592238749075,0.0714719500751879,120,2026-02-28,0.0,1.0,False
ENTG,return,3,expanding,forest_full,2026-02-28,2026-02-27,2026-05-31,0.0485916308753384,-0.04476240532586852,0.0714719500751879,120,2026-02-28,0.0,1.0,False
ENTG,return,3,expanding,boost_full,2026-02-28,2026-02-27,2026-05-31,0.0485916308753384,-0.001150451299545524,0.0714719500751879,120,2026-02-28,0.0,1.0,False
ENTG,return,3,expanding,core_ols,2026-02-28,2026-02-27,2026-05-31,0.0485916308753384,0.019343674845303485,0.0714719500751879,120,2026-02-28,0.0,1.0,False
ENTG,return,3,expanding,historical_mean,2026-03-31,2026-03-31,2026-06-30,0.5351787855871897,0.07412697057684282,0.07412697057684282,121,2026-03-31,1.0,1.0,False
ENTG,return,3,expanding,ridge_full,2026-03-31,2026-03-31,2026-06-30,0.5351787855871897,0.11549414105682639,0.07412697057684282,121,2026-03-31,1.0,1.0,False
ENTG,return,3,expanding,forest_full,2026-03-31,2026-03-31,2026-06-30,0.5351787855871897,-0.029853628318906256,0.07412697057684282,121,2026-03-31,1.0,1.0,False
ENTG,return,3,expanding,boost_full,2026-03-31,2026-03-31,2026-06-30,0.5351787855871897,0.04308805872221455,0.07412697057684282,121,2026-03-31,1.0,1.0,False
ENTG,return,3,expanding,core_ols,2026-03-31,2026-03-31,2026-06-30,0.5351787855871897,0.038102659878743984,0.07412697057684282,121,2026-03-31,1.0,1.0,False
ENTG,return,3,expanding,historical_mean,2026-04-30,2026-04-30,2026-07-31,-0.1572298463171707,0.07514439898377398,0.07514439898377398,122,2026-04-30,0.0,1.0,False
ENTG,return,3,expanding,ridge_full,2026-04-30,2026-04-30,2026-07-31,-0.1572298463171707,0.10684743141793948,0.07514439898377398,122,2026-04-30,0.0,1.0,False
ENTG,return,3,expanding,forest_full,2026-04-30,2026-04-30,2026-07-31,-0.1572298463171707,0.0021793007465569086,0.07514439898377398,122,2026-04-30,0.0,1.0,False
ENTG,return,3,expanding,boost_full,2026-04-30,2026-04-30,2026-07-31,-0.1572298463171707,0.004369768327365284,0.07514439898377398,122,2026-04-30,0.0,1.0,False
ENTG,return,3,expanding,core_ols,2026-04-30,2026-04-30,2026-07-31,-0.1572298463171707,0.025596050824939563,0.07514439898377398,122,2026-04-30,0.0,1.0,False
ENTG,return,3,expanding,historical_mean,2026-05-31,2026-05-29,2026-08-31,-0.02439227015101,0.07492852282029076,0.07492852282029076,123,2026-05-31,0.0,1.0,False
ENTG,return,3,expanding,ridge_full,2026-05-31,2026-05-29,2026-08-31,-0.02439227015101,0.1505492057733581,0.07492852282029076,123,2026-05-31,0.0,1.0,False
ENTG,return,3,expanding,forest_full,2026-05-31,2026-05-29,2026-08-31,-0.02439227015101,-0.013124628817723541,0.07492852282029076,123,2026-05-31,0.0,1.0,False
ENTG,return,3,expanding,boost_full,2026-05-31,2026-05-29,2026-08-31,-0.02439227015101,0.019194845276085892,0.07492852282029076,123,2026-05-31,0.0,1.0,False
ENTG,return,3,expanding,core_ols,2026-05-31,2026-05-29,2026-08-31,-0.02439227015101,0.029370189730479675,0.07492852282029076,123,2026-05-31,0.0,1.0,False
CRS,return,3,expanding,historical_mean,2023-04-30,2023-04-28,2023-07-31,0.1393223243127594,0.051386818233181655,0.051386818233181655,86,2023-04-30,0.0,0.0,False
CRS,return,3,expanding,ridge_full,2023-04-30,2023-04-28,2023-07-31,0.1393223243127594,0.016574544704082275,0.051386818233181655,86,2023-04-30,0.0,0.0,False
CRS,return,3,expanding,forest_full,2023-04-30,2023-04-28,2023-07-31,0.1393223243127594,0.05284092938708768,0.051386818233181655,86,2023-04-30,0.0,0.0,False
CRS,return,3,expanding,boost_full,2023-04-30,2023-04-28,2023-07-31,0.1393223243127594,0.06533239904329077,0.051386818233181655,86,2023-04-30,0.0,0.0,False
CRS,return,3,expanding,core_ols,2023-04-30,2023-04-28,2023-07-31,0.1393223243127594,0.00870646464010063,0.051386818233181655,86,2023-04-30,0.0,0.0,False
CRS,return,3,expanding,historical_mean,2023-05-31,2023-05-31,2023-08-31,0.3779162059854521,0.05019056213973411,0.05019056213973411,87,2023-05-31,0.0,0.0,False
CRS,return,3,expanding,ridge_full,2023-05-31,2023-05-31,2023-08-31,0.3779162059854521,0.015904251020266116,0.05019056213973411,87,2023-05-31,0.0,0.0,False
CRS,return,3,expanding,forest_full,2023-05-31,2023-05-31,2023-08-31,0.3779162059854521,0.05138327342674011,0.05019056213973411,87,2023-05-31,0.0,0.0,False
CRS,return,3,expanding,boost_full,2023-05-31,2023-05-31,2023-08-31,0.3779162059854521,0.0690995056133065,0.05019056213973411,87,2023-05-31,0.0,0.0,False
CRS,return,3,expanding,core_ols,2023-05-31,2023-05-31,2023-08-31,0.3779162059854521,-0.001448436708534201,0.05019056213973411,87,2023-05-31,0.0,0.0,False
CRS,return,3,expanding,historical_mean,2023-06-30,2023-06-30,2023-09-30,0.2015430644885059,0.05256106578020512,0.05256106578020512,88,2023-06-30,0.0,1.0,False
CRS,return,3,expanding,ridge_full,2023-06-30,2023-06-30,2023-09-30,0.2015430644885059,-0.0437449185734508,0.05256106578020512,88,2023-06-30,0.0,1.0,False
CRS,return,3,expanding,forest_full,2023-06-30,2023-06-30,2023-09-30,0.2015430644885059,-0.016128455235185545,0.05256106578020512,88,2023-06-30,0.0,1.0,False
CRS,return,3,expanding,boost_full,2023-06-30,2023-06-30,2023-09-30,0.2015430644885059,0.010361898278111008,0.05256106578020512,88,2023-06-30,0.0,1.0,False
CRS,return,3,expanding,core_ols,2023-06-30,2023-06-30,2023-09-30,0.2015430644885059,-0.0008698040968530343,0.05256106578020512,88,2023-06-30,0.0,1.0,False
CRS,return,3,expanding,historical_mean,2023-07-31,2023-07-31,2023-10-31,0.0548622406399883,0.0535359113816945,0.0535359113816945,89,2023-07-31,0.0,1.0,False
CRS,return,3,expanding,ridge_full,2023-07-31,2023-07-31,2023-10-31,0.0548622406399883,-0.03357599033704374,0.0535359113816945,89,2023-07-31,0.0,1.0,False
CRS,return,3,expanding,forest_full,2023-07-31,2023-07-31,2023-10-31,0.0548622406399883,-0.02778746135519626,0.0535359113816945,89,2023-07-31,0.0,1.0,False
CRS,return,3,expanding,boost_full,2023-07-31,2023-07-31,2023-10-31,0.0548622406399883,-0.013519505996745965,0.0535359113816945,89,2023-07-31,0.0,1.0,False
CRS,return,3,expanding,core_ols,2023-07-31,2023-07-31,2023-10-31,0.0548622406399883,0.02230808963904738,0.0535359113816945,89,2023-07-31,0.0,1.0,False
CRS,return,3,expanding,historical_mean,2023-08-31,2023-08-31,2023-11-30,0.1343266106207612,0.0571401368772918,0.0571401368772918,90,2023-08-31,0.0,1.0,False
CRS,return,3,expanding,ridge_full,2023-08-31,2023-08-31,2023-11-30,0.1343266106207612,-0.011937467040873367,0.0571401368772918,90,2023-08-31,0.0,1.0,False
CRS,return,3,expanding,forest_full,2023-08-31,2023-08-31,2023-11-30,0.1343266106207612,0.061619606099656214,0.0571401368772918,90,2023-08-31,0.0,1.0,False
CRS,return,3,expanding,boost_full,2023-08-31,2023-08-31,2023-11-30,0.1343266106207612,0.07949312364782916,0.0571401368772918,90,2023-08-31,0.0,1.0,False
CRS,return,3,expanding,core_ols,2023-08-31,2023-08-31,2023-11-30,0.1343266106207612,0.104015211740061,0.0571401368772918,90,2023-08-31,0.0,1.0,False
CRS,return,3,expanding,historical_mean,2023-09-30,2023-09-29,2023-12-31,0.0568792823299131,0.05872698223565679,0.05872698223565679,91,2023-09-30,0.0,1.0,False
CRS,return,3,expanding,ridge_full,2023-09-30,2023-09-29,2023-12-31,0.0568792823299131,-0.018212819362681938,0.05872698223565679,91,2023-09-30,0.0,1.0,False
CRS,return,3,expanding,forest_full,2023-09-30,2023-09-29,2023-12-31,0.0568792823299131,0.10097069132991261,0.05872698223565679,91,2023-09-30,0.0,1.0,False
CRS,return,3,expanding,boost_full,2023-09-30,2023-09-29,2023-12-31,0.0568792823299131,0.02378627482128539,0.05872698223565679,91,2023-09-30,0.0,1.0,False
CRS,return,3,expanding,core_ols,2023-09-30,2023-09-29,2023-12-31,0.0568792823299131,0.11442205319068482,0.05872698223565679,91,2023-09-30,0.0,1.0,False
CRS,return,3,expanding,historical_mean,2023-10-31,2023-10-31,2024-01-31,-0.0149094759356386,0.05868497417483431,0.05868497417483431,92,2023-10-31,0.0,1.0,False
CRS,return,3,expanding,ridge_full,2023-10-31,2023-10-31,2024-01-31,-0.0149094759356386,-0.0232147005114978,0.05868497417483431,92,2023-10-31,0.0,1.0,False
CRS,return,3,expanding,forest_full,2023-10-31,2023-10-31,2024-01-31,-0.0149094759356386,0.07694424226343816,0.05868497417483431,92,2023-10-31,0.0,1.0,False
CRS,return,3,expanding,boost_full,2023-10-31,2023-10-31,2024-01-31,-0.0149094759356386,0.03197159703504772,0.05868497417483431,92,2023-10-31,0.0,1.0,False
CRS,return,3,expanding,core_ols,2023-10-31,2023-10-31,2024-01-31,-0.0149094759356386,0.10121872865930576,0.05868497417483431,92,2023-10-31,0.0,1.0,False
CRS,return,3,expanding,historical_mean,2023-11-30,2023-11-30,2024-02-29,-0.0841044916570279,0.05949832510436039,0.05949832510436039,93,2023-11-30,0.0,1.0,False
CRS,return,3,expanding,ridge_full,2023-11-30,2023-11-30,2024-02-29,-0.0841044916570279,0.05810012858229086,0.05949832510436039,93,2023-11-30,0.0,1.0,False
CRS,return,3,expanding,forest_full,2023-11-30,2023-11-30,2024-02-29,-0.0841044916570279,0.030671991799573646,0.05949832510436039,93,2023-11-30,0.0,1.0,False
CRS,return,3,expanding,boost_full,2023-11-30,2023-11-30,2024-02-29,-0.0841044916570279,-0.03125902049294076,0.05949832510436039,93,2023-11-30,0.0,1.0,False
CRS,return,3,expanding,core_ols,2023-11-30,2023-11-30,2024-02-29,-0.0841044916570279,0.043817956886865184,0.05949832510436039,93,2023-11-30,0.0,1.0,False
CRS,return,3,expanding,historical_mean,2023-12-31,2023-12-29,2024-03-31,0.0119487724036064,0.05947046294718542,0.05947046294718542,94,2023-12-31,0.0,0.0,False
CRS,return,3,expanding,ridge_full,2023-12-31,2023-12-29,2024-03-31,0.0119487724036064,0.0683065712281887,0.05947046294718542,94,2023-12-31,0.0,0.0,False
CRS,return,3,expanding,forest_full,2023-12-31,2023-12-29,2024-03-31,0.0119487724036064,0.02993670905321258,0.05947046294718542,94,2023-12-31,0.0,0.0,False
CRS,return,3,expanding,boost_full,2023-12-31,2023-12-29,2024-03-31,0.0119487724036064,-0.028837047207076798,0.05947046294718542,94,2023-12-31,0.0,0.0,False
CRS,return,3,expanding,core_ols,2023-12-31,2023-12-29,2024-03-31,0.0119487724036064,0.07005640069564135,0.05947046294718542,94,2023-12-31,0.0,0.0,False
CRS,return,3,expanding,historical_mean,2024-01-31,2024-01-31,2024-04-30,0.3950348411882005,0.05868751622210306,0.05868751622210306,95,2024-01-31,0.0,0.0,False
CRS,return,3,expanding,ridge_full,2024-01-31,2024-01-31,2024-04-30,0.3950348411882005,0.05366525233193995,0.05868751622210306,95,2024-01-31,0.0,0.0,False
CRS,return,3,expanding,forest_full,2024-01-31,2024-01-31,2024-04-30,0.3950348411882005,0.0934850951194967,0.05868751622210306,95,2024-01-31,0.0,0.0,False
CRS,return,3,expanding,boost_full,2024-01-31,2024-01-31,2024-04-30,0.3950348411882005,0.09025949521250105,0.05868751622210306,95,2024-01-31,0.0,0.0,False
CRS,return,3,expanding,core_ols,2024-01-31,2024-01-31,2024-04-30,0.3950348411882005,0.07837604632000197,0.05868751622210306,95,2024-01-31,0.0,0.0,False
CRS,return,3,expanding,historical_mean,2024-02-29,2024-02-29,2024-05-31,0.7193329714560377,0.05720009947336213,0.05720009947336213,96,2024-02-29,0.0,1.0,False
CRS,return,3,expanding,ridge_full,2024-02-29,2024-02-29,2024-05-31,0.7193329714560377,0.03330163897708886,0.05720009947336213,96,2024-02-29,0.0,1.0,False
CRS,return,3,expanding,forest_full,2024-02-29,2024-02-29,2024-05-31,0.7193329714560377,0.05821735605895003,0.05720009947336213,96,2024-02-29,0.0,1.0,False
CRS,return,3,expanding,boost_full,2024-02-29,2024-02-29,2024-05-31,0.7193329714560377,0.0895501685149732,0.05720009947336213,96,2024-02-29,0.0,1.0,False
CRS,return,3,expanding,core_ols,2024-02-29,2024-02-29,2024-05-31,0.7193329714560377,0.06326165863990364,0.05720009947336213,96,2024-02-29,0.0,1.0,False
CRS,return,3,expanding,historical_mean,2024-03-31,2024-03-28,2024-06-30,0.5382462659376754,0.056733590946869805,0.056733590946869805,97,2024-03-31,0.0,1.0,False
CRS,return,3,expanding,ridge_full,2024-03-31,2024-03-28,2024-06-30,0.5382462659376754,-0.022581197391941685,0.056733590946869805,97,2024-03-31,0.0,1.0,False
CRS,return,3,expanding,forest_full,2024-03-31,2024-03-28,2024-06-30,0.5382462659376754,0.04694604416788603,0.056733590946869805,97,2024-03-31,0.0,1.0,False
CRS,return,3,expanding,boost_full,2024-03-31,2024-03-28,2024-06-30,0.5382462659376754,0.030601974678542643,0.056733590946869805,97,2024-03-31,0.0,1.0,False
CRS,return,3,expanding,core_ols,2024-03-31,2024-03-28,2024-06-30,0.5382462659376754,0.08433725068325985,0.056733590946869805,97,2024-03-31,0.0,1.0,False
CRS,return,3,expanding,historical_mean,2024-04-30,2024-04-30,2024-07-31,0.7021000778737227,0.06018564452076094,0.06018564452076094,98,2024-04-30,0.0,1.0,False
CRS,return,3,expanding,ridge_full,2024-04-30,2024-04-30,2024-07-31,0.7021000778737227,0.02126375460470318,0.06018564452076094,98,2024-04-30,0.0,1.0,False
CRS,return,3,expanding,forest_full,2024-04-30,2024-04-30,2024-07-31,0.7021000778737227,0.10401587295832439,0.06018564452076094,98,2024-04-30,0.0,1.0,False
CRS,return,3,expanding,boost_full,2024-04-30,2024-04-30,2024-07-31,0.7021000778737227,0.040139123552358255,0.06018564452076094,98,2024-04-30,0.0,1.0,False
CRS,return,3,expanding,core_ols,2024-04-30,2024-04-30,2024-07-31,0.7021000778737227,0.1371228454642128,0.06018564452076094,98,2024-04-30,0.0,1.0,False
CRS,return,3,expanding,historical_mean,2024-05-31,2024-05-31,2024-08-31,0.307587449719316,0.06684369832818797,0.06684369832818797,99,2024-05-31,0.0,1.0,False
CRS,return,3,expanding,ridge_full,2024-05-31,2024-05-31,2024-08-31,0.307587449719316,0.02986951322339572,0.06684369832818797,99,2024-05-31,0.0,1.0,False
CRS,return,3,expanding,forest_full,2024-05-31,2024-05-31,2024-08-31,0.307587449719316,0.07156981659708797,0.06684369832818797,99,2024-05-31,0.0,1.0,False
CRS,return,3,expanding,boost_full,2024-05-31,2024-05-31,2024-08-31,0.307587449719316,0.05856445305361398,0.06684369832818797,99,2024-05-31,0.0,1.0,False
CRS,return,3,expanding,core_ols,2024-05-31,2024-05-31,2024-08-31,0.307587449719316,0.15111367463788083,0.06684369832818797,99,2024-05-31,0.0,1.0,False
CRS,return,3,expanding,historical_mean,2024-06-30,2024-06-28,2024-09-30,0.4583218031460694,0.07155772400428285,0.07155772400428285,100,2024-06-30,0.0,1.0,False
CRS,return,3,expanding,ridge_full,2024-06-30,2024-06-28,2024-09-30,0.4583218031460694,0.09060445811630996,0.07155772400428285,100,2024-06-30,0.0,1.0,False
CRS,return,3,expanding,forest_full,2024-06-30,2024-06-28,2024-09-30,0.4583218031460694,0.11892122090676807,0.07155772400428285,100,2024-06-30,0.0,1.0,False
CRS,return,3,expanding,boost_full,2024-06-30,2024-06-28,2024-09-30,0.4583218031460694,0.11436372007538727,0.07155772400428285,100,2024-06-30,0.0,1.0,False
CRS,return,3,expanding,core_ols,2024-06-30,2024-06-28,2024-09-30,0.4583218031460694,0.18992442485189664,0.07155772400428285,100,2024-06-30,0.0,1.0,False
CRS,return,3,expanding,historical_mean,2024-07-31,2024-07-31,2024-10-31,0.0276127864361983,0.07780071760695058,0.07780071760695058,101,2024-07-31,1.0,0.0,False
CRS,return,3,expanding,ridge_full,2024-07-31,2024-07-31,2024-10-31,0.0276127864361983,0.13005202704866398,0.07780071760695058,101,2024-07-31,1.0,0.0,False
CRS,return,3,expanding,forest_full,2024-07-31,2024-07-31,2024-10-31,0.0276127864361983,0.2193350681442321,0.07780071760695058,101,2024-07-31,1.0,0.0,False
CRS,return,3,expanding,boost_full,2024-07-31,2024-07-31,2024-10-31,0.0276127864361983,0.14598700816370996,0.07780071760695058,101,2024-07-31,1.0,0.0,False
CRS,return,3,expanding,core_ols,2024-07-31,2024-07-31,2024-10-31,0.0276127864361983,0.26414724604577594,0.07780071760695058,101,2024-07-31,1.0,0.0,False
CRS,return,3,expanding,historical_mean,2024-08-31,2024-08-30,2024-11-30,0.3420253201354677,0.0800535287060914,0.0800535287060914,102,2024-08-31,1.0,0.0,False
CRS,return,3,expanding,ridge_full,2024-08-31,2024-08-30,2024-11-30,0.3420253201354677,0.015662132666626596,0.0800535287060914,102,2024-08-31,1.0,0.0,False
CRS,return,3,expanding,forest_full,2024-08-31,2024-08-30,2024-11-30,0.3420253201354677,0.17820482532042853,0.0800535287060914,102,2024-08-31,1.0,0.0,False
CRS,return,3,expanding,boost_full,2024-08-31,2024-08-30,2024-11-30,0.3420253201354677,0.117227667492712,0.0800535287060914,102,2024-08-31,1.0,0.0,False
CRS,return,3,expanding,core_ols,2024-08-31,2024-08-30,2024-11-30,0.3420253201354677,0.2387105845130431,0.0800535287060914,102,2024-08-31,1.0,0.0,False
CRS,return,3,expanding,historical_mean,2024-09-30,2024-09-30,2024-12-31,0.064821959540849,0.08372603622492616,0.08372603622492616,103,2024-09-30,0.0,0.0,False
CRS,return,3,expanding,ridge_full,2024-09-30,2024-09-30,2024-12-31,0.064821959540849,0.08777311607455714,0.08372603622492616,103,2024-09-30,0.0,0.0,False
CRS,return,3,expanding,forest_full,2024-09-30,2024-09-30,2024-12-31,0.064821959540849,0.19784704133682735,0.08372603622492616,103,2024-09-30,0.0,0.0,False
CRS,return,3,expanding,boost_full,2024-09-30,2024-09-30,2024-12-31,0.064821959540849,0.15650778405500576,0.08372603622492616,103,2024-09-30,0.0,0.0,False
CRS,return,3,expanding,core_ols,2024-09-30,2024-09-30,2024-12-31,0.064821959540849,0.25171661747872903,0.08372603622492616,103,2024-09-30,0.0,0.0,False
CRS,return,3,expanding,historical_mean,2024-10-31,2024-10-31,2025-01-31,0.2926682787270622,0.08318648574618837,0.08318648574618837,104,2024-10-31,0.0,1.0,False
CRS,return,3,expanding,ridge_full,2024-10-31,2024-10-31,2025-01-31,0.2926682787270622,0.14973958659037864,0.08318648574618837,104,2024-10-31,0.0,1.0,False
CRS,return,3,expanding,forest_full,2024-10-31,2024-10-31,2025-01-31,0.2926682787270622,0.26553343356037984,0.08318648574618837,104,2024-10-31,0.0,1.0,False
CRS,return,3,expanding,boost_full,2024-10-31,2024-10-31,2025-01-31,0.2926682787270622,0.11065043604393336,0.08318648574618837,104,2024-10-31,0.0,1.0,False
CRS,return,3,expanding,core_ols,2024-10-31,2024-10-31,2025-01-31,0.2926682787270622,0.2323864676412848,0.08318648574618837,104,2024-10-31,0.0,1.0,False
CRS,return,3,expanding,historical_mean,2024-11-30,2024-11-29,2025-02-28,0.0682229166880781,0.08565161750227675,0.08565161750227675,105,2024-11-30,0.0,1.0,False
CRS,return,3,expanding,ridge_full,2024-11-30,2024-11-29,2025-02-28,0.0682229166880781,0.23217536322789695,0.08565161750227675,105,2024-11-30,0.0,1.0,False
CRS,return,3,expanding,forest_full,2024-11-30,2024-11-29,2025-02-28,0.0682229166880781,0.23238414583657935,0.08565161750227675,105,2024-11-30,0.0,1.0,False
CRS,return,3,expanding,boost_full,2024-11-30,2024-11-29,2025-02-28,0.0682229166880781,0.16947695474224056,0.08565161750227675,105,2024-11-30,0.0,1.0,False
CRS,return,3,expanding,core_ols,2024-11-30,2024-11-29,2025-02-28,0.0682229166880781,0.2182947836834785,0.08565161750227675,105,2024-11-30,0.0,1.0,False
CRS,return,3,expanding,historical_mean,2024-12-31,2024-12-31,2025-03-31,0.0686580852195244,0.08545511129509346,0.08545511129509346,106,2024-12-31,1.0,1.0,False
CRS,return,3,expanding,ridge_full,2024-12-31,2024-12-31,2025-03-31,0.0686580852195244,0.25352107643776367,0.08545511129509346,106,2024-12-31,1.0,1.0,False
CRS,return,3,expanding,forest_full,2024-12-31,2024-12-31,2025-03-31,0.0686580852195244,0.2928088487314996,0.08545511129509346,106,2024-12-31,1.0,1.0,False
CRS,return,3,expanding,boost_full,2024-12-31,2024-12-31,2025-03-31,0.0686580852195244,0.1621893454716124,0.08545511129509346,106,2024-12-31,1.0,1.0,False
CRS,return,3,expanding,core_ols,2024-12-31,2024-12-31,2025-03-31,0.0686580852195244,0.2570285559975426,0.08545511129509346,106,2024-12-31,1.0,1.0,False
CRS,return,3,expanding,historical_mean,2025-01-31,2025-01-31,2025-04-30,0.0144189160709686,0.08739168295333616,0.08739168295333616,107,2025-01-31,0.0,1.0,False
CRS,return,3,expanding,ridge_full,2025-01-31,2025-01-31,2025-04-30,0.0144189160709686,0.26481371110650403,0.08739168295333616,107,2025-01-31,0.0,1.0,False
CRS,return,3,expanding,forest_full,2025-01-31,2025-01-31,2025-04-30,0.0144189160709686,0.2672890226361723,0.08739168295333616,107,2025-01-31,0.0,1.0,False
CRS,return,3,expanding,boost_full,2025-01-31,2025-01-31,2025-04-30,0.0144189160709686,0.17033807424616287,0.08739168295333616,107,2025-01-31,0.0,1.0,False
CRS,return,3,expanding,core_ols,2025-01-31,2025-01-31,2025-04-30,0.0144189160709686,0.2462622438271018,0.08739168295333616,107,2025-01-31,0.0,1.0,False
CRS,return,3,expanding,historical_mean,2025-02-28,2025-02-28,2025-05-31,0.1362376422568791,0.087214194376806,0.087214194376806,108,2025-02-28,0.0,1.0,False
CRS,return,3,expanding,ridge_full,2025-02-28,2025-02-28,2025-05-31,0.1362376422568791,0.24716510483281864,0.087214194376806,108,2025-02-28,0.0,1.0,False
CRS,return,3,expanding,forest_full,2025-02-28,2025-02-28,2025-05-31,0.1362376422568791,0.2602670809350147,0.087214194376806,108,2025-02-28,0.0,1.0,False
CRS,return,3,expanding,boost_full,2025-02-28,2025-02-28,2025-05-31,0.1362376422568791,0.1621153394675786,0.087214194376806,108,2025-02-28,0.0,1.0,False
CRS,return,3,expanding,core_ols,2025-02-28,2025-02-28,2025-05-31,0.1362376422568791,0.26711777289455874,0.087214194376806,108,2025-02-28,0.0,1.0,False
CRS,return,3,expanding,historical_mean,2025-03-31,2025-03-31,2025-06-30,0.5272669756473627,0.08704395484325296,0.08704395484325296,109,2025-03-31,1.0,0.0,False
CRS,return,3,expanding,ridge_full,2025-03-31,2025-03-31,2025-06-30,0.5272669756473627,0.2043683945666942,0.08704395484325296,109,2025-03-31,1.0,0.0,False
CRS,return,3,expanding,forest_full,2025-03-31,2025-03-31,2025-06-30,0.5272669756473627,0.21016668900908633,0.08704395484325296,109,2025-03-31,1.0,0.0,False
CRS,return,3,expanding,boost_full,2025-03-31,2025-03-31,2025-06-30,0.5272669756473627,0.1575222298895903,0.08704395484325296,109,2025-03-31,1.0,0.0,False
CRS,return,3,expanding,core_ols,2025-03-31,2025-03-31,2025-06-30,0.5272669756473627,0.2775569840438223,0.08704395484325296,109,2025-03-31,1.0,0.0,False
CRS,return,3,expanding,historical_mean,2025-04-30,2025-04-30,2025-07-31,0.2749347515503988,0.08638372721805038,0.08638372721805038,110,2025-04-30,1.0,0.0,False
CRS,return,3,expanding,ridge_full,2025-04-30,2025-04-30,2025-07-31,0.2749347515503988,0.16443562097323922,0.08638372721805038,110,2025-04-30,1.0,0.0,False
CRS,return,3,expanding,forest_full,2025-04-30,2025-04-30,2025-07-31,0.2749347515503988,0.17860689027282173,0.08638372721805038,110,2025-04-30,1.0,0.0,False
CRS,return,3,expanding,boost_full,2025-04-30,2025-04-30,2025-07-31,0.2749347515503988,0.08710597857922567,0.08638372721805038,110,2025-04-30,1.0,0.0,False
CRS,return,3,expanding,core_ols,2025-04-30,2025-04-30,2025-07-31,0.2749347515503988,0.23861830338355897,0.08638372721805038,110,2025-04-30,1.0,0.0,False
CRS,return,3,expanding,historical_mean,2025-05-31,2025-05-30,2025-08-31,0.0258705717166298,0.08683286158776955,0.08683286158776955,111,2025-05-31,1.0,1.0,False
CRS,return,3,expanding,ridge_full,2025-05-31,2025-05-30,2025-08-31,0.0258705717166298,0.18771284117541476,0.08683286158776955,111,2025-05-31,1.0,1.0,False
CRS,return,3,expanding,forest_full,2025-05-31,2025-05-30,2025-08-31,0.0258705717166298,0.16100148929215663,0.08683286158776955,111,2025-05-31,1.0,1.0,False
CRS,return,3,expanding,boost_full,2025-05-31,2025-05-30,2025-08-31,0.0258705717166298,0.10401939012516842,0.08683286158776955,111,2025-05-31,1.0,1.0,False
CRS,return,3,expanding,core_ols,2025-05-31,2025-05-30,2025-08-31,0.0258705717166298,0.2176075220778878,0.08683286158776955,111,2025-05-31,1.0,1.0,False
CRS,return,3,expanding,historical_mean,2025-06-30,2025-06-30,2025-09-30,-0.1108496292302244,0.09076530903473021,0.09076530903473021,112,2025-06-30,0.0,1.0,False
CRS,return,3,expanding,ridge_full,2025-06-30,2025-06-30,2025-09-30,-0.1108496292302244,0.18802471499325452,0.09076530903473021,112,2025-06-30,0.0,1.0,False
CRS,return,3,expanding,forest_full,2025-06-30,2025-06-30,2025-09-30,-0.1108496292302244,0.19150150477153755,0.09076530903473021,112,2025-06-30,0.0,1.0,False
CRS,return,3,expanding,boost_full,2025-06-30,2025-06-30,2025-09-30,-0.1108496292302244,0.08607354103126742,0.09076530903473021,112,2025-06-30,0.0,1.0,False
CRS,return,3,expanding,core_ols,2025-06-30,2025-06-30,2025-09-30,-0.1108496292302244,0.2486831144770423,0.09076530903473021,112,2025-06-30,0.0,1.0,False
CRS,return,3,expanding,historical_mean,2025-07-31,2025-07-31,2025-10-31,0.2687896170506736,0.0923951271100901,0.0923951271100901,113,2025-07-31,0.0,1.0,False
CRS,return,3,expanding,ridge_full,2025-07-31,2025-07-31,2025-10-31,0.2687896170506736,0.2366540638531586,0.0923951271100901,113,2025-07-31,0.0,1.0,False
CRS,return,3,expanding,forest_full,2025-07-31,2025-07-31,2025-10-31,0.2687896170506736,0.050514005042568325,0.0923951271100901,113,2025-07-31,0.0,1.0,False
CRS,return,3,expanding,boost_full,2025-07-31,2025-07-31,2025-10-31,0.2687896170506736,0.04344288223648752,0.0923951271100901,113,2025-07-31,0.0,1.0,False
CRS,return,3,expanding,core_ols,2025-07-31,2025-07-31,2025-10-31,0.2687896170506736,0.2736253801284628,0.0923951271100901,113,2025-07-31,0.0,1.0,False
CRS,return,3,expanding,historical_mean,2025-08-31,2025-08-29,2025-11-30,0.3234960621222478,0.09181157837856851,0.09181157837856851,114,2025-08-31,0.0,0.0,False
CRS,return,3,expanding,ridge_full,2025-08-31,2025-08-29,2025-11-30,0.3234960621222478,0.11588481329136621,0.09181157837856851,114,2025-08-31,0.0,0.0,False
CRS,return,3,expanding,forest_full,2025-08-31,2025-08-29,2025-11-30,0.3234960621222478,0.022797703057283722,0.09181157837856851,114,2025-08-31,0.0,0.0,False
CRS,return,3,expanding,boost_full,2025-08-31,2025-08-29,2025-11-30,0.3234960621222478,-0.03165200403557783,0.09181157837856851,114,2025-08-31,0.0,0.0,False
CRS,return,3,expanding,core_ols,2025-08-31,2025-08-29,2025-11-30,0.3234960621222478,0.28030544517205497,0.09181157837856851,114,2025-08-31,0.0,0.0,False
CRS,return,3,expanding,historical_mean,2025-09-30,2025-09-30,2025-12-31,0.2832967910859545,0.09004930700805726,0.09004930700805726,115,2025-09-30,0.0,0.0,False
CRS,return,3,expanding,ridge_full,2025-09-30,2025-09-30,2025-12-31,0.2832967910859545,0.13109872064012648,0.09004930700805726,115,2025-09-30,0.0,0.0,False
CRS,return,3,expanding,forest_full,2025-09-30,2025-09-30,2025-12-31,0.2832967910859545,0.16103840781444417,0.09004930700805726,115,2025-09-30,0.0,0.0,False
CRS,return,3,expanding,boost_full,2025-09-30,2025-09-30,2025-12-31,0.2832967910859545,0.09942932952647127,0.09004930700805726,115,2025-09-30,0.0,0.0,False
CRS,return,3,expanding,core_ols,2025-09-30,2025-09-30,2025-12-31,0.2832967910859545,0.23158496385575844,0.09004930700805726,115,2025-09-30,0.0,0.0,False
CRS,return,3,expanding,historical_mean,2025-10-31,2025-10-31,2026-01-31,0.0066873026676366,0.09159017174980395,0.09159017174980395,116,2025-10-31,0.0,0.0,False
CRS,return,3,expanding,ridge_full,2025-10-31,2025-10-31,2026-01-31,0.0066873026676366,0.19910104759159764,0.09159017174980395,116,2025-10-31,0.0,0.0,False
CRS,return,3,expanding,forest_full,2025-10-31,2025-10-31,2026-01-31,0.0066873026676366,0.16600771519400853,0.09159017174980395,116,2025-10-31,0.0,0.0,False
CRS,return,3,expanding,boost_full,2025-10-31,2025-10-31,2026-01-31,0.0066873026676366,0.09099341254222894,0.09159017174980395,116,2025-10-31,0.0,0.0,False
CRS,return,3,expanding,core_ols,2025-10-31,2025-10-31,2026-01-31,0.0066873026676366,0.2467482497480875,0.09159017174980395,116,2025-10-31,0.0,0.0,False
CRS,return,3,expanding,historical_mean,2025-11-30,2025-11-28,2026-02-28,0.250388119685452,0.09357227337691885,0.09357227337691885,117,2025-11-30,1.0,0.0,False
CRS,return,3,expanding,ridge_full,2025-11-30,2025-11-28,2026-02-28,0.250388119685452,0.2174129158837554,0.09357227337691885,117,2025-11-30,1.0,0.0,False
CRS,return,3,expanding,forest_full,2025-11-30,2025-11-28,2026-02-28,0.250388119685452,0.15536283512286758,0.09357227337691885,117,2025-11-30,1.0,0.0,False
CRS,return,3,expanding,boost_full,2025-11-30,2025-11-28,2026-02-28,0.250388119685452,0.16030990621801203,0.09357227337691885,117,2025-11-30,1.0,0.0,False
CRS,return,3,expanding,core_ols,2025-11-30,2025-11-28,2026-02-28,0.250388119685452,0.27707282333884664,0.09357227337691885,117,2025-11-30,1.0,0.0,False
CRS,return,3,expanding,historical_mean,2025-12-31,2025-12-31,2026-03-31,0.2526246837633925,0.09518010827275813,0.09518010827275813,118,2025-12-31,0.0,0.0,False
CRS,return,3,expanding,ridge_full,2025-12-31,2025-12-31,2026-03-31,0.2526246837633925,0.2668541424895275,0.09518010827275813,118,2025-12-31,0.0,0.0,False
CRS,return,3,expanding,forest_full,2025-12-31,2025-12-31,2026-03-31,0.2526246837633925,0.1690884139350714,0.09518010827275813,118,2025-12-31,0.0,0.0,False
CRS,return,3,expanding,boost_full,2025-12-31,2025-12-31,2026-03-31,0.2526246837633925,0.16596456023813416,0.09518010827275813,118,2025-12-31,0.0,0.0,False
CRS,return,3,expanding,core_ols,2025-12-31,2025-12-31,2026-03-31,0.2526246837633925,0.3154847186559757,0.09518010827275813,118,2025-12-31,0.0,0.0,False
CRS,return,3,expanding,historical_mean,2026-01-31,2026-01-30,2026-04-30,0.347890480611704,0.09443647125086636,0.09443647125086636,119,2026-01-31,0.0,1.0,False
CRS,return,3,expanding,ridge_full,2026-01-31,2026-01-30,2026-04-30,0.347890480611704,0.30641377318223284,0.09443647125086636,119,2026-01-31,0.0,1.0,False
CRS,return,3,expanding,forest_full,2026-01-31,2026-01-30,2026-04-30,0.347890480611704,0.16480995542332927,0.09443647125086636,119,2026-01-31,0.0,1.0,False
CRS,return,3,expanding,boost_full,2026-01-31,2026-01-30,2026-04-30,0.347890480611704,0.15937447207437624,0.09443647125086636,119,2026-01-31,0.0,1.0,False
CRS,return,3,expanding,core_ols,2026-01-31,2026-01-30,2026-04-30,0.347890480611704,0.271065796490514,0.09443647125086636,119,2026-01-31,0.0,1.0,False
CRS,return,3,expanding,historical_mean,2026-02-28,2026-02-27,2026-05-31,0.178684684728926,0.09573606832115458,0.09573606832115458,120,2026-02-28,0.0,1.0,False
CRS,return,3,expanding,ridge_full,2026-02-28,2026-02-27,2026-05-31,0.178684684728926,0.32486327525352454,0.09573606832115458,120,2026-02-28,0.0,1.0,False
CRS,return,3,expanding,forest_full,2026-02-28,2026-02-27,2026-05-31,0.178684684728926,0.16177807667559668,0.09573606832115458,120,2026-02-28,0.0,1.0,False
CRS,return,3,expanding,boost_full,2026-02-28,2026-02-27,2026-05-31,0.178684684728926,0.16175198485528566,0.09573606832115458,120,2026-02-28,0.0,1.0,False
CRS,return,3,expanding,core_ols,2026-02-28,2026-02-27,2026-05-31,0.178684684728926,0.3361202618270247,0.09573606832115458,120,2026-02-28,0.0,1.0,False
CRS,return,3,expanding,historical_mean,2026-03-31,2026-03-31,2026-06-30,0.5657188982139418,0.09703266844877638,0.09703266844877638,121,2026-03-31,1.0,1.0,False
CRS,return,3,expanding,ridge_full,2026-03-31,2026-03-31,2026-06-30,0.5657188982139418,0.1717084130547587,0.09703266844877638,121,2026-03-31,1.0,1.0,False
CRS,return,3,expanding,forest_full,2026-03-31,2026-03-31,2026-06-30,0.5657188982139418,0.1907139895812766,0.09703266844877638,121,2026-03-31,1.0,1.0,False
CRS,return,3,expanding,boost_full,2026-03-31,2026-03-31,2026-06-30,0.5657188982139418,0.16166194644565732,0.09703266844877638,121,2026-03-31,1.0,1.0,False
CRS,return,3,expanding,core_ols,2026-03-31,2026-03-31,2026-06-30,0.5657188982139418,0.33913357025053503,0.09703266844877638,121,2026-03-31,1.0,1.0,False
CRS,return,3,expanding,historical_mean,2026-04-30,2026-04-30,2026-07-31,0.2135917069175184,0.09908888002388234,0.09908888002388234,122,2026-04-30,0.0,1.0,False
CRS,return,3,expanding,ridge_full,2026-04-30,2026-04-30,2026-07-31,0.2135917069175184,0.05990917860300806,0.09908888002388234,122,2026-04-30,0.0,1.0,False
CRS,return,3,expanding,forest_full,2026-04-30,2026-04-30,2026-07-31,0.2135917069175184,0.07482581132676773,0.09908888002388234,122,2026-04-30,0.0,1.0,False
CRS,return,3,expanding,boost_full,2026-04-30,2026-04-30,2026-07-31,0.2135917069175184,0.05955968794232205,0.09908888002388234,122,2026-04-30,0.0,1.0,False
CRS,return,3,expanding,core_ols,2026-04-30,2026-04-30,2026-07-31,0.2135917069175184,0.24081704443855234,0.09908888002388234,122,2026-04-30,0.0,1.0,False
CRS,return,3,expanding,historical_mean,2026-05-31,2026-05-29,2026-08-31,0.0162902449337107,0.09973600038733799,0.09973600038733799,123,2026-05-31,0.0,1.0,False
CRS,return,3,expanding,ridge_full,2026-05-31,2026-05-29,2026-08-31,0.0162902449337107,0.12961228572066058,0.09973600038733799,123,2026-05-31,0.0,1.0,False
CRS,return,3,expanding,forest_full,2026-05-31,2026-05-29,2026-08-31,0.0162902449337107,0.06354560003029283,0.09973600038733799,123,2026-05-31,0.0,1.0,False
CRS,return,3,expanding,boost_full,2026-05-31,2026-05-29,2026-08-31,0.0162902449337107,0.05975606867802947,0.09973600038733799,123,2026-05-31,0.0,1.0,False
CRS,return,3,expanding,core_ols,2026-05-31,2026-05-29,2026-08-31,0.0162902449337107,0.2495319379420183,0.09973600038733799,123,2026-05-31,0.0,1.0,False
ATI,return,3,expanding,historical_mean,2023-04-30,2023-04-28,2023-07-31,0.2345935169307069,0.08476634375600423,0.08476634375600423,86,2023-04-30,0.0,0.0,False
ATI,return,3,expanding,ridge_full,2023-04-30,2023-04-28,2023-07-31,0.2345935169307069,0.3458131766682168,0.08476634375600423,86,2023-04-30,0.0,0.0,False
ATI,return,3,expanding,forest_full,2023-04-30,2023-04-28,2023-07-31,0.2345935169307069,0.05772239250287009,0.08476634375600423,86,2023-04-30,0.0,0.0,False
ATI,return,3,expanding,boost_full,2023-04-30,2023-04-28,2023-07-31,0.2345935169307069,0.04279054101671699,0.08476634375600423,86,2023-04-30,0.0,0.0,False
ATI,return,3,expanding,core_ols,2023-04-30,2023-04-28,2023-07-31,0.2345935169307069,0.14817555804108623,0.08476634375600423,86,2023-04-30,0.0,0.0,False
ATI,return,3,expanding,historical_mean,2023-05-31,2023-05-31,2023-08-31,0.310873320727991,0.08207565612521822,0.08207565612521822,87,2023-05-31,0.0,0.0,False
ATI,return,3,expanding,ridge_full,2023-05-31,2023-05-31,2023-08-31,0.310873320727991,-0.405347976538889,0.08207565612521822,87,2023-05-31,0.0,0.0,False
ATI,return,3,expanding,forest_full,2023-05-31,2023-05-31,2023-08-31,0.310873320727991,0.06633798687316443,0.08207565612521822,87,2023-05-31,0.0,0.0,False
ATI,return,3,expanding,boost_full,2023-05-31,2023-05-31,2023-08-31,0.310873320727991,0.017493385650464363,0.08207565612521822,87,2023-05-31,0.0,0.0,False
ATI,return,3,expanding,core_ols,2023-05-31,2023-05-31,2023-08-31,0.310873320727991,0.13516331980913165,0.08207565612521822,87,2023-05-31,0.0,0.0,False
ATI,return,3,expanding,historical_mean,2023-06-30,2023-06-30,2023-09-30,-0.0696359495418091,0.08251663639802996,0.08251663639802996,88,2023-06-30,0.0,1.0,False
ATI,return,3,expanding,ridge_full,2023-06-30,2023-06-30,2023-09-30,-0.0696359495418091,-0.3491153415585846,0.08251663639802996,88,2023-06-30,0.0,1.0,False
ATI,return,3,expanding,forest_full,2023-06-30,2023-06-30,2023-09-30,-0.0696359495418091,-0.030973945683887005,0.08251663639802996,88,2023-06-30,0.0,1.0,False
ATI,return,3,expanding,boost_full,2023-06-30,2023-06-30,2023-09-30,-0.0696359495418091,-0.0187836445613334,0.08251663639802996,88,2023-06-30,0.0,1.0,False
ATI,return,3,expanding,core_ols,2023-06-30,2023-06-30,2023-09-30,-0.0696359495418091,0.07113210316948715,0.08251663639802996,88,2023-06-30,0.0,1.0,False
ATI,return,3,expanding,historical_mean,2023-07-31,2023-07-31,2023-10-31,-0.2078439552009886,0.08422536539277913,0.08422536539277913,89,2023-07-31,0.0,1.0,False
ATI,return,3,expanding,ridge_full,2023-07-31,2023-07-31,2023-10-31,-0.2078439552009886,-0.3408247728111376,0.08422536539277913,89,2023-07-31,0.0,1.0,False
ATI,return,3,expanding,forest_full,2023-07-31,2023-07-31,2023-10-31,-0.2078439552009886,-0.053401222229488635,0.08422536539277913,89,2023-07-31,0.0,1.0,False
ATI,return,3,expanding,boost_full,2023-07-31,2023-07-31,2023-10-31,-0.2078439552009886,-0.025944403349366013,0.08422536539277913,89,2023-07-31,0.0,1.0,False
ATI,return,3,expanding,core_ols,2023-07-31,2023-07-31,2023-10-31,-0.2078439552009886,0.12610264655606543,0.08422536539277913,89,2023-07-31,0.0,1.0,False
ATI,return,3,expanding,historical_mean,2023-08-31,2023-08-31,2023-11-30,-0.0304434372903504,0.08674367600761482,0.08674367600761482,90,2023-08-31,0.0,1.0,False
ATI,return,3,expanding,ridge_full,2023-08-31,2023-08-31,2023-11-30,-0.0304434372903504,-0.029378226675344732,0.08674367600761482,90,2023-08-31,0.0,1.0,False
ATI,return,3,expanding,forest_full,2023-08-31,2023-08-31,2023-11-30,-0.0304434372903504,0.027885801558351582,0.08674367600761482,90,2023-08-31,0.0,1.0,False
ATI,return,3,expanding,boost_full,2023-08-31,2023-08-31,2023-11-30,-0.0304434372903504,0.06099441923037852,0.08674367600761482,90,2023-08-31,0.0,1.0,False
ATI,return,3,expanding,core_ols,2023-08-31,2023-08-31,2023-11-30,-0.0304434372903504,0.10277901500676406,0.08674367600761482,90,2023-08-31,0.0,1.0,False
ATI,return,3,expanding,historical_mean,2023-09-30,2023-09-29,2023-12-31,0.1049817626885734,0.08502521858399477,0.08502521858399477,91,2023-09-30,0.0,1.0,False
ATI,return,3,expanding,ridge_full,2023-09-30,2023-09-29,2023-12-31,0.1049817626885734,-0.05082924619763167,0.08502521858399477,91,2023-09-30,0.0,1.0,False
ATI,return,3,expanding,forest_full,2023-09-30,2023-09-29,2023-12-31,0.1049817626885734,0.0583109436824742,0.08502521858399477,91,2023-09-30,0.0,1.0,False
ATI,return,3,expanding,boost_full,2023-09-30,2023-09-29,2023-12-31,0.1049817626885734,-0.049121272921911166,0.08502521858399477,91,2023-09-30,0.0,1.0,False
ATI,return,3,expanding,core_ols,2023-09-30,2023-09-29,2023-12-31,0.1049817626885734,0.14629536621781863,0.08502521858399477,91,2023-09-30,0.0,1.0,False
ATI,return,3,expanding,historical_mean,2023-10-31,2023-10-31,2024-01-31,0.0820756800781008,0.08184185799937538,0.08184185799937538,92,2023-10-31,0.0,1.0,False
ATI,return,3,expanding,ridge_full,2023-10-31,2023-10-31,2024-01-31,0.0820756800781008,-0.21644960038414524,0.08184185799937538,92,2023-10-31,0.0,1.0,False
ATI,return,3,expanding,forest_full,2023-10-31,2023-10-31,2024-01-31,0.0820756800781008,-0.02125774293064013,0.08184185799937538,92,2023-10-31,0.0,1.0,False
ATI,return,3,expanding,boost_full,2023-10-31,2023-10-31,2024-01-31,0.0820756800781008,-0.019605269308643244,0.08184185799937538,92,2023-10-31,0.0,1.0,False
ATI,return,3,expanding,core_ols,2023-10-31,2023-10-31,2024-01-31,0.0820756800781008,0.026927575021021208,0.08184185799937538,92,2023-10-31,0.0,1.0,False
ATI,return,3,expanding,historical_mean,2023-11-30,2023-11-30,2024-02-29,0.1189988498622847,0.08063448923281918,0.08063448923281918,93,2023-11-30,0.0,1.0,False
ATI,return,3,expanding,ridge_full,2023-11-30,2023-11-30,2024-02-29,0.1189988498622847,-0.14542972055349873,0.08063448923281918,93,2023-11-30,0.0,1.0,False
ATI,return,3,expanding,forest_full,2023-11-30,2023-11-30,2024-02-29,0.1189988498622847,-0.08187832589878305,0.08063448923281918,93,2023-11-30,0.0,1.0,False
ATI,return,3,expanding,boost_full,2023-11-30,2023-11-30,2024-02-29,0.1189988498622847,-0.08421083848390035,0.08063448923281918,93,2023-11-30,0.0,1.0,False
ATI,return,3,expanding,core_ols,2023-11-30,2023-11-30,2024-02-29,0.1189988498622847,0.01482037601240778,0.08063448923281918,93,2023-11-30,0.0,1.0,False
ATI,return,3,expanding,historical_mean,2023-12-31,2023-12-29,2024-03-31,0.125357308010076,0.08089350278022082,0.08089350278022082,94,2023-12-31,0.0,0.0,False
ATI,return,3,expanding,ridge_full,2023-12-31,2023-12-29,2024-03-31,0.125357308010076,-0.02829554418289111,0.08089350278022082,94,2023-12-31,0.0,0.0,False
ATI,return,3,expanding,forest_full,2023-12-31,2023-12-29,2024-03-31,0.125357308010076,-0.05300777339758651,0.08089350278022082,94,2023-12-31,0.0,0.0,False
ATI,return,3,expanding,boost_full,2023-12-31,2023-12-29,2024-03-31,0.125357308010076,-0.04956180319029914,0.08089350278022082,94,2023-12-31,0.0,0.0,False
ATI,return,3,expanding,core_ols,2023-12-31,2023-12-29,2024-03-31,0.125357308010076,0.08554770975855257,0.08089350278022082,94,2023-12-31,0.0,0.0,False
ATI,return,3,expanding,historical_mean,2024-01-31,2024-01-31,2024-04-30,0.4607291980221812,0.08090594675177745,0.08090594675177745,95,2024-01-31,0.0,0.0,False
ATI,return,3,expanding,ridge_full,2024-01-31,2024-01-31,2024-04-30,0.4607291980221812,0.0968691704388902,0.08090594675177745,95,2024-01-31,0.0,0.0,False
ATI,return,3,expanding,forest_full,2024-01-31,2024-01-31,2024-04-30,0.4607291980221812,0.07127085816644509,0.08090594675177745,95,2024-01-31,0.0,0.0,False
ATI,return,3,expanding,boost_full,2024-01-31,2024-01-31,2024-04-30,0.4607291980221812,0.0716136774831936,0.08090594675177745,95,2024-01-31,0.0,0.0,False
ATI,return,3,expanding,core_ols,2024-01-31,2024-01-31,2024-04-30,0.4607291980221812,0.14192308877097665,0.08090594675177745,95,2024-01-31,0.0,0.0,False
ATI,return,3,expanding,historical_mean,2024-02-29,2024-02-29,2024-05-31,0.2472549770629499,0.08130274782584526,0.08130274782584526,96,2024-02-29,0.0,1.0,False
ATI,return,3,expanding,ridge_full,2024-02-29,2024-02-29,2024-05-31,0.2472549770629499,0.03046020894906925,0.08130274782584526,96,2024-02-29,0.0,1.0,False
ATI,return,3,expanding,forest_full,2024-02-29,2024-02-29,2024-05-31,0.2472549770629499,0.0507760404317982,0.08130274782584526,96,2024-02-29,0.0,1.0,False
ATI,return,3,expanding,boost_full,2024-02-29,2024-02-29,2024-05-31,0.2472549770629499,0.0327592619466503,0.08130274782584526,96,2024-02-29,0.0,1.0,False
ATI,return,3,expanding,core_ols,2024-02-29,2024-02-29,2024-05-31,0.2472549770629499,0.07435506554236508,0.08130274782584526,96,2024-02-29,0.0,1.0,False
ATI,return,3,expanding,historical_mean,2024-03-31,2024-03-28,2024-06-30,0.0836428131160582,0.08175691854939404,0.08175691854939404,97,2024-03-31,0.0,1.0,False
ATI,return,3,expanding,ridge_full,2024-03-31,2024-03-28,2024-06-30,0.0836428131160582,0.015295196169036282,0.08175691854939404,97,2024-03-31,0.0,1.0,False
ATI,return,3,expanding,forest_full,2024-03-31,2024-03-28,2024-06-30,0.0836428131160582,0.0524482672806456,0.08175691854939404,97,2024-03-31,0.0,1.0,False
ATI,return,3,expanding,boost_full,2024-03-31,2024-03-28,2024-06-30,0.0836428131160582,0.05952945301583738,0.08175691854939404,97,2024-03-31,0.0,1.0,False
ATI,return,3,expanding,core_ols,2024-03-31,2024-03-28,2024-06-30,0.0836428131160582,0.08726800102785492,0.08175691854939404,97,2024-03-31,0.0,1.0,False
ATI,return,3,expanding,historical_mean,2024-04-30,2024-04-30,2024-07-31,0.1341708244416919,0.08562398262564697,0.08562398262564697,98,2024-04-30,0.0,1.0,False
ATI,return,3,expanding,ridge_full,2024-04-30,2024-04-30,2024-07-31,0.1341708244416919,0.02182797036601712,0.08562398262564697,98,2024-04-30,0.0,1.0,False
ATI,return,3,expanding,forest_full,2024-04-30,2024-04-30,2024-07-31,0.1341708244416919,0.11397901063077123,0.08562398262564697,98,2024-04-30,0.0,1.0,False
ATI,return,3,expanding,boost_full,2024-04-30,2024-04-30,2024-07-31,0.1341708244416919,0.10632132831371435,0.08562398262564697,98,2024-04-30,0.0,1.0,False
ATI,return,3,expanding,core_ols,2024-04-30,2024-04-30,2024-07-31,0.1341708244416919,0.12814004007739913,0.08562398262564697,98,2024-04-30,0.0,1.0,False
ATI,return,3,expanding,historical_mean,2024-05-31,2024-05-31,2024-08-31,0.0414085573721705,0.08725661893309446,0.08725661893309446,99,2024-05-31,0.0,1.0,False
ATI,return,3,expanding,ridge_full,2024-05-31,2024-05-31,2024-08-31,0.0414085573721705,0.0016383806525008954,0.08725661893309446,99,2024-05-31,0.0,1.0,False
ATI,return,3,expanding,forest_full,2024-05-31,2024-05-31,2024-08-31,0.0414085573721705,0.05965043985163507,0.08725661893309446,99,2024-05-31,0.0,1.0,False
ATI,return,3,expanding,boost_full,2024-05-31,2024-05-31,2024-08-31,0.0414085573721705,0.10801198609704464,0.08725661893309446,99,2024-05-31,0.0,1.0,False
ATI,return,3,expanding,core_ols,2024-05-31,2024-05-31,2024-08-31,0.0414085573721705,0.10940003623895392,0.08725661893309446,99,2024-05-31,0.0,1.0,False
ATI,return,3,expanding,historical_mean,2024-06-30,2024-06-28,2024-09-30,0.2066727275291464,0.0872204808749241,0.0872204808749241,100,2024-06-30,0.0,1.0,False
ATI,return,3,expanding,ridge_full,2024-06-30,2024-06-28,2024-09-30,0.2066727275291464,0.019800909548986168,0.0872204808749241,100,2024-06-30,0.0,1.0,False
ATI,return,3,expanding,forest_full,2024-06-30,2024-06-28,2024-09-30,0.2066727275291464,0.08892134507735144,0.0872204808749241,100,2024-06-30,0.0,1.0,False
ATI,return,3,expanding,boost_full,2024-06-30,2024-06-28,2024-09-30,0.2066727275291464,0.06583628710044348,0.0872204808749241,100,2024-06-30,0.0,1.0,False
ATI,return,3,expanding,core_ols,2024-06-30,2024-06-28,2024-09-30,0.2066727275291464,0.1717467664054173,0.0872204808749241,100,2024-06-30,0.0,1.0,False
ATI,return,3,expanding,historical_mean,2024-07-31,2024-07-31,2024-10-31,-0.2215330114136687,0.08768533576172376,0.08768533576172376,101,2024-07-31,1.0,0.0,False
ATI,return,3,expanding,ridge_full,2024-07-31,2024-07-31,2024-10-31,-0.2215330114136687,0.0012778805629739404,0.08768533576172376,101,2024-07-31,1.0,0.0,False
ATI,return,3,expanding,forest_full,2024-07-31,2024-07-31,2024-10-31,-0.2215330114136687,0.10512622432661119,0.08768533576172376,101,2024-07-31,1.0,0.0,False
ATI,return,3,expanding,boost_full,2024-07-31,2024-07-31,2024-10-31,-0.2215330114136687,0.11158886077798356,0.08768533576172376,101,2024-07-31,1.0,0.0,False
ATI,return,3,expanding,core_ols,2024-07-31,2024-07-31,2024-10-31,-0.2215330114136687,0.08634794430357456,0.08768533576172376,101,2024-07-31,1.0,0.0,False
ATI,return,3,expanding,historical_mean,2024-08-31,2024-08-30,2024-11-30,-0.0580776899990023,0.08723164185594383,0.08723164185594383,102,2024-08-31,1.0,0.0,False
ATI,return,3,expanding,ridge_full,2024-08-31,2024-08-30,2024-11-30,-0.0580776899990023,0.01139201402713401,0.08723164185594383,102,2024-08-31,1.0,0.0,False
ATI,return,3,expanding,forest_full,2024-08-31,2024-08-30,2024-11-30,-0.0580776899990023,0.07335339047770674,0.08723164185594383,102,2024-08-31,1.0,0.0,False
ATI,return,3,expanding,boost_full,2024-08-31,2024-08-30,2024-11-30,-0.0580776899990023,0.10797295004709842,0.08723164185594383,102,2024-08-31,1.0,0.0,False
ATI,return,3,expanding,core_ols,2024-08-31,2024-08-30,2024-11-30,-0.0580776899990023,0.13473616375620162,0.08723164185594383,102,2024-08-31,1.0,0.0,False
ATI,return,3,expanding,historical_mean,2024-09-30,2024-09-30,2024-12-31,-0.1774025122838833,0.08839126404694578,0.08839126404694578,103,2024-09-30,0.0,0.0,False
ATI,return,3,expanding,ridge_full,2024-09-30,2024-09-30,2024-12-31,-0.1774025122838833,-0.0038598903262929696,0.08839126404694578,103,2024-09-30,0.0,0.0,False
ATI,return,3,expanding,forest_full,2024-09-30,2024-09-30,2024-12-31,-0.1774025122838833,0.09754762024241699,0.08839126404694578,103,2024-09-30,0.0,0.0,False
ATI,return,3,expanding,boost_full,2024-09-30,2024-09-30,2024-12-31,-0.1774025122838833,0.11758263256261228,0.08839126404694578,103,2024-09-30,0.0,0.0,False
ATI,return,3,expanding,core_ols,2024-09-30,2024-09-30,2024-12-31,-0.1774025122838833,0.1400516003279369,0.08839126404694578,103,2024-09-30,0.0,0.0,False
ATI,return,3,expanding,historical_mean,2024-10-31,2024-10-31,2025-01-31,0.0830962083891497,0.0854112229367476,0.0854112229367476,104,2024-10-31,0.0,1.0,False
ATI,return,3,expanding,ridge_full,2024-10-31,2024-10-31,2025-01-31,0.0830962083891497,0.08496044635478486,0.0854112229367476,104,2024-10-31,0.0,1.0,False
ATI,return,3,expanding,forest_full,2024-10-31,2024-10-31,2025-01-31,0.0830962083891497,0.14294041758505208,0.0854112229367476,104,2024-10-31,0.0,1.0,False
ATI,return,3,expanding,boost_full,2024-10-31,2024-10-31,2025-01-31,0.0830962083891497,0.11339905107573477,0.0854112229367476,104,2024-10-31,0.0,1.0,False
ATI,return,3,expanding,core_ols,2024-10-31,2024-10-31,2025-01-31,0.0830962083891497,0.17979436844771635,0.0854112229367476,104,2024-10-31,0.0,1.0,False
ATI,return,3,expanding,historical_mean,2024-11-30,2024-11-29,2025-02-28,-0.0334053246252311,0.08404466186116902,0.08404466186116902,105,2024-11-30,0.0,1.0,False
ATI,return,3,expanding,ridge_full,2024-11-30,2024-11-29,2025-02-28,-0.0334053246252311,0.05348870818638768,0.08404466186116902,105,2024-11-30,0.0,1.0,False
ATI,return,3,expanding,forest_full,2024-11-30,2024-11-29,2025-02-28,-0.0334053246252311,0.13030433760008106,0.08404466186116902,105,2024-11-30,0.0,1.0,False
ATI,return,3,expanding,boost_full,2024-11-30,2024-11-29,2025-02-28,-0.0334053246252311,0.15075468471034714,0.08404466186116902,105,2024-11-30,0.0,1.0,False
ATI,return,3,expanding,core_ols,2024-11-30,2024-11-29,2025-02-28,-0.0334053246252311,0.10010104612800941,0.08404466186116902,105,2024-11-30,0.0,1.0,False
ATI,return,3,expanding,historical_mean,2024-12-31,2024-12-31,2025-03-31,-0.0546875379026622,0.0815781790862157,0.0815781790862157,106,2024-12-31,1.0,1.0,False
ATI,return,3,expanding,ridge_full,2024-12-31,2024-12-31,2025-03-31,-0.0546875379026622,0.08369002484455876,0.0815781790862157,106,2024-12-31,1.0,1.0,False
ATI,return,3,expanding,forest_full,2024-12-31,2024-12-31,2025-03-31,-0.0546875379026622,0.12849190826116932,0.0815781790862157,106,2024-12-31,1.0,1.0,False
ATI,return,3,expanding,boost_full,2024-12-31,2024-12-31,2025-03-31,-0.0546875379026622,0.10817654438911015,0.0815781790862157,106,2024-12-31,1.0,1.0,False
ATI,return,3,expanding,core_ols,2024-12-31,2024-12-31,2025-03-31,-0.0546875379026622,0.19150017798264152,0.0815781790862157,106,2024-12-31,1.0,1.0,False
ATI,return,3,expanding,historical_mean,2025-01-31,2025-01-31,2025-04-30,-0.0474688925771501,0.08159236627596274,0.08159236627596274,107,2025-01-31,0.0,1.0,False
ATI,return,3,expanding,ridge_full,2025-01-31,2025-01-31,2025-04-30,-0.0474688925771501,0.02454991516830632,0.08159236627596274,107,2025-01-31,0.0,1.0,False
ATI,return,3,expanding,forest_full,2025-01-31,2025-01-31,2025-04-30,-0.0474688925771501,0.05594714179420007,0.08159236627596274,107,2025-01-31,0.0,1.0,False
ATI,return,3,expanding,boost_full,2025-01-31,2025-01-31,2025-04-30,-0.0474688925771501,0.08978179026280535,0.08159236627596274,107,2025-01-31,0.0,1.0,False
ATI,return,3,expanding,core_ols,2025-01-31,2025-01-31,2025-04-30,-0.0474688925771501,0.09459746492286036,0.08159236627596274,107,2025-01-31,0.0,1.0,False
ATI,return,3,expanding,historical_mean,2025-02-28,2025-02-28,2025-05-31,0.3693259903471628,0.08052757284169242,0.08052757284169242,108,2025-02-28,0.0,1.0,False
ATI,return,3,expanding,ridge_full,2025-02-28,2025-02-28,2025-05-31,0.3693259903471628,0.026956286961775988,0.08052757284169242,108,2025-02-28,0.0,1.0,False
ATI,return,3,expanding,forest_full,2025-02-28,2025-02-28,2025-05-31,0.3693259903471628,0.10016630101686168,0.08052757284169242,108,2025-02-28,0.0,1.0,False
ATI,return,3,expanding,boost_full,2025-02-28,2025-02-28,2025-05-31,0.3693259903471628,0.09533489923444607,0.08052757284169242,108,2025-02-28,0.0,1.0,False
ATI,return,3,expanding,core_ols,2025-02-28,2025-02-28,2025-05-31,0.3693259903471628,0.14623526810726298,0.08052757284169242,108,2025-02-28,0.0,1.0,False
ATI,return,3,expanding,historical_mean,2025-03-31,2025-03-31,2025-06-30,0.6594272220557114,0.0792870672385332,0.0792870672385332,109,2025-03-31,1.0,0.0,False
ATI,return,3,expanding,ridge_full,2025-03-31,2025-03-31,2025-06-30,0.6594272220557114,0.02534352816841024,0.0792870672385332,109,2025-03-31,1.0,0.0,False
ATI,return,3,expanding,forest_full,2025-03-31,2025-03-31,2025-06-30,0.6594272220557114,0.0805861531881586,0.0792870672385332,109,2025-03-31,1.0,0.0,False
ATI,return,3,expanding,boost_full,2025-03-31,2025-03-31,2025-06-30,0.6594272220557114,0.09328524161062621,0.0792870672385332,109,2025-03-31,1.0,0.0,False
ATI,return,3,expanding,core_ols,2025-03-31,2025-03-31,2025-06-30,0.6594272220557114,0.12100795150543725,0.0792870672385332,109,2025-03-31,1.0,0.0,False
ATI,return,3,expanding,historical_mean,2025-04-30,2025-04-30,2025-07-31,0.4148584209300199,0.07813474033111789,0.07813474033111789,110,2025-04-30,1.0,0.0,False
ATI,return,3,expanding,ridge_full,2025-04-30,2025-04-30,2025-07-31,0.4148584209300199,0.03837976658590538,0.07813474033111789,110,2025-04-30,1.0,0.0,False
ATI,return,3,expanding,forest_full,2025-04-30,2025-04-30,2025-07-31,0.4148584209300199,0.13191079357718843,0.07813474033111789,110,2025-04-30,1.0,0.0,False
ATI,return,3,expanding,boost_full,2025-04-30,2025-04-30,2025-07-31,0.4148584209300199,0.09946683621770978,0.07813474033111789,110,2025-04-30,1.0,0.0,False
ATI,return,3,expanding,core_ols,2025-04-30,2025-04-30,2025-07-31,0.4148584209300199,0.12734522664218265,0.07813474033111789,110,2025-04-30,1.0,0.0,False
ATI,return,3,expanding,historical_mean,2025-05-31,2025-05-30,2025-08-31,-0.0263686400077248,0.08075808492585704,0.08075808492585704,111,2025-05-31,1.0,1.0,False
ATI,return,3,expanding,ridge_full,2025-05-31,2025-05-30,2025-08-31,-0.0263686400077248,-0.07528817344915634,0.08075808492585704,111,2025-05-31,1.0,1.0,False
ATI,return,3,expanding,forest_full,2025-05-31,2025-05-30,2025-08-31,-0.0263686400077248,0.04034441592317684,0.08075808492585704,111,2025-05-31,1.0,1.0,False
ATI,return,3,expanding,boost_full,2025-05-31,2025-05-30,2025-08-31,-0.0263686400077248,0.053899843052668386,0.08075808492585704,111,2025-05-31,1.0,1.0,False
ATI,return,3,expanding,core_ols,2025-05-31,2025-05-30,2025-08-31,-0.0263686400077248,0.07142765550929105,0.08075808492585704,111,2025-05-31,1.0,1.0,False
ATI,return,3,expanding,historical_mean,2025-06-30,2025-06-30,2025-09-30,-0.057910588511408,0.08592477365023075,0.08592477365023075,112,2025-06-30,0.0,1.0,False
ATI,return,3,expanding,ridge_full,2025-06-30,2025-06-30,2025-09-30,-0.057910588511408,0.009388946773226436,0.08592477365023075,112,2025-06-30,0.0,1.0,False
ATI,return,3,expanding,forest_full,2025-06-30,2025-06-30,2025-09-30,-0.057910588511408,0.03757431186194917,0.08592477365023075,112,2025-06-30,0.0,1.0,False
ATI,return,3,expanding,boost_full,2025-06-30,2025-06-30,2025-09-30,-0.057910588511408,0.06648662797566615,0.08592477365023075,112,2025-06-30,0.0,1.0,False
ATI,return,3,expanding,core_ols,2025-06-30,2025-06-30,2025-09-30,-0.057910588511408,0.19970496778849375,0.08592477365023075,112,2025-06-30,0.0,1.0,False
ATI,return,3,expanding,historical_mean,2025-07-31,2025-07-31,2025-10-31,0.2863269831070485,0.08883569088279526,0.08883569088279526,113,2025-07-31,0.0,1.0,False
ATI,return,3,expanding,ridge_full,2025-07-31,2025-07-31,2025-10-31,0.2863269831070485,0.018965321709410107,0.08883569088279526,113,2025-07-31,0.0,1.0,False
ATI,return,3,expanding,forest_full,2025-07-31,2025-07-31,2025-10-31,0.2863269831070485,-0.0254018713341288,0.08883569088279526,113,2025-07-31,0.0,1.0,False
ATI,return,3,expanding,boost_full,2025-07-31,2025-07-31,2025-10-31,0.2863269831070485,0.030824803891346758,0.08883569088279526,113,2025-07-31,0.0,1.0,False
ATI,return,3,expanding,core_ols,2025-07-31,2025-07-31,2025-10-31,0.2863269831070485,0.23384972158697115,0.08883569088279526,113,2025-07-31,0.0,1.0,False
ATI,return,3,expanding,historical_mean,2025-08-31,2025-08-29,2025-11-30,0.2999742308691748,0.08782512657673806,0.08782512657673806,114,2025-08-31,0.0,0.0,False
ATI,return,3,expanding,ridge_full,2025-08-31,2025-08-29,2025-11-30,0.2999742308691748,0.01793120915844512,0.08782512657673806,114,2025-08-31,0.0,0.0,False
ATI,return,3,expanding,forest_full,2025-08-31,2025-08-29,2025-11-30,0.2999742308691748,0.0016022407208727135,0.08782512657673806,114,2025-08-31,0.0,0.0,False
ATI,return,3,expanding,boost_full,2025-08-31,2025-08-29,2025-11-30,0.2999742308691748,0.012078512242717526,0.08782512657673806,114,2025-08-31,0.0,0.0,False
ATI,return,3,expanding,core_ols,2025-08-31,2025-08-29,2025-11-30,0.2999742308691748,0.24257093354235448,0.08782512657673806,114,2025-08-31,0.0,0.0,False
ATI,return,3,expanding,historical_mean,2025-09-30,2025-09-30,2025-12-31,0.410868051425912,0.08655785948901505,0.08655785948901505,115,2025-09-30,0.0,0.0,False
ATI,return,3,expanding,ridge_full,2025-09-30,2025-09-30,2025-12-31,0.410868051425912,0.012038859311680222,0.08655785948901505,115,2025-09-30,0.0,0.0,False
ATI,return,3,expanding,forest_full,2025-09-30,2025-09-30,2025-12-31,0.410868051425912,0.05513601751614153,0.08655785948901505,115,2025-09-30,0.0,0.0,False
ATI,return,3,expanding,boost_full,2025-09-30,2025-09-30,2025-12-31,0.410868051425912,0.09194833546482506,0.08655785948901505,115,2025-09-30,0.0,0.0,False
ATI,return,3,expanding,core_ols,2025-09-30,2025-09-30,2025-12-31,0.410868051425912,0.18903087582962558,0.08655785948901505,115,2025-09-30,0.0,0.0,False
ATI,return,3,expanding,historical_mean,2025-10-31,2025-10-31,2026-01-31,0.2155198703442347,0.0882800071064119,0.0882800071064119,116,2025-10-31,0.0,0.0,False
ATI,return,3,expanding,ridge_full,2025-10-31,2025-10-31,2026-01-31,0.2155198703442347,0.0019258739031646627,0.0882800071064119,116,2025-10-31,0.0,0.0,False
ATI,return,3,expanding,forest_full,2025-10-31,2025-10-31,2026-01-31,0.2155198703442347,0.016284605063638477,0.0882800071064119,116,2025-10-31,0.0,0.0,False
ATI,return,3,expanding,boost_full,2025-10-31,2025-10-31,2026-01-31,0.2155198703442347,0.09822562664665899,0.0882800071064119,116,2025-10-31,0.0,0.0,False
ATI,return,3,expanding,core_ols,2025-10-31,2025-10-31,2026-01-31,0.2155198703442347,0.22123319991892743,0.0882800071064119,116,2025-10-31,0.0,0.0,False
ATI,return,3,expanding,historical_mean,2025-11-30,2025-11-28,2026-02-28,0.6229165812018076,0.09008935944626457,0.09008935944626457,117,2025-11-30,1.0,0.0,False
ATI,return,3,expanding,ridge_full,2025-11-30,2025-11-28,2026-02-28,0.6229165812018076,0.0622468623796936,0.09008935944626457,117,2025-11-30,1.0,0.0,False
ATI,return,3,expanding,forest_full,2025-11-30,2025-11-28,2026-02-28,0.6229165812018076,0.020654195281487,0.09008935944626457,117,2025-11-30,1.0,0.0,False
ATI,return,3,expanding,boost_full,2025-11-30,2025-11-28,2026-02-28,0.6229165812018076,0.07303996645173377,0.09008935944626457,117,2025-11-30,1.0,0.0,False
ATI,return,3,expanding,core_ols,2025-11-30,2025-11-28,2026-02-28,0.6229165812018076,0.3094969901550504,0.09008935944626457,117,2025-11-30,1.0,0.0,False
ATI,return,3,expanding,historical_mean,2025-12-31,2025-12-31,2026-03-31,0.2675148484329317,0.09280782293761752,0.09280782293761752,118,2025-12-31,0.0,0.0,False
ATI,return,3,expanding,ridge_full,2025-12-31,2025-12-31,2026-03-31,0.2675148484329317,0.07759278148766524,0.09280782293761752,118,2025-12-31,0.0,0.0,False
ATI,return,3,expanding,forest_full,2025-12-31,2025-12-31,2026-03-31,0.2675148484329317,0.051287815965070774,0.09280782293761752,118,2025-12-31,0.0,0.0,False
ATI,return,3,expanding,boost_full,2025-12-31,2025-12-31,2026-03-31,0.2675148484329317,0.07830592361362221,0.09280782293761752,118,2025-12-31,0.0,0.0,False
ATI,return,3,expanding,core_ols,2025-12-31,2025-12-31,2026-03-31,0.2675148484329317,0.25273944914673974,0.09280782293761752,118,2025-12-31,0.0,0.0,False
ATI,return,3,expanding,historical_mean,2026-01-31,2026-01-30,2026-04-30,0.2922693497105073,0.09383901661330338,0.09383901661330338,119,2026-01-31,0.0,1.0,False
ATI,return,3,expanding,ridge_full,2026-01-31,2026-01-30,2026-04-30,0.2922693497105073,0.21338256291619037,0.09383901661330338,119,2026-01-31,0.0,1.0,False
ATI,return,3,expanding,forest_full,2026-01-31,2026-01-30,2026-04-30,0.2922693497105073,0.12470483143775052,0.09383901661330338,119,2026-01-31,0.0,1.0,False
ATI,return,3,expanding,boost_full,2026-01-31,2026-01-30,2026-04-30,0.2922693497105073,0.13367328309438145,0.09383901661330338,119,2026-01-31,0.0,1.0,False
ATI,return,3,expanding,core_ols,2026-01-31,2026-01-30,2026-04-30,0.2922693497105073,0.21398508384513315,0.09383901661330338,119,2026-01-31,0.0,1.0,False
ATI,return,3,expanding,historical_mean,2026-02-28,2026-02-27,2026-05-31,0.0707256408290466,0.09824799631820759,0.09824799631820759,120,2026-02-28,0.0,1.0,False
ATI,return,3,expanding,ridge_full,2026-02-28,2026-02-27,2026-05-31,0.0707256408290466,0.1616783802988372,0.09824799631820759,120,2026-02-28,0.0,1.0,False
ATI,return,3,expanding,forest_full,2026-02-28,2026-02-27,2026-05-31,0.0707256408290466,0.15148453757966074,0.09824799631820759,120,2026-02-28,0.0,1.0,False
ATI,return,3,expanding,boost_full,2026-02-28,2026-02-27,2026-05-31,0.0707256408290466,0.09559989903141031,0.09824799631820759,120,2026-02-28,0.0,1.0,False
ATI,return,3,expanding,core_ols,2026-02-28,2026-02-27,2026-05-31,0.0707256408290466,0.26981044064827525,0.09824799631820759,120,2026-02-28,0.0,1.0,False
ATI,return,3,expanding,historical_mean,2026-03-31,2026-03-31,2026-06-30,0.3550116664797691,0.0996468959224615,0.0996468959224615,121,2026-03-31,1.0,1.0,False
ATI,return,3,expanding,ridge_full,2026-03-31,2026-03-31,2026-06-30,0.3550116664797691,0.15447108171380558,0.0996468959224615,121,2026-03-31,1.0,1.0,False
ATI,return,3,expanding,forest_full,2026-03-31,2026-03-31,2026-06-30,0.3550116664797691,0.23692103848231377,0.0996468959224615,121,2026-03-31,1.0,1.0,False
ATI,return,3,expanding,boost_full,2026-03-31,2026-03-31,2026-06-30,0.3550116664797691,0.1822282929984209,0.0996468959224615,121,2026-03-31,1.0,1.0,False
ATI,return,3,expanding,core_ols,2026-03-31,2026-03-31,2026-06-30,0.3550116664797691,0.4024554636403612,0.0996468959224615,121,2026-03-31,1.0,1.0,False
ATI,return,3,expanding,historical_mean,2026-04-30,2026-04-30,2026-07-31,0.2057120439110749,0.10122576849449466,0.10122576849449466,122,2026-04-30,0.0,1.0,False
ATI,return,3,expanding,ridge_full,2026-04-30,2026-04-30,2026-07-31,0.2057120439110749,0.07036801129411227,0.10122576849449466,122,2026-04-30,0.0,1.0,False
ATI,return,3,expanding,forest_full,2026-04-30,2026-04-30,2026-07-31,0.2057120439110749,0.08469776758705092,0.10122576849449466,122,2026-04-30,0.0,1.0,False
ATI,return,3,expanding,boost_full,2026-04-30,2026-04-30,2026-07-31,0.2057120439110749,0.10204244658891597,0.10122576849449466,122,2026-04-30,0.0,1.0,False
ATI,return,3,expanding,core_ols,2026-04-30,2026-04-30,2026-07-31,0.2057120439110749,0.3335523251641991,0.10122576849449466,122,2026-04-30,0.0,1.0,False
ATI,return,3,expanding,historical_mean,2026-05-31,2026-05-29,2026-08-31,0.1657912347510119,0.10097779997688938,0.10097779997688938,123,2026-05-31,0.0,1.0,False
ATI,return,3,expanding,ridge_full,2026-05-31,2026-05-29,2026-08-31,0.1657912347510119,0.15499104297110528,0.10097779997688938,123,2026-05-31,0.0,1.0,False
ATI,return,3,expanding,forest_full,2026-05-31,2026-05-29,2026-08-31,0.1657912347510119,0.1057690944689877,0.10097779997688938,123,2026-05-31,0.0,1.0,False
ATI,return,3,expanding,boost_full,2026-05-31,2026-05-29,2026-08-31,0.1657912347510119,0.13039375239476292,0.10097779997688938,123,2026-05-31,0.0,1.0,False
ATI,return,3,expanding,core_ols,2026-05-31,2026-05-29,2026-08-31,0.1657912347510119,0.2274956685739506,0.10097779997688938,123,2026-05-31,0.0,1.0,False
