date,MTRN,ENTG,CRS,ATI
2021-01-04,0.005947242113778964,-0.0014130988947747697,0.012186180586483415,-0.003979721603857678
2021-01-05,0.023901277412893614,-0.00519615320258587,0.0742817282713671,0.048830252155997816
2021-01-06,0.05205463242353497,-0.0061691138343316085,0.07517420035281099,0.07293791217705355
2021-01-07,-0.02715635019841492,-0.007649869860687344,-0.024238003153389157,-0.0083761848261421
2021-01-08,-0.00929818040464277,-0.00010745995887401357,0.000823930699390328,0.004491787205431661
2021-01-11,-0.0042778710433330905,0.010419028805883242,-0.02801210633839345,-0.0195378878258816
2021-01-12,0.0014413094196567243,0.014633417145866311,0.020749856064224723,-0.0004719974886842927
2021-01-13,0.024061923694825883,0.011795956964967514,0.0025840814855027823,-0.02498108702619604
2021-01-14,-0.010573837695453479,0.012096723479887345,0.04280826230103119,-0.005261006159583491
2021-01-15,-0.010893128033791732,0.015133518046120606,0.01918805837555642,0.01711951516170948
2021-01-19,-0.004234438767404643,-0.019631568133873505,-0.004378291632304021,-0.01598230656250038
2021-01-20,-0.012226119302142631,-0.004158509361221228,-0.003041458241163252,-0.0017535910944264106
2021-01-21,-0.023087711197695593,0.0273469381506955,-0.02389553024157914,-0.018044911114868105
2021-01-22,0.02249624496555138,0.009259657725710399,-0.0013446537125464857,0.010778735257800126
2021-01-25,-0.01226687930981088,-0.034705605937635504,0.013901420402420518,0.017779638891777416
2021-01-26,0.03437068065711022,-0.005642575801036245,0.0014612685331331504,-0.0035878501091046663
2021-01-27,0.015254597385258833,0.006772739856962223,0.02886235708168392,0.047370009767622775
2021-01-28,0.009102321116105108,-0.010799593921069509,-0.05690672324787284,-0.01332045337948224
2021-01-29,0.007343342103614925,-0.005836241335061047,-0.02644018402633656,-0.044622489496569946
2021-02-01,-0.0343088601286229,-0.008883000831583485,-0.023211700075243327,0.013643432476201547
2021-02-02,-0.003698052292210468,-0.05836114589844396,-0.02293655235288089,-0.005667521926839246
2021-02-03,-0.01034065167506367,-0.004033399124969639,-0.017076503683133473,-0.01701514183505715
2021-02-04,-0.008865505474632912,-0.005821099083262626,0.015313244114323405,-0.005519028676860393
2021-02-05,0.010448764009721685,-0.008314415362229604,0.0010645998796780767,-0.001729586921538938
2021-02-08,0.021247107295371964,-0.009161884398367556,0.020650941595962247,0.012901925512051778
2021-02-09,-0.017959697036119583,-0.002076413135219512,-0.026480110352002966,-0.03342549357327651
2021-02-10,-0.03742130109381103,-0.005096926417932697,0.02840977114445093,0.007673805014229396
2021-02-11,0.005464248435486405,-0.002863556953608147,0.01126163121971813,0.000948852834377123
2021-02-12,-0.0007329045772947445,0.028271474355148388,0.01231373282784604,-0.011564792325242884
2021-02-16,0.013329388205082728,0.033741432617387844,0.043499069061073335,0.020447590439973344
2021-02-17,-0.022644586347939404,-0.018417142816321577,-0.004870810107368218,-0.022085799505534725
2021-02-18,-0.020772502684536627,0.0030282698697490524,0.003683232458177966,0.000631107465838136
2021-02-19,-0.015413760100189966,0.007633599008335993,0.009971684651317946,0.022842681711019636
2021-02-22,0.028526620046745138,0.030195819172178333,0.10772459815562155,0.0734978042218546
2021-02-23,0.009404018663161935,0.0058509159478781665,0.014212066477048582,0.010695561812697235
2021-02-24,3.409718431740538e-05,0.011632284079136114,0.003795772307077158,0.0037786591150737944
2021-02-25,0.02028894042661568,0.018927704552268748,0.022865114124324015,0.00264598314372215
2021-02-26,0.0019759651083203888,-0.0090702485426697,-0.03947762884725363,-0.031138573609937135
2021-03-01,0.03601558602060816,0.0032604147540121198,0.03805966707997517,0.015835463066373373
2021-03-02,-0.006808075281448136,-0.015706002159142966,-0.0283402491936359,-0.021306345786103006
2021-03-03,0.03383061343598065,0.015303546866221748,0.024081091798197347,0.04335769579045685
2021-03-04,-0.00548330542811977,0.011076496901296348,-0.033682786382617964,-0.030117497405116246
2021-03-05,0.008551914482797324,-0.003825718123658693,0.0039732577491281285,0.004899549528372602
2021-03-08,0.04700966090434798,-0.001798525332456835,0.07610162999822719,0.03719854894649654
2021-03-09,-0.008615154735139123,0.009684646808583997,-0.023504523435079264,-0.001521654826058462
2021-03-10,0.014430424548980398,-0.007900411055661749,0.0034824558134828702,0.0007701471913490049
2021-03-11,-0.05068274786002562,0.013076785848060143,0.00960090895448817,-0.01611576120703546
2021-03-12,-0.023131425171282263,-0.007896534837180754,-0.046336972545779204,-0.014853081855560092
2021-03-15,-0.0304615520828423,0.004486549912708873,-0.04565326034666807,-0.047206136444906184
2021-03-16,-0.02592502570324753,-0.01352945258588031,-0.0024467938428747067,0.013790894411520222
2021-03-17,0.005586170101221057,-0.0008565567011159202,-0.003962263407130465,0.008684459069969532
2021-03-18,-0.002117235705871679,0.0003459530347398043,-0.024465336145685142,-0.0005744416125394308
2021-03-19,-0.02329789035701472,-0.0002471376986046374,-0.011546383060159263,-0.006139410009735826
2021-03-22,-0.01576067175811948,-0.0033153303731290537,-0.040315762715400084,-0.018073834843614803
2021-03-23,-0.010490368007868841,0.005067600897268439,-0.02345298564621978,-0.004186526491303459
2021-03-24,-0.0009973050288260557,0.020788695106914813,-0.02331491808956855,-0.007055015417670967
2021-03-25,-0.027680809524620695,0.009132856467523487,0.017133320304810025,0.025771788942907464
2021-03-26,0.005203659304712373,0.0038067275400495773,0.03856640234225472,0.04353913574922323
2021-03-29,-0.019830916209891494,-0.013429109444506093,-0.06455077545588521,-0.07470779687662941
2021-03-30,0.0055251196125508766,0.024396402383141218,0.0714386787763576,0.024433591873271546
2021-03-31,-0.005132407594550586,0.0005211213595011088,-0.0192681884189838,-0.01999505561507696
2021-04-01,0.0054734006427596335,0.032279891712129485,-0.008008403205945255,0.03190011002660707
2021-04-05,-0.012888332900171811,-0.021515253963082508,-0.004336869424622698,-0.0006448031367893362
2021-04-06,-0.005737844468350246,0.0027598708223421104,-0.0036920522349459762,0.0010684819537949766
2021-04-07,-0.011110448439780972,-0.003090879397731784,-0.010200375502873107,0.006636112150616079
2021-04-08,-0.006668123747279334,0.016059148383182856,0.00011096918293830756,-0.020644665301424277
2021-04-09,0.005877620796979706,-0.001975058016002046,-0.01385473452235273,-0.005552376002623806
2021-04-12,-0.0030205973792284506,-0.0018769362754321277,-0.001085793921783697,-0.006833584033765156
2021-04-13,-0.006947919695124273,-0.00962526474095696,-0.012497498051261833,-0.013806030481319419
2021-04-14,0.02243235756353608,0.010817533111901296,0.033358751736416926,0.02077366001666507
2021-04-15,0.006429120680893494,-0.008630856510577649,-0.014274821789998369,-0.0005590589908626457
2021-04-16,-0.013898233114910272,-0.01076081635071888,-0.004545618765466229,-0.006286816678123967
2021-04-19,0.0010109354972030506,-0.005327515600864509,-0.008920808409597308,0.0159490383673183
2021-04-20,-0.019177064278858826,-0.0035962333613283708,-0.022121963926158644,-0.0060841260826098
2021-04-21,0.025076747760961596,-0.007552250465151011,0.0077448452477514446,0.031572262414501034
2021-04-22,-0.007247351349518122,-0.002047809625256844,-0.023020889877423952,-0.001137231501094304
2021-04-23,0.0068344776142759585,0.007320222601722073,0.020765208507668054,0.023616660032126174
2021-04-26,-0.0038183906792900162,-0.0013242329873170804,0.02491227243991202,0.03824454791618558
2021-04-27,-0.011821470842212384,0.005550918278752018,-0.013472562302128446,-0.015242939292686521
2021-04-28,0.010445436668239721,0.01769944898304134,0.030478184926669316,-0.0007422061660229164
2021-04-29,0.06317828647755552,-0.0065603765579031565,-0.07488565348840681,-0.0279788220720385
2021-04-30,-0.009619760889674188,0.012438535227078738,-0.041176272980905856,-0.006740363852366978
2021-05-03,0.04055839045815641,0.0009981322732911385,0.052384575875329124,0.012463071511500817
2021-05-04,0.016111654812377085,-0.0017094194716871583,0.007806525381610047,0.005242661010754294
2021-05-05,0.023378144083953743,0.01041806766112095,0.028421624039959445,0.023206816313433132
2021-05-06,0.0037496341102572564,-0.004358482022835751,0.006680460204560404,0.02435380507256422
2021-05-07,-0.026381088351247292,0.01479688349424884,-0.021685119136699585,-0.04341409904514979
2021-05-10,0.017688373413993912,-0.0050305672666508955,0.01971637223959522,0.0038635933404425025
2021-05-11,0.02770707872172444,0.009969858629966685,0.041116488445410604,0.00819699329810392
2021-05-12,0.014886806847769544,-0.01977535253200295,0.012978979564002485,-0.012041733991919795
2021-05-13,0.015634871249743852,0.021254762385550862,0.0016184186677690032,-0.017984788400868743
2021-05-14,-0.010682591335725047,0.0025966760352314697,-0.032140607095322626,-0.013171032128179518
2021-05-17,-0.0038232752441155994,-0.00838363741941032,0.07196447103722466,0.03985730445652619
2021-05-18,-0.008397567936644177,0.0007460758289605813,-0.007383289806664053,-0.01844672763946996
2021-05-19,-0.014665098031877714,-0.0032807813669154667,-0.015158105571084957,-0.00929441313003197
2021-05-20,-0.00019699102441122357,-0.0015333439742278299,-0.017341808099139384,-0.02760453409369191
2021-05-21,-0.006741905450612555,-0.005235087778305476,0.008716516312223012,-0.005950152683851679
2021-05-24,-0.007283574906041996,0.0016143549362632702,0.02072112040334391,0.008016379449998088
2021-05-25,-0.01488572119181865,-0.003165099230210333,-0.04677155929203879,-0.03661773185326872
2021-05-26,0.011056886315460795,2.7398604232274117e-05,0.026562655511665145,0.019888928965761304
2021-05-27,0.004960984066071468,0.000344424755679534,0.045313033754590934,0.045886977899041816
2021-05-28,-0.006831030375383243,-0.004939689032599358,-0.022665340383440397,-0.012914684271608037
2021-06-01,0.002635165610070802,4.0935001963172e-05,-0.03977663907168681,-0.008272648638303664
2021-06-02,-0.0026686887004350856,0.000879959523667667,-0.0376742455232812,-0.0076599260598305165
2021-06-03,0.008817503185893026,0.0025579821449673613,-0.016975495926270907,-0.01875472086901305
2021-06-04,-0.023357679814638127,0.0027074407819195137,-0.016621006315241625,-0.012758653798419159
2021-06-07,-0.0126072204208462,-0.001020280271564148,0.0077860455914033995,0.016183785691695946
2021-06-08,0.006926523659073942,-0.003382669256773209,0.04009619329160165,0.010300047984570442
2021-06-09,-0.00047084403543262536,0.006411543160161221,-0.014389732409327206,0.009779721357987074
2021-06-10,-0.004310758401102175,0.0027646385546547456,-0.02219174500914286,-0.039912935727052436
2021-06-11,-0.0019075712647125395,0.0020735913015824227,-0.0050946360650994775,-0.0014421309673030083
2021-06-14,-0.012051004160483188,0.009954332648514865,-0.009078738509907302,-0.012302807660006533
2021-06-15,0.004607301638527168,0.01265918302122876,-0.01387222268743659,-0.002491808769133002
2021-06-16,0.008907290191903517,0.0138111967810438,-0.012836340052407472,-0.011332681506795783
2021-06-17,-0.015430935041862348,-0.010919739821774438,-0.054942191188905774,-0.04272961310335302
2021-06-18,0.006895680979904388,0.00747690559278405,0.033298821267479226,-0.021480351404502666
2021-06-21,-0.0030875818235627725,-0.0006824177869891434,-0.026317452426893324,-0.0004840157270765491
2021-06-22,0.011050648817903429,0.01868849543570187,-0.021410747584753403,-0.00024066990222034249
2021-06-23,0.009858945482949813,-0.021328863909750185,0.010665608991733265,-0.011400384544582289
2021-06-24,0.0019570973866767233,-0.01303276858700153,0.022208478097500806,0.03634183234011196
2021-06-25,-0.017669274207800637,-0.009909175406673684,-0.036124981971942347,-0.069860133346937
2021-06-28,-0.020874854545112318,0.005050734789255704,-0.01617509260677297,-0.0021523773571696103
2021-06-29,-0.010021789387281004,0.0073504891500289545,0.016001230641243862,-0.0070566132674551064
2021-06-30,-0.01311151934664336,-0.0027763477365216845,0.010012785808076569,0.014247868693160807
2021-07-01,0.010818985344398225,-0.020735006094653383,-0.002464243984185502,0.012511148838180948
2021-07-02,-0.0047030209852693735,-0.006656745583172812,-0.035704087988436675,-0.015071871232416583
2021-07-06,-0.0237499802091078,-0.003018552954121791,-0.024310828918785134,-0.017859019428659938
2021-07-07,-0.0021253385808480746,0.0090904800830574,0.033583042681520306,0.057499264203695444
2021-07-08,-0.016896076262183597,0.00427025190131701,-0.023399868120518506,-0.015614704225712286
2021-07-09,0.013767265327407244,0.0020405966264923463,0.03613786208796967,0.02565026871522576
2021-07-12,0.00038764062142400326,-0.009472907059606834,0.00045288411442111556,0.00711492160783244
2021-07-13,-0.0054299619248737024,-0.0010871794987445428,-0.021793285795603877,-0.021810795579895768
2021-07-14,-0.005778471818831757,0.006495823890793095,0.00688092921533961,-0.0037631171328859365
2021-07-15,0.012796511443567226,0.001716066747313623,0.009739078152363405,0.012276946383505571
2021-07-16,-0.015092827018257671,0.0026190054946406693,-0.017998068990584613,-0.02650380695025506
2021-07-19,-0.0162574096281657,0.00712872330834496,-0.007905504346746438,-0.020473234979032827
2021-07-20,-0.00799365138681276,0.017908988295742546,0.0025130655728495405,-0.008856539806233105
2021-07-21,-0.01594769149426893,-0.007836317690606727,0.006088843138779113,0.0013021091723301043
2021-07-22,-0.019504709923844885,-0.003243420575730343,-0.014523677705423007,-0.014134950190613053
2021-07-23,0.0032715359117562615,0.004272194880969792,-0.00244582817432429,-0.0058064052180449525
2021-07-26,0.006833657111408962,-0.008022447881808297,0.014750851840110536,0.026478666494302007
2021-07-27,-0.006868443793420557,0.002922916421937812,-0.0179137270016268,0.0002958743982440729
2021-07-28,0.013513171868958139,0.011295307048541155,-0.009378533133963909,-0.03007858154419556
2021-07-29,0.010605282966928553,-0.019521128755246205,0.03316955516616722,0.046039816057963964
2021-07-30,0.0019992633428757584,-0.0033761417498541536,-0.028632401260111524,-0.026534878322338883
2021-08-02,-0.006789692516808747,-0.00036522667227411893,-0.0026025767719057716,-0.037248235674514164
2021-08-03,0.0423107729693751,0.0026301864654953797,-0.005486124471777921,-0.0047236702907636294
2021-08-04,-0.014850164115920226,0.0023826197798295524,-0.048070545355364376,-0.05133773025709071
2021-08-05,-0.012317481950533296,-0.01874508549403603,0.0035288838983637584,0.027372837385962204
2021-08-06,0.01743329070108013,0.0027686277285077915,0.01169672053547214,0.003444796572296351
2021-08-09,-0.017801030915444483,0.005790985081649788,-0.006855195950858979,0.011162046118835974
2021-08-10,0.016378864677702283,-0.0009755717617964885,0.031541213445169296,0.016874769743609047
2021-08-11,0.006310474046834007,-0.02715831943379393,0.0029214197645704813,0.005606859429258289
2021-08-12,-0.01186989807526866,-0.012194116154068431,-0.016250715472862685,-0.008883063265733803
2021-08-13,0.020034861684809,0.017681828405881367,-0.012215982777600328,-0.018113989945698634
2021-08-16,-0.00877230782765418,0.0035071132964055226,-0.030008626657525676,-0.008536708509355688
2021-08-17,-0.014667424701743401,-0.004147628094914108,-0.017855789612613554,0.001233721370925471
2021-08-18,0.004279320947214484,0.006471051792437472,-0.00038608878351035006,0.0036694618279030627
2021-08-19,0.0024614498457253995,0.002149736662057214,-0.030707788944702847,-0.0191144861720332
2021-08-20,-0.006036347135106524,-0.011138234834644324,-0.01747644988166213,-0.03483849884400537
2021-08-23,-0.002692842231664938,-0.00950139823195309,0.01509027448906753,-0.006900448465600839
2021-08-24,-0.027447448032349206,0.0006588973354854923,0.006763344893832998,-0.0015019818498717315
2021-08-25,-0.016467197816045866,-0.002884450923861373,-0.01259682724109702,-0.012759920995340207
2021-08-26,-0.00513630090971161,0.005761675535225748,-0.010730098061517881,-0.004380846989385878
2021-08-27,0.022345080731455885,0.01011804910649346,0.013815178469738322,0.016025551957713064
2021-08-30,0.011161887046624273,0.0030625579664806625,-0.00442587295255581,-0.015271238532080626
2021-08-31,0.010407061047910466,0.005157926748975784,-0.009774432356990256,-0.005688740394935662
2021-09-01,0.0027085170796145846,0.0009461571954086914,0.012225139158191352,-0.006574610878618178
2021-09-02,0.006617833571109739,0.009566049920554409,-0.00602445296908913,0.012555619737392823
2021-09-03,-0.010850134922872496,-0.0013612114548338895,-0.0037105079676159423,0.0026036416983192343
2021-09-07,0.007432875952964742,0.004489484908055473,-0.007875044341370836,-0.00781162366586859
2021-09-08,-0.014660993012288705,-0.00039452789772341165,-0.025961184776973012,-0.0014450676351049187
2021-09-09,-0.009209446029389962,-0.0032437476946310033,0.008676634187153445,0.00026554117112359554
2021-09-10,0.005421966856410443,0.0010935590463082403,-0.0015620631735215676,-0.0047464783571894206
2021-09-13,-0.011598661918175872,0.018037167124239313,0.011859541272546792,0.008224900568053358
2021-09-14,0.012193678128772235,0.03381446823508379,-0.005109918125486503,-0.008303783116358841
2021-09-15,0.004472252523330562,0.016505885565385136,0.0200152723595181,0.021177413555398924
2021-09-16,-0.024194325743157875,0.014039044012048701,-0.020323767936353824,-0.031718042888390356
2021-09-17,0.021986699560286847,0.012368993442526306,-0.007821503477873663,-0.022029911439703006
2021-09-20,-0.00390355640594537,0.0060834581776239224,0.012544748003587031,0.0034209659276047827
2021-09-21,-0.019159697252310846,0.007134167149098557,0.0020207311434029375,-0.013640964083448628
2021-09-22,-0.013372688523356283,0.0036775219921415143,-0.011453551089256317,-0.023128907086874075
2021-09-23,-0.004629445169453891,-0.006944202648024166,0.005242249976197846,0.0005383718659779171
2021-09-24,-0.01667368237526287,-0.01590103663340916,-0.015246488689865209,-0.0035513967025535163
2021-09-27,0.027614730230459433,-0.011363225399122849,0.026263892169356894,0.010593974754748221
2021-09-28,0.007911445143925808,-0.004578834134446076,0.005120052737379203,-0.0031504089810485032
2021-09-29,-0.005877481900257672,0.03743179669832028,-0.012189162051197005,0.005012633803547488
2021-09-30,0.00500141346377447,0.001978218327858723,0.006603330364880498,-0.0019017799665015708
2021-10-01,0.001736378476949657,-0.010414523438853927,0.02129202065999039,0.019685773069743565
2021-10-04,0.007940089501187433,-0.006255413736439057,-0.020375977355594474,-0.013344271498064348
2021-10-05,-0.0014007426878149126,-0.009369784419353978,-0.001164319910332199,-0.0023681518056278238
2021-10-06,-0.006492829180541812,-0.01103218130143336,-0.0315102082170232,-0.020373696640794844
2021-10-07,0.009684556634804307,-0.002234251179895029,0.013769363710980458,-0.0046052225738193436
2021-10-08,-0.006319953377533605,0.007688806764110224,-0.010923999066012277,0.00023341614750087758
2021-10-11,0.01917234967727473,0.020664005411660993,0.017535427198326167,-0.002261724583924585
2021-10-12,-0.004125813910928709,0.007782629694445478,-0.009206436146687532,-0.02265786752401446
2021-10-13,0.0038177669246354552,-0.01087209445514195,-0.01755665705474783,0.022115215871759953
2021-10-14,-0.00021490594165374244,0.019548086688140745,0.004446956770101526,0.007596454049183746
2021-10-15,-0.013652782806218944,0.008257352042488769,-0.00026712242698729606,-0.0029660098496139924
2021-10-18,-0.008100872457993891,-0.01116131801824516,-0.019692781839398262,-0.03018715032546497
2021-10-19,-0.013876494314503692,-0.01736148803054683,-0.00806410507499428,-0.0236382497667605
2021-10-20,0.0030198583698666133,0.01455154769755963,0.005394150672591837,0.002782386611793274
2021-10-21,-0.014940043960196683,0.012340212224248174,-0.02335986594241568,-0.016211550288494907
2021-10-22,0.0033922996472287373,0.03878720489365002,-0.02112266091514454,-0.01956066932159637
2021-10-25,0.019318572557630316,-0.016156821101749895,-0.02849489584300934,-0.048929238547584394
2021-10-26,-0.0018804624466300587,-0.02363738211841084,0.022671040406624474,0.01799915297045134
2021-10-27,-0.007853580851657122,0.025899569229850896,-0.004285861422085162,-0.00020257110264050582
2021-10-28,0.005256308633300233,0.001362638616685695,0.030013484662106293,0.11563743966299767
2021-10-29,0.0023648053873705785,0.010335462312395976,-0.023149562039004735,-0.041628490470771044
2021-11-01,0.01566752376701859,-0.0025720161679383922,0.02424371512759267,0.019120330653172105
2021-11-02,0.16543299151461985,-0.004395227519913725,-0.027723950393916733,-0.020695902402175025
2021-11-03,0.05022197259636914,-0.00011546155504382587,0.004497515076518662,0.0014348116326508356
2021-11-04,-0.001623852255686271,-0.021464479387368444,-0.018314010449649722,0.0025791729423131435
2021-11-05,-0.005210156800270635,-0.033308687998194655,0.009130930263290142,0.02927379999957768
2021-11-08,-0.011574579290620762,0.0035790917524590165,0.034711393891901525,-0.009775813057878776
2021-11-09,-0.006105951135161394,0.004777274205076164,-0.00493085377734471,-0.003863154945895301
2021-11-10,0.0012367633760864555,0.012648396007658984,-0.009645751141880293,0.00045959914245293637
2021-11-11,0.010969922933235338,0.009591260617594674,0.02320233282510037,0.021298688439701705
2021-11-12,-0.012015058206041781,-0.012141665037369817,0.009743215509985085,-0.025618467463363298
2021-11-15,0.0032605281996254763,0.0027822375642026966,-0.031614885946825336,-0.002010132268925876
2021-11-16,0.0027442269712991546,0.004541123985427515,-0.022469186379910366,-0.022385950546942278
2021-11-17,0.003534584993329609,0.005915674819258388,-0.0380428590127451,-0.031042940537154548
2021-11-18,-0.007748451922447194,-0.0108443742102571,0.005607050069283427,-0.0018327580689087753
2021-11-19,0.0037458691510940077,-0.00067275180438554,-0.0014819587743993522,0.0017239243407357295
2021-11-22,0.0034496751685932003,0.0010432179970192752,0.018320787286463466,0.0047450401459264
2021-11-23,0.008152559488615188,-0.0044934490170783605,-0.004119415661874106,-0.002651480453100485
2021-11-24,-0.02272508111588113,-0.002189254523751124,-0.014238350516102748,-0.005179964441436294
2021-11-26,-0.00820469164774968,0.01886998654686719,0.006148965915373769,-0.0041031842186988535
2021-11-29,-0.03206488028359905,-0.005434561080463023,-0.04735530016008804,-0.05409627844006348
2021-11-30,0.001520313842341959,-0.03247318265772343,0.001218488205574391,0.004756514297607123
2021-12-01,0.02145670663953951,0.02929252119547892,0.03777178814281247,0.01567062896464622
2021-12-02,-0.009824183004645843,0.027126603331106468,-0.005479061679439512,-0.0037922092896553183
2021-12-03,-0.010884685094503558,-0.028957258660625325,-0.011010542493471933,0.004864676471320817
2021-12-06,0.011560014944717041,-0.018638894894425842,-0.003035154736660786,-0.01256388602402965
2021-12-07,-0.011088607027918904,-0.004301912750245641,-0.009510345945040195,-0.005472211053995049
2021-12-08,0.003867896914825925,0.005826153154509773,-0.014390833794392667,0.00538265285533303
2021-12-09,-0.001300384898995548,-0.01386964205416134,-0.014262879421791587,-0.013316090947961759
2021-12-10,0.004849583969349879,-0.00968676164513286,0.0320318620106641,0.027472530094971328
2021-12-13,0.01088618467628364,0.00046233566164824436,0.012988193062374743,-0.005029796486373611
2021-12-14,-0.013892340641831206,0.013860460561854346,0.010452117969976566,0.022930749494828814
2021-12-15,-0.003046185957907094,-0.047386487592442884,0.003666164574113808,6.773954279652716e-05
2021-12-16,0.017506458453640295,-0.013294101547600391,-0.014344984054069788,0.0025784255927859406
2021-12-17,0.0051635883240893745,0.001604188556775906,0.060970270039787625,0.017678562437786906
2021-12-20,-0.004595284953263997,-0.012171270933370722,-0.0431437124349439,0.004034971360830017
2021-12-21,-0.0210158846063958,-0.01849941177402295,-0.010375966296761928,-0.01911824364814005
2021-12-22,0.002542876298630599,-0.00869404071326721,-0.04247417767284349,-0.01327329840495292
2021-12-23,-0.005782339464024646,0.0136677146805166,-0.013403970178257098,-0.008319948391247832
2021-12-27,0.010784862761482644,-0.0016486155803375618,0.03356214034264675,0.00972301940429007
2021-12-28,0.008215619246917685,0.0028817328527791838,-0.017518719376633896,-0.001131016253025913
2021-12-29,0.007560173606370534,-0.005540593697730523,-0.0031921477871751144,-0.0014077003173889853
2021-12-30,-0.0033032264876184684,0.008968128315468511,-0.02535444095083739,-0.011333397845340494
2021-12-31,0.007035527654468531,0.006933145290916645,0.007160232771473086,0.015690066657233055
2022-01-03,-0.0030439522992564,-0.023725462366721167,0.020423251979378748,0.006595628572944347
2022-01-04,-0.0009189974613111173,0.009999371995349643,0.015376393297500509,0.005249797305527659
2022-01-05,0.01779700254792623,-0.009552510603368619,0.03296184830341643,0.04554654349286004
2022-01-06,-0.01868160287772235,0.014040878027295155,-0.0010479413478428415,0.022845404535496175
2022-01-07,-0.003742733704388483,0.011520968857629453,0.006920103216995307,0.02555340366835671
2022-01-10,3.095106946017414e-05,0.014976963589963725,0.0035692741736668507,0.014590633684164984
2022-01-11,-0.025539885527275836,-0.012941012969907392,-0.005603265082108271,0.03475601369469793
2022-01-12,-0.012399087217928182,-0.007362863390049714,-0.010457751733670789,-0.006764433761097758
2022-01-13,0.014962229911195432,0.004152952595961625,0.01903643856053463,0.04270845006850933
2022-01-14,-0.008851484500497529,-0.012275924937187998,-0.027443034194018688,0.0010864529829015864
2022-01-18,0.007952272967965229,0.007361908878789278,0.001178469367328707,0.021209709022170807
2022-01-19,-0.00761597329768671,0.03467938546343362,-0.0023679228934987244,0.025622322471954877
2022-01-20,0.0020109311635825196,0.010083665155172325,-0.021019795863710382,0.003751071296507799
2022-01-21,0.012052912839452333,-0.00732608128126536,-0.0019894927427495206,0.011322550213053617
2022-01-24,0.010700111201832162,0.009079503667534385,0.03524096732503974,-0.01930156602369066
2022-01-25,-0.013884652748420875,-0.009666930682568728,0.006939763379985336,-0.020222740137214406
2022-01-26,-0.007594955594068158,-0.014033999157041014,-0.027068248185212123,0.01079181654778457
2022-01-27,0.010455777773115755,-0.006632630537038553,0.009272892668164962,0.0016640275470884147
2022-01-28,-0.015158219409603456,-0.008754131175206192,-0.01095747932150902,-0.02719745626604261
2022-01-31,-0.009125230660988783,0.01295674738001644,-0.024549005830461434,-0.034906347612645015
2022-02-01,-0.0022058642832264858,0.06292198713959436,0.023193625069513762,0.012884236988967767
2022-02-02,-0.01397694336528859,0.0030471433870067482,0.019095709517725483,0.1574534817782547
2022-02-03,0.0026903495563841,0.004355895986120656,-0.025540282905794416,0.03596879277334389
2022-02-04,-0.01698110679919066,0.012979279825860657,-0.02490841849149554,0.007419917730252915
2022-02-07,-0.0006350743154314884,-0.006922170222313977,-0.0010240344860557807,-0.0042323954399716215
2022-02-08,0.007630113325381389,-0.008691318449446657,-0.015786598946195045,0.006403201938199394
2022-02-09,-0.021108872337059846,-0.010579720023863919,0.04189322242165756,-0.007700541099439125
2022-02-10,0.014143903278413823,0.023662620205661643,0.07419950784330955,0.0017949140235629935
2022-02-11,0.031248564647858648,0.006128044087760361,0.182047295803621,0.03222015235918248
2022-02-14,0.013048344638095868,0.012819976448098413,-0.002980762238012028,0.005458504537603385
2022-02-15,-0.00010010240747400714,0.0003613274510134573,0.004548914694005993,-0.030002328414909046
2022-02-16,-0.006086094036128087,0.01000952611957091,-0.039806124651705736,-0.0003671060590205045
2022-02-17,0.05831907745035233,0.03205766069722767,0.024056996760885463,0.041999395520268365
2022-02-18,-0.0066047725088171656,-0.010527938994831156,0.0031234127199697495,-0.015255249968238448
2022-02-22,-0.04675653030285092,-0.016285722205558826,-0.00938086109856169,0.011281061019271083
2022-02-23,0.0005114720873821768,0.010640004400744491,-0.003208330471616571,0.008265811916917686
2022-02-24,-0.027547330929147972,0.02032244753659327,-0.030977584549281394,-0.03433923434093669
2022-02-25,0.015126118815206611,-0.01299791231843218,0.01514824735289489,0.0343393298839601
2022-02-28,-0.02778033926867983,-0.013850660777121104,-0.04942809471451526,-0.029772288095047658
2022-03-01,-0.011702521493202504,-0.013495363292630666,-0.03020212094751846,0.00756623462235528
2022-03-02,0.014189600344208547,-0.013621064423306566,0.05601712445159592,0.02397852314271333
2022-03-03,0.02055011234344269,-0.0006588261610234493,-0.0013728210422559034,0.006933848833999098
2022-03-04,-0.003590227942610406,-0.02117871242283536,-0.03622625638697505,0.005719557862791111
2022-03-07,0.027833611336156798,0.05006109156167,0.013119799999700713,0.04859125684847646
2022-03-08,0.010775232649440827,0.021774272269257353,0.023256800728964532,-0.0030446498018031516
2022-03-09,0.00937895773627713,-0.0032952174998573877,-0.0746238621056046,-0.048318038130978555
2022-03-10,0.01917615306183761,0.011446167799336035,0.03851779557629683,0.05555980376513891
2022-03-11,0.014551081398714832,0.002825324365774394,-0.008096165733199687,0.0015811597794365036
2022-03-14,-0.01575385248576104,0.029389086216054787,0.03823790293878708,-0.017641477436253564
2022-03-15,-0.03186427078802835,-0.017136091482283664,0.0011055476702136122,-0.005053886189132217
2022-03-16,-0.0054402116216872715,0.017887963872809866,-0.013744497847879214,-0.01192828113079587
2022-03-17,-0.00659613019080834,-0.0008741061640579507,0.003192360240034671,-0.037627804405716794
2022-03-18,-0.0313832119234496,-0.022882215155598795,-0.009651313132349074,-0.0029508963298207694
2022-03-21,0.03241934665133599,0.004052615354212958,0.023611171886555385,-0.00010473462516412055
2022-03-22,-0.004670175443303344,-0.009264845885985229,0.023129410303278176,0.008605296511550035
2022-03-23,-0.0013781597546036646,0.012647211866033611,0.004947557805872801,0.04225493025712778
2022-03-24,-0.052441797625037,-0.027908274807935195,-0.01206032078253566,-0.02618838054094351
2022-03-25,0.002652052968722239,0.006914688350378523,0.022057844080515684,-0.004371123811669834
2022-03-28,-0.012608023115159343,-0.0044004029175465885,-0.003974445808432276,-0.0184634182465294
2022-03-29,0.020280629239265775,-0.0027408766387708554,-0.012370707209300127,-0.03416850857552471
2022-03-30,0.007214752315362803,-0.0011039944589402925,0.014803043404888167,0.04370680201125307
2022-03-31,0.00465250210166946,-0.0022477796392032304,0.007398382582422751,-0.0075082774656964335
2022-04-01,0.021312917762945464,-0.02506087395699186,0.02515822569244719,0.001005786410734318
2022-04-04,-0.004422754439816651,-0.02375079646994342,-0.004689536321148324,0.029433350047126123
2022-04-05,-0.020033533406429896,-0.0035071240845532953,-0.03037614902873811,0.01703856542326005
2022-04-06,-0.019343559255096215,-0.007257973274047501,0.00035681133597629047,0.009057011769646439
2022-04-07,-0.008117021010704651,0.01291029462174844,-0.02146266651380482,-0.018856697275078438
2022-04-08,0.009204242559509815,-0.01849208158354584,0.015577441818750572,0.009457281724160566
2022-04-11,0.011212115048174882,0.013350830388181655,-0.012621580604165288,-0.00713983655297205
2022-04-12,0.001128888123272709,0.027010153257447572,-0.013472740687492761,-0.01453321713046142
2022-04-13,0.011906251450977987,0.005605981209147428,0.013313453567361778,0.03856025974261018
2022-04-14,-0.0009449022692328245,0.0018644841004484963,0.045602484157812144,0.06948884867451914
2022-04-18,0.0033229931248524927,0.00463824575468692,-0.0001422933088503879,-0.033244120696739224
2022-04-19,0.02853981330663542,0.008618543210888632,0.012733706698227956,-0.004256305772735178
2022-04-20,0.020243315759691093,0.021139862488016095,-0.015341410420724908,0.007836108156990783
2022-04-21,-0.005263563988182191,0.0070548623772273555,-0.01606206100661061,0.007640101816397585
2022-04-22,-0.005553863977897339,0.0047125666311162995,0.009178954155675424,-0.005048132918996678
2022-04-25,-0.020707872314298093,-0.0019111320018299974,-0.030683400241789123,-0.03109848585119163
2022-04-26,-0.012250346395127162,0.012849369028839777,-0.006561690993960669,-0.0009639547964912752
2022-04-27,-0.00013688413391872625,-0.007865223170461557,-0.008018077180075737,0.018794281607784978
2022-04-28,0.07713064581083946,-0.0024692072055669534,0.07343283813568685,0.010118224607059984
2022-04-29,0.019134193264623352,0.023533457444301673,-0.017145641590196728,0.008906137524796784
2022-05-02,-0.014143878947720056,0.0022980805856454636,-0.012956677452298157,-0.009383710720297384
2022-05-03,-0.014847062744570625,-0.002294621612765283,-0.018904298252013303,0.016303709681416235
2022-05-04,-0.01245948011898905,-0.01301462826037194,0.010669849533076904,0.002093834378798891
2022-05-05,-0.017488935062589757,0.011272903201876579,-0.04968147167957326,-0.04738303237335999
2022-05-06,-0.015170866801420609,0.015658552984928995,-0.024538688089671974,0.010640335417676065
2022-05-09,0.04068014080053124,-0.020239147663484655,0.03419178347828651,0.01685397814360784
2022-05-10,-0.013381946597247833,-0.02042975837955205,-0.023424291965691353,-0.005216536319909404
2022-05-11,0.016404866240532702,-0.0058874528493904135,0.014249455741087241,0.02044774188382381
2022-05-12,0.0026654752333951674,0.011842066866766414,0.011891042662116363,0.004860306616302287
2022-05-13,-0.01547033568559817,-0.002495976415531051,-0.036255836514663284,-0.0321589905343665
2022-05-16,0.006458431656493126,-0.0021499325706172898,-0.013378227905350034,0.000193833961779734
2022-05-17,-0.004210137877478412,-0.007303038114163156,0.03544370445359635,0.014968024772127927
2022-05-18,0.011909433896654317,0.0012161880218931609,0.039829455683085845,0.040519255963074235
2022-05-19,0.0009289281023166784,0.010631309750201951,-0.0008205538561578928,-0.020224839242033353
2022-05-20,-0.00539660243488297,0.0069754118582180625,-0.04763765123546296,-0.0452967320995266
2022-05-23,-0.020611317139090722,-0.002463190700142554,0.00024520467564310283,0.03602448092786539
2022-05-24,-0.009008156053446464,-0.021330831151418643,-0.016055074919797838,-0.0031899311267392276
2022-05-25,-0.003689223549002238,-0.00972239194445157,0.01920460291606219,-0.004960860481203946
2022-05-26,0.009516785157258286,0.009402888122381464,0.0013095487940492506,-0.0033453668836338005
2022-05-27,0.0019490743903874189,-0.004922996744472663,-0.009035021835173802,-0.024916131037558915
2022-05-31,-0.008401391160338738,-0.009399457195323339,-0.010403906334182273,0.02153002325217579
2022-06-01,0.019867652191619435,0.009477925225519372,-0.012860494221793198,-0.02952302779432055
2022-06-02,0.010027319395949412,0.00974470679431303,0.008545334253594723,0.023514787545069013
2022-06-03,-0.008688635745923852,0.004137683823644836,-0.020820232916959402,-0.01687300220299838
2022-06-06,-0.00014902526323461564,-0.0040823928025539215,0.015503500812523439,0.03914234572925616
2022-06-07,-0.006728918078765075,0.001377587658977393,-0.02915663776694571,-0.030861031814402706
2022-06-08,-0.002652286759086464,0.016237473758271746,-0.006373600222412304,-0.031122805567387737
2022-06-09,0.004924906844383202,0.0032510293458956133,-0.007438367980392983,-0.019524458052921936
2022-06-10,0.012146468575143149,0.008412914139882481,0.002213671710031534,0.02632500482699648
2022-06-13,0.004993321295753576,0.014431418318807357,0.016730423570026673,-0.00454625388165561
2022-06-14,-0.012293077196861572,0.0029831306099405873,0.0182008477103052,-0.011853167822335616
2022-06-15,-0.013987172084431742,0.009436031014581132,-0.03728254837578128,-0.024872849808243076
2022-06-16,-0.028493671133635497,-0.015344929020728412,-0.01828025838163578,-0.013602938124203268
2022-06-17,-0.017329878909905793,-0.012043162012929442,0.028756677484720508,0.010183298421416433
2022-06-21,0.014626495960447738,0.00823011461161624,-0.017289187732940456,-0.015173943711950674
2022-06-22,-0.010267493954872168,0.011350980337986417,-0.02600073316123958,-0.0048104246205207864
2022-06-23,-0.026295206587496803,-0.01355215663404853,-0.021844836183240943,-0.039501768054668
2022-06-24,0.01694982159230861,0.05464789379090535,-0.014473893407740843,0.029155169674086094
2022-06-27,0.012544660998541016,0.011304297157770243,-0.003633427330628487,0.007192898842311415
2022-06-28,-0.002293933567048767,0.020051088836034917,-0.006209075558317484,-5.233742184031567e-05
2022-06-29,0.013503271103198093,-0.06538582414204015,-0.03245963710409565,-0.020191199895043793
2022-06-30,0.009924411607380642,-0.0022776548482888563,-0.009696968353037353,-0.003336498998077319
2022-07-01,-0.014577934258613218,-0.0026655249412093143,-0.028923963775827215,-0.021908878690269147
2022-07-05,-0.01441116436976899,0.018688754781707,-0.01644818378053335,-0.0025704201228755955
2022-07-06,0.00010275787538195288,0.010837226736611227,-0.0458972222474592,-0.04612176339103389
2022-07-07,-0.0076948252898612485,-0.045399920450894166,0.006668741323177376,0.00937736190044828
2022-07-08,-0.004012871314672864,-0.01833609654178596,-0.0010654337251869406,0.012409527918480611
2022-07-11,0.005498061160690959,0.022976770497122614,0.012515728277855562,0.007487636072175442
2022-07-12,0.008768999565616824,0.013274005392549413,0.03777680262350303,0.03110556998626383
2022-07-13,0.0043069949459718995,0.0018562671902012436,0.03389377013223846,0.02659347026772206
2022-07-14,-0.004298654558456373,-0.004956251176974517,0.005469840034530146,-0.003954867378341082
2022-07-15,0.00420442568688402,-0.009870825211200623,-0.014099794991634742,-0.005468615933650667
2022-07-18,-0.003348853432818674,-0.0059978709831379215,0.024821205672135867,0.015345070203760549
2022-07-19,0.0005057831400355484,-0.009137793836513468,-0.008635195030120939,0.000697911686466525
2022-07-20,-0.009702453045835828,0.0057232072368302855,-0.017985314022353226,-0.011573870617928812
2022-07-21,-0.007861567449128862,0.004613587180384775,-0.019120480366849893,-0.031307460993054405
2022-07-22,-0.003806802606194877,0.0016821979922684166,-0.012505219985424757,-0.011491287895308167
2022-07-25,0.03010292625581314,-0.003080393485494844,0.021716313230211295,0.01914446518344856
2022-07-26,0.017268943870181325,0.012678282208966416,0.016805614938504215,0.010720784641499174
2022-07-27,0.00940296917709155,-0.0005911919040545929,0.005470127399698276,0.007693018296390797
2022-07-28,-0.0006360151372349701,-0.001874941443723608,0.019372103987087445,-0.0002806424806459859
2022-07-29,-0.010896806213933945,0.01543417830143988,0.004758171628428041,-0.01776335302086094
2022-08-01,0.014536564594188308,0.0003479587669591058,0.017887176841725805,-0.0027196013562174153
2022-08-02,-0.010281559214832342,-0.04489278979921302,-0.0070426084471864586,-0.0019503560214588168
2022-08-03,0.015097390574728455,-0.033324015647340714,-0.0038867802347135674,3.026509470335434e-06
2022-08-04,0.027634796953083945,0.006144084907603006,0.02351942880274533,0.08548443269463367
2022-08-05,0.022585135612567697,0.005960442414834776,0.012179834301032762,0.061509114931319345
2022-08-08,0.004252399557329247,-0.003868913179745914,-0.010289530560489955,0.0031403450298090755
2022-08-09,0.012674965641669471,-0.012332599153626972,0.009881140449572197,0.036106053578462353
2022-08-10,0.007125319946149462,0.0183051926517806,0.008537805986709932,0.004741411321807068
2022-08-11,0.02446692322033951,-0.013138290646220274,0.041388513856462354,0.017616883665576892
2022-08-12,0.01705328917435678,-0.007077963893431315,-0.008360738496739756,-0.023981398126109173
2022-08-15,-0.026315324698101016,0.004060668421768927,-0.010987972424377946,0.01005919409560683
2022-08-16,0.008223454645206577,0.008665945322734816,0.044792080218336236,0.012615943269123797
2022-08-17,0.004529667616180455,0.012913390880462599,-0.0273405482360613,0.012699232908186663
2022-08-18,0.0076812798126832185,-0.005125251018181693,0.016321131675942145,0.001844983088796267
2022-08-19,0.002160438397406046,0.008620468558728625,0.0130262175188413,0.010503893490364513
2022-08-22,-0.008509907357570734,0.008363537252030075,-0.008911623281637221,-0.004834935984322435
2022-08-23,-0.009240682888120424,0.016494051670136012,0.011122786406692316,-0.00048691709402039814
2022-08-24,-0.01203835775220175,-0.004264169434019643,0.023484480541308354,0.017399038210494884
2022-08-25,0.003830789330695139,0.014740664437633194,-0.01642327111236381,-0.011103556085972383
2022-08-26,0.005964348985131776,0.0077107432694324685,0.007021284225291795,0.018423233110871268
2022-08-29,-0.0011569360044554177,-0.013713151640573455,-0.012461786969598997,0.0032912679282825607
2022-08-30,-0.011270362731174937,0.010889978267447276,-0.01803540438596453,-0.002330820234156112
2022-08-31,-0.000581519995057676,0.0034418027157962928,-0.02077469555516484,-0.038018436160638214
2022-09-01,-0.027200831877622907,-0.0025817001610603137,-0.02173019505429989,0.009957239720840201
2022-09-02,-0.0046274873309133935,0.008417653899224874,0.0027564221820663756,0.004081617210597491
2022-09-06,-0.00928227358960126,0.02499721766966663,-0.004543807891237581,0.0016211938241515317
2022-09-07,-0.005866224944591651,0.019961717691226524,0.008679846559410783,-0.007299339691824228
2022-09-08,-0.006482759086743627,0.019102247285624666,0.002826753642547057,-0.013794424305645545
2022-09-09,0.009308778102812894,-0.0017473472833872648,0.03731745282851568,0.01958548027563746
2022-09-12,0.04718800303280058,-0.011163826515795897,0.08166959418863416,0.013294404945592824
2022-09-13,-0.011457485562197237,0.004813258393045652,0.02482557951322628,0.036100020150938814
2022-09-14,-0.04164595455879082,-0.01514206696464123,-0.042847240896782254,-0.04162949193000488
2022-09-15,-0.006807392487012412,0.00026457033161507784,0.016955797158268317,0.020785643597557066
2022-09-16,-0.004953943691811879,-0.008526303833868426,-0.00918649693626865,-0.006177746390447176
2022-09-19,0.0061706361780203105,0.010018335646576903,0.036664011369123395,0.029752504208705198
2022-09-20,-0.00037674999973683586,-0.00594132084737551,-0.01845384064179972,-0.028296492165068653
2022-09-21,0.012637314231643791,0.007439264712803845,-0.019745472538915093,-0.008339094931945025
2022-09-22,0.021010710442962554,-0.015226538568979653,-0.0017003603263353179,-0.0046491874134636305
2022-09-23,-0.012914843872169304,0.0201720895360571,-0.012408737557335854,-0.011259752082760581
2022-09-26,-0.0044346411217128495,-0.01620347858496347,0.0077820232283100504,0.023466615759180076
2022-09-27,0.011294869112431815,-0.0010377673034666548,0.003979724876123983,0.010633322036244355
2022-09-28,0.014526773782425471,0.03233930546387451,0.0035573570654425374,-0.012315352410145197
2022-09-29,0.033768460470470794,0.024390304994657865,-0.01360269977360784,-0.005520670961033668
2022-09-30,0.022009275409851224,-0.032602785617108894,-0.025992074632740184,-0.023739483984889655
2022-10-03,-0.01661471840415628,-0.0003450445397704949,0.02350837813143382,0.024220184260181354
2022-10-04,0.012089537697304122,-0.01974350964277298,0.026055254952230246,-0.006957505103852624
2022-10-05,0.0007681791140904566,-0.0009801005477773593,-0.019379245956386015,-0.013571062303204469
2022-10-06,-0.006627530494382304,-0.01665474106272715,-0.00432077761617717,-0.011992365268375656
2022-10-07,0.003423811754775956,0.003329288238244993,0.0036677699164404595,0.003664833657830876
2022-10-10,0.02144768985298888,0.01830412888305561,0.01334817717877696,0.006149463966554172
2022-10-11,0.00041177489014232807,-0.00015784132656532224,-0.0015240967279587757,-0.009645180327424454
2022-10-12,-0.00882807227758111,-0.007501598836420809,0.02734870636459736,0.006393738622472462
2022-10-13,-0.00920694746204069,-0.005989547855762806,-0.012642231589731913,-0.011123614541077895
2022-10-14,0.012793656178856527,-0.008707576245508393,-0.0055873269402942904,0.010381002921583796
2022-10-17,-0.012731486190766635,-0.004534549146025461,-0.009411298711641418,-0.005509036442717927
2022-10-18,-0.02763775097950702,0.009996335791692096,-0.02990041357213554,-0.018203014492771168
2022-10-19,-0.01637385269212578,-0.0069136005014331006,-0.014507335496620827,-0.006892899633953243
2022-10-20,-0.026008860402728595,-0.012436945327843556,0.0038259025444679867,-0.014447435351590657
2022-10-21,0.018569952070937937,-0.02669344036678447,0.002871041704234925,0.007867765867601698
2022-10-24,-0.017899998693531982,-0.006614825339084434,-0.014829981586202006,-0.01472785672541773
2022-10-25,0.00898781372324798,0.004922629230561536,0.007087979218414166,0.017986860250176307
2022-10-26,0.02199095531198878,0.01956556296868902,0.009913488937656027,-0.0016138947938479503
2022-10-27,-0.00879782548517202,0.0028333552012985083,-0.047710991237269185,-0.008812960581250483
2022-10-28,-0.004135289905985065,-0.020406123860293064,-0.036076725450403684,-0.04336538347313049
2022-10-31,0.009084023640759002,0.006926419800097689,0.0452832524834568,0.0038359841218339966
2022-11-01,0.00037897111632267575,0.0066546788860041145,0.014785514787512846,0.040830733803432925
2022-11-02,-0.19076028920401597,-0.1696479439968545,-0.04407681280672602,-0.13129793609275048
2022-11-03,0.03945133150580012,0.016615889265897722,0.018593235430716764,0.032906208819291675
2022-11-04,0.010728919023342845,-0.04561885189786689,0.05253031290646813,0.03893176083039495
2022-11-07,0.003658662154644627,0.010399573575011398,-0.00453208869395786,-0.014060080213561171
2022-11-08,0.02439755982777145,0.006318335408907319,-0.02159106410870742,0.0033621052726249146
2022-11-09,0.011360618376878635,-0.010307652833762455,0.011370005573501613,0.012132751432795928
2022-11-10,-0.015244345929115513,0.02891156189650751,-0.02102565329376635,-0.046816712408336264
2022-11-11,-0.00938931553113136,-0.010097619668084139,0.0077317233835943605,0.00042802605262547144
2022-11-14,0.051958677601745315,-0.002487154473392955,0.027242306902527904,0.003975309114508807
2022-11-15,-0.00961851413528875,0.033882532229846996,0.0022357070267353847,-0.019464700161471633
2022-11-16,-0.010118773657969954,-0.045125911327783895,0.008159102327614985,-0.0013975990271979308
2022-11-17,-0.019966583458774587,-0.023825794681278295,-0.015925382722962764,-0.0003844836895762812
2022-11-18,-0.029414682026148053,0.021146836214400923,-0.0099357940724988,-0.004316206431695231
2022-11-21,0.00764955039386735,-0.011973537401074673,0.002549008210090058,-0.010817708981441288
2022-11-22,0.012315673298494582,-0.0019307362325058572,-0.004987307481130127,0.015202255666274252
2022-11-23,-0.0018361258145168967,0.011744979192216714,-0.01835422692123473,-0.013120979664143441
2022-11-25,-0.004042772083308846,0.02318287276347996,-0.008607334186606294,0.005363884373589216
2022-11-28,-0.01488441473146318,-0.015493850854642617,-0.005941450005389051,-0.0298278860305984
2022-11-29,-0.014793815432297602,0.007207008846149679,0.006605389658670804,0.021194276136479413
2022-11-30,0.027543169671363568,-0.0035075701665159553,-0.012186421231715837,0.03222096593939141
2022-12-01,0.009728079130823814,-0.001943624797500848,0.004480839906353999,-0.016367626597365074
2022-12-02,0.017412919975319976,0.004781534724494796,0.01841061866821518,0.018631807488342072
2022-12-05,0.0013798858370678135,0.005448278746639359,-0.015791870049871787,-0.010377215901459588
2022-12-06,0.010849161314617162,-0.04380771620920711,0.03519806594295134,0.04820518821941931
2022-12-07,0.022753439471031332,0.00024052326212562576,-0.008855785049480439,-0.027368972410936807
2022-12-08,0.005875658328882413,0.0010532768342800952,-0.01141217624646845,-0.010657069394587885
2022-12-09,-0.011402151417202962,-0.014066873908284441,-0.040867940301297326,-0.01585659092049451
2022-12-12,0.0003898552445122383,0.019521353952203065,-0.00018165366455673987,-0.00373981490455012
2022-12-13,0.01565962140029041,-6.812950502362025e-05,-0.000624917800826609,-0.001247582392165241
2022-12-14,0.004954063810911847,0.004631396784387912,-0.014337148808493134,0.006406120351876058
2022-12-15,0.0027876881969591157,-0.019976044202610753,-0.026980902377452612,-0.008997146175368932
2022-12-16,0.015932585393781947,-0.011342032205966364,-0.001711990895614829,0.004190765868685636
2022-12-19,-0.0020394611346524205,-0.012898615190763248,-0.013260593069274703,-0.013024188387760248
2022-12-20,0.016658310779118654,0.010437895797588245,0.03873637161477709,0.0160385138751366
2022-12-21,0.009932305709419241,0.006543237175450335,-0.014542036094910449,0.028822824853660778
2022-12-22,-0.0008049234822093444,0.01387591674360665,0.004957639712529296,-0.004960138502982506
2022-12-23,-0.0038382142537048258,0.01408272079957025,-0.014246005274552755,0.001167401663474352
2022-12-27,0.014084887545349355,0.0038009047922554426,0.0012101829445289993,0.038124405912277254
2022-12-28,-0.0031686918966639596,-0.0061374819925266305,-0.023494544348532344,-0.01831194573450071
2022-12-29,0.0035832297747884247,0.005778976992409937,9.96031515977866e-05,-0.021055939640304503
2022-12-30,-0.003372835679909591,0.004445740239136107,-0.01417731648047018,-0.0248881838471887
2023-01-03,0.009752355039330095,-0.01001943904393105,-0.023640818528273603,-0.0052051570103873145
2023-01-04,-0.0016754310523246427,0.019969051964370797,0.016021175124732733,0.03683909402140117
2023-01-05,0.00958802724042491,0.012859621723497357,0.012143478291448536,0.03410839693979164
2023-01-06,-0.007205722534258434,-0.0005610751819761506,0.018188015973502086,-0.010257079445878853
2023-01-09,0.025210586885258818,0.03456482253352927,0.03203693343524659,0.01294337549347524
2023-01-10,0.016767919502548287,0.016318929806635903,0.04591293266928033,0.013933531371936194
2023-01-11,-0.013787345890144624,0.01903519267935742,0.014099688923134037,0.01198721315876983
2023-01-12,-0.01723389512757753,-0.010773523220822919,0.005629682223581199,-0.014953747454048476
2023-01-13,0.024620490434283566,-0.0007834019501715053,0.029625546091437114,0.05611339776359648
2023-01-17,-0.02575832610722664,0.0006742367955585599,-0.014588915749280947,-0.01439427110496205
2023-01-18,-0.02305851551445346,0.0068121457023248965,0.016187428576919526,0.02182109053867481
2023-01-19,-0.001429558225806385,-0.016340683059749145,0.014029718454442609,0.0036165427826016575
2023-01-20,-0.0022772617430647374,0.0020124353487861735,0.003465151750187006,0.006745534811925975
2023-01-23,-0.02841544275357601,0.017244443511446626,-0.02679386971588004,-0.014780205179572944
2023-01-24,-0.004494777717739682,-0.05001444423589984,-0.04398690507619856,-0.013731274060328483
2023-01-25,0.009577956340169579,-0.0021345408657898477,0.017722742525847886,-0.026527653752314157
2023-01-26,-0.009884900103892235,0.009986838954135248,0.04199417652662345,0.028208824380198727
2023-01-27,-0.02136251412454789,-0.0037595858782405707,0.055644282554574105,-0.003174566147670307
2023-01-30,-0.0015468663544548553,-0.011147407040854505,-0.0003757076494068281,0.008294760634266794
2023-01-31,0.00785874363041655,0.022803505875873556,-0.02404876781943911,-0.012349434187263912
2023-02-01,-0.012186447183935432,-0.004837056231792404,0.019106608932508103,-0.0040408412564955955
2023-02-02,-0.015837825430392923,0.006242291190162674,0.01688607207090485,0.05571817152669259
2023-02-03,0.017054641097554203,-0.013932954004768894,0.013613849554453961,0.042215636072158044
2023-02-06,-0.028195964171327755,-0.00916001967289562,-0.03034613632787171,-0.025520999330499276
2023-02-07,-0.008957889451008554,0.001069713906958987,0.006902014806434206,-0.0033710767076187004
2023-02-08,-0.003444283071624043,0.005063560958393828,-0.004588969462787012,-0.0073661142442227115
2023-02-09,-0.022700920647850092,0.014854662796672599,-0.011644816228171886,-0.011604885862182873
2023-02-10,0.005773964058271171,0.0065191939964451585,-0.011994017978260479,-0.008991270144938411
2023-02-13,0.0009687202504519103,-0.0035243002768011386,0.006681575571012692,0.0070984640961546126
2023-02-14,-0.0013734467320815104,-0.017014875044819085,-0.011788964792375635,0.0036598810588083265
2023-02-15,0.0072820451240741425,0.017935116835364365,0.013461453651091942,0.0018187327848987085
2023-02-16,0.257746624657297,0.03016437409084218,-8.16235742005858e-05,0.017834962395707622
2023-02-17,0.020926789698889517,0.0005464665799190527,-0.0064573198951029314,0.02035280551426162
2023-02-21,-0.018146609276075927,-0.015633575911232975,-0.025080321711118826,0.0013916445320489856
2023-02-22,0.0189818011720498,0.02705038767212575,0.0036863862881136673,-0.008741207090948682
2023-02-23,-0.02323373877960675,0.00585243822227649,-0.022693376482958764,-0.007731944397373489
2023-02-24,0.011482321296797566,-0.01287287263995416,0.002160318443185436,-0.01401677932839683
2023-02-27,0.008291494682601853,0.008633157968302376,0.012408185917250594,0.017489116262172807
2023-02-28,0.021657713282617293,0.011507131521097993,0.013088906514361906,0.014392586071676566
2023-03-01,0.011260150000548252,-0.0013476359414918736,0.034278340772572836,0.017113840648943494
2023-03-02,-0.004031131488551989,-0.00896133739989135,-0.010665397647016704,-0.016614507726804832
2023-03-03,0.01798726699601607,0.0074435437576470705,0.010618763061695704,0.014743993191520888
2023-03-06,-0.03552861781343922,-0.016735495377158967,-0.035090890570566795,-0.002631649592098809
2023-03-07,0.012500851009530004,-0.012827119498408528,-0.0030083326817999818,0.0005276207999281822
2023-03-08,-0.005832983611884778,0.0141248335263288,-0.009797531332403903,-0.005853368225128253
2023-03-09,6.49672431540134e-05,-0.013036893029995028,-0.007286170778259989,-0.01537427274134157
2023-03-10,-0.021486554067997786,-0.016196900974738134,-0.030199921380885834,-0.019274737100225273
2023-03-13,-0.00779068393757441,0.0064650261302263605,-0.007524124485733497,-0.016521909590343484
2023-03-14,0.007109678882115587,0.0008636446596742009,-0.0006342461534198235,0.0005024508279669535
2023-03-15,-0.03138152389096722,-0.006746185922036992,-0.05690637234759132,-0.0447343515590627
2023-03-16,0.00153473845829636,-0.003105053756459003,-0.018167276077722724,0.008041447045561222
2023-03-17,0.0024998658789196233,-0.019310994465753135,-0.06309386863107555,-0.014413804022043036
2023-03-20,0.0012765470409550669,0.0009744130311673729,0.02926597124346883,0.017537602003971413
2023-03-21,0.014813863815609537,-0.018383424560965426,-0.0037687559780982503,0.02309499898266793
2023-03-22,0.008130353529865377,-0.014555994216892309,0.005960728951374204,0.0006212148766604406
2023-03-23,-0.000185451836043498,-0.0006223034600427065,0.0018063676318415527,-0.011114749623848622
2023-03-24,0.013795441166076209,-0.023687099693183347,0.011297720751378356,-0.005241993067189546
2023-03-27,-0.006421961975631985,0.01678850518569183,-0.0008876094129710282,0.002038587399681751
2023-03-28,0.006427234114152379,-0.020013193735946178,0.011315548641502984,-0.00547019316565785
2023-03-29,-0.00811093559442208,0.02374332224592563,0.004468549116243989,-0.006953544781815209
2023-03-30,0.0006142782300772864,-0.006144059746762114,-0.00024352385040435354,0.0024357237934535814
2023-03-31,0.01217757064801792,-0.004300161003617041,0.016972284473212192,0.0034880803796010044
2023-04-03,-0.011410890923189847,-0.03083931654837748,-0.020172065825929095,-0.018870376239032927
2023-04-04,-0.013068743655983674,0.00027523245577027247,-0.026218988777062767,-0.00789265579182272
2023-04-05,0.001714043430537767,0.005086068634420311,-0.01742584267097492,-0.009314626934961559
2023-04-06,0.008398282480586125,-0.006766766806726683,0.00196642428966386,0.0013402826588019472
2023-04-10,-0.006376875378894933,-0.0006557599182260183,0.00017493299928773853,0.00035678423344243267
2023-04-11,0.004186651653635294,0.010150283574058,0.03175887088606095,0.008499945529010712
2023-04-12,0.0012390192812317099,-0.035904811405531575,-0.0052606046913229905,0.0005963904024631457
2023-04-13,0.001264003279870602,-0.00014816055218521557,0.02461216742399225,0.0003889884835834301
2023-04-14,0.0047268941195822405,-0.005679897091128282,0.013500432680153926,-0.01686332658582952
2023-04-17,-0.0022223680705972006,-0.006754027816846164,0.010587173594617354,0.0097827185161932
2023-04-18,-0.0027812889026096535,-0.005801758750206418,0.02245330943404789,0.015860801370973596
2023-04-19,0.0037979483187652353,0.01274939095883829,-0.004033320661518812,-0.007060522048567118
2023-04-20,-0.010096043688050619,0.03523461518623239,0.005927041932911123,-0.005093808757585543
2023-04-21,-0.020727969565152257,-0.0034161915785990964,-0.003412709011899299,-0.0011276941602305947
2023-04-24,0.013417518945162394,0.00413215379074956,0.035790576726763564,-0.0018809021382179482
2023-04-25,-0.014166213055133662,-0.00824797954119115,0.0064708142293558625,0.007529473364521633
2023-04-26,0.006392674037837042,0.03299903482440811,0.028032664169919883,0.008952845022649755
2023-04-27,-0.004899687237704342,0.013132422326639644,0.09490619548842028,0.0023718774951072275
2023-04-28,-0.014319035532435291,-0.000580866000080664,-0.032086768944025054,-0.0022766241950887105
2023-05-01,-0.006969988429777666,-0.009294557731406729,-0.02295345912790134,-0.02372624044803171
2023-05-02,-0.0029254607033980216,0.014036259051515912,0.061240049004040516,0.01642735224414228
2023-05-03,0.11635904574955058,0.01280814125681966,-0.025670130109192987,0.0058458930238984765
2023-05-04,-0.08941224899183242,0.005024476601785356,-0.029175586875902042,-0.05406161690118269
2023-05-05,-0.01648990193837366,0.027491225868725454,-0.008448280762595121,0.02546574648741048
2023-05-08,-0.02094657630266217,0.004665967159236394,0.016017982197226992,0.02793466824229226
2023-05-09,-0.004326612909294194,0.004992108319457879,-0.006072837366756954,-0.008702260907506493
2023-05-10,-0.008628056460733427,-0.01296129134532973,-0.010059292487722343,0.004065546394391764
2023-05-11,-0.0010700052263162949,0.20441952809974914,-0.011542979088073797,-0.03431325138425332
2023-05-12,-0.00667550217821327,-0.03238427363794788,-0.015989871364105818,-0.029991030303285933
2023-05-15,-0.002188841936128401,-0.014407426313811714,0.010268979597923888,0.016088739335044542
2023-05-16,-0.0032184607440164034,0.003768018887477808,-0.07292973833808312,-0.02904916679887986
2023-05-17,0.005429388969150829,-0.007216400841534722,-0.005947594046666341,0.014451214072107244
2023-05-18,-0.004472303489646031,0.011825365742688214,0.0010178795389402355,-0.005988375047300371
2023-05-19,0.0027137651801191296,-0.006348150175652374,0.015171177705219342,0.009534676852797679
2023-05-22,-0.006829648067307533,-0.0038359115406629437,-0.0005060737452101003,0.015794164549754935
2023-05-23,0.008982752844152883,-0.001246227703843663,0.001955860348842292,0.011563954371388505
2023-05-24,-0.008588161537336719,0.01866972704588603,-0.016854561134421412,-0.0201636103958448
2023-05-25,-0.03624772368872452,-0.021263197948808266,0.0021359932019002553,-0.021642778420499335
2023-05-26,0.010665960689371208,0.0009643425832566443,-0.021483537392718063,-0.030855868768937707
2023-05-30,-0.02500987850174624,0.008676132180655348,-0.019863092268830266,-0.010334175878449361
2023-05-31,-0.0004036398955668159,0.004856852479768432,0.027457629965657565,0.011718164826589487
2023-06-01,0.010603662500151781,0.02365553090852551,-0.008267246023579276,0.029963807606072285
2023-06-02,0.04482753197553747,-0.01258518198538739,0.031126881826890117,0.04372246483642504
2023-06-05,-0.029198860388197356,-0.0021485675990128884,-0.00755957788592802,-0.022985740665288516
2023-06-06,0.033247475301142526,-0.0022639462948351365,0.028375588860374577,0.013289920742384838
2023-06-07,0.004888438395786828,0.019205636698078538,0.0183987131455518,0.0003770813181748038
2023-06-08,-0.009304729708480966,-0.00941708144876149,-0.016583865367006873,-0.004289949253285026
2023-06-09,-0.017924499743151627,-0.004868427394145449,-0.01608007197559317,-0.0015054816281202825
2023-06-12,-0.022866537555803125,-0.011244863697806903,-0.005266239073743,-0.009142057364597354
2023-06-13,0.030965749473489804,0.001933437608395601,0.017684191053564308,0.02484761401201486
2023-06-14,-0.01901381123556682,-0.019798541512905714,-0.010657882781183896,-0.019145290532829103
2023-06-15,0.016071847903303436,-0.02410004589787193,-0.006488877316625402,-0.014313879189628996
2023-06-16,-0.023342567438383113,-0.016950939768877647,-0.0018585996458209341,-0.00649448080221155
2023-06-20,0.005884132529832751,0.018298823383191207,0.010164892123563234,0.033874568668767834
2023-06-21,0.007243417056158274,0.0034516960117536404,0.012678632126666142,0.01792577728057704
2023-06-22,-0.003590749793182082,0.0025936524540839927,-0.003136278694927136,-0.00926555676263242
2023-06-23,-0.005127103512103708,0.003627403725590901,-0.0031223323872864635,-0.016165423947009285
2023-06-26,0.007622875957812919,0.008353823140341814,0.008842183010500548,0.01942826691552012
2023-06-27,0.00041787948338930375,0.002691839452931645,-0.007050955738558382,-0.0014489236122685809
2023-06-28,0.01191200384485141,-0.0009095469799843565,0.027759189955275945,0.020371862375784908
2023-06-29,0.022244207097532748,0.008709518809126642,0.011705227914704363,0.022637453063169687
2023-06-30,-0.014025572434705633,-0.001447515205532296,-0.0004838594134120022,0.016421215921634362
2023-07-03,0.0028746940900680152,-0.01647607864924267,-0.002316417510721749,0.003348544369229574
2023-07-05,0.008023634864578603,0.0005531190864169651,-0.015413327780704202,-0.010233701597557559
2023-07-06,0.020631347869696684,0.007001930057491029,-0.02167686620437958,-0.0034733989065688867
2023-07-07,0.011420688556791255,-0.003843447157815965,0.011214991850207873,0.018294095645832384
2023-07-10,0.0018383061209770804,-0.007606151296437144,0.008374077072400744,0.028917813723871727
2023-07-11,-0.01014302617024071,-0.005242850082659121,0.0047285860291907365,-0.025676157472202307
2023-07-12,0.013051666998452432,-0.016189152145326693,0.018913044263390216,0.003580453731692828
2023-07-13,-0.008939997271875718,0.022715786324147377,0.008406879550666156,0.012859945117411113
2023-07-14,0.0051546502136284745,-0.02802617180358777,-0.012103971471978935,-0.005250555588619596
2023-07-17,-0.008371742850922344,0.011666381469549712,-0.027258867509351074,-0.02946169008693076
2023-07-18,-0.014143662455288707,-0.012942786211392528,0.03517430802824376,0.018899182231434525
2023-07-19,-0.024637087223260894,-0.005826154641588784,-0.008553893152626352,0.005187531621208963
2023-07-20,0.005057764792409448,-0.0033363480431945203,0.0007422844362873675,0.0015539285292010263
2023-07-21,-0.0143386982114371,0.00021353278747048877,-0.016235892903277135,-0.00681166745273059
2023-07-24,-0.012782123026868555,0.003407883950596592,-0.0027516310397133568,0.0018832930627103728
2023-07-25,0.021908528761622123,-0.013185733093165529,0.022777982405679728,0.028502135127321887
2023-07-26,0.0005513894257842935,0.006292081187398619,-0.009918750094720128,0.001042218756863427
2023-07-27,-0.0022025935598313532,0.0033517870618441706,0.0316660930335747,-0.011670937339489769
2023-07-28,-0.01420767219510328,-0.008329047910109987,-0.02058650505126927,-0.0038844964854721983
2023-07-31,0.021252063157467995,0.006807700760266105,0.0104358418610295,0.005216067847101203
2023-08-01,-0.01807416416320118,-0.017115276597212563,0.006591431710521389,-0.017008139108010058
2023-08-02,-0.05221798409856898,0.007252307716338988,0.00040150833928105645,-0.010318305227879368
2023-08-03,-0.034867043307747723,-0.0037715578616641593,-0.011622118476396966,-0.01832157338943988
2023-08-04,-0.005095062929256265,-0.013457364144553759,0.0009255367583260324,-0.017702666384234924
2023-08-07,0.01986075383224601,0.006870793106261508,0.012437053503194313,0.0018602143551419807
2023-08-08,-0.0035076860838819564,0.005513655149126193,-0.01474984411258502,-0.007747926460433447
2023-08-09,0.008300724424681466,0.005786263978570232,-0.029796308149247566,-0.01643198167354636
2023-08-10,0.025131622248405396,0.005053498517245397,0.012829816603505281,0.02525013738835858
2023-08-11,-0.010749982470822659,-0.009388263070966598,-0.0013928318901625047,-0.01902327258238753
2023-08-14,-0.013903221499864832,-0.008255148293150313,0.017800651876734783,-0.002193184733915334
2023-08-15,0.001261317249157512,-0.005620844658354482,0.007871189604639211,0.009983479931873956
2023-08-16,0.0003883447406706833,0.008610255760235924,0.01271948660359278,0.027700934646228286
2023-08-17,0.007783999904730304,0.00823396432652049,-0.003194693910011842,0.004580788186299364
2023-08-18,0.005749429687488536,0.002494343481936374,-0.0019083885792522248,0.009955952307643116
2023-08-21,-0.01718965057625958,0.0014491867024291824,-0.011339353346099288,-0.019979283634603266
2023-08-22,0.02895437686204284,0.0034548790930217683,-0.0016899414183180546,0.01021938371296836
2023-08-23,-0.0008700512719205106,-0.004709488125401229,0.0036717376598543565,-0.018563315098766197
2023-08-24,0.007199994327387767,0.0005308830390488087,0.014425150196520582,0.015096468501304958
2023-08-25,-0.01245924837475871,0.00837351942695751,0.008529232200041932,-0.007037974165201907
2023-08-28,-0.006241826838268964,-0.007424863172401538,0.0012631588638516468,-0.013083078843443601
2023-08-29,0.00299488855067513,0.002290492762797511,0.013365671045619702,0.010421212910512567
2023-08-30,0.0017654099978570781,-0.003278033887813285,0.00803167812473244,-0.00035723854212011893
2023-08-31,-0.004033087610412436,0.00018603303871502636,0.0019583025374844865,0.0037272763683060665
2023-09-01,0.01961538864909563,0.009541305029218228,0.022510268372697265,0.013541431011189776
2023-09-05,-0.04347784988170768,-0.013117228928364297,-0.020055737486991382,-0.009005368681857388
2023-09-06,0.004789056710351916,-0.002633191306173281,0.01856921831850857,0.010428076367151914
2023-09-07,-0.001900317204122275,0.00010329601846141914,-0.00031962543730663755,0.0035783045432839725
2023-09-08,-0.008945594145724224,-0.003113341091122092,0.014206668550258464,0.0019733833054246756
2023-09-11,0.023131491689495565,-0.006121856673943392,0.039756210782139714,0.015111760254072187
2023-09-12,-0.006640815173898695,-0.002426503646996323,0.011961348998317592,0.008922504686510832
2023-09-13,-0.0026472890154505433,0.001335618879511437,0.06707767957111901,-0.018884790245533172
2023-09-14,0.036962725993071974,-0.011244965854162793,0.0021752263040427672,0.022487614909878783
2023-09-15,0.014721626241677988,0.007358148046829903,-0.024352453478927862,-0.003778082363443531
2023-09-18,-0.026758596206233734,0.005518085773124916,0.0060774037604166605,-0.019605004044003848
2023-09-19,0.0009426199698130081,0.001281004869840072,0.012049414464327123,-0.00028168162776224994
2023-09-20,-0.013316881384036265,0.007104776937216728,0.01358909293654588,-0.009904953253710923
2023-09-21,0.014752620078113152,0.016246809478421546,0.029183369513449596,-0.0042686000903169215
2023-09-22,0.002476519903534043,0.0033734559477419015,0.011342261439354259,0.018576736872760957
2023-09-25,-0.011252103390712096,-0.0025324493296232375,0.002381388812781089,-0.004268931980512898
2023-09-26,-0.010457954502784052,-0.0064448491838668305,-0.008362510667583789,-0.012103992528909518
2023-09-27,-0.000627085275707092,-0.003223399154562887,-0.00577201118969221,-0.011258509160483697
2023-09-28,0.02136172842801856,0.006002015706686112,-0.005602927700466855,0.01825698857305004
2023-09-29,-0.005903503476795429,0.02075520184259622,-0.016784004102062405,-0.02514188674379742
2023-10-02,-0.015376612104755947,-0.010268528530087138,0.0009210581175611056,0.0029562924497265886
2023-10-03,0.0007170792729794644,-0.0021041555158368176,-0.018155765589924593,0.006220991150639668
2023-10-04,-0.019735974494812132,0.031181730575747295,0.012165258172852942,-0.012288489810053494
2023-10-05,-0.012187990710611385,-0.012989288794966532,0.005124628167217858,-0.008940449436113124
2023-10-06,0.001684233624256095,-0.00766546956170288,0.00782493143326985,-0.01756527689201816
2023-10-09,-0.01570797901514201,0.009993649273912475,-0.03824318872128122,-0.036293726817423363
2023-10-10,0.008674606913857245,0.001803136107150164,0.028558849861598665,0.008783267817168611
2023-10-11,-0.00448404911223315,-0.0030029114042838794,-0.011080841201900754,0.0016861548584840135
2023-10-12,-0.0046828670253964855,0.0027879031554072725,-0.03039275556943983,-0.027937802849731963
2023-10-13,-0.009106399256701345,0.005796578639842745,-0.043085987866674655,-0.047077829893979
2023-10-16,0.010065042192367903,0.0042611320937861845,-0.0010625630307203714,-0.006952729990089002
2023-10-17,0.012615292223851908,0.0040658523706812374,0.003179000822729849,0.023434182842441108
2023-10-18,-0.017138624991664082,0.0031600587758899602,-0.020889894702458875,-0.007530073047183094
2023-10-19,0.0037495898048641556,-0.014326405965243458,-0.005570526686062602,-0.029601853718312518
2023-10-20,-0.007835212177015632,0.006165176042865053,-0.0019695172462858707,-0.00815326165405483
2023-10-23,-0.014739335222361644,-0.006694555111669881,-0.0020498339429290448,0.017787751161279636
2023-10-24,0.012649307732236928,0.004009404169344352,0.00025716949091190294,-0.004398871221154836
2023-10-25,0.010135682922437137,-0.0016330760018440846,-0.008241189147169245,0.008012504747763959
2023-10-26,0.008318759211655109,0.019228628970012353,0.06629400205491391,0.031097666517798515
2023-10-27,0.009312030196699631,-0.007074478126756972,-0.02551974845675163,0.0013157694349529526
2023-10-30,0.007270206396369476,0.011439736795996046,0.001476210984596613,-0.0011001581257655828
2023-10-31,-0.00964769729329238,-0.00491274273612613,-0.030676575835490483,-0.02124189182115771
2023-11-01,0.07395436176719689,-0.01834691168434999,0.013908380762766338,-0.024938544411241614
2023-11-02,-0.01732540566702879,-0.06286586161042912,0.010909795681251777,0.0609623494185453
2023-11-03,0.03475438845325737,0.0464389856291941,-0.022054413476579434,0.013294397184093743
2023-11-06,-0.005868858384055625,-0.011048762269371366,0.01059255354615742,0.01949317872280254
2023-11-07,-0.0289600880949226,-0.002964574026576238,-0.016313131967389764,0.0014041409849138388
2023-11-08,-0.017123655804253356,0.006159608796898197,-0.0020113129710832905,0.019685688543195447
2023-11-09,-0.00887304042733645,-0.007554855512315706,0.0024523080764093964,-0.015694154718618857
2023-11-10,-0.007827964633061301,0.0075095710328191775,-0.014638544682256182,0.002780364076631507
2023-11-13,0.010298094583398896,-0.0042265087028699674,0.013255650699245728,0.006380485576396221
2023-11-14,0.05787681420603253,0.026077712740299082,0.005210211005047458,0.002828190843574392
2023-11-15,-0.008815621429362108,0.014981341660129729,-0.033419103152769795,-0.012982127953689498
2023-11-16,-0.00014629029489945065,0.0028134870331079807,-0.013002925448376772,-0.010781678814395975
2023-11-17,0.0006671168359724646,-0.009910590674987159,0.018775485296053517,-0.0006309396912548629
2023-11-20,-0.031081830628088412,0.006432870881009075,-0.01964207772116742,-0.011435591507413675
2023-11-21,0.003920779279027949,-0.005675432853498797,-0.009361153980296234,-0.011628226089964267
2023-11-22,-0.0035255028836197752,0.004383097097072897,-0.0036074720424364784,-0.0151279267962975
2023-11-24,0.00749603292844039,0.0063693588576072815,0.0022973348975879222,0.0037114369959064114
2023-11-27,-0.007471696204092547,0.010977202585461589,0.07432808015303073,0.01639071399822236
2023-11-28,-0.007525644511374617,-0.0033886587310030525,-0.03940274682905099,-0.009547594463426186
2023-11-29,-0.008028545204993515,-0.002879621992792094,-0.026081344218182968,-0.04231681250202729
2023-11-30,0.0026773113810727046,0.00659994049581899,0.009450031856711973,0.016995882461801472
2023-12-01,0.010018916174446689,0.0317848729152119,0.01503205349603506,-0.034856093556914186
2023-12-04,0.0129965462630273,0.0008394650505714474,0.0057750948451641805,-0.02357450947677808
2023-12-05,-0.025380084296954167,-0.011330150730259572,-0.03518387036839864,-0.039495682729959514
2023-12-06,-0.006760025382660989,0.009156697483055724,-0.024095326861021237,-0.013403651970102973
2023-12-07,0.011317866995073988,-0.018935310156942605,-0.0733285457920527,-0.003697068920774178
2023-12-08,-0.004536080368176225,-0.001382257977242337,0.012060618494616085,-0.014898886546418024
2023-12-11,0.007545380505113171,-0.009105090306477569,-0.012941222180774994,0.010516197846091764
2023-12-12,-0.02150328088835266,-0.0069738982783555045,-0.017672838921404886,-0.013720384307759532
2023-12-13,0.01655036518431803,0.010622069334510108,0.009999785518373962,0.001559360612223417
2023-12-14,0.02887014308626892,0.020903400460242534,0.004392403334698582,0.03585172690401506
2023-12-15,-0.007241161693070342,-0.010681192963128226,-0.023351182317546956,-0.008333664769807785
2023-12-18,-0.0004694541400875104,0.00805918617838941,0.014629609860643846,-0.003779188811314582
2023-12-19,0.023225076211485923,-0.004119027952014818,0.005453025761147598,0.02268578587398641
2023-12-20,-0.007930345422844064,0.005562863887146566,0.01870079345784658,0.030670857612234773
2023-12-21,0.00914683701450758,0.003239379666746589,0.006973561675752502,-0.0005532651227702079
2023-12-22,0.007998368668327186,-4.201758684186773e-05,0.004567156033453541,-0.0013963201344712097
2023-12-26,0.004120352124568839,-0.007449822273245699,-0.006025119846569475,0.0033861536576603457
2023-12-27,0.006522913880134857,-0.001374724579874391,0.0007029542509217872,-0.0038556513093054015
2023-12-28,-0.0019824349410532973,0.0013295791180128014,-0.007549993311958695,0.0020710897361425123
2023-12-29,-0.004840510122215064,-0.003925395314402435,-0.009815962914988556,-0.016768154134443537
2024-01-02,0.0034539734044856316,-0.0066168344638817544,-0.004934725654512365,-0.009280021409964829
2024-01-03,-0.014956188524403866,-0.008036454685732441,-0.001240900105931468,-0.017151656595208304
2024-01-04,0.004187177506605124,0.0004059182410116203,2.6628925985439805e-05,0.02297398119396546
2024-01-05,-0.017954847054377925,0.0024885559881381936,-0.019221438573296373,-0.01430485445047392
2024-01-08,-0.0034501629458721147,-0.010964760202226573,0.0017174685448696145,0.01028776062819847
2024-01-09,-0.018787813320343724,-0.0016560803131287,-0.03283063062850558,-0.026028382515166974
2024-01-10,0.0008757247601295995,0.006359321933854274,0.030510447032965765,0.0076565412067609254
2024-01-11,-0.010729346098825473,-0.010962304610747393,0.012238494135909689,0.003930877142209846
2024-01-12,0.011893001680475832,0.002932061045187599,-0.0013936604207526408,-0.0016999599080865131
2024-01-16,-0.02470817427299583,-0.005782764902168395,-0.003092919260644835,0.008995265370510385
2024-01-17,0.0023196720442896467,0.001955166152553372,-0.026493244022439376,-0.013650080263238929
2024-01-18,-0.0022929764480120463,0.0019456136484093597,0.0063819645822563685,-0.005333395590007183
2024-01-19,-0.018757709021437724,-0.007518742443999062,-0.007550574146800793,-0.027224534099494744
2024-01-22,-0.012415332111273181,0.0011014247653531348,0.006883292447634883,0.01589005422087905
2024-01-23,-0.0013946079370373166,0.012878323670751585,-0.003945133624105528,-0.0015552815579880103
2024-01-24,-0.029524708331958395,-0.01643136780481059,-0.026414776763052376,-0.009674681554814045
2024-01-25,-0.000987775225947189,0.004876850357724513,-0.05586255339063431,-0.04308948807653804
2024-01-26,0.006126341570242503,0.0061359831946622215,0.025110502293476646,0.011478378977169357
2024-01-29,0.02027088675104785,0.009427724014143098,0.021214537012755746,0.007376737615568223
2024-01-30,0.00998986307265301,0.010396000688306043,-0.023136924419266874,-0.003691201955319008
2024-01-31,-0.01534746559801469,-0.015449053443505237,-0.026859421882938574,-0.013593788557301768
2024-02-01,0.018222580334057152,-0.004582412196581611,-0.028143312773066136,-0.06832851526398859
2024-02-02,-0.006048339592653124,-0.0029221633269960468,-0.0016246348272623053,0.011888973330112346
2024-02-05,-0.025042139217369558,-0.012358576873456477,-0.029829537987419493,-0.013607123005696515
2024-02-06,0.018610857434947017,0.004387992080086922,0.026392040018756564,0.0046390506582131945
2024-02-07,-0.01219077561052287,-0.006647860798003148,0.01870255176473097,0.01551458989433098
2024-02-08,0.009663134032902062,0.022250291059696125,-0.0035960309395414035,0.01522671766927596
2024-02-09,0.017350017818910483,-0.004864446064262683,0.0014260396067555577,0.0294626210782195
2024-02-12,0.0133342776399688,-0.003602060909264133,0.0012359363390052678,0.017086393621027044
2024-02-13,-0.04050991134313059,0.009753703594143421,-0.022216977717154595,-0.021970174528537802
2024-02-14,0.02455275298466664,0.031137640306968487,0.021006892355449242,0.049708963374641126
2024-02-15,0.099109024979457,0.03470159182040968,0.027220313655227975,0.040070642515019746
2024-02-16,0.006632006268067958,0.016412317279057478,-0.00015770668481856695,-0.014429639762001255
2024-02-20,-0.03759532247879874,0.010867826831892375,-0.012860757737337709,-0.018218654320790218
2024-02-21,-0.006853822731786551,-0.0056126683468886145,-0.0022354442127374458,0.02575598396247102
2024-02-22,-0.011039853411089186,-0.051158358927865674,-0.01348537721903141,-0.003288973484615886
2024-02-23,-0.0060201823655031935,-0.007011380562301774,-0.01103054221648751,0.003430371704124277
2024-02-26,-0.010544542302155234,-0.009814046700731957,-0.004754529919025929,0.007308208447945413
2024-02-27,0.011973645481986888,-0.0031873381774283316,0.01037349251901908,0.03475861545355889
2024-02-28,-0.009916510373118217,0.01124566902999752,-0.014887545962444616,-0.018455589560847658
2024-02-29,0.01722270292137565,-0.009075716953163632,-0.008948908184072847,0.006698733648728563
2024-03-01,-0.007415113968358748,-0.01675958821071248,0.009806087019167346,-0.009494913951642165
2024-03-04,0.0013086305927416352,0.0026563006821404625,-0.02383667071123375,0.00042247914026256883
2024-03-05,-0.02434469995861939,-0.009295051324905844,-0.016504645123632852,0.003042494737275211
2024-03-06,-0.011426133814416735,-0.0010893674752821512,0.01257086736110951,-0.014461454199991357
2024-03-07,-0.0002794434824750919,0.005347030391348796,0.036732686681891856,0.015592168737370196
2024-03-08,0.0024964306165235726,0.009715702314964637,0.004823783726381186,0.0061803747469132315
2024-03-11,0.0032821055369181614,0.011066819104958176,-0.0009590404986179104,-0.012020659668935797
2024-03-12,-0.011979593336226092,-0.004951338993651817,-0.037383484072772796,-0.020711715612741634
2024-03-13,0.014852001615819472,0.011006461594531603,0.020859051208562955,0.01875918383952331
2024-03-14,-0.009692027266855977,0.005227842226852332,-0.010404734844987641,-0.011122710587089748
2024-03-15,-0.0002816594203548647,-0.0015475224938757241,0.017438075004387394,0.020400518028106607
2024-03-18,-0.010791601629110503,-0.006338997605055182,-0.005362788811798496,-0.030467253796575527
2024-03-19,0.012777837404849363,-0.00271868063759771,0.03058009192956451,-0.003314671590443361
2024-03-20,0.001792957803280485,0.005381054016669218,-0.029552072376854893,-0.007211448253650929
2024-03-21,0.03372224299695129,0.0027693306848557524,0.002427894529468383,-0.0031369090629834347
2024-03-22,-0.030899603525364645,0.0007429479222501526,-0.011771184617043535,0.00984824465108565
2024-03-25,-0.0010447909980532237,0.013879487973649523,0.0022818818443528215,0.007022050389589746
2024-03-26,-0.00118606533515128,-0.0021806606532928114,0.006732099408133692,0.007762974895263208
2024-03-27,0.029541460508173526,-0.009811206880975766,0.004099996836397498,-0.0049024720417780235
2024-03-28,-0.053118904203573486,-0.0036304479243724117,0.015514036866681713,0.003004235517180048
2024-04-01,-0.047007555662953344,-0.010038769754020202,0.014617459668301483,0.0017958252652241196
2024-04-02,-0.00565172288412278,0.002546758119193415,-0.0033940677129358204,0.0007140387525001023
2024-04-03,0.027421959564107375,0.012561750803630155,0.036655449577345525,0.004805751097015604
2024-04-04,0.0014254607272285828,-0.0024324757550697393,0.04800288499286508,-0.0034311849255068763
2024-04-05,-0.013050470352550287,0.012119152528036968,-0.0016383910825269674,0.01089206755370356
2024-04-08,-0.004971292727591887,-0.016188975082175896,0.03320604804457186,0.001736376319051759
2024-04-09,0.013194640187047451,0.004963521555825396,0.004657607689144791,0.00660698802674006
2024-04-10,-0.013045823272035174,0.0004461047302999205,-0.029597244330689804,-0.025286474390546574
2024-04-11,0.01860224122957664,-0.0032376774669298364,0.014297836132217218,0.034575237232416775
2024-04-12,0.004510259647983544,-0.005235837856496041,0.0017391775236784701,0.009536825351079713
2024-04-15,0.006891619756053676,0.00785846748561923,-0.01147334145721609,-0.002997422753228237
2024-04-16,-0.028620788557502604,-0.012488461913683618,0.014667587744937746,-0.006020862192416235
2024-04-17,0.0024705476338130333,0.021961879059801723,0.009095048519657548,-0.0016416945066163521
2024-04-18,-0.0034959611987703323,0.003992339113225704,0.02313681128544478,0.010556136772329503
2024-04-19,0.010748692597734545,0.00785681701762636,-0.014621372738637927,-0.0070420933413319
2024-04-22,-0.026516018851459246,-0.004076470344491719,0.0034547945290779626,-0.02487877697078291
2024-04-23,0.00636420016914261,-0.00729948165838647,0.005544622211593693,-0.026351439846667782
2024-04-24,-0.013791820692631141,-0.00029181691967887675,0.002825213762229743,0.005506402119345678
2024-04-25,-0.004949498118565401,-0.01375405910304777,0.009610194607447812,0.003670569048716746
2024-04-26,-0.005519213936552574,0.0072485714175324414,0.016348150053270595,0.028122666634146896
2024-04-29,0.0017305043613829417,0.017691221761442458,-0.01988707299827402,-0.012757209089244166
2024-04-30,-0.03209696660818603,0.004215675541078816,0.040045424846101046,0.16453679657887496
2024-05-01,0.01083054182292936,-0.033625391519094217,0.14973568116058097,-0.00994567829468973
2024-05-02,-0.06227954082050695,0.0007899482894259402,-0.007251895263704167,-0.03544050535112787
2024-05-03,-0.036992823847902215,0.014718474154282256,0.025481725027071127,-0.008553250474407434
2024-05-06,-0.007031376797290309,-0.008167529161804219,-0.03217145092523089,0.0017059212334314434
2024-05-07,0.015910647309721627,0.0013607614935435865,0.007316249926894737,0.014477658493585848
2024-05-08,-0.0023109554318271816,-0.02067433195644752,0.0031572687049765055,0.00020368510017888548
2024-05-09,0.026620509683449096,-0.0010275114879491802,0.01225023070636781,0.0059624125153086485
2024-05-10,0.021091676986535142,0.006409922812651951,-0.01450328839190494,-0.008589583339858297
2024-05-13,-0.029129671015383572,-0.022563916973926994,-0.00929126628231907,-0.008785770772108868
2024-05-14,-0.008536734780623294,-0.007401054610808696,0.018272634560848995,-0.0001967666128592123
2024-05-15,0.018629369218480605,-0.003752356865417611,0.028499355104544863,0.015376576139907592
2024-05-16,-0.004475006778219319,-0.018850204083235057,-0.0007487880818014079,-0.020779520361717048
2024-05-17,0.01513398905081733,-0.0014828812209044424,-0.006658418952022964,-0.00964488817533844
2024-05-20,-0.021695319865991734,0.0020527258569838815,-0.012344286976491838,-0.004947847347695263
2024-05-21,-0.003896669053324417,-0.013233417597988083,0.019754191155383932,-0.005256019659704566
2024-05-22,-0.02583915243771994,-0.008599815615483331,-0.042074040103491826,-0.02352334667246147
2024-05-23,0.0016583211732961872,-0.012010766814944326,0.02540578714994295,0.017678192872622046
2024-05-24,0.019630632837707326,0.008242227310244626,-0.005282696695649319,0.005244374279738378
2024-05-28,-0.011287241448429016,-0.024705764126666644,0.03153848594295583,0.01803864809202263
2024-05-29,-0.006935173778603282,0.0059121790852936125,0.010250406279385196,0.0018487046212672838
2024-05-30,0.023259431498951502,0.018929873793806354,-0.014081405757404516,0.0043153613197955114
2024-05-31,-0.007342812440321769,-0.021056189419819224,-0.02104805398773556,-0.014525123125223343
2024-06-03,-0.011358576373837206,-0.0033117251370536212,-0.019338951486582035,-0.015251567686346498
2024-06-04,-0.03569276679356709,0.011539662046689424,-0.04732450737088338,-0.0356710610665139
2024-06-05,0.0007222858508751442,-0.0030147026205471494,0.0058971489486543995,0.012271886354518924
2024-06-06,-0.0020612328195835465,-0.0012867328679619476,0.002795304122572861,-0.01023219468136957
2024-06-07,-0.0039839462171972154,-0.001483510829676354,-0.019433322027953004,-0.014903384399990621
2024-06-10,-0.013528377120112622,0.0023012493332253588,-0.003885412609017225,-0.008530426693262691
2024-06-11,-0.01641885101516214,-0.009229830561105396,0.011274603884011001,0.009919205636134895
2024-06-12,0.01101798085390855,0.017372205270337088,0.005482300622204726,-0.003553349054984908
2024-06-13,-0.006713077311036688,-0.014658968355731246,-0.005273049374102976,-0.016487503303750713
2024-06-14,-0.0026023354752454297,-0.02030880147122071,-0.062034518793004076,-0.05528559414142693
2024-06-17,-0.024976383701602756,-0.00541785799852364,0.030223398989598055,0.014831535132981206
2024-06-18,-0.016365610045302244,0.0017919074942520739,-0.015731002960220182,-0.00038236146911378027
2024-06-20,0.016298430728288432,-0.0007158926502614134,-0.019923404437758946,-0.010945303892709405
2024-06-21,0.0021359702342301254,0.013375877143399918,0.008258440866480145,-0.008558436246402113
2024-06-24,0.017436887879195173,0.016167880939638057,0.0027682598959790534,0.011584201618022795
2024-06-25,0.0002828946565540851,0.0076818992512310245,0.0405475939117166,0.025517704543433696
2024-06-26,0.009518697357448936,-0.004934040536838013,0.03602277151761606,0.017894665507644604
2024-06-27,-0.01188597594715212,0.015501551261146903,0.0062579489584250305,0.0026271791724050285
2024-06-28,0.007203521721809745,-0.002949129020647631,0.02772184417622648,-0.016374607918362347
2024-07-01,-0.02878237756762094,-0.01330392804003135,-0.02173758019801763,-0.01890559822499206
2024-07-02,0.0008106273234913738,0.006924159342503029,-0.029150500263929475,0.018544446286660972
2024-07-03,0.0029342702696819045,0.0112454234822226,0.0025323067559717607,0.017493959408224555
2024-07-05,-0.012066222270902349,-0.013563517768224677,-0.013358480595482981,-0.014518978446316527
2024-07-08,-0.01458234952692818,-0.0032052576410280115,0.007115990623048516,0.02095529783969626
2024-07-09,-0.013315746052183277,-0.00803476121090495,0.006764385078851574,-0.009240893545624424
2024-07-10,-0.0002321605842602343,-0.0014596439974430692,-0.0004666976898177744,-0.006081488434486526
2024-07-11,0.062457562694450186,0.016891094702505854,0.01343188189690114,0.005516658464053389
2024-07-12,-0.001959608917559816,0.013184507512530311,0.013155631283159922,0.01148437838264377
2024-07-15,0.03381002703271847,0.004161339749800419,0.043957966767871656,0.005914302884603604
2024-07-16,0.01550077507441211,0.0014851572112612368,0.015124614671668521,0.01692487026747439
2024-07-17,0.02261132661848478,-0.004534925953321112,-0.006997148675589669,-0.009021851897244595
2024-07-18,-0.00604493941307739,-0.02689959223332831,0.005827882017859523,-0.006611217150924507
2024-07-19,0.00014413621359236385,0.012291645539052806,0.02314557195904704,0.0032223822309266226
2024-07-22,-0.014455508048070713,0.0016546197745358274,-0.013505872593273929,-0.011231905039559165
2024-07-23,0.008661128007218912,0.0014163927850085953,0.006920785613680168,0.036703391814455075
2024-07-24,0.012295024123771203,0.012795659858767336,0.012122331731411883,-0.005879570069423162
2024-07-25,0.023665241706370254,0.01736240768098267,0.08395334789441156,0.04267298060872215
2024-07-26,0.004036827072259407,-3.82467172346905e-05,0.02664523943189977,0.003180050052516037
2024-07-29,-0.002439100275428032,0.011302988744400768,-7.659276629442332e-05,-0.009827220767897087
2024-07-30,0.005711207772079976,-4.918885078462887e-05,0.0029953034753027402,0.01137974151597914
2024-07-31,-0.02545088131548378,-0.10954684096290797,0.00461145228171541,0.005068982038728208
2024-08-01,-0.03429088840454069,0.011912852295263676,0.012607339358804134,0.008200035114520297
2024-08-02,-0.009134508079443535,-0.007481532828615092,-0.010222602576313237,-0.020445915181310684
2024-08-05,-0.015777783346993722,0.022757300661274592,0.0030675791998596123,9.054334061806696e-05
2024-08-06,0.09973135837605902,-0.00807585851055483,0.022978295728594254,-0.027523129818779617
2024-08-07,-0.030824228134681733,-0.007271783516218655,-0.02653622912570783,-0.008048224149089843
2024-08-08,-0.014348163004423903,0.005848927706018914,0.0018670831568697727,0.00509984698644414
2024-08-09,-0.01342595945707432,-0.017558480697718207,-0.010471940106356239,-0.0009076372204928603
2024-08-12,-0.01659157369732991,0.0011723633847463485,-0.00247287052458977,-0.005974747114960169
2024-08-13,-0.0016528316607674204,-0.008782342982760198,-0.006542948696541921,-0.0019071196445278535
2024-08-14,-0.012782919963555323,-0.005970647157034577,0.012062423942334768,0.004266738307805691
2024-08-15,-0.0013459314059044644,-0.0029908705511230635,-0.025609417973564474,-0.013685816236296854
2024-08-16,-0.010361696624812301,-0.0021155511441618316,0.012381717179427315,-0.008418712752509324
2024-08-19,-0.005471008622693702,-0.003985842758333205,-0.006779506228173126,-0.005154482046545474
2024-08-20,-0.004233413584275312,-0.006124182258985918,-0.02497703197497714,-0.0038763938495510967
2024-08-21,0.023020181783696823,0.013570159496259768,0.006181707449077726,0.022040953480814342
2024-08-22,-0.007907454086660298,0.010841497669452707,-0.00490047968763009,0.0033072697205958016
2024-08-23,0.03730231060001033,0.0076696136168446505,0.004307732237553917,0.017679926777456167
2024-08-26,0.00026912194683009413,-0.003634177291779065,-0.0036287507644489608,-0.007789428552684351
2024-08-27,-0.02102456637346302,0.014941715076196582,-0.001099662010301053,-0.017655124433294218
2024-08-28,-0.012409191668316576,-0.0017181111101920547,-0.020750547204879392,-0.007738624082511195
2024-08-29,0.006963936340775504,0.0009768709940060588,-0.0003995712639033155,-0.01732552539004969
2024-08-30,-0.008187119096311455,-0.00014413441173814767,0.00028907600831060316,-0.023581806109430996
2024-09-03,-0.039045454344333694,0.02373118031291642,-0.021582272072057977,-0.004778653099998108
2024-09-04,0.00537851436256022,0.005042084016414662,0.003524693512446978,-0.016542198702150665
2024-09-05,-0.0024596075090198774,0.016574597912646063,0.011912685796604133,0.012535258637947057
2024-09-06,0.0003833251416378129,0.023317582031152417,-0.0005341157325598755,-0.0046787181200087305
2024-09-09,-0.03690603751026881,-0.042923559557556876,0.006036996075933401,-0.008974299582803168
2024-09-10,0.0004269906899810093,0.010906717580110732,-0.011364476710937746,0.005638854495507406
2024-09-11,-0.01737014128379835,-0.02173243936813999,-0.012601661166325141,0.020295153458684205
2024-09-12,-0.0022291338300001254,-0.01796937431664464,0.01732388478980573,-0.0008077704092789156
2024-09-13,0.014759511730897287,0.002529016409030329,0.00551909959554104,-0.02081772571288674
2024-09-16,-0.003760600794418781,0.010492836896414233,-0.012060719602892001,-0.005685723175952394
2024-09-17,0.02917743477651359,0.012826160607449974,0.01478806446661608,0.004879973206935452
2024-09-18,-0.00951012673909437,-0.0006267763058700228,0.02621772017623553,0.007927303502376276
2024-09-19,0.018314590409227078,-0.0013533677433587576,0.03157645090910688,0.017112280811732026
2024-09-20,-0.02547470680268007,-0.023738592715728545,0.007493936916958122,-0.015109277731440078
2024-09-23,-0.01892046590489826,0.004392982112029156,-0.00767917987328901,0.0043533025858348545
2024-09-24,0.01145869929482466,-0.006719524075462363,0.012515796755618204,-0.006792985135721463
2024-09-25,0.0016255190261969114,-0.014906524321952146,0.011722935388287958,0.011312902960995613
2024-09-26,0.011479178090712206,0.007631056762168596,-0.03569479666399669,-0.003907970679119427
2024-09-27,0.01462811839832608,0.003485480126243532,0.014815511939807324,0.011989424947683493
2024-09-30,-0.0074884454823991396,-0.01035642317552515,-0.005646109243400463,0.002476355850973243
2024-10-01,-0.011836258334071145,0.008209556740183394,-0.017171299422557643,-0.02067639556602206
2024-10-02,-0.12145839255577713,0.014878641438082693,-0.0039008088326441277,-0.009655788420267646
2024-10-03,0.03729064946716253,-0.02378261378344888,-0.018453204888295716,-0.02057681604459306
2024-10-04,0.03843061670819799,-0.0012219061796729623,0.021781377447191646,0.004205275688678971
2024-10-07,-0.010202240627398912,-0.013076119851712992,0.005118793531977527,-0.0037801885306048407
2024-10-08,0.006198446182645422,-0.012530145068604243,0.0035548723112852846,-0.013830284823670208
2024-10-09,0.0064539499698894704,-0.013412062090841514,-0.002544345920845008,-0.02503712506270654
2024-10-10,-0.02067358113344326,-0.00789324186870558,0.013360689453873257,0.012185249086923523
2024-10-11,0.0008130794945415912,-0.002036494481505627,-0.026143000218102244,-0.010301654423565784
2024-10-14,-0.005973796729309363,0.002283659426186878,-0.04145972543742429,-0.02337567679633381
2024-10-15,0.013134125659767466,-0.019609915886524477,0.00692935343207666,0.011809945209732498
2024-10-16,0.013715122972879077,-0.0030273874322724707,0.007959363254919194,-0.005455739618231429
2024-10-17,-0.0034515414949763913,0.00984941691208885,-0.0047661789184991685,0.0007553855412819194
2024-10-18,-0.016557474019336355,-0.009881695858131626,-0.008684921480409852,-0.004466943294323676
2024-10-21,-0.007704100481183237,0.013978342167452792,-0.005352932806180446,-0.0014825099542146985
2024-10-22,0.0005879603537849599,-0.0061617235939156415,0.019237350042590924,0.02989718510675153
2024-10-23,0.005704886196104698,0.012726293881807585,0.004583321680369619,-0.006335901044620099
2024-10-24,0.008831692209553575,-0.0016869775563997528,-0.006454148328163621,-0.013225138570340913
2024-10-25,-0.008726676867187592,0.002670815209571298,0.002836765588842275,-0.0065877997577722044
2024-10-28,0.008014692981488403,0.008507580326004545,0.07251053587066232,0.03503287509968656
2024-10-29,0.014085059664771669,-0.0007019366969601079,-0.016542981373014607,-0.09950265215499031
2024-10-30,-9.599430792079158e-05,0.024643046000517185,-0.01345342822082547,-0.03792204069154124
2024-10-31,-0.00807806496500691,0.026570419364224433,-0.03216143283342976,0.0009630584639564212
2024-11-01,0.028226327204099413,0.010564271722925662,0.03447204581920327,0.009151609063151201
2024-11-04,0.010565229424968329,-0.049259137911832854,-0.008767253552258904,0.00038552869192167273
2024-11-05,0.0102063016545845,0.006841282714669182,0.025609573501086915,-0.007140979952322379
2024-11-06,0.06676187418891451,-0.01711649658692025,0.058832136901022195,0.03444297239046347
2024-11-07,-0.019596867704120266,0.0062371226261767575,-0.018382008673614895,-0.013131966822135835
2024-11-08,-0.001996942261137601,-0.021401842549782772,-0.027901408573215672,-0.021254302034876986
2024-11-11,0.010011021233945892,0.02125425894331483,0.0011040545422103028,0.015142062486829672
2024-11-12,-0.0008176101586969235,0.03286223860788491,0.0018293763779661121,0.0009229789169930853
2024-11-13,0.011321955187522978,0.012757884764393723,-0.0011151896434893776,-0.006934374863715908
2024-11-14,-0.008177331801121717,-0.03175585223779442,0.00680034447112933,-0.005443490864459041
2024-11-15,-0.004109551678619455,0.0008790923696314276,0.03495224887304595,0.013493395651021468
2024-11-18,-0.01783813177305484,0.004938168441283794,0.015348018478712531,0.00549991148809744
2024-11-19,-0.01875003356449311,-0.0032676504991608884,0.02220513040925642,0.019108588835745895
2024-11-20,0.007630525281247597,0.014428140712038984,-0.025697224672164454,-0.00769667845766552
2024-11-21,-0.005414211043267895,0.035014826986215664,-0.01391175190589394,-0.010903512898852576
2024-11-22,0.027406046379870475,0.01865597084734198,0.043387494227362045,0.007541613402064197
2024-11-25,0.016413060314891016,-0.0033273810830694393,0.029454034986013334,0.021966676985672926
2024-11-26,-0.031682340688889206,-0.009038469302511946,-0.008170895591352326,-0.002781394541843063
2024-11-27,0.009360954556957058,0.010814361361049147,-0.0012462788923435393,-0.0008811590320372672
2024-11-29,-0.011418443769309537,-0.008835910852006768,-0.019026914188394594,-0.014895487548650103
2024-12-02,0.017216947047922447,0.0016946786035098582,0.013543497729076242,5.463777655900087e-05
2024-12-03,-0.029355750090913783,0.0008302851793134947,-0.011453031077917286,0.0005435001291765173
2024-12-04,-0.011116441880104862,0.00275314273281688,-0.008961781466460053,-0.013867314075116238
2024-12-05,-0.014230351660150981,-0.005206794156493385,0.021538639153176862,-0.0041849126054520555
2024-12-06,-0.004767969221791005,0.015204884468123382,-0.0047456021214233955,-0.013794898223348413
2024-12-09,0.04439906353341208,0.01720153317391769,-0.027383302169722106,0.004417375544944171
2024-12-10,-0.005684865148738469,-0.012089307553789758,-0.013915482811643367,0.007925557931547613
2024-12-11,-0.0075302893864830495,-0.0007254617310922667,-0.0071851929859154656,-8.885515998286343e-05
2024-12-12,-0.008827857006490605,-0.005960334476139606,-0.00732820052166582,-0.009176429078879314
2024-12-13,-0.01951219461830336,-0.03615980869352253,-0.028748808585348867,-0.004144520377443388
2024-12-16,-0.03347020736963151,-0.020139853720522443,-0.006331074824329486,-0.013440563773875851
2024-12-17,-0.005382905134304868,0.04197378266389974,-0.005020413576753955,-0.0112757752000405
2024-12-18,-0.023031567472936693,-0.018238904225806825,0.005100527683389949,0.023250923528092715
2024-12-19,-0.0024541021262975845,-0.022957189677957412,0.01772128241598547,-0.0063324178921416886
2024-12-20,-0.01932538492436848,-0.0004836537359139033,-0.019204061731887406,-0.014672504355243757
2024-12-23,-0.006529267758410385,-0.005476181168322956,0.006898750536023821,0.0049561972633786235
2024-12-24,-0.0007405860569386323,-0.007074445447161081,-0.004576233839735242,-0.0026270458587039375
2024-12-26,0.00918035457026805,-0.00500924328767263,0.0008734548557322915,0.0006048630487759396
2024-12-27,-0.01211185439789835,0.007399465392955091,-0.019555898598536355,-0.0052715592455690645
2024-12-30,0.007703533094018233,0.00261383770935222,-0.0009402628327439787,0.0066337813745423295
2024-12-31,-0.0018050651437465058,0.005648199572610183,0.01786809245987942,0.006537727656818947
2025-01-02,-0.0381202268311112,-0.02415925151807281,0.03626605907239867,0.001034171038644048
2025-01-03,0.004195919836012842,0.004323325581679388,0.008039404741438303,0.0028222691724520237
2025-01-06,-0.009981588265224288,-0.013284651165904,0.02790460433942696,0.004921900263406131
2025-01-07,0.007326444493432269,0.0032922093062682477,-0.015033749374803257,-0.01090383524210442
2025-01-08,0.0019314850071022478,-0.0011244337106570065,0.006160743582275372,-0.0061932859605885225
2025-01-10,-0.018241773477593468,0.02138257468382368,0.02453431727776192,0.0024709191511081054
2025-01-13,0.03143987364127127,-0.0028728936294587426,0.029346205521850098,-0.009597855456516615
2025-01-14,0.009563811542571889,0.005721817407356076,-0.0014956517718821005,0.010723019175733269
2025-01-15,-0.007962316135774668,0.0005140291486635806,-0.0031835611339869757,-0.000897903369460688
2025-01-16,-0.0055068277962583055,0.028565800003301743,0.0003062203229291585,-0.004978278489956297
2025-01-17,-0.0005371836466204552,-0.01775974348035423,0.012070816762243673,-0.021271702257565372
2025-01-21,0.00915910961699241,-0.010842368250486015,-0.01808004271678517,-0.014804986523814054
2025-01-22,-0.030273401708970735,-0.01190095860274995,-0.016730775528077772,-0.015592176338405286
2025-01-23,-0.0015045574500793368,-0.01049947582532591,0.002482820889874851,0.006104359327990472
2025-01-24,0.012207259820574766,0.007584375901644142,0.005401129869231636,0.007926277440559607
2025-01-27,0.03000723145770537,0.03564724164421548,-0.027678709816334912,-0.011053178315329239
2025-01-28,-0.0009271560553593596,-0.017464625882216794,0.031788808028129924,0.027347372941278526
2025-01-29,-0.006580572132357351,0.004557325524329763,0.02037002634793953,0.0442719662976406
2025-01-30,-0.014870778361294294,0.015185670285200438,-0.10250325785430163,-0.06797781128176542
2025-01-31,-0.003406660691239358,0.0028626909042567894,0.0019164247215671618,-0.008116368010741927
2025-02-03,-0.023912895988360716,0.0013144855685074466,-0.008207236931834675,0.0169677135096883
2025-02-04,0.014617273545107118,0.005635437676577381,0.00700580775739824,0.1021686183443326
2025-02-05,-0.0015508339698247532,0.005290691325623386,-0.012216835796355489,0.01826621871782895
2025-02-06,0.013495538137162998,0.05577878180316891,-0.013559344566609507,-0.034692153416051356
2025-02-07,-0.01747800309337753,-0.007946671605696981,-0.0038900903827142255,-0.005282946186835398
2025-02-10,0.0050300942249456165,-0.01295494116191702,0.002999936651156606,-0.0018292931434940006
2025-02-11,-0.0034027146886624815,-0.009714958860970523,-0.031171062393827848,-0.02462056025680819
2025-02-12,-0.022853038319781176,0.019293939082208566,0.014633410302673133,-0.011565094486778399
2025-02-13,0.0077926525274320275,-0.004579826049557721,-0.014695912474772619,0.012264622783598588
2025-02-14,-0.018083509223437003,-0.016248527918389922,0.03787487776393332,0.005652491243307229
2025-02-18,0.018290679780175723,-0.015083802774644346,0.0794550625807329,0.0055652302306997345
2025-02-19,0.03478063544617449,-0.013061372211931436,0.020847461699134307,-0.014166234767837346
2025-02-20,-0.029563584821725435,-0.007872536408521872,-0.0020072447873741937,5.5195976807510816e-05
2025-02-21,-0.020119752948516024,0.00820661562034597,-0.028625159738409574,-0.016779161922866243
2025-02-24,-0.01893533299773848,0.010288209014631646,0.027191579669517928,-0.012626935498169197
2025-02-25,-0.005599281202603549,0.014188142572954403,-0.005968593706926435,-0.016879610160792546
2025-02-26,0.0025464737881644526,0.0036235208100628483,-0.011095895934054717,-0.002306155023837478
2025-02-27,-0.00878423547661148,0.009513683679179027,-0.00026511539224147347,0.007400910334061324
2025-02-28,-0.006621854602116142,0.018672329296934572,0.017750461640437896,-0.00015062068139851115
2025-03-03,-0.022361352845184677,-0.0025362192540078,0.017968128088173236,0.012957763437615646
2025-03-04,-0.007781489500769763,0.014623646894633769,0.005304203588846628,-0.004182082812224819
2025-03-05,0.025138553892348828,0.015840194835047908,-0.02268383525590204,0.0008195935270183322
2025-03-06,0.02323583915111177,0.029301047263658613,-0.054182614391071325,0.019134955981229704
2025-03-07,-0.015862471961976418,-0.006221783911556686,-0.040410187665130215,-0.04436382950010391
2025-03-10,-0.012599554164648342,0.004660824643927662,-0.019576957939876495,-0.05490084700891481
2025-03-11,0.0034233146921221784,-0.02311011436478492,0.04763619208117365,0.01683836432970944
2025-03-12,-0.0216277658743316,-0.007510666493077658,-0.006297466196683487,-0.030640336677946918
2025-03-13,-0.010924305860078263,-0.00081424263517791,-0.022875048095749768,-0.015463201577126634
2025-03-14,0.010703661095055213,0.004758841819635672,0.012349982370007909,0.00491932101381996
2025-03-17,0.011641703490975423,0.005720236700345879,-0.01820639234001606,-0.021903025910281135
2025-03-18,0.008957378492090553,0.010810584828376005,-0.007122791877530958,-0.008521443082694006
2025-03-19,-0.03748045942230327,-0.008121701135202424,0.018775172027473697,0.004899152045821288
2025-03-20,-0.0008867631262997316,-0.0030585731612651386,-0.013903261050205597,0.007739615815689022
2025-03-21,0.007327747074269584,-0.014985538908731876,-0.009808441706942787,-0.0006053600616779406
2025-03-24,-0.0019210111730505255,-0.014919449767829801,0.028193154539367812,0.010437117580986928
2025-03-25,-0.009112751363156382,-0.035468686251967994,-0.009317063711852135,-0.008119714054451888
2025-03-26,0.01632222401194261,0.014977030826063137,-0.010418510300135977,0.01648063292220183
2025-03-27,0.003967489035491739,0.024099985710099428,-0.009989486552769372,-0.015011857753377947
2025-03-28,-0.01135148184174262,-0.0033224270371053286,0.0058647551385655125,-0.006600493933162692
2025-03-31,-0.023379752439836803,-0.011623806548008611,-0.0022370797719031346,0.02111414804064567
2025-04-01,-0.012328476600292926,-0.015038672063087448,-0.0015870075681383017,0.0021462862899287415
2025-04-02,0.019422825513181138,-0.011913776406036858,0.017663611793359513,0.019309309031239653
2025-04-03,-0.02776697586690828,-0.040580343191198257,-0.035699112355486715,-0.024426678022941767
2025-04-04,0.062463722918619805,0.0029455410074128996,0.027076172172490573,-0.015221850922901015
2025-04-07,-0.0114873078995176,-0.0024175757068210027,0.0020111836943536576,-0.020641246071112566
2025-04-08,-0.008136593213131321,-0.011338266901246792,-0.01646625342735019,-0.017194084790946883
2025-04-09,-0.042408046840619495,0.02386574638877617,0.0029944693598718264,0.019976080301546767
2025-04-10,0.021875512655355284,-0.0232574605560011,0.00048715299206278373,-0.00936710193251912
2025-04-11,7.203919576953544e-05,-0.014485710695261743,-0.005429531670524887,-0.013256275063322998
2025-04-14,0.0011482405221881174,0.03654841429783081,-0.0050181293738939085,0.004120730993307464
2025-04-15,-0.013630681722876481,-0.013618976045791592,0.013488102535216154,-0.006366395003852555
2025-04-16,0.026146640514631177,-0.015153543025356923,-0.00039217677441639835,-0.019263052338217092
2025-04-17,0.006368531189114938,0.022749929665686012,-0.011531109865512024,-0.004084584858441525
2025-04-21,0.035364062610557294,0.006636909463047281,0.014584164179462848,-0.0012113065384515148
2025-04-22,-0.012717455931586406,0.0016011940808607628,0.05096204242346242,0.025327677395453232
2025-04-23,-0.023618881248308077,0.0019677597785285744,0.03423950991027486,0.0664959592979752
2025-04-24,0.0074194700475890135,0.032875684163142835,0.011410805375719077,0.00801748967915436
2025-04-25,-0.017100004094617607,0.0014252422599588914,-0.019820781269481086,-0.003945732604596228
2025-04-28,-0.012518185588719765,-0.008321044662496238,-0.008022018404227359,0.006994309802698129
2025-04-29,0.008045424206703535,-0.003085460981320561,-0.01411505748488542,-0.0052380289617072456
2025-04-30,-0.005922240102190049,-0.0007058592147991911,-0.015008725458846389,0.005519908521956029
2025-05-01,0.007875829616228163,0.0032192424493608118,0.020124632873691824,0.13263350545846214
2025-05-02,-0.051582944943780316,0.011044114954765087,0.023329502638125107,0.04193515122580725
2025-05-05,-0.02468075722744722,0.01595249255110677,-0.0030059274065731565,0.013723142572667582
2025-05-06,-0.007647951281238477,0.0024979212814513208,-0.010714922556057922,0.029639761053274767
2025-05-07,-0.08019616864944872,-0.07528636922178335,0.0011568871571038235,0.0077771039384989344
2025-05-08,0.02796748703990689,-0.027226814927032543,-0.02501218225624384,-0.00489344511282239
2025-05-09,-0.006358290552778246,-0.02111876145476204,0.013200212640230545,0.0028533945940566238
2025-05-12,-0.008284248107608846,-0.005580382847020449,-0.015062011237384432,-0.0054813911300445675
2025-05-13,-0.00439133074610713,-0.02274676358302958,0.020424404515819283,-0.0083653034552961
2025-05-14,-0.01580350385272758,-0.02120798791686148,0.02095530329142629,0.012153022636615747
2025-05-15,-0.003038346733564741,-0.032889387625537614,-0.022699798543115744,-0.02257232526382045
2025-05-16,0.013175064859035846,-0.0026530978043570394,-0.004527191965286757,0.008034260933858265
2025-05-19,0.009662047194406023,-0.027513878028782628,0.007286587270915827,-0.004076005918392474
2025-05-20,-0.0009249478538353561,0.01269455495314974,-0.0032190771488038563,-0.006737178714371745
2025-05-21,-0.0275054479546897,-0.02641097661305406,0.0015351614226228015,0.006282670250628463
2025-05-22,0.0035708457906069926,0.021127236321882514,-0.014883902640302074,0.004236706638834419
2025-05-23,0.003934047400527501,0.007662925467581554,0.01579138738160769,0.003923759998221323
2025-05-27,0.0056686573269714505,-0.003984090644121849,-0.002662518245412221,0.015878794036580615
2025-05-28,-0.021328957042557616,-0.023455931418125277,-0.009635764530539747,0.0047627984219777075
2025-05-29,0.006560535370114274,-0.007402212023677533,-0.019605770637741167,-0.00901764141443994
2025-05-30,-0.005863432058746508,-0.02796534394323314,0.003121836806635894,-0.0037020842408857814
2025-06-02,-0.037241505365300395,-0.022220856030537858,0.00994457899489264,0.0037903650342880468
2025-06-03,0.017483397920422607,0.020096476249201113,0.013141107799428304,0.0006869052460497342
2025-06-04,0.013342637715158319,-0.00448433697346317,-0.00690601903842886,0.004119787537369328
2025-06-05,0.008522441608257537,-0.0020869501687264857,0.0018915868773277183,-0.003168452951592128
2025-06-06,-0.0077632730999933515,0.003961875670313437,-0.008453616320037206,0.002142202026183546
2025-06-09,0.0053715914591836045,0.05054782337042511,0.00847700657803024,-0.003142221131582145
2025-06-10,0.014280177140857688,-0.009530391564052963,-0.013293414029771133,-0.008783292713248757
2025-06-11,-0.011735171013144693,-0.009605308372500492,-0.01291112658463366,0.00563913123602683
2025-06-12,-0.008484087776149217,0.013096397233163852,0.01858586040091901,0.008340056678234899
2025-06-13,-0.021007232028727143,-0.022323765655952454,0.0019904818281308028,0.010694645857005422
2025-06-16,0.006273589327279852,0.0027762431576549076,0.0005049189037770914,-0.0009238760613276059
2025-06-17,-0.021282506937552285,-0.010832517014797758,0.011080901657421448,-0.009127371472876858
2025-06-18,-0.005854211474810565,-0.007782252814963593,-0.0028329282738291262,-0.02476635777583426
2025-06-20,-0.006039143952423483,-0.0026225519868965305,0.0011921236641359873,-0.005307737311623281
2025-06-23,0.0018055103024533815,-0.0006579666719019519,0.009977131467457476,-0.006074976167214061
2025-06-24,0.015634282802666814,0.03269996723763035,0.013676243426620147,0.005460407043803175
2025-06-25,-0.014546045110225744,-0.004197584585875347,-0.010156856332331505,-0.01810162539952221
2025-06-26,0.0066061122645678875,0.008864571999863199,0.01633290931446243,0.015318761349000874
2025-06-27,-0.008181838711947054,-0.014455699832812334,-0.01130098846258033,-0.005148791981766786
2025-06-30,-0.021665834598789752,-0.020397287387934393,-0.006667478372960545,-0.012442714689884454
2025-07-01,0.0407851708398647,0.026868585758658303,0.0036070476280714962,-0.008489677878534378
2025-07-02,0.03895829335049889,0.02891984563456755,0.008578177028140642,0.016840194262162326
2025-07-03,-0.010430698304560148,-0.004112208582187866,-5.8160244589690324e-05,-5.322006072961717e-05
2025-07-07,-0.051739166635146196,-0.01932751218377008,0.0005273946660171273,0.00488196832634202
2025-07-08,0.041033264588138135,0.028132571246653554,-0.0150760343559541,0.0050433344901409955
2025-07-09,-0.0025787378840238916,-0.004280570972272069,-0.01111360894190317,-0.014283048175576057
2025-07-10,0.02228717011313323,0.0008273699666292364,-0.0020520606063245536,0.0009517979749816554
2025-07-11,-0.011506818288156175,-0.001800981325338033,-0.002043961208617325,0.007528118854573133
2025-07-14,-0.02100782759026791,-0.004640087469716329,-0.02078856389697322,-0.005845353414466906
2025-07-15,-0.0018315245954287633,0.0047907407169331395,0.001197346462715164,-0.008497177674522757
2025-07-16,0.008046543363830816,0.0033436005569416217,-0.005818769548743946,-0.008329719709489213
2025-07-17,0.025899160655075273,0.027158626398296824,0.015225773407828345,0.021305616705859707
2025-07-18,0.06186976557188132,0.005245102717015206,-0.0001510374222967346,0.006552422221189635
2025-07-21,0.012403905149035187,0.009262379925725626,-0.016172173430973213,0.00018090778156492487
2025-07-22,0.020688483834736912,0.02000148388645995,-0.008893864332759365,0.011086693305423384
2025-07-23,-0.001049833757232584,0.0016991550042352692,-0.03130070477366944,-0.007894848956279198
2025-07-24,-0.03259062236583226,-0.0025120630378822712,-0.0038970061142929017,-0.009075889246737535
2025-07-25,0.001528791165184451,0.00804801285754882,0.0024989229773891945,0.009688938823625926
2025-07-28,-0.014460810564418957,-0.01691274672977751,-0.002991718710025665,0.0019285360216693115
2025-07-29,-0.01807130436339518,0.008443051028770927,-0.0001306751758766815,-0.011795535705693177
2025-07-30,0.09850933637510596,-0.15162730870069652,0.020696315133391548,-0.008573089012770985
2025-07-31,0.05132705673112264,0.02571065440044574,-0.10519264514155205,-0.1669330081047475
2025-08-01,0.008592628021172046,-0.01929509551682428,0.04289363830709575,0.003623334842055549
2025-08-04,-0.009299737923756561,-0.04286328686817534,-0.037457987666456825,-0.02994018512895494
2025-08-05,0.03203037751596624,0.0046634320254072895,0.022563671062891852,-0.012868287334181576
2025-08-06,0.00471044887106902,-0.007363402036086849,-0.01728991219311285,0.000921846644235301
2025-08-07,-0.004184088984609518,-0.000797912748515324,0.0019895677372446536,-0.012015646932009964
2025-08-08,-0.029171908976297976,-0.01387670659785063,-0.02468356490940968,-0.0100165238161272
2025-08-11,-0.0031583671952793682,-0.012025356722604155,-0.0009730459095875951,-0.0012015888975055768
2025-08-12,0.020737409868666665,0.018122224804190665,0.016448926053135263,0.016239987858125797
2025-08-13,0.017500526079281584,0.035177890201816234,-0.024200202357640723,0.0009510732371343098
2025-08-14,0.0034843174939130613,-0.013053326986801611,-0.011732734117595999,-0.014219652957600148
2025-08-15,0.002601691444213721,0.004320211813740725,-0.0056892447916468206,-0.01227850187922215
2025-08-18,0.004913120536090489,0.014188008539738286,0.007640365843910562,-0.004817070550634346
2025-08-19,0.008159298360769146,0.04534582108463695,-0.0026964002977287876,0.00976153648683276
2025-08-20,-0.02378236918520944,-0.0056790845335115605,-0.012048377915390667,-0.015296127524938634
2025-08-21,0.00010196070895421771,0.041387698060288074,0.002165499351456705,0.003318077412304463
2025-08-22,0.020352487283126372,0.036390783998624866,-0.0034275393370837882,0.0143770562886295
2025-08-25,-0.011094682553685599,-0.007456667206090809,-0.006532577350094163,-0.005306457104973694
2025-08-26,-0.023257527803788446,-0.02350567132363381,-0.027363093806516196,0.01745133525225914
2025-08-27,-0.004692373936161275,-0.020847359566752852,-0.012293908495377879,0.005923192837776883
2025-08-28,-0.0008173672564276025,-0.0069203044774053995,0.009228694243369095,0.015243721469009097
2025-08-29,0.012864109767517212,0.03206373357056067,0.006986555118674782,0.0025354089228946403
2025-09-02,0.0015251675322325046,-0.008288350486148033,-0.002667792197068154,0.011610015657779534
2025-09-03,-0.013716433263480068,-0.02492653443675803,-0.010547057419734267,-0.015728548371139628
2025-09-04,0.011518493550497428,-0.010034275615917734,0.005630429619671792,-0.0034596425895403633
2025-09-05,0.012543476513185145,0.017402992404264107,0.029760830538400406,0.004655355514685305
2025-09-08,0.0021992775800280633,-0.00580689377028526,0.017660086312964517,-0.001894398920887462
2025-09-09,-0.02895716919223576,-0.01176433652716869,-0.0225316536125682,-0.027694121229784915
2025-09-10,-0.003554172387486971,-0.04143815372956984,-0.009681392775757046,0.0010781040708097989
2025-09-11,0.022314525118519477,0.043275576710646274,-0.02665957760436999,-0.014360138324695824
2025-09-12,-0.023498962819586876,0.0433725474399242,-0.010765394888899422,0.004053601802234283
2025-09-15,0.019475630187365457,0.023946930319374993,-0.011293088320413907,0.0016201726637778916
2025-09-16,-0.002123122933501917,0.022173994879324026,-0.006927376648933104,0.019750315398687622
2025-09-17,0.025719367011337743,-0.004323033046262458,0.01744979639080786,-0.006884670351206343
2025-09-18,0.022923621150294983,0.0031192796945713197,-0.008922114823027572,0.004543976147500184
2025-09-19,-0.014542990153099315,-0.02067547141991599,-0.03190887717745363,0.0010185881422181981
2025-09-22,-0.011882952988162832,0.010020372530633332,0.002728877235962275,-0.01966806023681255
2025-09-23,-0.011871413611439867,0.0024646265777948945,-0.025024203838719044,-0.03234193143687612
2025-09-24,0.0044850418556402994,-0.020786453873614417,-0.010531847424576836,-0.001896721087177691
2025-09-25,-0.002533291929195564,-0.01152709314592497,-0.0008366117312733753,0.00787797422623713
2025-09-26,0.0035641987267298753,0.0097230761609461,0.06250152826167166,0.05476004266732754
2025-09-29,-0.008566197706232062,0.004344124283259492,-0.03877496443230494,-0.04281527303675844
2025-09-30,0.006993472612324383,-0.02030709135409024,-0.005962773203428345,0.003989933805792885
2025-10-01,0.007311492784201328,-0.004969669046075119,0.019297345294509324,0.015228105198309576
2025-10-02,3.2343804760252143e-06,0.009398050628606793,-0.023059439150594583,-0.011825480743694678
2025-10-03,0.008853587870155846,0.026104449522787305,0.0010815957717557468,-0.015599039649050973
2025-10-06,-0.00501354920741515,-0.01650088435450501,-0.003942047193489975,0.006882467758610292
2025-10-07,-0.0027487687599061983,-0.0533902875880356,0.017798689353948374,1.4379019733756857e-05
2025-10-08,-7.956019691959804e-05,-0.013614969347680618,-0.00470628054903223,-0.014358318131786611
2025-10-09,-0.0021740892892385313,0.0029703033255845954,-0.015187842660776885,-0.0007005333616471286
2025-10-10,-0.01886798871638927,-0.037448737843669186,0.002974357444913707,0.011931403732898346
2025-10-13,0.035212742814152764,0.04442778917463884,-0.02467811643954831,0.00930647067555379
2025-10-14,0.018194623688505617,0.013018467021104443,-0.005642130068721392,0.017026912920856778
2025-10-15,0.005338056560904256,0.006347594263352262,0.008924490167333727,-0.010015586686524754
2025-10-16,-0.0030654005311700474,-0.04636730552506421,-0.009447786838675944,-0.019829987681281185
2025-10-17,0.0070046443379435065,0.007284206275781786,-0.000175691281031026,-0.01004507152981743
2025-10-20,0.025388173878838217,-0.00137328422526704,-0.010906558275704352,-0.010179111480602965
2025-10-21,-0.03462261812669503,0.007544386382102101,0.01093653566728887,0.017347345200730648
2025-10-22,0.004484630569365324,-0.01259123749831808,0.0011388261636384733,-0.0074153143654870635
2025-10-23,0.0011404784116731057,-0.005639678123852236,0.19361639796061353,0.057867198071623646
2025-10-24,0.007517188548799264,-0.010493176241243518,0.034908511099761244,-0.013792532518961096
2025-10-27,-0.033539623758548055,-0.0015345051952563513,-0.004831011677575228,0.010255737819062472
2025-10-28,0.013748291469439707,-0.028714081987160366,-0.022318456753074416,0.0793746254699378
2025-10-29,-0.1383043765368478,0.013878195530396518,0.040260135543290804,0.04107347998359878
2025-10-30,0.006590671964106964,-0.05683111313763699,1.7943129804265726e-05,-0.005128710539002667
2025-10-31,-0.011335620597303293,0.0425197874536362,-0.01437851048207772,-0.02615499822613562
2025-11-03,-0.002724851274450016,-0.00826763913197394,-0.014904410734414649,-0.0021685620343928724
2025-11-04,-0.003761706855670517,-0.007480558751224213,0.01014454656875826,-0.0028060042908112093
2025-11-05,0.03348845756335807,-0.010640959451087645,0.03489061827978698,0.008201429821128783
2025-11-06,0.008161891226762946,-0.00014457892558778634,0.015671229162037364,0.011535336204679978
2025-11-07,0.007777815153317514,0.023430502624217094,0.031047296773409287,0.008787515544220532
2025-11-10,-0.00014722640048019792,-0.03886132848957731,-0.021028585819245393,-0.012273419552427271
2025-11-11,0.01967335170433626,-0.0010590999700600956,-0.010680067619280838,0.004059629416940722
2025-11-12,-0.0035311842825044067,-0.012015541145099121,0.029959071267467344,0.011854479153749223
2025-11-13,0.006633272832998957,0.0062538404717703625,0.009898155391750194,0.02456626513766326
2025-11-14,-0.009375019934712667,-0.030295490320180623,0.01230264558148644,0.0032596924171591525
2025-11-17,-0.017332461612698774,-0.023178223387604797,0.019900214546694363,0.0075378102570807185
2025-11-18,0.01998519090711188,0.0007317455542119808,-0.019075293276460556,0.0038791131151953116
2025-11-19,-0.0019024648543961601,-0.0045912680412286515,-0.0016189920846949616,-0.007328533577275788
2025-11-20,0.02078334756209545,-0.010785265890261075,-0.024870612347533697,-0.001636277897158124
2025-11-21,0.028282967244263994,0.058403910459894626,0.010807828103932344,0.016752714147461815
2025-11-24,-0.02148989482917056,-0.04593845424580078,-0.005322112171135464,-0.011981325953684827
2025-11-25,0.016440586989588148,-0.008038512586639963,0.009903214576432336,0.006036334598444208
2025-11-26,-0.013640459227349317,-0.012562599769949345,-0.02601888271377972,-0.0037775461247996547
2025-11-28,0.0006538369514592825,0.006837885226696611,-0.014150142726880073,-0.00738981356263139
2025-12-01,0.010223003985698994,-0.010004596802867576,0.024583960843347803,0.012167496220375738
2025-12-02,-0.009324704002588849,0.024509309706080683,-0.031066434994513663,-0.021047077588262887
2025-12-03,0.02083295864762921,0.05707196006419885,-0.011131909592970744,-0.010381727351832834
2025-12-04,-0.02269469216655843,0.0331855551521905,-0.002565690658003675,0.006010759657871982
2025-12-05,0.01549468700917115,0.0006426578814096098,-0.015468698244150432,0.008215780344057606
2025-12-08,-0.02281784069283402,-0.011438165067696744,-0.0087254287386044,-0.020872932977544844
2025-12-09,0.014338293592475092,0.0421406671328184,-0.016864193072892573,0.005901114094824638
2025-12-10,0.012911045785111066,0.007912484619731564,-0.0008905264610943806,0.039941109134976074
2025-12-11,0.017224738365302195,0.019824436089632975,0.03563112961931569,0.03717951188698107
2025-12-12,-0.005668739267726191,0.019626533274347276,0.0016115811423311872,-0.011231663707076048
2025-12-15,-0.013274777176746388,-0.022020264497814718,0.004860824989043496,-0.003273244995338475
2025-12-16,0.003806543503539074,-0.015451277558436283,0.002298434103907513,0.00786498034872573
2025-12-17,0.008700895560727274,0.010396500567168558,0.007776373342210985,0.01602346676190659
2025-12-18,-0.012082850914323581,-0.03277878451749923,-0.008911927071038498,-0.006662061099032959
2025-12-19,-0.00934696659085868,-0.03628275189467075,-0.019481456826824985,-0.0032925120171082845
2025-12-22,-0.0033980693387860063,-0.0028031364177023687,-0.016316308762175616,-0.008746151365255576
2025-12-23,-0.0029232506781321477,-0.006270940451931418,-0.0016908695836473095,0.00028046352339943306
2025-12-24,-0.00886085919556126,0.0022881578441330576,-0.002186956126764651,-0.0007478722748422133
2025-12-26,0.011257260504890896,0.010282683281782248,0.009104713592260134,0.011706956910056684
2025-12-29,-0.012792943372238443,0.0001303936123524911,-0.02142157075910599,0.001957224190505609
2025-12-30,0.0002745129221534354,0.011117914705566502,-0.01833665407396815,-0.001510541121541282
2025-12-31,-0.00876251674430183,-0.012430617817297776,-0.0010408086114711192,-0.0022993606772848518
2026-01-02,0.005498703446107797,0.01706053420989615,0.029876150063168787,-0.006773617205660512
2026-01-05,-0.006600100647449175,0.025546132307425546,-0.02034365551364301,-0.01934959343393973
2026-01-06,0.01861238047716845,0.031074563444641615,-0.03967617607349663,-0.017355879180288962
2026-01-07,-0.00824915754221902,-0.0041289272566561,0.032761614647875595,0.018305166272602664
2026-01-08,0.03420706982920822,0.039240984917083194,-0.05961382520197603,-0.020818159330252134
2026-01-09,-0.009164360465339992,-0.001022485872130434,-0.010579299300190914,-0.0015191977715174818
2026-01-12,0.0022618878746606345,-0.01611876988141328,-0.03672129497441849,-0.008600688378398502
2026-01-13,-0.002584314560853275,-0.006613022656232686,-0.014897190785889964,0.0005425642104418486
2026-01-14,0.05277094211557131,0.025938671335295933,0.002190187622348666,-0.016492766613649113
2026-01-15,0.0036865297241721155,0.07322092464590635,0.03938263863047327,0.0039299552053485825
2026-01-16,-0.03140739824840444,0.0170889166664289,-0.02853617317181368,-0.023673570664545725
2026-01-20,0.019413893187010683,0.0008635577398366269,0.023144369523358008,0.019409465011052132
2026-01-21,0.005795194469863131,0.004473845977331345,-0.0066091700841941735,-0.007502476578087242
2026-01-22,0.002861839832355188,-0.011917080202399807,0.0114545151867943,0.005081783358041613
2026-01-23,-0.08764369211824041,-0.01889309476680799,0.006781184769134008,0.008249225816985985
2026-01-26,0.008022755919245384,0.013192806001652936,0.043620007854015395,0.005667768428814736
2026-01-27,-0.02485653871525972,0.015402070772496352,-0.020420357884559672,-0.016028041457864968
2026-01-28,0.0017948291140033783,-0.025942272795847356,-0.03968908410406273,-0.01181592038325003
2026-01-29,0.05092018456352859,0.01609017412696478,-0.060768735397712575,0.0026675005196395672
2026-01-30,-0.011803124379512656,0.008905499255786764,0.031357723398323066,-0.0019583818727366142
2026-02-02,0.009083607553501002,-0.008591270869678907,-0.019997086740394375,0.012415492195004584
2026-02-03,0.03600210268902308,-0.024192317305248,0.07688146542997622,0.04263651914631533
2026-02-04,0.07222322007891556,0.03928771598164888,0.02250980895106809,0.03082353940027839
2026-02-05,-0.031193463899753887,-0.017130013768948533,0.05373850444777323,0.016643502415136235
2026-02-06,-0.0002857975383407513,0.04714954618782796,-0.003990777733360276,-0.010849316242353857
2026-02-09,-0.014897469112834592,-0.013509394149224158,-0.00880775372983949,0.007715540507980071
2026-02-10,0.006893593789327734,0.09569993931930748,-0.0061777339598196234,0.01724666125965047
2026-02-11,0.03942990460717966,0.005773904076807758,0.03262236096760035,0.015882587233895726
2026-02-12,0.02155936749998319,-0.0199692189260361,-0.0057566321481125,0.005582491525830419
2026-02-13,-0.003465959560276375,-0.005388764294276517,0.018469342670259854,0.0160109824139268
2026-02-17,-0.04645755709301334,-0.012139894091919694,-0.029623444642433543,0.0042401952129204005
2026-02-18,-0.01071085133895556,0.005828470366020045,-0.020938302176667818,-0.0005559846923110304
2026-02-19,-0.01723837935087405,0.013416245503052305,0.017501325028450018,0.01537511287497573
2026-02-20,-0.018464185881318956,0.002025184537342465,0.009655175108466928,0.03522963247770123
2026-02-23,-0.00941634770448092,0.024903630147453948,0.0010796770369633103,0.013639537377784216
2026-02-24,0.049947697893823424,-0.01787809838290508,0.005704267813440991,-0.001360080292616632
2026-02-25,0.03649893906114904,-0.011046307505604883,0.010576315890876079,-0.0032410125251045255
2026-02-26,0.00629215945141183,-0.0021065050903708027,0.002307952109031006,0.0209277191343916
2026-02-27,0.01469972560854458,0.01739116145468797,-0.0008077146121499091,-0.0017216214442163777
2026-03-02,0.00914905852830705,0.024198669046174567,-0.0056083754037597605,-0.012818030368471494
2026-03-03,-0.004784743060872544,-0.007578438352388264,0.014277642268945429,-0.02377188132972309
2026-03-04,-0.01973542320114509,-0.0054779224031395145,0.012708699022025954,0.016828177654151774
2026-03-05,-0.04370183630021826,-0.020150115021575255,-0.009320028359116973,-0.01654719423047117
2026-03-06,-0.028045979028559515,-0.04784536999777565,-0.02139714675932461,-0.027252274705912117
2026-03-09,-0.008099674623142216,-0.001220909781648287,0.014053380416478922,0.03493686621230705
2026-03-10,0.01812692691182108,-0.010905783298978254,0.024074842460129926,0.02166320402322188
2026-03-11,-0.02960537870644451,-0.0157584624907822,0.017519203094219886,-0.0080251862181695
2026-03-12,-0.006167300059748415,-0.011336465455525004,-0.03533049047920825,-0.033870755043700594
2026-03-13,-0.012882854584278302,-0.017513012514975532,-0.03243011389524707,-0.020186729038962313
2026-03-16,0.04292523968718712,0.00814675161788636,0.012227667306381081,0.01739278982096481
2026-03-17,-0.001496469609796213,0.0314068515786704,0.01556337934807887,0.0052332122776606056
2026-03-18,-0.012285175332524085,0.005192219136067948,0.02583549105859234,0.012775707249919402
2026-03-19,-0.03589207566163388,-0.002577687594480507,-0.006201926838884184,0.0022142689219894103
2026-03-20,-0.004255159443812467,0.017968883159482092,-0.013179194763016749,-0.012756608886241763
2026-03-23,0.035349571192015504,-0.011631155479140514,0.020146602285254403,0.024465095261819943
2026-03-24,0.023272907575813444,0.04463094195109617,0.07157543748106382,0.02147781375323734
2026-03-25,0.03466558030274323,-0.0016639766894238437,-0.0022420949879234653,-0.022909630316150075
2026-03-26,-0.018856522352526314,-0.003784330317018421,0.000963345989575641,0.0023468132079775897
2026-03-27,0.023644854177241627,0.0031572941225207207,-0.011853032829842642,-0.001965633015508981
2026-03-30,-0.0040495490619283404,0.004751929975410699,0.015671646250113816,-0.0016972320234854288
2026-03-31,0.007008219966217047,0.0072091473242313076,0.004565553488136462,0.01891028907191973
2026-04-01,0.0006657912614420891,-0.02148390564319498,-0.006032783504828387,0.008765710002922953
2026-04-02,0.00976249352543854,-0.02234656328179059,-0.025239544355024013,-0.02429995751631708
2026-04-06,-0.014260755025389593,-0.021024610187290002,-0.012028401537442085,-0.010411023986691362
2026-04-07,0.013211263854186734,0.013723889689126951,0.004155931663566764,0.0007850623736259145
2026-04-08,0.028019055025214713,0.01721225783086207,0.02542745878798719,0.004479801065419307
2026-04-09,-0.003092069966980627,-0.0014862834166987048,0.0037958569844237207,0.016454689744091134
2026-04-10,-0.00041741143692568435,-0.0021474242648723135,0.0152559563716675,0.020082784952708516
2026-04-13,0.009249865207002682,-3.0592963823173475e-05,-0.0020794729687976035,-0.009869464888007197
2026-04-14,-0.027353814180571756,-0.02824225755366583,-0.030536156561241326,-0.022158583657036084
2026-04-15,-0.016091397070983927,-0.005494857630294576,-0.02003342366950839,-0.033460741943018554
2026-04-16,0.02695271931131523,-0.01871208786430605,0.013796658939168163,0.012290690031167742
2026-04-17,0.07491572041958985,0.046545613280780856,0.024142591711165028,0.03673066079566138
2026-04-20,-0.006401073412508488,0.015730833207367033,0.013679412789385684,-0.005164511884352492
2026-04-21,0.0014883653603750928,-0.01923010666907428,0.010845246679249285,0.0056299224994072194
2026-04-22,0.0007989137302137636,-0.023631526304633096,-0.022694076343027003,-0.024398199306783417
2026-04-23,0.01650563145747854,-0.012846531306537842,0.0033321803200780753,-0.0004142665600801402
2026-04-24,0.0034416574952360057,-0.007706175373963231,0.008212072968712356,0.005567317961824582
2026-04-27,-0.020814728477362224,0.018215651203137034,0.00130059440238629,-0.00464269388909718
2026-04-28,-0.011405142182011996,-0.032766366550737606,0.004288947176433639,-0.005160443511296859
2026-04-29,-0.028861044077212777,0.005200840894042113,-0.04003918871517013,-0.0279264797750583
2026-04-30,0.04266281386834955,-0.08283038918826875,0.018179048760583627,0.029783403254352303
2026-05-01,0.024197181897359286,-0.0035935125877542134,0.010851935944050463,0.006389232320334462
2026-05-04,0.01339242271962831,-0.013231553953957833,0.006445703240970413,0.0012879059989680391
2026-05-05,0.020693671478174094,0.024102839253562013,0.025465764227884675,-0.006588605338851555
2026-05-06,-0.0369653883805076,-0.013292271295661663,-0.023098346291750838,0.011442347384898188
2026-05-07,-0.018359466543293727,-0.019641146255212683,-0.020270734857680207,-0.005188097941841444
2026-05-08,0.02094021670668229,-0.053758440040677785,-0.05530016640564665,-0.04446221472330029
2026-05-11,0.005021627729398509,-0.02601270515354128,-0.01463483490151661,-0.00042577678310082995
2026-05-12,0.013857264848617804,0.01010959493382544,-0.0036339167584233823,0.007617931033856657
2026-05-13,0.026021954031888714,-0.028509813668148084,0.019778840876186133,0.015817816075391
2026-05-14,-0.0017296940069031963,-0.04408571061163063,-0.013277189913284651,-0.010074647203546071
2026-05-15,0.0011852294577446784,0.0034799569149726872,-0.005526944473003184,-0.009936915868250226
2026-05-18,-0.011783028956944507,-0.01574653209936663,-0.023621714037891796,-0.03961544905839756
2026-05-19,-0.035846466125380075,-0.02354753404022076,0.014858186905674413,0.013327153794589732
2026-05-20,0.03382336030444927,-0.025730879418675037,0.0030103347417867674,-0.013413357352525794
2026-05-21,0.016270868700287013,0.019907953724428433,0.036281118648961545,0.041092874113040856
2026-05-22,0.009981648372162519,0.0029395678865069934,-0.02615016155319074,-0.00500478753969515
2026-05-26,0.0074932432614731835,-0.01751633632963373,0.01338385613887906,0.006427425645723614
2026-05-27,-0.0029663423623401035,-0.0023341556290229284,0.01160015728016829,0.0031895499160302055
2026-05-28,-0.01334119530806091,-0.022304734769711197,-0.025662670946552613,-0.022227507549281794
2026-05-29,-0.010754053587742216,0.0035801987611751673,0.013887361247373962,0.026707845273061567
2026-06-01,0.02088089591579998,-0.027178831359944988,0.06104933449832543,0.04391017452180852
2026-06-02,0.015489858666208351,-0.01058711652331723,-0.0019369850664177554,-0.009253893479979097
2026-06-03,-0.003255657142459091,-0.03563343674476014,0.01393708139411665,0.019251146890092444
2026-06-04,-0.012857842228502567,0.01997284283473862,-0.01992654675653332,-0.021032271173202513
2026-06-05,0.015100979978682413,0.017395220881443255,0.01234932306520468,0.012021734024637694
2026-06-08,0.006595972704182156,-0.006410084231284044,0.03197504670101969,0.01113634640516333
2026-06-09,0.025047282769980497,0.03151401783363118,0.03613034377256095,0.026832505211461688
2026-06-10,-0.004461456331872574,0.0034900339495140126,0.033101071855292,0.01254963577751933
2026-06-11,0.04463249267314309,0.029026722494621307,0.003551608802616721,0.01659010320971485
2026-06-12,0.001983907789380167,0.02091517743417574,0.003651073544984269,5.925981912414252e-05
2026-06-15,-0.010546647906465735,0.019416702963742302,-0.027560010095560333,-0.04376746928180181
2026-06-16,0.03308455886462924,-0.002003468951026599,-0.004296613088749108,0.005259966571476633
2026-06-17,0.02280962274203391,0.024617035988893442,0.009834025995629686,-0.01496530882680789
2026-06-18,0.024328634419582097,0.0618985072274232,0.022455694266139775,0.023204539139566285
2026-06-22,0.009347078885478352,0.0036475424603599933,0.01402681211218388,0.022591795593209542
2026-06-23,-0.016466453519905704,0.004694962907523345,-0.00430508722966245,-0.007288919201130919
2026-06-24,0.01633086184672844,0.023512419863037096,0.0030321670781713952,-0.011572731265428338
2026-06-25,0.030074312512478746,-0.015103780666899526,0.018646780574230817,-0.005168802793292916
2026-06-26,0.03890600973382552,-0.019813575357003343,-0.0008366081265562212,0.003509112189101528
2026-06-29,-0.014462520700012978,0.011547721068175719,0.0034233444979603414,-0.019406055262913086
2026-06-30,0.0049379822263667245,0.00324282181342421,-0.008307936374605952,-0.028008868472837914
2026-07-01,-0.029565679304533136,-0.009681143882361937,-0.008811031971279285,-0.01835488923567183
2026-07-02,-0.0545648959766436,-0.04970763827544933,-0.033204653816004556,-0.028589405882645032
2026-07-06,-0.029887677666053443,-0.040711504622861494,0.018100052730604718,0.0030185401508397436
2026-07-07,-0.029233066489962108,-0.011024082876749858,-0.014680730367092519,-0.012171713517375685
2026-07-08,0.009036055594058139,0.007577743125325432,0.016455187115611183,0.030988191486240282
2026-07-09,0.019794415316769697,0.013710554262792884,-0.0028863863217154177,0.005948942541333374
2026-07-10,0.0028125369089835386,-0.004449866683360272,-0.020613152436788327,-0.00569245038269768
2026-07-13,-0.018349248722806886,-0.0075046063661311085,0.005573815249404004,0.009360517923028396
2026-07-14,0.016441183452361716,0.0034657545475004284,0.010716155089117892,0.023215060495220062
2026-07-15,-0.006160663178865397,0.010884576857755863,-0.003931411556260683,0.020413862429353936
2026-07-16,-0.007189118404933338,0.021718611157959825,-0.0072984330024132155,-0.008689797929801547
2026-07-17,0.01753384842765264,0.05129544855318416,0.010558275127575302,0.007179523896322965
2026-07-20,-0.011036209576312917,-0.03959526876431459,0.0006501430961713163,0.004989052512155301
2026-07-21,0.03191467496057805,-0.013367030173559488,0.047398655098997634,0.04361969253445583
2026-07-22,-0.020501634624329378,-0.023996856403528565,-0.010413004164255885,-0.016506440372180457
2026-07-23,-0.015029609632500935,-0.004737471430770669,-0.006676916057054658,-0.009075499749813812
2026-07-24,-0.021416562911001597,0.0037190926676688163,-0.00021484781252654583,-0.010144776949306211
2026-07-27,0.0022878244826791943,0.0016972633288743384,-0.0541652691772571,-0.03901982601358721
2026-07-28,-0.12143062796057526,-0.011541140983308218,-0.03378307747838831,-0.02469281559230722
2026-07-29,-0.060385752764356954,-0.030388490137178495,-0.0039745501006676065,-0.00038328205922281283
2026-07-30,0.06342068859293809,-0.001968743614423271,-0.07732539476254358,-0.00594167093760278
2026-07-31,0.007109376895771493,0.015222231920806066,0.021468902054694233,0.022274724383561186
2026-08-03,-0.00502273429982221,0.04364841143803197,0.011044004996268578,-0.000333540960234472
2026-08-04,0.02698877927616858,0.07681735763731543,0.013003552359841367,0.0006512036260030024
2026-08-05,0.31208549904552263,0.0313668893684166,-0.0042212346345946,0.0216457840660973
2026-08-06,-0.06037514724233541,-0.022677284682669906,-0.01454357084125739,0.09700425418777658
2026-08-07,0.03228352585436755,0.04339858803923535,0.014997875327833289,0.0109148292054156
2026-08-10,-0.029010049023539763,-0.022696536880393314,-0.01779856350336054,0.004430073777641909
2026-08-11,0.0006704570098311903,0.03277202819966887,-0.0450812280208655,0.002227662952773694
2026-08-12,0.0008276405260977133,0.04692683967645593,-0.02069747210045781,-0.003497373616814135
2026-08-13,-0.0051484993237877995,0.0081625739133621,0.01725329086747449,-0.008962530381974683
2026-08-14,-0.002849165160472047,-0.0109241585900344,0.0008706981761274456,-0.009957813216256805
2026-08-17,0.01629222411731158,-0.007718774359638272,0.0022712833979991543,0.018456271107518546
2026-08-18,-0.0671361478565829,-0.021839600633656177,-0.015599428003454718,-0.016987523029067492
2026-08-19,-0.055532403413743124,-0.014905605803243738,-0.014093685498561381,-0.017911865564913552
2026-08-20,-0.03445453337896644,-0.0009067171696163618,-0.0029178895699920604,0.0030354882133931255
2026-08-21,-0.003450942157408989,-0.0018040458878348428,0.006079089653154427,-0.009885411268555121
2026-08-24,0.0066886499640439155,-0.0067884103065694625,-0.009623341322401578,0.035559574098736016
2026-08-25,0.0035926441213861918,-0.012617061442410645,0.010737020178343803,0.017285699418710464
2026-08-26,0.010147988530514249,0.023575106948054356,-0.016225729899767095,-0.021842842836623178
2026-08-27,0.03790729036236129,-0.0018862030321112958,0.01814895530571132,0.011564790047735881
2026-08-28,-0.0214385777239922,-0.034923683383974446,-0.018164534079584432,-0.005214487287421863
2026-08-31,0.00042511576202944063,-0.0011751487989566075,0.019632855027857294,-0.013170066121958375
2026-09-01,0.005824838383025692,-0.017500498839967103,0.0102793600223509,0.00097440539251515
2026-09-02,0.017379956382136328,0.011422265346380793,-0.01824218014675163,0.011560687777919737
2026-09-03,0.0012011726652155965,-0.0074679996418548205,-0.002746170228994104,0.00018146241197283808
2026-09-04,0.006253177480478192,0.023936841063365515,0.01319525077071996,0.023100301936736893
2026-09-08,0.04736804306572939,0.0004472138027428532,-0.02749562882955338,-0.010608153074487613
2026-09-09,-0.0032720038815572516,0.00783031202787693,0.018520592001496913,0.012839853096416314
2026-09-10,0.00671007969618365,-0.007261961042417997,-0.012351158126408713,-0.026059714380279327
2026-09-11,0.01267198170014789,0.000223820455576694,-0.020905849635433068,-0.00987195363955123
2026-09-14,-0.04449265539211654,-0.020523675372879774,-0.03224634468884694,-0.03155149331940959
2026-09-15,0.0020229867007762244,0.006329152924119813,5.922227823026288e-06,0.0026763804582972187
2026-09-16,0.033516247912619083,-0.0013922275839916018,-0.015943142588323037,0.007449852300663506
2026-09-17,-0.003381948295780462,-0.004427593225705066,-0.014520702239330673,-0.03385586903147609
2026-09-18,-0.004777183660044105,0.026969235863146732,-0.001840288695209382,0.03679097674999505
