date,MTRN,ENTG,CRS,ATI,ELMT,SPY,SOXX,ITA
2015-01-02,-0.009083560373150834,-0.008327256734150468,-0.027208702800815998,-0.01092904129300376,,-0.0005353607968676677,-0.0008611026408579248,-0.001831369308104236
2015-01-05,-0.027212635019784215,-0.03358766279011871,-0.05405932910362932,-0.057865663592067906,,-0.018059399907059515,-0.018855827047560836,-0.014849700467324256
2015-01-06,-0.015606125388140102,-0.03317558026652534,-0.019638647170083456,-0.024999976936893487,,-0.009419266706938045,-0.02229280639695186,-0.0063838765176253975
2015-01-07,0.0026916395007117178,0.012255150860273734,-0.0004494711891477321,0.017727162683822018,,0.012461518243721326,0.009884103057343996,0.00883461890851267
2015-01-08,0.02625319444214358,0.0153348633843704,-0.005629545764065158,0.005598764121722333,,0.017745024092327144,0.02969644995064402,0.019637177571200537
2015-01-09,-0.018604549655578895,-0.003974695740264544,-0.023777425315474998,-0.020414546866990513,,-0.008013942170965849,0.000540173642334496,-0.0065932995280247875
2015-01-12,-0.0085901257259694,-0.013567320536396865,-0.009742667757853485,-0.03410172619571561,,-0.00783352124028558,-0.019216243029707814,-0.007684827298768182
2015-01-13,-0.022706641340757172,-0.00485440223483613,0.002108596529771134,-0.015364464875737505,,-0.0028124838938075047,-0.009796441786045218,0.002376205861287728
2015-01-14,0.0006110468444875394,-0.008130272521673865,-0.019635530177557037,-0.053120859597985626,,-0.006037360503853506,-0.0056690648861091875,-0.0029850627187576473
2015-01-15,-0.014665381822599688,-0.015573362988160033,-0.01716732683202815,-0.020336513728725913,,-0.009160603329898098,-0.007937686863410898,-0.004226734708529523
2015-01-16,0.03503881045790158,0.028309487784181186,-0.03372122769353869,0.0064423147487722154,,0.013114103972846625,0.010931112881162885,0.0031837343124665463
2015-01-20,0.009886104298241438,0.009716585651366128,-0.0062771136566700525,-0.0017781517426069815,,0.0021329150592270807,0.010366564533567768,0.005112542051886493
2015-01-21,-0.013942113540906687,0.013632519715394809,0.006821899322586811,0.018525137556559157,,0.005047777321872671,0.01136352987846223,0.002631089229436556
2015-01-22,0.030084340209256988,0.013449568203473428,0.009284819120821908,-0.0031479588031818606,,0.014870763078166593,0.006000053346286061,0.019769163530513723
2015-01-23,-0.024532972669485398,-0.0015613949042612152,-0.007459219951126528,-0.04140347339606154,,-0.005482648851337535,-0.00260256404889192,0.0020584735321571568
2015-01-26,0.031736682197077926,0.0023459109999883765,0.002254676510473841,0.03440702434777654,,0.002341828545263658,0.001848164916836481,-0.002567879541050311
2015-01-27,-0.008996369394770443,-0.0046806077203142005,-0.010997472445945511,-0.012738802752934819,,-0.013190412931304407,-0.01779676881845782,-0.011157106608452372
2015-01-28,-0.03806702422141939,0.010188447182767346,-0.08162727092154487,-0.0032258827110557275,,-0.012824062279951254,-0.004750797812838603,-0.0021695285921964347
2015-01-29,0.010958869941199767,0.03491063345282108,0.018712022731379285,0.008629955048167659,,0.009243614203187978,0.0006657407726864406,0.01035044742125435
2015-01-30,-0.007829148290111498,-0.02548718372093861,0.024851736071070718,0.017112374379418593,,-0.012575269123301203,-0.019636137751777194,-0.015065204937711796
2015-02-02,0.023975670507938363,0.009999889498895964,0.023194124143789407,0.017875970833100663,,0.012384080589790347,0.0026027974283666655,0.014683811367724786
2015-02-03,0.07172495298483073,0.018278802278523187,0.029108962558874296,0.06163910335861389,,0.014461217635276968,0.017720049579390995,0.016452815463602333
2015-02-04,0.0033185554420525065,-0.0007480726831776696,-0.015769601335045902,-0.020110276469361366,,-0.0038078858314101183,0.00377088372251011,-0.004406620981990739
2015-02-05,0.020121535846608918,0.017964198391402952,0.027975908416920436,0.06487900491125154,,0.010094893102326807,0.009722336463208636,0.007915768106736554
2015-02-06,-0.01783291647037244,-0.0022057509136470532,0.002981611099720727,0.0,,-0.0027652262866662003,-0.005471087640056438,0.009205625214987023
2015-02-09,0.004401267940473241,0.003684500866284246,0.0007431868806775377,0.0015544177208204335,,-0.004475568703182442,-0.010562238589993056,-0.007280493302689428
2015-02-10,-0.018077368947248984,-0.009544828378249437,-0.01411212528478556,-0.012104404095537369,,0.010653110728966464,0.03380407659490747,0.0056479671791491715
2015-02-11,-0.00027890866889679344,0.002223884936860543,0.01054780237277364,-0.0031416674538990996,,0.0005802482423762356,0.0032271002503707624,-0.0009219084143744505
2015-02-12,0.026507081138761546,0.009615278903518432,0.023856221619300788,0.04916475957953703,,0.00961695934013207,0.01597473426034357,0.008809188318670946
2015-02-13,0.0035337354897746476,-0.010989088087299703,0.019660751132825727,0.011715289026811071,,0.004116180586487328,0.007070666397134717,0.006902790184881713
2015-02-17,-0.008823677521421325,-0.01999969850926131,0.0049983085781015735,-0.018705374612163483,,0.0015733563841564546,0.003143979183443335,-0.00181693207347855
2015-02-18,0.004382691233833391,0.021163913445703342,0.001895070013860689,0.0051437561490357275,,9.527725372349138e-05,-0.002611726487924848,0.008191963706163152
2015-02-19,0.05072239328074035,0.014063581180261187,0.0044917451268911,-0.009030937575879139,,-0.0007141147427195405,0.002722954951656975,0.012639410592869105
2015-02-20,-0.023098468922720827,0.0007300534520584545,0.009884451924843551,0.02764309313696378,,0.006000539915421488,0.005953600307116114,0.011914305330878117
2015-02-23,-0.022316811496003397,-0.023340592888139167,-0.009554806335081434,-0.00798121075732916,,-0.00014175690190421086,-0.0062297028898594675,-0.0024028582428998746
2015-02-24,0.030978103062256013,0.004480837424290174,0.020705819625082666,0.019368272200587677,,0.002840800737555993,0.013373712318154096,0.002007491698834185
2015-02-25,-0.014232865824267305,0.0007436973558951898,-0.005532331973606031,-0.0190002698031555,,-0.0008498260348402953,-0.005154998928571186,-0.00737199930343968
2015-02-26,-0.0122997220374218,0.0029713928948933432,-0.008576803545553346,0.003873678190443597,,-0.0011817553770744338,0.006839794027952317,-0.0037937210625742512
2015-02-27,-0.008662337239254247,-0.006666713959331383,-0.009586297491817275,-0.0008905127155349746,,-0.003405870299034275,-0.002984860308458237,-0.0006484841032823319
2015-03-02,0.012288380906492868,0.024608900032620395,-0.01794153574698698,0.0020795571504668153,,0.0063133739479834805,0.027461933493158508,0.01321645861971299
2015-03-03,-0.007013723300304364,-0.013828598304507111,-0.004326761723283168,-0.014230717379722813,,-0.004103831174231409,-0.01848839130932911,-0.00848262996243665
2015-03-04,-0.007878432736834862,-0.018450070401148544,-0.011347079045474273,-0.009623883065748462,,-0.004215563454321725,-0.0013310440026441661,-0.004196920869549703
2015-03-05,0.010952814902518648,0.00827053457513216,-0.028571541503761733,-0.01670215378906814,,0.001094138067874173,0.0006150250135896762,0.0015401337738030207
2015-03-06,-0.01733450585654639,-0.01789707075339597,-0.026897835968789585,-0.022853593956023044,,-0.01406455900075465,-0.010347150958922469,-0.011491370891672181
2015-03-09,0.013505816082808764,0.0167049526687455,-0.00025804936305118265,0.04736183279681616,,0.004144706028507583,0.0031056996999878628,0.0090871523001812
2015-03-10,-0.015229821333148208,-0.020164215420222842,-0.01627893206668496,-0.04309569708077898,,-0.016222338731832542,-0.018472782182757608,-0.015901526908534858
2015-03-11,0.011598845054781926,0.002286372618517163,0.004202267123933234,-0.003488700025336744,,-0.0023413529218215823,0.002207946238579117,0.003215212509559917
2015-03-12,-0.0002726809487891835,-0.009885747183620675,0.010724476128466165,0.00509220939194277,,0.01271378219739061,-0.0003148417154201777,0.01249077194027337
2015-03-13,0.0027302728607092597,0.012288690561474747,-0.014750961763616677,-0.05763133325582903,,-0.006132271392286448,0.006716397703065535,-0.008521979081364983
2015-03-16,0.0019071398293089015,0.011380730868444378,-0.0026271533984506545,-0.00235221369133376,,0.013360575294951271,0.015219611937893784,0.012033430687802715
2015-03-17,0.014677416826072598,-0.008252070763338448,-0.0028972738124716235,-0.01111472361539434,,-0.0029727746473808825,-0.007290411890036541,0.0
2015-03-18,0.01768014268793805,0.006808065392924112,0.0036983205298259936,0.038828259450357505,,0.012022014416728677,0.007447112681455703,0.009948843927970463
2015-03-19,-0.007107011401431551,0.01051827882410361,-0.01868469456974764,-0.032786884180964204,,-0.004561478594839352,0.0022587630373851475,-0.004404966932365473
2015-03-20,0.03632011524076506,0.010409092881324744,-0.006167657218521305,0.0013559590231586593,,0.008827005923151665,0.014136553268530694,0.006676994881271714
2015-03-23,-0.01023260870003695,0.01986724340795698,0.01996742579147548,0.06635061299397238,,-0.0019484340108939513,-0.008282947821828923,-0.0035960367757461587
2015-03-24,0.0010335072577178916,-0.0007215537943005002,-0.012698387452951265,0.002857183831302068,,-0.005619323019374511,-0.008555755381656538,0.000320879249020134
2015-03-25,-0.013684011576702071,-0.032490917523354756,0.017953085544073488,-0.03418802132244925,,-0.01465385059882962,-0.04646588868210888,-0.019263831064495585
2015-03-26,-0.007068047926068632,-0.0014923493089006312,-0.0023691380510448834,-0.007538482568996252,,-0.002381606471518305,-0.013719776179881293,0.0023804371044868766
2015-03-27,-0.0018457521825792078,0.013452783403141488,0.0036941725419568083,-0.00858659728657829,,0.002289842404594067,0.028368105390263354,0.009416984425538732
2015-03-30,0.015055609774062173,0.008849472235544109,0.014720844581225911,0.026982068626141276,,0.012199885496138707,0.01278071270784431,0.012736032639529604
2015-03-31,0.0,0.0007311208601994412,0.00725412177718554,-0.026597514042730475,,-0.008739514605386356,-0.011252122578812584,-0.008490672434309787
2015-04-01,0.013270039521918742,0.0,-0.08204715191683942,-0.013328890501876578,,-0.0035364331565727047,-0.006487862083172202,-0.004524116873927619
2015-04-02,0.02208575816058045,0.025566235672000337,0.014849639648278234,0.0324215197036577,,0.003597562057699122,-0.0022483989252037873,0.0019477387376194422
2015-04-06,-0.002009784300598505,0.009971530619292235,0.0574270260773615,0.023225406370725343,,0.006733070671566477,0.004399170857959822,0.009233860471395072
2015-04-07,-0.01837908699123858,-0.0021157405922216377,0.009138616466993765,-0.006074114650046258,,-0.0026462789668236786,0.0004271654756511367,-0.002568450381289722
2015-04-08,-0.0005127778318205767,-0.0014135312944548728,0.02690774940598395,-0.03280814545829036,,0.003377129851438898,0.0058731245568106605,0.006759114420257006
2015-04-09,-0.008468475989515167,-0.004953939076624003,0.013606217375093266,0.0019954168140683404,,0.00442329846746925,0.013057069890837658,0.0003195684604286875
2015-04-10,0.026139189066121782,-0.0014223667112124305,0.010439381945918091,0.0013276067837688643,,0.005457403140294748,0.004087030838939576,0.001997227607679175
2015-04-13,0.010844870481548252,-0.010683904610948258,-0.020910267454290032,-0.006297722005257578,,-0.004522902592576039,-0.005948874000928028,-0.006299114173878295
2015-04-14,0.0017465347297327405,-0.0021599140803214567,0.013567913409271659,0.025016728508451713,,0.0019130324986271763,-0.010183861712438125,-0.0012839507864541577
2015-04-15,0.00821938224302965,0.02164524629564002,0.01214691581006666,0.015945307678480347,,0.004486725691754234,0.01665256303547169,0.0016071389982805773
2015-04-16,-0.014575370921980024,-0.023305032654169056,-0.019838571275826555,-0.025944898085332624,,-0.00028491740812075506,-0.004277144616470552,-0.0014440151827412873
2015-04-17,0.0025069784797653316,-0.01518448473440337,0.002249080428516681,-0.01874386376727777,,-0.011503795336644473,-0.014249984669193472,-0.01662905709573903
2015-04-20,0.01275331627522891,0.024228948729983157,0.015208304364860092,0.01541555685179219,,0.009137166727382517,0.008503290225367,0.012498795925796502
2015-04-21,-0.008888633418335345,-0.011469519081551693,-0.0014736868644824597,0.14356434478198454,,-0.0011915787720281346,0.00685097866727391,0.0010489163872553497
2015-04-22,0.0,0.0036260099588678596,0.010083425546262736,-0.010389530781992673,,0.004914408405801263,0.014131630314820454,-0.0004029272544604501
2015-04-23,0.005729649808327908,-0.00722538654938687,0.01728750746272345,0.007874185906735054,,0.002516130421440055,-0.015483158471590874,0.0
2015-04-24,-0.0027250001027914195,-0.008733756029128847,0.0011968786184879399,0.0014464293146676521,,0.0023201779169772507,-0.016460441846794183,-0.007176923801388346
2015-04-27,0.010184056162021227,-0.011013071952871045,0.0031079653108974092,-0.01560219425213294,,-0.004157402008326483,0.002558349740597432,-0.0025984225705508734
2015-04-28,0.01573667689209013,0.04231617324138326,0.007149691984951856,0.017904303892811946,,0.003178806255515587,0.0009569159249329662,0.0017914170910797722
2015-04-29,-0.03171171051714272,-0.03846180080982997,0.008991993875332449,-0.013264190661557262,,-0.004114618846905782,-0.0055235241102267185,-0.00633963276072369
2015-04-30,-0.0002501224936268809,-0.01407377980860347,0.014305609828922039,-0.0067211893362347785,,-0.010020373103860614,-0.008652141165193417,-0.01758743992353118
2015-05-01,-0.02200559808551872,0.007512799332828557,0.024971340970965095,0.007649080771942707,,0.010840998802156276,0.02779869246644595,0.008826344883136494
2015-05-04,0.008181817313702489,-0.008948460985967355,0.006316049948371205,0.012262874016153447,,0.0028477029261748665,-0.001991964462853546,0.002393389079245356
2015-05-05,-0.005072031284647616,0.0,-0.004707409549088437,0.01788316554340641,,-0.011451991696817432,-0.021743473978287797,-0.012103582453717676
2015-05-06,-0.028039864523157543,-0.005267055214792982,-0.005856238281664594,0.005950460031319382,,-0.004116814921249934,-0.0011812247692539746,0.0004997816702028146
2015-05-07,-0.005507236219339573,0.013615678026597466,-0.008608698822627936,-0.019718170880098418,,0.003989649244075855,0.010965294447417673,0.00016693743914553139
2015-05-08,0.01107590538621328,-0.0037310966109689314,0.0048189264527980225,0.025574575935756183,,0.013166308007082517,0.009995595015782621,0.014076514990641886
2015-05-11,0.0023477023990918777,0.0,0.01804076112106756,0.022975718245174415,,-0.004772797285750308,0.0006318778454179608,0.0022174077907530787
2015-05-12,0.0018218458888124012,0.014980951838662104,-0.013908097358851013,-0.018898965688989522,,-0.0029913512377884866,-0.00904887823039513,-0.0012291598762919076
2015-05-13,0.013765642297658864,0.006642113690952689,0.0015925635527251902,0.022613000840980835,,0.00019043976571953003,0.006158355972844642,0.0022974049244837147
2015-05-14,0.00538056146579402,0.00953083479130612,0.010901667320593722,0.022386006703912997,,0.010427510734447587,0.011925127156569015,0.013344202213739997
2015-05-15,-0.01732896889859059,-0.010166908032145594,-0.008537302480202902,-0.005874430788205154,,0.001083977831145999,0.0016684362709880052,-0.0008082253710616216
2015-05-18,-0.004408935344726639,0.002200822772506772,-0.0045321894826111375,-0.005103419060867864,,0.0031066939978443564,0.009786554678555826,0.0031536414023507486
2015-05-19,-0.014621409300771604,0.0014641635937171493,-0.011836586892916667,-0.036177206690857555,,-0.0003282387972721734,-0.0036085520924580283,0.0010477484968680617
2015-05-20,-0.0010601105963889967,0.0051170438740335555,-0.0057595437433883845,0.000840255730777173,,-0.0007041190618946036,0.0021730522266314445,-0.0007247161906354105
2015-05-21,0.0010612356235186748,0.005818391768278364,-0.010889433958156891,-0.03694365098130892,,0.0029122535838723707,0.005059460723083609,0.003706493232383812
2015-05-22,0.001854645059307547,-0.006507564183194314,0.0016398327456905726,0.002629317884785598,,-0.0023887868722504146,0.0020543795811245325,-0.007545861575538271
2015-05-26,-0.019306604217241397,-0.008733756029128847,-0.028765230593386537,-0.036421950477421694,,-0.010751606638522038,-0.007688803469435679,-0.011647813855978462
2015-05-27,0.007820815261486702,0.02569741203575937,0.005779291054851976,0.015119531949268517,,0.009492161776165853,0.0392602493770875,0.005156044268414872
2015-05-28,0.0018727859333116381,0.0028630603940502652,-0.013167343717387148,-0.016383734980079168,,-0.0011279398226379245,0.000993778564674308,-0.0020354181811457206
2015-05-29,-0.006677234771601093,-0.005709915771800023,-0.009219265743633964,-0.015747977446388894,,-0.006213407729120712,0.003774228263117685,-0.008240198168225632
2015-06-01,0.009410923394816306,0.03661152408370216,-0.011018828314340312,-0.012923076176681092,,0.002036700424812521,0.0005937401840956369,0.0010692420441451578
2015-06-02,0.019446237741403083,-0.020775492371832627,0.02154019019049258,0.02649615394067495,,-0.0009925344676983139,-0.011173916773655312,0.0022187824923094457
2015-06-03,0.0031350973723534015,0.013437126745499572,0.012602660886689154,0.010932349481333814,,0.0026495335686962385,-0.006800030136220103,0.007379287951848834
2015-06-04,-0.028392547335111096,0.0006976790164159308,-0.009813432996235383,-0.012916750639834107,,-0.008446707022227828,-0.009061283164226608,-0.017092465029910686
2015-06-05,-0.002144566323560526,0.012552388576838158,0.0024177793056661123,-0.0069994580182469734,,-0.0017133484213514016,0.00010132770592896634,0.0006624956543606064
2015-06-08,0.0005371269990017691,-0.017906413308973912,-0.012298401404389314,-0.0052099453400608065,,-0.006149566924417593,-0.018795102234121397,-0.0044687790643572756
2015-06-09,0.0010741219758774179,0.00070124382634007,-0.0019528645423979585,0.0006161198246497079,,-0.00014396801858351793,-0.000621276741644694,-0.002410499138620792
2015-06-10,0.01931367266501982,0.020322379672475188,0.021526584359988776,0.010775913073249432,,0.011993342908408255,0.012432660935576934,0.013832160021059359
2015-06-11,-0.012105677039153329,-0.006181224567204047,0.009817576526839344,-0.0033506182353213454,,0.003223638160359643,-0.00030727716249012715,0.006246425456155613
2015-06-12,0.0015981970325940065,-0.0076018721952557655,0.0030833320955736543,0.012530543882142808,,-0.0076548973309872315,-0.009007453121066655,-0.003593744704158963
2015-06-15,-0.01595723948246075,0.004178162390772622,-0.008511022847038974,-0.017506729673672616,,-0.004285730840055568,-0.002066090090887873,-0.00672200575172055
2015-06-16,0.0035135957986336397,0.018723777652130957,0.013352492041302844,0.014746474130605813,,0.005451834589596416,0.002794677491812614,0.005529150879645783
2015-06-17,-0.0021547194488378274,0.002042491732618057,-0.0009412674470683502,-0.01937625425913303,,0.0016170538368178722,0.000825693378747161,0.0027088340787093657
2015-06-18,0.01187615650728091,0.00815209398824246,0.0028265712667678855,-0.012040757264165314,,0.010399637067636691,0.014129847451179067,0.010722548458860448
2015-06-19,-0.000533700308890217,-0.013477069923597762,-0.01009869171073563,-0.007187445529357794,,-0.004439359711866153,-0.004983764244058109,-0.0034823538587904768
2015-06-22,0.009874584719535173,0.005464541195567607,0.0023723802145763084,-0.012590516750422331,,0.005123033214424755,0.00848393521942925,0.0032509014380333046
2015-06-23,0.005549997680571961,0.009510685959165155,0.010414116351283198,0.03219631760609731,,0.0007077710735503562,-0.004966590325792497,8.092099994017055e-05
2015-06-24,0.00315376754776886,0.003364649230954031,0.004684743233478228,-0.008647353610561237,,-0.007262717846492017,-0.010569270854372204,-0.00932487194077658
2015-06-25,-0.010217900458334817,0.007377740458679227,-0.020983581278908203,-0.020872258611494443,,-0.003040397727916533,-0.0007225210614195676,-0.004177975370266762
2015-06-26,0.029910505397400033,-0.011318210329078982,-0.003810579265741243,0.009544975988311943,,-0.00018997599902847995,-0.024891351760089053,-0.00016438799436269136
2015-06-29,-0.052171994172776404,-0.02087561010214134,-0.04781256981139681,-0.02395206753986112,,-0.02097067238049566,-0.028068879199431795,-0.01991111492525921
2015-06-30,-0.044197219266800425,0.002063357012014322,-0.028872781068167708,-0.024862633175290028,,0.002093193183349662,0.003595820034470343,0.0001679698278116426
2015-07-01,-0.009078314645379892,-0.02470820454777156,0.011375177858082619,-0.0026490373956760127,,0.008015435669691318,0.002389180336824781,0.007973292991105385
2015-07-02,-0.01488667316639325,-0.01337065399162718,0.011503181331479428,-0.018924343263104215,,-0.000915854396304483,0.004658316076394442,-0.007660728482704715
2015-07-06,-0.011915468302117205,-0.012125924673088262,-0.011624580384492433,-0.04805420697835672,,-0.0028457515067304984,-0.014556851596075338,-0.001426501289099824
2015-07-07,-0.02852920270741277,-0.007220099854482909,0.002556901750582208,0.017063763624214134,,0.006288815844652795,-0.0031733429387849066,0.004874104665677947
2015-07-08,0.02694508724405309,-0.015272616361668656,-0.027034058676021933,-0.027612751044893802,,-0.016777382822828923,-0.02700332066438016,-0.011791189438425942
2015-07-09,-0.01002359911852524,0.0022157462240439685,0.008387544692908255,0.008267299600538625,,0.0018089700370835793,-0.012748220656245035,0.004230985318685709
2015-07-10,0.028886520692160023,0.013264350145792303,0.01039776241953283,0.0024956257864046094,,0.012591751428597586,0.01851216319229443,0.011291773000377425
2015-07-13,0.0410995541065764,0.010909167153848154,0.03190133703357767,0.02240401737745934,,0.01103693924165472,0.00841477187978934,0.010415859702868735
2015-07-14,0.003336023483027306,0.0,0.011219715964232213,-0.02052175584589444,,0.004338173954128388,0.010458199533232015,0.006514977307875869
2015-07-15,-0.008866560297921211,0.023740956027055837,-0.05645999997501905,-0.0696022463811582,,-0.0003322307742013031,-0.0059454729093004755,-0.0053256637407876894
2015-07-16,-0.012021047249136885,-0.00421647349400367,-0.0007841601101868934,0.015648830556071802,,0.008024188514724084,0.001882933544952392,0.007660749065526495
2015-07-17,-0.04018133117158873,-0.01552577335119354,-0.012029129430929819,-0.03908306373166437,,0.0008478752303764381,-0.0021005375006765137,-0.00351526401852853
2015-07-20,-0.007370521417187081,-0.015053511383527063,-0.010322762636985061,-0.01955420106036765,,0.0005177406028051834,-0.006869145908417251,-0.000164069298901115
2015-07-21,0.016929516937048028,-0.008733756029128847,-0.004814278382665127,-0.1356202036173374,,-0.003951209471579786,0.00022299820551774374,-0.02182472761565335
2015-07-22,0.004964928834770621,-0.008810779834656945,-0.013974480683518586,-0.05122291783086519,,-0.0017943382817640074,-0.024871642208724953,-0.009310647546745154
2015-07-23,-0.022958789894936826,-0.009629451625293606,0.007903568270242856,0.05398835911356259,,-0.005630352534804373,0.014868963144225589,0.00042365990499115824
2015-07-24,-0.009220649220297195,-0.011966849919354372,-0.04705191658410057,-0.012921148831144591,,-0.010372103806933985,-0.020060847939664228,-0.014725827391600999
2015-07-27,-0.012908823479880094,-0.0007573597332616311,0.005958862221290495,-0.006545053067350315,,-0.005817282807622726,-0.007360611669339878,-0.011080850868223857
2015-07-28,0.012165350863193591,0.00530319353187525,0.037517294385436495,0.03294114329858289,,0.012283161733013248,0.020855519556605584,0.012855139331919618
2015-07-29,0.013521424544492344,0.010549834655157353,0.02773258585881999,0.026423774761598073,,0.006879151675009076,0.0012480415808515666,0.018266094842128044
2015-07-30,-0.09427764792752147,0.09843448426952217,0.009259607857471597,-0.03106965201548839,,0.00023720635159385495,0.003967061138102634,-0.004968815009099625
2015-07-31,0.0016364696947184232,0.00610981742606409,-0.01598991147795137,-0.023362503056193695,,-0.001518021710417039,-0.011628826290211114,-0.0009311301922679815
2015-08-03,0.0022875309203274075,-0.0074223409325281375,-0.019179131056097254,-0.025328304016193792,,-0.003373086949814197,-0.00319876904277705,-0.005760917172665914
2015-08-04,0.010107672040358784,-0.014276032040268838,-0.0019012616059043141,-0.010105918271511083,,-0.001954178899415515,-0.011115941794044293,0.0015338188393236862
2015-08-05,0.009037955068203596,0.011723965792245883,0.010067746798151145,0.022848862093821642,,0.003295442347503119,0.012631866755105525,0.006805992916118164
2015-08-06,0.003198934046229507,0.003408498833845197,0.031249926332165723,0.02423952311208044,,-0.008187527167664133,-0.01785318332800434,0.001352328143071846
2015-08-07,-0.03890282590606853,-0.002717590563874994,-0.007575409398996258,-0.027378214149276547,,-0.0019198681787969685,0.005709515780077945,-0.005063375066572173
2015-08-10,0.06071647951228143,0.0047685391126623955,0.05448783246248223,0.07585880047449556,,0.012598963877952896,0.024794680408627867,0.026887294748571655
2015-08-11,-0.02721295583593275,-0.0033898087285156864,-0.028706671861619015,-0.06740576926909236,,-0.009023188581321673,-0.022498669193101173,-0.010076768440624884
2015-08-12,0.009967653066542459,-0.001360711888954591,0.005140207878542968,-0.02710410365688909,,0.0011983196619911318,0.0057829627395526995,-0.00400480220756505
2015-08-13,-0.0054122641962042195,-0.016348752733320482,-0.018154202619478976,-0.02688172198384864,,-0.0012446589570349609,-0.008049818131257713,0.006031107849492123
2015-08-14,0.025682268603154146,0.0006927098488735961,0.017708126193217044,0.01305876881536383,,0.0036422605985009238,-0.008230677726979163,0.006661901019292316
2015-08-17,0.010328288497224669,0.01799308708564129,0.002303132439248623,-0.010004950343152741,,0.005586673914881324,0.008532942599261517,0.0038876651431190012
2015-08-18,-0.024163200101896543,-0.016315474876937075,-0.015828265986027157,-0.015159239528954482,,-0.002896479226086157,-0.018892167903344692,-0.0032958470347241864
2015-08-19,0.002222126993512541,-0.009675141403605814,-0.006485531116505738,-0.03181104998013062,,-0.00790558039889988,-0.008978071833648404,-0.006778905896818288
2015-08-20,0.001900634680309654,-0.035589774762871285,-0.01592657369251005,-0.023317476280412586,,-0.020880985779105465,-0.03754906527527102,-0.025303798722648985
2015-08-21,-0.01043310549755383,-0.007235915921231073,-0.02414465285264389,-0.044492789198360305,,-0.03010256395034061,-0.027371828924959374,-0.023313205237157186
2015-08-24,-0.05079874808484963,-0.033527614119966964,-0.019303775574825988,-0.018171377255047028,,-0.04210709456836992,-0.022411934600307326,-0.03252630223677422
2015-08-25,-0.026253515028869523,-0.013574828799650773,-0.04130847881580857,-0.019664679147475272,,-0.011767158244548104,-0.009899535563756556,-0.00957962446245586
2015-08-26,0.04113349518701814,0.029816799240008907,0.014170078769940586,0.038348144126606476,,0.03839340674607006,0.049861803990547404,0.02436331865722563
2015-08-27,0.04847293941816244,0.015589861157994767,0.07727394113068864,0.08181815457603547,,0.02473506267901593,0.0372180649843481,0.017548628594942883
2015-08-28,-0.013616429936577523,0.0014620958754236746,0.018263447742255856,0.01575637461600876,,4.971878044979228e-05,0.005799190753403183,0.002801446848489819
2015-08-31,-0.006099285770654439,0.002189796276057532,0.01377704717769812,-0.0015512770335954773,,-0.008078347746612868,-0.0027630502746441854,-0.009341031951706324
2015-09-01,-0.03230005624711274,-0.029861776022838682,-0.0379482595125431,-0.037804096417425104,,-0.029848105831481564,-0.03529251852360715,-0.02555530040671794
2015-09-02,0.035380807011375026,0.009759954021463013,0.023987124575732155,0.012378725673775737,,0.018981080054797594,0.023848309521973254,0.022788989044066454
2015-09-03,-0.0009673330472188546,0.008178371661029082,-0.02824301343361013,-0.037745804657269955,,0.0007163849058169358,0.007804783846118379,0.004067131938121804
2015-09-04,-0.0045174596247926635,-0.01622413052224836,-0.04251869720474055,-0.00939222142888596,,-0.015136425231384809,-0.017303881596557824,-0.013737041348221957
2015-09-08,0.011021112849523895,0.030734571468568728,0.005621107949622672,0.03011697406799385,,0.025130704010669636,0.044329542798043464,0.024642915266477994
2015-09-09,-0.014748288252648956,-0.007272753918818986,-0.03186115589822247,-0.024363734584613717,,-0.013372057850361774,-0.018394113207547136,-0.0064483289033869795
2015-09-10,0.006833620726191203,-0.008058469710012894,-0.0014436091578731158,0.0055493063123210895,,0.005442359226603077,0.004444469047947486,0.00017525876826351983
2015-09-11,0.005494660540971141,-0.008124157233253992,-0.0049150224451322,-0.00496684565306682,,0.004544209458565707,0.000597898788770701,0.0027183139847681836
2015-09-14,-0.018000531429475664,0.002978625354742359,-0.022370412148747576,-0.03494179347093618,,-0.0037107420999269447,0.0022709790738069113,-0.00542174052819977
2015-09-15,0.0464808998110362,0.019301937407120384,0.018425144945358962,0.04080462834744947,,0.012499484012628459,0.012759223486081606,0.009496197564787145
2015-09-16,0.015014187935658008,0.0014566259259944925,0.0072945718511214785,0.01987846005977012,,0.00866677797358184,0.002119265669923376,0.0034838025485488533
2015-09-17,-0.019106495233934817,0.0014545072530198766,-0.00955929913965392,-0.009745451530370541,,-0.0022481629477743015,-0.007989776839912754,-0.0022566803396396606
2015-09-18,-0.01916429560870847,-0.016702829228429805,-0.04241045152526213,-0.056861760867382816,,-0.01634139577446847,-0.017410467492525727,-0.019660251951372776
2015-09-21,-0.023062048893000897,0.0036928858145826027,-0.006414212636217331,-0.022028951896766458,,0.0051674118545101955,-0.0030136626316558113,0.004259027710297847
2015-09-22,-0.006885153312107151,-0.02207535107781511,-0.03104783911735043,-0.03912283700083874,,-0.012979769957921161,-0.02200455923205802,-0.016876816154130725
2015-09-23,-0.00858375971387526,-0.01279123751289668,-0.03585051022578478,-0.04811828825133391,,-0.0015983791996281305,-0.007417801457431872,-0.010875869836366792
2015-09-24,0.006992775323517497,-0.005335528413255131,0.0049358861230146545,0.03694102869683724,,-0.0036157575074201587,-0.001992692980747779,-0.0029986055806507927
2015-09-25,-0.01984138739073993,-0.009195389119045605,-0.02357560031898731,-0.051250014879130945,,-0.0002592596868029595,0.005497077882578916,-0.0016076906952221526
2015-09-28,-0.010458314197883123,-0.0038671825996224873,-0.01609657839431433,-0.058629775131001205,,-0.025097072501938822,-0.027708666828200834,-0.018574613235361914
2015-09-29,0.011251034471110755,0.0062113273308161965,0.008861813793560325,-0.013995728846986855,,0.0005852061856721491,0.006675211578069051,0.0034497091661027657
2015-09-30,0.0121376845254213,0.017747062182300377,0.005742827176644649,0.00638752387635888,,0.018657915829466187,0.038765851552202246,0.012914566886404133
2015-10-01,-0.004996886099158715,-0.015921411622411785,0.0023514265580317772,0.016219935967447974,,0.0026094935770855088,-0.011907867815861617,-0.00366898871665855
2015-10-02,0.035487408218794814,0.024653358380932966,0.04256065997027636,0.07564197826995622,,0.014937724489802795,0.020872262663475416,0.008101530795303402
2015-10-05,0.05431585935247285,0.03233087838755133,0.055930288747201296,0.06580639730088111,,0.017795203849186203,0.019471911250775076,0.022009362084721484
2015-10-06,-0.0009200414018630809,0.002913251851988541,0.015525110268443276,0.021186419634844134,,-0.0034267002865439045,0.0032232105809386624,-0.0007148781721484365
2015-10-07,0.019030452994734937,0.007988460822361931,0.02458008179573845,0.04030817049905577,,0.008190586136715305,0.013207915281998162,0.014486145009545703
2015-10-08,0.022891246730523562,-0.0028816967016196404,0.0251615373932772,0.041025855069366735,,0.009026635797423577,0.006576436847810285,0.011987513992951504
2015-10-09,0.010306166773422998,0.005780193912415799,0.007419661002758371,0.01642032771587454,,0.0005961624987300684,-0.00618347451472212,0.005226232881043735
2015-10-12,-0.007577848518106722,-0.007183862431492383,-0.01841344672343448,-0.035541313410787145,,0.0009440263881348443,0.0,8.648404634548079e-05
2015-10-13,0.006167864402637058,-0.01013041222047839,0.003174587845323096,0.003908470931265562,,-0.006302155862446868,-0.012326803424081323,-0.010136762617844575
2015-10-14,0.012842745782217113,0.009503331500305245,0.005753778173227531,-0.023915549539748393,,-0.004794442635675633,0.036372169024458945,-0.020393849943698306
2015-10-15,0.006339920777459707,0.0130334701194319,0.027745926374941554,0.036467340159530126,,0.015354838508778057,0.009404737014849118,0.01027501969917477
2015-10-16,-0.0378006448337993,-0.0028589681031886416,-0.00779308478627716,-0.041231419696383664,,0.0045464233909664475,0.002272542196761318,-0.0025649797887442594
2015-10-19,-0.019642864931185056,0.0007171846202265186,-0.12201945626532107,-0.026376109925043023,,0.0004920667702281722,-0.00034000379112886225,-0.0005319098011845602
2015-10-20,0.003339082586605091,0.004297951475345396,-0.0277955392751863,-0.1166078740534301,,-0.0012783853788037591,-0.0009073220019377715,0.002129374912460902
2015-10-21,-0.017246191294868374,-0.00927271988564693,-0.022017714829611457,-0.09266656114165983,,-0.006203216840930836,0.0014756469131307348,0.0032757105419805033
2015-10-22,0.009236219243025756,-0.06767460263082337,0.11357494879798002,0.041146128753728695,,0.016893441639395324,0.03468197375638926,0.024882997929648765
2015-10-23,0.017388618174694948,-0.010038346341282534,-0.017293531358357872,0.02752297941187254,,0.010961849519773192,0.012158981024805282,0.004218478108190649
2015-10-26,-0.012893452845382014,-0.016380920899511597,-0.038592089520726014,-0.058379118068773606,,-0.0024579989592755647,-0.017965402944611242,-0.0030864253772623362
2015-10-27,-0.05285525555906745,-0.019032251327389837,0.017662196770357408,-0.016046782682548444,,-0.0019321828763962934,-0.008706064152641746,0.0019781990126990223
2015-10-28,0.027260837724553788,0.04122841121911347,0.048596014277737964,0.08154197228990245,,0.011374621371612381,0.014785904936583938,0.01931145931562428
2015-10-29,-0.024039964728058916,-0.01164573530835511,-0.003611044417767162,-0.017820452753086746,,-0.0005740792391825122,-0.02684025759718922,0.0010946545835397448
2015-10-30,-0.03550868342992586,0.007855487184317722,0.006040195912387469,0.025820035846185307,,-0.0043097281127841836,0.007992646072009224,-0.005467145105924498
2015-11-02,0.034826024933324984,0.0054559738598434215,0.03572466570443722,0.031292472351279965,,0.011830654029980403,0.008823095582943141,0.012009308848352829
2015-11-03,0.003205113574832552,0.010077407518593429,0.0049278399600702905,0.03759888416081747,,0.002899506029041321,0.005202883789132029,-0.0025904731265411485
2015-11-04,-0.0015974697924892034,0.0,-0.017305902399625928,-0.03369352368915135,,-0.003033248608827588,0.0028633249689129503,-0.0022621863831581157
2015-11-05,0.007060324307558874,-0.00230231848800333,-0.011447013062696687,-0.058552628831185394,,-0.000998251822883267,-0.020974904291287122,0.0035270224422607743
2015-11-06,0.007329374287618373,0.00615368370777869,0.010688526791503561,-0.0013976577118655076,,-0.0005235527973205256,0.026471985500294837,-0.002175822663800897
2015-11-09,-0.029420933483429335,0.006880629689310025,-0.018213895155841153,-0.020993729964873475,,-0.009331560014824936,-0.009725515454057865,-0.012663802784264044
2015-11-10,0.0045633797412556465,-0.0075928160022987745,0.017056042813357708,-0.007862739601990243,,0.0023069707973462084,-0.01820772962298689,-0.0006795383212312434
2015-11-11,-0.015898907392098094,-0.000765014467955405,-0.005589937187564953,-0.023775156671877795,,-0.003931639445077462,0.0007863743193268213,-0.0033147309984147277
2015-11-12,-0.025387371225433886,-0.034456514017670914,-0.0304735441795847,-0.047232528233119964,,-0.013960068552715699,-0.012915299289416593,-0.01552076994526752
2015-11-13,-0.017591366122082785,0.0,0.029295125900634433,0.007745969014005594,,-0.011227939613202453,-0.008988807171289692,-0.0069306964964438444
2015-11-16,0.005165237201699258,0.01586048632517012,0.020753079711613998,-0.012298228205327999,,0.015206669364162817,0.012284831478820202,0.024075765218832146
2015-11-17,-0.04042501347018679,-0.00546449278962613,-0.01916932822737405,-0.02178987622976336,,-0.0007296643348772003,0.006691700626527464,0.0003409414154309509
2015-11-18,0.03213143393016482,0.02433287458248845,0.04056860128140283,0.060461473803687715,,0.015866153266424154,0.009914393457362225,0.008600190016572196
2015-11-19,-0.0020752293601492555,0.0045978092238256885,-0.017074822707986437,-0.004501160184606667,,-0.0008622014135730716,0.002342413757649542,0.00675385906349768
2015-11-20,-0.005892364879339529,0.006102202649071575,-0.04198012007783436,-0.07159008292297264,,0.0036441503545034948,0.003227893945485061,0.008637195442774193
2015-11-23,-0.004184028958825192,-0.0068234729283892515,0.0009065807150994143,-0.014610345339327147,,-0.0011464452827661953,-0.01198138017020467,-0.0001664595994069762
2015-11-24,0.023108919421439555,0.012977138067891136,0.06400987745953968,0.06589767355945741,,0.0013389527969596138,0.011789629831223225,0.00465648400569485
2015-11-25,-0.006844323924565465,0.020346635920872824,-0.004256866937395465,-0.026274922267395584,,-0.00014315841821632702,0.0014426607003161784,-0.001572785871652882
2015-11-27,0.005513108117001675,0.00295420550460479,0.011969767139255127,-0.014285747506168178,,0.0011465648962794006,0.004322099955006431,0.0003318829341976137
2015-11-30,-0.005482880404538926,0.0029455038808265943,0.012108715629163713,0.020128758375318023,,-0.004151265560278006,0.01081314283515078,-0.005966767621705893
2015-12-01,0.012404954237330346,0.005873633491949581,0.017807630703681188,0.026045866255540506,,0.00953544518043925,0.015500342774530607,0.00541911626806546
2015-12-02,-0.01667802295864651,0.002189796276057532,-0.00929476817357311,-0.02076942957300998,,-0.01020516810609251,-0.004729631771127729,-0.007960330527242654
2015-12-03,0.010038036942152884,-0.03204671491183009,-0.015728140341219055,0.003927824997692619,,-0.014002765541818118,-0.006048199299241497,-0.01153457829482818
2015-12-04,-0.0150788027405796,0.029345354330294837,-0.005607016868021897,-0.025039116933226357,,0.019502870241438375,0.017277196829314168,0.014290461135165078
2015-12-07,-0.027487729261338245,-0.01900564208578437,-0.04003398423730342,-0.02648468514878244,,-0.006058545858437903,-0.008118020468928733,-0.0011672182625857008
2015-12-08,-0.017888956722235116,-0.005961317557107937,-0.018502438874168026,-0.04946420209075841,,-0.006719477768947324,-0.00850709735880506,-0.010933780102453161
2015-12-09,0.006192885218431199,0.011244380950329758,0.002394063916506761,0.032090211822131565,,-0.007779546901168222,-0.013033768545821722,-0.008438961450424443
2015-12-10,-0.0047065927767467874,0.0066716548105809625,0.02925351375862628,0.14117651210805948,,0.0025813960640754807,0.004841774814043465,0.00842576551034302
2015-12-11,-0.024736545792668374,-0.02871860774346413,-0.0841066010694802,-0.04712825819083655,,-0.019381327767904577,-0.018727344703192372,-0.015106802143612597
2015-12-14,-0.019395628226533956,-0.011372328828167189,-0.022166042956998977,-0.05023169769366542,,0.005052461224803517,-0.006473018139454112,-0.0033420782255391135
2015-12-15,0.01901865714405604,0.03297558432028547,-0.05246103686485737,-0.12367774504689799,,0.010497432044973332,0.015052700467734548,0.0030954020046178865
2015-12-16,0.029861871759726766,0.02004453039935905,-0.03144247014958568,-0.016713130823247324,,0.01463207885035045,0.007525188506567249,0.014142501753083625
2015-12-17,-0.004349179497420197,-0.010189394134654806,-0.014819833392399673,-0.0038059216957917474,,-0.015238090558702844,-0.013729782093429344,-0.011747973958251778
2015-12-18,0.004004287562793918,-0.028676228906053702,0.016117300334640206,-0.0009550460844917064,,-0.01781488736227388,-0.011582909220697268,-0.015222697921938977
2015-12-21,0.022117411604751558,0.028008868109302698,0.023263934950877863,0.018164334331023824,,0.008248831807068813,0.017126969357635025,0.013808076165584326
2015-12-22,0.00425653759216349,0.013254730733990083,0.04271458430604502,0.12018787555383392,,0.009074208995971,0.001550804537143069,0.009851000575769264
2015-12-23,0.00989103626701171,0.0007266525618399022,0.027089788236137613,0.03688170356870968,,0.012383314894822028,0.006968025901997299,0.007804010540541695
2015-12-24,0.011892113841393881,-0.003630986835861605,-0.0028949210314109797,-0.01940173846158777,,-0.0016502645681116812,0.003996074748138456,4.19329996534934e-05
2015-12-28,-0.016246107590010994,-0.0021866040780061935,-0.00354850947086649,-0.08161573669087852,,-0.0022849722626668845,-0.003946814175579516,-0.0036258359415137775
2015-12-29,0.015811360254836426,0.0051132325605578455,0.0012952574479150325,-0.008079063816694987,,0.010672063235201978,0.01166748754611091,0.013710351789223418
2015-12-30,-0.006917858334255178,-0.015988313820238687,-0.003556686997541192,0.027149351036114933,,-0.00708790253672531,-0.009030690665397412,-0.005426729866227165
2015-12-31,-0.02473005988697019,-0.019940905575201784,-0.017845653491902147,-0.008810582092639407,,-0.010003009801945129,-0.01361452956609277,-0.007638847436600815
2016-01-04,-0.023928547251469756,-0.036925473750618276,-0.031053794833326376,0.021333287381179566,,-0.013979818893714802,-0.011576103685737027,-0.012265088065260277
2016-01-05,-0.01573359852571843,-0.0015651382338423003,0.0010228011601485232,-0.028720566059622032,,0.0016914018046432222,-0.009459336995970458,0.012417388427868659
2016-01-06,-0.02342002204509186,-0.028213133058524797,-0.006812069703642454,-0.041218664298416696,,-0.012613948006413911,-0.03456116978066626,-0.011334760825650547
2016-01-07,-0.0494860225007544,-0.048386716583192935,-0.04526726291208394,-0.11028034877161652,,-0.023991741354435714,-0.028026298340904976,-0.02404190000613482
2016-01-08,-0.02122550651074462,-0.02881380893178398,-0.020474106784851398,-0.004201807302518734,,-0.010976794964746572,-0.014417402580573446,-0.014114087172732548
2016-01-11,-0.04705414843432831,0.012216606025554633,-0.058672799162947986,-0.03691982388944215,,0.0009901262488962725,0.0034419770197577915,0.0037346633196677637
2016-01-12,-0.012881289072668944,-0.015517432354662186,-0.0027266580576319477,-0.043811555539701286,,0.00806844635656212,0.008330136068485317,0.008150431618803466
2016-01-13,-0.05002155650112938,-0.03852875715132176,-0.01679683051250569,-0.029782259840121617,,-0.024940740199412725,-0.031830690665798356,-0.027240765882201035
2016-01-14,0.04304066643855742,0.025500690810086324,0.03218091708531445,0.048405994070199077,,0.01641680773169263,0.02057968909890273,0.00370389306995067
2016-01-15,0.003072471681862865,-0.03285961592300035,-0.02809845827391344,-0.07094590796268485,,-0.021465890829364453,-0.04512476397703458,-0.018540708864711375
2016-01-19,-0.05557993918733228,-0.024793377830815144,-0.0035644796796763245,-0.07636365110345489,,0.0013308955479824913,0.001674234567860866,-0.006418948730427032
2016-01-20,0.057460666300575,0.01224120232565662,0.0,0.02624674887469558,,-0.012815130894755167,0.006555841245323268,-0.007752423067850289
2016-01-21,0.009641105320289167,-0.013953583328267904,0.007154461291244196,0.06010231851268233,,0.005601807527769065,0.0148146748125626,-0.003999514741541033
2016-01-22,0.004339815872252961,0.05471713916798082,0.012233234604217769,-0.0024125010888584875,,0.020515505929376676,0.018248305000680753,0.015969265064647242
2016-01-25,-0.007778963348606838,-0.00447251031017859,-0.01910317951153473,-0.07013307232080257,,-0.015116643068885494,-0.013842621565092972,-0.011398336975841361
2016-01-26,0.042683236187380125,0.0206649544389379,0.045310229150964165,0.0351105216862071,,0.013643406714968886,0.009274396983896649,0.01720133612660879
2016-01-27,-0.047619104931009626,-0.013204053123214265,-0.029657864346007368,0.05402014884406925,,-0.010883225475705305,-0.01142429617358487,-0.025045643658187955
2016-01-28,0.014035062698100953,-0.008920548015422192,0.010188082664082554,-0.029797352080743966,,0.005209208876718829,-0.0022607136773735714,0.0030001510815937937
2016-01-29,0.05925593727720724,0.04950489181967055,0.0768036380693935,0.15233421670118963,,0.024376994049358114,0.04532231910114359,0.022808141807970195
2016-02-01,-0.03797459737949904,-0.02229880596774847,-0.037824122241209235,-0.05117279998925295,,-0.00036134950270894084,0.0044565906771512065,-0.003564432021693431
2016-02-02,-0.012308777654151837,-0.02543819342176734,-0.026207636043611537,-0.06853932425186937,,-0.018022192143644644,-0.032973903814601524,-0.0224704383546952
2016-02-03,0.04125484215239861,0.02880301267132146,0.0272972667413951,0.08685167614046585,,0.005995168713829546,0.002355913614872973,0.016325550496085084
2016-02-04,0.006190525171973826,0.006123634525418531,0.11265002891655995,0.15205322840904012,,0.001568204023210562,0.01731845906137841,0.006462205381718933
2016-02-05,-0.009023610009593952,-0.03739093526219561,-0.04534675468724281,0.008670501608828651,,-0.019050067685909,-0.03429000876880395,-0.014217571972468979
2016-02-08,0.010761775499587234,0.015356683718334097,-0.04750092063207756,-0.057306653392057205,,-0.013460840419205589,-0.025182696891543732,-0.0074440051348531044
2016-02-09,-0.023341838400906867,0.040925164412009885,0.0007440595396037697,0.009118522227834491,,5.3330963938114095e-05,-0.005683184880631242,-0.005905869634132754
2016-02-10,-0.020964121971472793,-0.015384808210642364,-0.03086655055699783,-0.016064256637270624,,-0.0008623499461679618,-0.007794295355006864,0.0021688010976042005
2016-02-11,0.022355774103901105,0.0008683793113390958,-0.006139406628357769,-0.03265306041707339,,-0.013008210021098976,-0.007724303027778157,-0.028512528579483054
2016-02-12,0.07022694392350393,0.010407444140094757,0.10386086298061548,0.13291142735030492,,0.02061666324340572,0.021902237740413666,0.008524425560273663
2016-02-16,-0.02239679337149858,0.030043244433719973,0.04861813678725291,0.0716946914758978,,0.0168788554647743,0.035119936716490496,0.021032931911246555
2016-02-17,0.01688094117243799,0.0008333943657885534,0.01801255618910136,0.06776709672795711,,0.016334335643736653,0.023824088018420397,0.01664958642235126
2016-02-18,-0.0545457197450373,0.009159039878582798,-0.06553099611357527,-0.05858424933414608,,-0.004095914057392291,-0.004751457887309574,0.004996346386864303
2016-02-19,0.03302732069582737,-0.000825307498445782,-0.011570840414430017,-0.01987901217853827,,-0.00046822418350989103,0.004407002002398075,-0.002761800776604151
2016-02-22,0.019425134561669166,0.0008259891935209485,0.024476492896236657,0.09082893727769714,,0.014478750978562216,0.01572208762806171,0.016525039733671587
2016-02-23,-0.018261302261274426,-0.003300900759715897,-0.0353184733338987,-0.03476147419674558,,-0.012629454281781638,-0.01571910109019925,0.00027265860014402676
2016-02-24,-0.03275399395983769,0.009933929332207159,0.02225418149305569,-0.010887695092581584,,0.004575976608677035,0.013288083991574107,-0.0005453226448655091
2016-02-25,0.040552331212226234,0.004917985870346975,0.012289488305666119,-0.0025402966675175387,,0.012111301016558107,0.012151094827260733,0.016533571212838494
2016-02-26,0.03415027021648642,0.00815688201830067,-0.0038152122018261236,0.04584039294139863,,-0.0023008365075462,0.006418667435718728,0.00446815522769084
2016-02-29,0.013208825445180539,0.0,0.034818530679652904,0.088474023930462,,-0.007842986623889492,-0.002362055876784175,-0.002045932312858545
2016-03-01,-0.01840464513946216,0.015372085419594006,0.005720077050385575,0.02087992066892208,,0.023507134772083438,0.0269919285807525,0.007934141759076585
2016-03-02,0.01562510636099823,0.006374572739880291,0.0809635297080189,0.12125644650429845,,0.004492610999858426,0.006224738244188677,0.004157217875624175
2016-03-03,-0.007692595803601265,0.011084505482579665,-0.017332099320025662,-0.003908849625195443,,0.003919436509997487,0.0011453611019915932,0.003611640154771445
2016-03-04,0.006201593753334844,0.016444830838381774,-0.0012601078734548743,0.018966647851151652,,0.0032536724721143884,0.010298927865786789,0.006318999904895151
2016-03-07,0.01887502763068838,-0.0023111875016957883,0.07883953245302688,0.08344034242910636,,0.0007983553102079988,0.00453063254044328,-0.002965187575904027
2016-03-08,-0.0336479542740461,-0.0254827264287939,-0.08009340596858527,-0.028436073931196737,,-0.010918313323435846,-0.022663355315827416,-0.009884676913648693
2016-03-09,0.0015647952275068544,0.015055626922287457,0.0015888255196998546,-0.02941167778843745,,0.004939652884511148,0.007037402407801263,0.004770634333558288
2016-03-10,0.0015622703853743758,-0.007025887693887456,0.03489842593644865,0.029671701678890106,,0.0008026509686822614,0.005040651187374401,-0.00694622478797291
2016-03-11,0.017160647258941175,0.015723250710422576,-0.011342520159490665,-0.014714883823421343,,0.01613707667634734,0.019035529963028486,0.015140762924947593
2016-03-14,-0.01725434990514152,-0.009287914222358529,-0.010852784849772035,-0.018668336755863768,,-0.001282430681762592,-0.00234898050991994,-0.002616470344424471
2016-03-15,-0.006242566944295591,-0.01250006234872636,-0.0003135101272861984,-0.02092589409737622,,-0.0016293115513565937,-0.0025788317599442223,-0.003148431472322577
2016-03-16,0.025520008538624905,0.007120540694503186,0.04107858570121681,0.0563472380199499,,0.005787105386489966,0.008992951117620107,0.010966136665264248
2016-03-17,0.048238955872939915,0.0259230371802468,0.044277465199741295,0.06621703634549214,,0.006344161244382862,0.006907088228407465,0.015792664796433487
2016-03-18,0.012783122184427675,0.0015312003263139307,0.028266382396065604,-0.008050623379455835,,0.003929619049156008,0.013166911236246248,0.011960097873468856
2016-03-21,0.0039666834960960795,0.012997287315730022,-0.00028072285021718546,0.016811675372258916,,0.0014187985150662108,0.0013104556297396375,0.0014348196120859136
2016-03-22,-0.033404906579460936,0.0037732587480359125,-0.011784388812611901,0.0017102782111215742,,-0.0005374693958187793,-0.00021834278931243123,-0.002781550436470659
2016-03-23,-0.04830923321441871,-0.015037499240564522,-0.038898408096190384,-0.09846323492435693,,-0.006599321263095148,-0.013064281628372587,-0.005873932212029254
2016-03-24,0.0249900054707739,-0.00839702992418545,0.01683882828138139,0.022727249199704147,,-0.00044281822129910164,-0.0006650375248106188,-0.00826988690110353
2016-03-28,-0.007999918775414172,-0.011547348012727832,0.0029055052211413024,0.0,,0.0005906266152029271,-0.0005547657872559952,-0.0027511200047960482
2016-03-29,0.03955446781635086,0.05062312206038411,0.01709162953061716,-0.0006172088987161928,,0.009249760771329774,0.01376395864212232,0.012672277081159367
2016-03-30,-0.014406946149107536,0.005930458431033125,-0.0005698227425354752,0.03767740373375683,,0.004387830730761211,0.00875969769443552,0.0010216515049530361
2016-03-31,-0.007496609931542442,0.003684500866284246,-0.02450847043726445,-0.02976184871375065,,-0.0024265086121166846,-0.005535944945586624,-0.005952867607729284
2016-04-01,-0.007174793805293844,-0.01174726698389994,0.014899538637679566,0.004907970667924921,,0.00681196253591887,0.0068762227379459695,0.003336462269768692
2016-04-04,-0.056675940512116996,-0.014858965562170035,-0.032239561002314954,-0.07264957566943742,,-0.0032381663075247147,-0.008888633840523408,-0.008014998970271248
2016-04-05,0.005241828083514033,-0.006787602480406885,0.002974507065271359,-0.026991399724711984,,-0.009988140926058042,-0.005578190556906892,0.0006017336505141913
2016-04-06,0.004011630455332815,0.009111682188233994,-0.002669298471593695,-0.004059503181237489,,0.010921674471104259,0.009569012757476347,0.008847987723640482
2016-04-07,-0.013983213100252523,-0.016553666442855386,-0.028843072846725604,-0.022418503902334685,,-0.011966048899588744,-0.015252282723544508,-0.002980271420380931
2016-04-08,0.054294971717128826,-0.0015301815877054592,0.04745828275715036,0.050729604769598424,,0.002696922184355577,0.004646387259466422,0.0018788532482982845
2016-04-11,0.00038426328014917743,0.014559232330135341,0.02192356608506052,0.023148205740535666,,-0.0023473581650337305,-0.00022014359191779853,-0.0009375566765130738
2016-04-12,0.038417159865842265,-0.003776185334012805,-0.02345500514230825,-0.000646396168336616,,0.009312518596857222,-0.0014319110265030854,0.007422934620089805
2016-04-13,0.0155381328649844,0.025018820896012484,0.044229421233196176,0.06921087349250077,,0.010101278397162128,0.022391426443880924,0.013720881608485058
2016-04-14,-0.004371466262424462,0.002958501948489456,0.017391088813159428,0.019358721630672093,,4.8165389010979e-05,-0.007659967221245623,-0.001838109996416426
2016-04-15,0.021587979954388326,-0.0007375908939525333,0.01020157523561016,0.002373827583455279,,-0.0011060149859173363,-0.008588881537020088,0.0008370881996417889
2016-04-18,0.005372585385718942,0.009594139679559577,0.011190115837756087,-0.0005919943585210863,,0.007026910049139801,0.00010943950446673512,0.0057704902159867455
2016-04-19,0.016387532638267643,-0.002192925045673033,0.002158719846108381,0.04561616682483871,,0.0031542965439044224,-0.01217082692633753,0.0007484797121601883
2016-04-20,-0.020329223855723,-0.00952370581590356,0.004309726192707863,0.0022662318556081473,,0.0009528679519377192,0.009546045006588955,0.0009140852670890265
2016-04-21,0.012164184249942478,0.0,-0.01260434761738971,-0.010740534024468507,,-0.0053787506871215696,-0.005937372717620071,-0.003403595097378753
2016-04-22,0.026865024182449515,0.011834155364885524,-0.016023676423848388,0.006285721655854504,,0.0,0.0017697109285375046,0.005664092198932158
2016-04-25,-0.006885080483668982,0.0014620958754236746,-0.015457117684846255,-0.04940376559985005,,-0.0017226232731224478,-0.005962214233076968,-0.009028315100989892
2016-04-26,0.010052082086046132,0.005109427556102775,-0.018222530701026862,0.0005974141784685916,,0.001486165293770103,0.013328889033937363,0.01705128833598968
2016-04-27,0.024022025566384553,0.009440928002573346,0.02941230132239725,-0.0059702293592193145,,0.0020579305105867807,0.010193887443484817,0.01495715899596406
2016-04-28,-0.0345176486188179,-0.02805753263286992,-0.004716129694006588,-0.0114114148212483,,-0.009075513247115974,-0.026149817608148385,-0.008178108055213351
2016-04-29,0.006248124470342065,-0.016284395354248193,-0.008123256728860828,-0.00729033532167056,,-0.005398906592198438,-0.026406787434074874,-0.005061546020106444
2016-05-02,-0.022766663130724063,0.024078299115501967,0.005648283076395755,0.004283917029080708,,0.007948535998371309,0.007553384380584616,0.006400177439737309
2016-05-03,-0.03318021085831746,-0.0022041304338585865,-0.055321515551118305,-0.0566727487989247,,-0.008703395976177641,-0.011358672663267844,-0.007011534963453969
2016-05-04,-0.006936792597940222,-0.007363943350710556,-0.008026142142202208,-0.0025840390630438304,,-0.0055780378048522206,-0.011374298695982166,-0.007718610580607299
2016-05-05,-0.04779440777684274,-0.028189764507567938,-0.018579825116910365,-0.022020611044546667,,-0.00019485512041927944,0.0024404398163682117,0.005627158372907948
2016-05-06,0.00965275690038414,0.005343294506931384,0.018015434504407457,0.030463575989724045,,0.0036589351439280104,0.001391194475274693,0.007158670183699867
2016-05-09,-0.09177813207259011,0.0037966352402558634,-0.08698260745442721,-0.09061704155941752,,0.0008263070471696832,-0.0012731417167202164,-0.0006538749993172388
2016-05-10,0.022315877394573747,0.007564173341595648,0.03843631264030556,0.04947001886136104,,0.012433557454045507,0.011823374443827195,0.02109232387997073
2016-05-11,0.01111981097511916,-0.012762578959142457,-0.016134275305884294,-0.013468064644319933,,-0.009354658056830778,-0.002406206444228509,-0.009607673888469392
2016-05-12,-0.03095686855468882,-0.018250925302386256,-0.008360316339977136,-0.02252555893336039,,0.0002906545260197291,-0.017914569940952196,0.004041974965889761
2016-05-13,-0.004203518622058033,0.0038729419128260556,-0.00421496165555213,-0.01117317306839305,,-0.008714218262079854,0.003625183872992821,-0.011191700128450499
2016-05-16,0.015468819097021136,0.0146604927580809,-0.004884596095142024,0.0007061969377333277,,0.009865289713598457,0.016078110077278662,0.011969857459464439
2016-05-17,0.0016699254145431386,-0.02357420667586263,-0.0016358957547265573,0.0,,-0.009333743394163596,-0.0065360255431784475,-0.007241805004252422
2016-05-18,-0.045833329079336016,0.029595015334289432,-0.04228148991037184,-0.18419195709200176,,0.0002927313020084643,0.015581800358950515,-0.0008105603175678766
2016-05-19,0.01965092466363827,-0.008320507669892785,0.024640714116255902,-0.02681660300555222,,-0.003464705852815775,-0.005568858207389282,-0.009084651479403405
2016-05-20,0.0077084809205718585,0.02974795256544538,0.003339920509636052,-0.0017778188567634245,,0.006317734448475276,0.03028587428490548,0.009659118187200999
2016-05-23,0.003399928979762601,0.002222311881233008,0.021304876800459116,0.047195118065098685,,-0.0013629075337294738,0.006988205949320703,-0.007459065846845747
2016-05-24,0.0016941610728677947,0.023651040918604815,0.007822925006671921,-0.011904790221769379,,0.012962081364250366,0.02412453712364937,0.010619363434100082
2016-05-25,0.03805497449371642,0.010108183012723648,0.035252206489166715,0.03812818669788043,,0.006783151052937697,0.005915643974025109,0.0037179061933250157
2016-05-26,-0.0004071361188707767,-0.000714492452585147,0.004373807272320951,0.014190300108475107,,0.0002869660981512645,0.0033148028035965282,0.0028185825265465425
2016-05-27,-0.015484962653448564,0.02002858443400668,-0.013063860446281605,0.005761402787848979,,0.00429903136414822,0.006287946541251532,0.0016863419014372383
2016-05-31,0.0012414626727443867,0.0,0.00976996659791296,0.013093282247693017,,-0.0019026543315823208,0.005825268893644875,-0.0056917786587812325
2016-06-01,0.0016538782952213449,0.009116449568368656,0.002184715016063432,-0.015347374161652994,,0.0020495104960314148,0.005264713583591707,0.005240518460813304
2016-06-02,0.007841539055204683,0.0069492259088370645,0.012457041597424112,0.030352840404548553,,0.003043725949800402,0.0002095307645086919,0.0033688979959427545
2016-06-03,0.040949824752078534,-0.006211292159438053,0.0027686280312944067,0.0390127055163354,,-0.002987331315361219,0.002932285673511892,-0.0008794452405304076
2016-06-06,0.02124310270095564,0.002777843590322293,0.02944770571615507,0.041379304776178794,,0.0050885463026637545,-0.0022972877009018733,0.009440623314464824
2016-06-07,-0.011555953801354879,0.0103880225237436,0.013706532790779269,0.0007358259404759426,,0.0015614457337393972,0.009523978045722581,0.0034080615220537513
2016-06-08,0.004676597104582569,0.010280742349458638,0.01793075031536051,0.03455874242404389,,0.003259751155102686,-0.0004146948638167336,0.004976374537711825
2016-06-09,-0.008921945746604987,-0.00339217676948389,-0.01674843624430411,-0.028429200286277267,,-0.0013655888606843858,0.0011407690635514278,0.0011003924708756774
2016-06-10,-0.005479374544764104,-0.023825584230934282,-0.015271804553740886,-0.01682523384945467,,-0.00947763103398791,-0.016368012469217152,-0.01161959220665143
2016-06-13,-0.011019287731292904,-0.011157446847586128,-0.0056662560654776595,-0.01116064635185643,,-0.007711984846192066,-0.0051606506870854885,-0.012630389841155276
2016-06-14,-0.0015916887989603223,-0.000705411016765578,-0.011097612373273669,-0.015801372462312613,,-0.0019669678602439733,-0.0003176232077047869,-0.00048245073535257976
2016-06-15,0.008369586403704998,0.0028229318827761585,0.014862036111802146,0.022171269108241853,,-0.0013936648552725917,-0.00010595274722047243,0.00048268360641334773
2016-06-16,-0.007904808807789099,0.003518626409572345,0.008666935718053992,0.004487674317864121,,0.0029842000315059014,-0.000105829842781624,-0.0016087818833824263
2016-06-17,0.021514089683163373,0.00070124382634007,0.008888639813205756,0.010424363396416503,,-0.003724154253396672,-0.008473521293970498,-0.0003222884855653696
2016-06-20,0.013260122664795482,0.007708486430681338,0.02408233115805647,0.02726604027982682,,0.006440265095623898,0.011109858154910501,0.009269633890903073
2016-06-21,-0.013086592838492783,-0.0020861760245012295,-0.032119155011692935,-0.025824984737648382,,0.002838427117575648,0.003169053001220501,-0.0023698482734753057
2016-06-22,-0.023011236441832006,-0.0013936219843989628,-0.01659278225427485,-0.015463865529739329,,-0.00163122594116194,-0.0009508203718450181,-0.001364500678795122
2016-06-23,0.028742714507827616,0.02861103538573384,0.03314233766579555,0.06282722550601072,,0.013022718543301615,0.02495727182674856,0.009724258841922184
2016-06-24,-0.06907269656651893,-0.05630917334015184,-0.09040483783633813,-0.12526387850078247,,-0.035909097026900816,-0.05427129964015298,-0.031200069447561263
2016-06-27,-0.025427289955403776,-0.028037432105791682,-0.02853511576405887,-0.06999200051788568,,-0.017909895460667014,-0.04058469731303027,-0.022346495024279434
2016-06-28,0.006415711558831028,0.016272351000401697,0.017821523024436514,0.03373701640793736,,0.018035788895610638,0.026154038524704992,0.009243643469924567
2016-06-29,0.002124879680402092,0.021105990187856305,0.017185795079954547,0.01087868537120662,,0.017027644481341975,0.020168319519590083,0.016819534248828427
2016-06-30,0.050042682856074494,0.03136154111041045,0.04972907285424988,0.05546359493341635,,0.013645869195761051,0.017163132831768957,0.02301018926877818
2016-07-01,0.034733556476397975,0.00207326920835027,0.025508570483438575,0.05725485976895972,,0.002100361281685892,-0.008223106562050497,0.0019209315179942177
2016-07-05,-0.04371617276347617,-0.023448275577385158,-0.026354731448939406,-0.05860538995738185,,-0.007193294368336711,-0.018305469938248775,-0.0142206055263
2016-07-06,0.012653061598685733,0.0021187289964978984,0.013990274521290536,0.0015760999862914904,,0.005997647677189022,0.0013166134867721446,0.005916269961322218
2016-07-07,0.003224848825180704,0.0,0.035092954328263426,0.030684568705398263,,-0.000619863237801721,0.012158996485372553,-0.0012086551981694837
2016-07-08,0.055041954072022614,0.035235710274005294,0.05708494915217033,0.04274799268928087,,0.014890487326831625,0.027813954606838998,0.02016615610104422
2016-07-11,-0.0045699782783734655,0.01838025251328612,0.04385978247529376,0.059297249368366556,,0.0035268703881046193,0.011266513332299999,0.007274574885522078
2016-07-12,0.021040670980526643,0.0013367962314976278,0.018119872457467157,0.040082958291400184,,0.007263394792612177,0.013015308563038674,0.0021194822324381857
2016-07-13,-0.006369271792395437,0.0006673393113068027,0.004384657617468868,-0.0026578376326436004,,-0.0001397691411461066,0.0012338570050760556,-0.001253499595502361
2016-07-14,0.007918439678633371,0.004002696592723121,0.025167109551846423,0.024650243934971616,,0.0055834422690721475,0.0072884566808164575,0.0021179188461275533
2016-07-15,-0.009352720942591874,-0.003322171931544604,-0.004759706647020301,0.01625485981866648,,-0.0013415995229869582,-0.0003055814942420909,0.002504245979681796
2016-07-18,-0.010574099897934897,-0.002666463426475363,-0.007802636588697065,-0.03390909284245425,,0.002687302880784115,0.014680117649443547,-0.0014050907651068645
2016-07-19,-0.03167951166033012,-0.0046793536166449545,-0.011415290615017004,-0.03642389105484911,,-0.0010166757391892878,-0.0034159494479308883,0.004299806554573404
2016-07-20,-0.00078795375653129,0.004029711923299262,-0.01180453179063412,0.014433006659123837,,0.004163209784905364,0.015828473650033148,0.004593017861071802
2016-07-21,-0.0007890584115070043,-0.015384674926267716,-0.0025963634754320175,0.014905092153461252,,-0.003777264249177792,-0.007046761924468958,-0.007981489778225881
2016-07-22,-0.0035529219223759956,0.0027171839418453914,0.0018222793963751371,0.009345805747694724,,0.004484837765901251,0.004997639099440621,0.0020309780867355798
2016-07-25,-0.006339330375464747,0.008807695042353902,-0.0038980493934929195,0.0006614307621688464,,-0.0027159049361357157,0.005768249497648759,-0.0030402265557429864
2016-07-26,0.037480113074082944,0.022162410629038565,0.038090602366214865,0.18836739972161043,,0.0004619375249597102,0.03876180101103688,0.011103184298997704
2016-07-27,-0.00768654340500774,0.11366639470278672,-0.008796752435531685,-0.0011123331846528695,,-0.0010611455284702531,-9.530115435174569e-05,0.004330614643582864
2016-07-28,0.022463319406847093,-0.00471987498416826,-0.0025351408405862585,-0.0033407155427171986,,0.001154748872599809,-0.005521563640766836,-0.006852850973469327
2016-07-29,0.0003787603977349896,0.013041031682937465,-0.0022878382976704303,-0.005027923513398536,,0.001614435813170223,-0.004403960379765981,0.004109412056998218
2016-08-01,0.006058413094565562,-0.007022165292548177,-0.0058595304817005145,-0.020774854169181123,,-0.000829075334528917,0.0007698641053894839,0.004323599568884839
2016-08-02,-0.004516581805762754,-0.010017301575059423,-0.024346867729044597,-0.02350915453301694,,-0.006407156492988841,-0.015373125665508858,-0.007150076979761
2016-08-03,0.00037827605397544595,-0.0017859049370806401,0.0052533335638829115,0.03758071846748545,,0.002922482361299661,0.0012686911273911416,0.005575777083443034
2016-08-04,0.013983127396176798,-0.0059626359090878545,-0.019597492821586515,-0.02320314970055204,,0.0010640267660588787,0.009355760862564289,-0.00023109813870114682
2016-08-05,0.021244859623601897,0.025194893016046827,0.010127552910312865,-0.0005794225088994187,,0.00817871320649477,0.012745008828573212,0.0093196666736024
2016-08-08,-0.00036478804920070385,0.0023407217641826517,0.0026386282083630253,-0.000579758433985833,,-0.0005956573721506153,-0.001143853734525635,-0.0033578880994291627
2016-08-09,-0.01862000009542375,0.0005837556593550897,-0.030262706863961486,-0.010440816444463707,,0.0005960123913253401,0.00811266525554144,0.0037522474701900954
2016-08-10,0.010044750529660584,-0.01283559753950625,0.004070411294154086,-0.003516954986524934,,-0.0024748958854781122,-0.00681694346597983,-0.0045772436182679455
2016-08-11,0.014733099083054535,0.0011820018753549988,0.013783782153521829,0.03411767105689778,,0.004640772874664245,0.0038135862477657323,0.006514100190461836
2016-08-12,-0.020689633192946255,0.00531284656168407,-0.023727045787502732,-0.02559733025166966,,-0.000868691993948123,0.004653153287357492,-0.0005329599614151137
2016-08-15,0.047442202480317164,0.002936035065122633,0.04232624662898332,0.05020436489185065,,0.0028833886824712884,0.013611677350243045,0.011121857737249385
2016-08-16,0.012385328127524353,-0.021077311002506538,-0.018076861789368848,-0.012283602190330645,,-0.005157341919367897,-0.0069942699660817675,-0.011225433036321286
2016-08-17,0.012449134044034027,0.004186731119526277,-0.010138603642063537,0.004522324550077617,,0.0018811345732956397,-0.0001878054506263549,0.0021333353230568175
2016-08-18,0.011776946819575862,0.014294081627536093,0.01590305006299486,0.003376447067910515,,0.002243715310980443,0.007232698137578097,0.006006592932322086
2016-08-19,-0.014378488423537394,0.016441608915817918,-0.023194018214779843,-0.026360028904408472,,-0.0014623213083073683,0.00857992195832491,-0.00015082980317793204
2016-08-22,0.00486284269885795,-0.012132087121704993,0.019377375909850114,0.01382487112212738,,-4.560525569752283e-05,0.00046226353644218676,0.0006799213141834848
2016-08-23,0.00311095478447454,0.027485598389777932,0.003213314256764077,0.003409060491018634,,0.0020134611489186494,0.004898429520231229,-0.002492668790006203
2016-08-24,-0.0006889455171310566,-0.007968032031559158,-0.02722140526158312,-0.06058888471513868,,-0.005114405535954991,-0.008277286785090099,-0.002271632208080465
2016-08-25,0.019310159850253195,-0.006884614794670285,0.007955904935636582,0.013260959091683677,,-0.0006888004963053751,0.004080341909961982,0.0
2016-08-26,-0.005412600176856075,0.0034659977563396005,-0.005444072443921422,-0.00951813518711131,,-0.0018835461348369886,0.00443351115030044,-0.00493388752187085
2016-08-29,0.01190465724711598,0.008060466304436797,0.0366725947662927,0.11111113656788363,,0.004924031681207364,0.003953996653613956,0.005949789954384999
2016-08-30,-0.021176382382147363,-0.0051403521345742,-0.020063569621908584,-0.04864862802866343,,-0.001648323858671752,-0.0019231905537023808,-0.00485278792704813
2016-08-31,0.007554890718959983,-0.02181400491619989,-0.022629296276435396,-0.030681869535405637,,-0.002844167122064145,-0.0006428780546410273,-0.007848494726932276
2016-09-01,0.01431505325208704,0.014084721426519842,-0.003583153039860898,-0.009378654889850568,,4.5766004368008595e-05,0.00789768266629931,0.004147354626212074
2016-09-02,0.007728531757450918,-0.0005788037962508596,0.014661205549446388,0.008284100601017919,,0.0045085711920809235,-0.0010027521047959453,0.00726558320488313
2016-09-06,0.015004848975336271,-0.009844092268061044,0.026717383089352342,0.058685442856330594,,0.003022074987656831,-0.002279699563230264,-0.0010632627899368474
2016-09-07,-0.010512517837543922,0.007602608081936468,0.017260040763812823,-0.0022173455375444906,,-9.108844294281049e-05,-0.007587165507575655,-0.001824126322865216
2016-09-08,-0.006972172526202414,-0.013348806720038464,-0.013312762361587183,-0.002777735392252567,,-0.0022829941981787893,-0.0017498065073080493,-0.002208405633857713
2016-09-09,-0.032430415077033925,-0.03470596754416122,-0.05687850504122893,-0.09972149523375384,,-0.023934862499397136,-0.03552318294279633,-0.02480307363932932
2016-09-12,0.00449171940104498,0.013406655333205952,0.02749012970375464,0.03341589855360172,,0.014346777197521421,0.018654793918984947,0.009704043422996023
2016-09-13,-0.004127753772742215,-0.023451814334814136,-0.04832142736173162,-0.06227550107873692,,-0.014375116677099009,-0.008828041819910704,-0.014493998684992682
2016-09-14,0.0034541108699641665,-0.00800483948980435,0.012621926095379932,0.017241408709738115,,-0.0003750223809115827,0.008812290051845695,-0.006213166112149282
2016-09-15,0.012048369178155882,0.014897683386207117,0.007932196568629868,0.0006277008798469819,,0.009992666080009593,0.02310507737561429,0.00989259819845234
2016-09-16,0.005101758629175279,0.004892959419810383,0.009274516390397558,-0.010664938964543014,,-0.0038656625942716794,0.0002751402444529649,-0.012068104733748308
2016-09-19,0.02538076030296632,0.009738027012484496,0.033417367051784774,0.03487629810370607,,0.000187660607459339,0.00119306647281614,0.005948997439620296
2016-09-20,0.00957072549394411,0.015672524465957904,-0.00026964377578431176,0.0171569051397904,,4.6969142361907856e-05,-0.004491726534365581,-0.0036272488583471985
2016-09-21,0.02451826784996114,0.013649726408700324,0.041778663017712825,0.049999994254974034,,0.011245274318303355,0.013812885912125816,0.014640847584628691
2016-09-22,0.01084857138051798,0.017564406366659346,0.025097162966757347,0.013769349794382713,,0.0063015708475933074,0.003269347595908023,0.012479576286335892
2016-09-23,-0.014835824782551077,-0.012082994014753101,-0.0012621276205372345,-0.006791218942573285,,-0.005478975786854634,-0.010230163535865588,-0.00277353085584775
2016-09-26,-0.01345708313230276,-0.013395337811692776,-0.0010106152017981263,-0.003988586773063796,,-0.00810247036583478,-0.00985507058941859,-0.0028038082230390504
2016-09-27,-0.007470126467402971,0.00531284656168407,0.019225427519607097,-0.005720845771654548,,0.006207765402946208,0.0172537372892978,0.005592647316752242
2016-09-28,0.018651683537581842,0.010569421630029607,0.042194736628152096,0.039700838168923225,,0.00496365489975048,0.002006395104950931,0.005793903190382865
2016-09-29,-0.015097747782055193,-0.0023241692034132733,-0.02643500730146975,-0.012728253797492095,,-0.009047252462847544,0.012286000977104417,-0.013287302393056755
2016-09-30,0.001630765660673772,0.014560361987164594,0.009295268428138881,0.012892350911945627,,0.007546177348650707,0.01582335602262841,0.00459267175060285
2016-10-03,-0.01074567571228513,-0.012629172797027244,-0.01623792538937119,-0.016602060992091494,,-0.0024043930169428407,-0.006726796185986594,0.0006972935292011151
2016-10-04,-0.014483311029209744,-0.002325404161785616,-0.015028783260659817,-0.03207651548344148,,-0.005097522483675343,-0.00258406182301818,-0.005884602525989768
2016-10-05,0.019706244014048746,0.01981369218283846,0.02401219875321048,0.04011619744783457,,0.004425351786794707,0.0073253898292253705,0.006464904369287039
2016-10-06,0.0036027877058990576,0.0,0.008793356559275267,0.01453327209347366,,0.0006952120110759186,0.0058534841727031495,-0.0001550517690495079
2016-10-07,-0.007506433203152696,-0.020571563818728378,-0.0070218886836868055,-0.02975201209521794,,-0.0034290963612345626,-0.001498832424837504,-0.012306308353790874
2016-10-10,0.0029594833465653725,-0.00875157552338568,0.0039012813337557795,0.012492862335573784,,0.0052083718487019315,-0.00503298839819466,0.004153125551053849
2016-10-11,-0.02295082404759685,-0.030017745052528855,-0.03351927419847067,-0.037016256322839336,,-0.012629771242551158,-0.020944168409327002,-0.015373797631732078
2016-10-12,0.013423172633424185,0.0024274837504412172,-0.008293504019544762,0.0,,0.001311999225792837,-0.003354373905284369,0.001426597676302599
2016-10-13,-0.014900847682065677,-0.009080265208719629,-0.031678053373482506,-0.03028540800542101,,-0.0032751151030770975,-0.011823787186237777,-0.0015830725305734372
2016-10-14,-0.006722865211874596,0.0024434300185152136,-0.006542218618776796,-0.01261255791495286,,0.0005159530225236075,0.00754801864510557,0.00015875846211277356
2016-10-17,0.0016918853964242864,-0.0067029325253809,0.010273419611664725,0.021289560225053128,,-0.0034718953126144925,-0.0052074648291702275,0.0021399298757951435
2016-10-18,-0.0016890277550314359,0.0012269001483700137,0.0026078490311889357,0.007742653584156711,,0.0062621320711366835,0.011570329603853846,0.00782976559972548
2016-10-19,0.0,0.006740140345729895,0.020026153035520133,0.0484633387190756,,0.002667129066021845,-0.0041756919923582325,-0.0006277301339134844
2016-10-20,-0.003383977405898797,-0.013998656698239187,-0.002805021969830901,0.0028185538362059948,,-0.0018665518412781523,0.007019306329936192,-0.0021986338062357502
2016-10-21,-0.001697630138456474,-0.0024692551592402356,0.0035965395568868797,-0.001124252767531586,,0.00046757324806034894,-0.0025348695351335992,-0.0033839890459428368
2016-10-24,0.0034013108642103607,0.0037128968812123464,0.0017911966366477294,0.0016881698662967182,,0.004252786050400692,0.01833180714693361,0.010107332617308451
2016-10-25,-0.010169550457316268,0.009247721173721635,-0.014562884654645392,-0.15056176777365038,,-0.003350754083884855,-0.0008908244299440371,0.011178863126217298
2016-10-26,0.005136981527636086,-0.046426206323216146,-0.0031113061765223327,-0.056216893798209155,,-0.0020073338891787307,-0.00142753189827316,0.010823519457994202
2016-10-27,0.039182131001187503,0.03715564500183355,-0.17711301723093442,-0.056061679402373055,,-0.002666670010453509,-0.0046443704989656,-0.01078398643269407
2016-10-28,-0.031147561220135622,-0.008647454277868949,0.002528603842794519,0.01039342144566402,,-0.0029557645329210125,-0.006013266689246621,0.005798568650642544
2016-10-31,0.02538076030296632,-0.009345983760399856,-0.0034679905255994292,0.0022043120795223192,,4.7077334020872996e-05,0.005417302678833336,0.001383674798759893
2016-11-01,-0.02145217270171418,-0.018867683035172056,-0.008225267235874023,-0.019794754469771414,,-0.007245533138739546,-0.008889535146922367,-0.004759398323751385
2016-11-02,0.0,0.012820558731467813,-0.0031899930814620614,-0.01570680927034218,,-0.006018532748830241,-0.006614239814632494,-0.00894707581807841
2016-11-03,0.025295227212403182,0.0,0.0009602749057591176,0.018237064886087895,,-0.004576946575966523,-0.0017333977600331174,-0.006382103013340634
2016-11-04,0.027960657563885993,-0.009493799159987604,0.015025518864539844,0.055970150847083344,,-0.001101679648537357,-0.006304111979168137,0.0011751608114793921
2016-11-07,0.030399882150856206,0.04153379417046388,0.026141826859669814,0.014840992495290806,,0.02205695127798024,0.028135172931013308,0.018229045577784042
2016-11-08,0.02009022741152977,0.0,0.008594220247046813,0.01810586595389907,,0.004503807841779173,0.002056795159212088,0.000767908016624741
2016-11-09,0.029007696397416405,0.03374235513052293,0.08307950673467102,0.08344735133916559,,0.010602102662321311,-0.004729648006207787,0.04314785034724222
2016-11-10,0.023738941370068822,0.020771317647716225,0.016858662470266683,0.051767657002847356,,0.0024955748178652204,-0.0216105860283905,0.016780916405647828
2016-11-11,0.04347816369617141,0.04360454696725968,0.024868709156548263,0.01980791877121879,,-0.0023050201236233248,0.03830986136200809,0.021859871139669806
2016-11-14,0.04444446198017116,-0.0111419913088866,0.021299919748822393,0.045909399479301616,,0.0007854712422914467,-0.005207655946701917,0.00297545287160772
2016-11-15,0.006649191649120478,0.028169172399048925,-0.008183778867114078,-0.016882450010186068,,0.007802928034576384,0.018722014363450112,-0.0062857078984212
2016-11-16,0.013210007761636833,0.0,-0.02608484964921398,-0.05895814652434006,,-0.001878595269132144,0.011497164116802683,-0.00390920141386053
2016-11-17,-0.014341821020152024,0.005479088440957902,-0.01639779413685538,-0.026155735474885144,,0.005140801033326703,0.010763921328508452,0.0006422373019978611
2016-11-18,-0.0092591856966876,0.005449883987187487,0.0002775621270976192,0.009369120323913238,,-0.002237459724827251,0.007241763556966152,-0.0012118560679005297
2016-11-21,0.001335273066159548,0.0027100637326189503,0.02666673449222401,0.022896091752912406,,0.0075514640048601755,0.006681418799292738,0.003569420327100614
2016-11-22,0.041332856153258435,-0.013513479993680244,0.025703873061695637,0.07501510705440873,,0.0019530512895908902,0.010670294378736456,0.012804568897276214
2016-11-23,-0.0025605027639358235,-0.0027397628680083663,0.0076494683133514485,0.012380377472549497,,0.0005441748384020784,0.0012472642282341795,0.0058303821318141935
2016-11-25,-0.0025673883437172806,0.008241430875257416,0.0026176146394660815,-0.0016676312966757978,,0.0037154261875489425,0.0017437233007049358,0.006145079368699902
2016-11-28,-0.007722512678822291,-0.005449231618982142,-0.03002572645755075,-0.016146938917687925,,-0.004694824320361279,-0.002984230127188514,-0.0024291131791222
2016-11-29,0.003891517552885304,-0.005479416412252025,-0.04145387640520026,-0.06621392593334596,,0.0019503712488357916,-0.0018284638572949596,0.002991920607797738
2016-11-30,-0.009043750435188902,-0.01101954145208639,0.004493214396473322,0.0630303585168086,,-0.0023991874969518934,-0.005746941096968494,-0.005896499940786226
2016-12-01,0.0,-0.03064042052397442,-0.009504957294840466,0.012542719604976549,,-0.003675418388653262,-0.048835380089153446,0.003977226200466699
2016-12-02,-0.0013039365932524527,0.008620690643657669,-0.026813726519126502,-0.04673422933611704,,0.0005009450495994106,0.01232912202461689,0.0007647242475745664
2016-12-05,0.035248122282920846,0.014244864285443803,0.013341193857987044,0.04548142019396595,,0.0060084120859904555,0.01217929417184238,0.0027085748188835357
2016-12-06,0.00630489983858018,0.0,0.02633084374390804,0.02203386287219966,,0.00316756626874648,0.013837331263620634,0.0038784816279104906
2016-12-07,0.01754382396105547,0.008426856408523253,0.032905568253295936,0.011055874032750657,,0.013080693788941167,0.020600442852502177,0.008831016520606028
2016-12-08,0.009852496924811716,0.0222839826177732,0.05966524429699538,0.005467384861430169,,0.0024487111908193526,0.008721819680625575,-0.009505968304150403
2016-12-09,-0.013414554115662392,0.0,0.011974593065030126,0.029907621678267438,,0.006040520219438461,-0.0033765306892539204,0.0020712651457703846
2016-12-12,0.002472282385574953,-0.019073289218745626,-0.008559895258485328,-0.0760295931073619,,-0.0011478889949061433,-0.007849379500556974,-0.011437844424804888
2016-12-13,-0.006165263036744584,0.030555303697539227,0.000253725120306747,-0.02914287022181916,,0.006674441774822126,0.011659397428889662,-0.00432144997179984
2016-12-14,-0.019851572155534902,-0.018867646506809388,-0.03401832321959797,-0.013537348165672869,,-0.008254395414566407,-0.0009055345339308296,-0.009310156652393431
2016-12-15,0.021519407669450263,0.019230480413405582,0.019973325075579362,0.004773265072407051,,0.004117330837511535,0.01705532734393045,0.0030384042447002546
2016-12-16,-0.0210660781458335,-0.02964935854282591,-0.024220245063535373,-0.03206656238921468,,-0.001956281793124237,-0.010126387352139332,-0.0016909150559522024
2016-12-19,0.015190254729835484,0.011111150521656343,-0.0023767001998687975,0.004907971009235457,,0.002177573768587182,0.009902589452136068,0.007480144788647225
2016-12-20,0.018702945350824507,0.013736229704603531,0.01932195065952702,0.05494515091518393,,0.003857369934662014,0.009562201582350882,0.004412687331065923
2016-12-21,-0.00979160368568277,-0.002709631177855276,0.0002600371799814649,0.006944382356275369,,-0.0027823479429549547,-1.0091448710003448e-07,-0.004689412705654927
2016-12-22,-0.01730557538705535,-0.016304778609563475,-0.029075834818901414,-0.04080454597921579,,-0.0017275038006738797,0.00482744680569791,-7.007098403022383e-05
2016-12-23,-0.0025155138155706913,0.0027625786227649662,-0.004812778566624654,-0.015578203748482733,,0.0014644211316106048,0.005124424337083822,0.00021105349315364563
2016-12-27,0.015132271373943018,0.005509605836899745,0.012627752831216421,0.014607411239216939,,0.0024810986119241374,0.012347824158111198,0.0026012250314420005
2016-12-28,-0.009937765829161171,-0.019178340076058675,-0.01751124816935057,-0.029994001062485842,,-0.008264461512350607,-0.01896421186280317,-0.009607467536401626
2016-12-29,0.020075236308795263,0.00838000315435794,-0.0045911599394368174,-0.0006184433416606128,,-0.00022298526049202572,-0.00016087038625711703,0.0010621592407378255
2016-12-30,-0.02583044986671612,-0.008310362292135887,-0.01871926399415824,-0.01423264507475619,,-0.0036551769731608674,-0.015483373045900195,-0.006082840253537114
2017-01-03,0.011364381683845348,0.011173337539143846,0.01050592402649797,0.023226548951449377,,0.007650106217040431,0.0,0.013308019289482775
2017-01-04,0.02621659809329402,0.019337058291378995,0.045417337083451415,0.0625767181291974,,0.0059492560531761995,0.0027710989293459054,0.006811971605062306
2017-01-05,-0.019464480428632136,-0.002709631177855276,-0.010992224960293728,-0.03983836871912949,,-0.0007947727191480736,-0.008532696626487923,-0.000836798050942722
2017-01-06,-0.02357359717641283,-0.00815249773728477,-0.020639849335417293,-0.033072715863877056,,0.0035782235748342828,0.007950058806893923,0.0029318901790813534
2017-01-09,-0.005082169369961753,-0.00821928860402521,-0.015131326897956932,0.004353214872906852,,-0.0033010674350421043,0.01057130816560159,-0.008074218726736415
2017-01-10,0.01532532218648841,0.008287405178969642,0.04005505448528979,0.022291059991017104,,0.0,0.0048275298990663185,0.0016836957109080952
2017-01-11,0.015094614315447119,0.03835580556199969,0.034291414757529726,-0.019987881231447124,,0.002826005177466673,0.003443104705998179,-0.0008406678755453756
2017-01-12,-0.030979112545959753,-0.026384956477098043,-0.02550347909858186,0.011742925245609381,,-0.0025098706535510162,-0.00837939115789843,-0.005328199842899339
2017-01-13,0.01150887442535553,0.02709998849404327,0.006280770427145033,0.0024434334836958005,,0.0022952973065542004,0.006518935224093303,0.0040880956829614234
2017-01-17,-0.015170535514927086,-0.03957754000110336,-0.01560461841224392,0.009140744663317601,,-0.003523308473965203,-0.016070790865509776,-0.01207549791952034
2017-01-18,0.021822957209187033,0.010989378410474648,0.021136094741589728,0.031400994838986174,,0.002210128577022852,0.013651988448442953,0.004690223846336439
2017-01-19,-0.022613012293796975,-0.010869924694711042,-0.017852142637323043,-0.022248194523653675,,-0.0037046962579134757,-0.004489876687009398,0.008346225432926513
2017-01-20,0.010282438699301455,0.002747289790564267,0.0007902372982826478,0.02155680757822709,,0.00367412591492422,0.01288466194352278,-0.0039981261431392134
2017-01-23,0.0,0.01643803058922666,-0.0013162181472563539,-0.004103147539011531,,-0.0026025364173740684,-0.006121751963841682,-0.005211953442844086
2017-01-24,0.022900819326197253,0.024258663858457208,0.05956746658968903,0.31135968138857684,,0.006412059913126544,0.019358599588533254,0.008990971498324729
2017-01-25,0.0012438289336960118,0.010526776721066833,0.015671516255058027,-0.017953389297634348,,0.008655479826773727,0.014831794709464496,0.002034937168607698
2017-01-26,-0.017391367474004937,-0.013021215706262801,-0.010041393632672757,-0.017367421176504583,,-0.001045405219288753,-0.005645165592267465,0.0014007007262639704
2017-01-27,0.016434909275385268,0.005277328208879606,-0.011133248687492214,0.015348833660746575,,-0.0015696326695514573,0.012442584336198381,0.002447445724864661
2017-01-30,-0.027363126069901322,-0.007874122130113292,-0.006254637534753527,-0.016491095355461893,,-0.0062016699405501585,-0.004992593770095977,-0.0076728916515615975
2017-01-31,0.005114974573030784,-0.007936510449935819,0.007552782609742126,0.01210993186758591,,-8.805306477344121e-05,-0.01296897846068823,0.0009140222403036802
2017-02-01,0.0,0.0026668093959116845,0.005247371793970057,-0.005062066512662722,,0.0003954930035756643,0.01587677469415838,0.0
2017-02-02,-0.0025443174792720846,0.03457429732471495,0.08451425735516982,-0.0009250905174517099,,0.0006591805543685325,-0.00046225044800707327,0.00028063640608211315
2017-02-03,-0.00510233977762764,0.007712187478073673,-0.008745878439138544,0.0023147794526634513,,0.006892309832718935,0.005160625407747421,0.0141122157660456
2017-02-06,-0.0012817886018628988,-0.010204117987589134,-0.0018573306882069263,-0.020323350660986783,,-0.0017874374545984173,0.0035247286051240945,0.0036694332401592256
2017-02-07,0.007701956647697905,0.012886567191194631,-0.01953960633557339,-0.02970293201133667,,4.4071515966193076e-05,0.003665683953567589,0.0037246389372946886
2017-02-08,-0.017834669132715364,0.004071241290470873,-0.011862217815245546,-0.008746370546310445,,0.0013102939463844887,0.001901724482119116,-0.004398287722955141
2017-02-09,-0.01167286829245906,0.0238216730293328,0.008163311948475638,0.03480397083813447,,0.005932541372159594,-0.008732337622322728,0.006212597039260359
2017-02-10,0.019685265821921982,0.037128820198356616,-0.0007146250030191093,-0.003789669417007091,,0.003946184002325603,-0.0006129127132167289,0.012759441752125955
2017-02-13,0.021803500451789137,0.019093049438603016,0.011677728695655754,0.036614290312600994,,0.005442635347728375,0.0020696447425525566,0.006570759008799998
2017-02-14,-0.02777767554685362,0.011709479097231412,-0.005653583320200273,-0.011926528928092761,,0.003995397551099122,-0.002753762917918179,-0.0008078550241165106
2017-02-15,0.0025976699833996086,0.009259569719952676,-0.005686044200597373,-0.015784593228257426,,0.005220235948492968,0.007746778541382282,0.004108523129197739
2017-02-16,-0.001295784426779023,-0.0022939745027914515,-0.0038118082115501384,-0.02877361266033196,,-0.0008514698194362902,0.0015986217388881396,0.0038231247003426283
2017-02-17,-0.07003888721447638,0.009195436250032829,-0.016742573582223086,-0.021855306440242583,,0.0015764215586300256,0.005167759896135715,0.00461069742781528
2017-02-21,-0.0013945051595787294,0.009111559751742382,0.011918745563769484,0.022343633395080387,,0.005955298914932294,0.014137541593136849,0.005720044412493408
2017-02-22,-0.006983167256993661,0.006772101747534176,0.02500022989159567,-0.0422535615729005,,-0.0008882543571105961,0.00022366220872593878,-0.00033083311366544077
2017-02-23,-0.01125223185587576,-0.02466374413150374,-0.04080630984091249,-0.022312304362557045,,0.0006775709506170458,-0.01624778175674113,-0.006086147621708005
2017-02-24,0.008535271686607615,0.0,-0.011247248601965132,-0.0010373681043238658,,0.0012686556119509973,-0.0006819162111612043,0.0018635996885141282
2017-02-27,-0.009873048729613698,0.0,0.014342370318323194,0.019210743898638194,,0.0015628953194775086,0.009552390612841855,0.012556288810357419
2017-02-28,-0.007122663205928581,-0.025287243291816086,-0.011214239403451343,-0.021395827521652477,,-0.0026993724762442994,-0.01276646448262686,-0.004199166176580449
2017-03-01,0.03586798423921955,0.028302176228999,0.03550336675246002,0.03800111839542031,,0.013997765279198937,0.015594270371735552,0.014429776454857324
2017-03-02,-0.02077540939025313,-0.011468225135499166,-0.06595234610363765,-0.04814448175072028,,-0.006297516581262319,-0.010261381657880153,-0.010197293760752513
2017-03-03,0.004242801678339125,-0.016241242594302818,-0.016569432524743966,0.004214959201027879,,0.0006296424576122117,-0.0005298404992156724,-0.0035433936371491725
2017-03-06,-0.030985695769216504,0.004717139167980999,-0.017625701866648247,-0.02360959434416099,,-0.0029778561343090093,0.0005301213789916659,-0.0027001381720392903
2017-03-07,-0.001453638214491626,0.0023473556139781415,-0.031662321618388334,-0.04782381879676112,,-0.002986824971653257,0.002194633139083857,-0.0012547469802215439
2017-03-08,-0.005822310284046561,-0.014051617886826961,-0.008718888286444959,0.00169304107268764,,-0.001857002906584082,0.0023409870105859376,-0.0030413739321611954
2017-03-09,-0.04978018020410302,0.009500842516277475,-0.02776267760432738,-0.02422536930567787,,0.0012686884887693761,0.0019583138525594013,-0.002453894223441555
2017-03-10,0.027734837329550066,0.004706323303924176,0.0005650398892003139,0.0028869021530133487,,0.0035039708019433125,0.011428817701262028,-0.00019929709576060883
2017-03-13,-0.0029983849107815264,0.032786672302328235,-0.001977653999223783,0.005181245877431406,,0.0005047338414549962,0.007507880187949567,0.003989636716169587
2017-03-14,-0.013533766751698262,-0.011337480489515217,-0.0008495783498319032,-0.0022908940593405758,,-0.00382676688728123,-0.0029514544418037802,-0.005364373414253332
2017-03-15,0.028963678888077826,0.018348226702339154,0.03570418634468164,0.01894373836169705,,0.008653629936526963,0.007918595295846487,0.0075240638903688595
2017-03-16,-0.014815135572404547,0.010360627709417036,0.04924765987680191,0.0214084034234705,,-0.0019668838869473237,-0.001027816711391738,-0.0030402789845677125
2017-03-17,0.006015230662170801,0.04101629803524465,-0.002085809432201269,-0.006067220523703454,,-0.0017562475308704473,0.002057840595757199,0.011071107060662388
2017-03-20,0.008968744731556066,-0.0021414421607255374,-0.01463315980152513,-0.025527246400435244,,-0.0010966852096352397,0.007407842171122114,-0.0037374756618621108
2017-03-21,-0.02963021116935982,-0.027896864140618094,-0.024926654738920084,-0.02733482669901488,,-0.012839806545012489,-0.0234434999423776,-0.02046729650889989
2017-03-22,0.0015270605613910693,0.004415159015048742,0.0021754354469805115,0.017564358220175658,,0.002353352632726624,0.010586310613381889,-0.0003358756565777776
2017-03-23,-0.009146480128525036,0.002197480890764991,-0.006513225984244531,-0.004602987777274747,,-0.0010670570024341464,-0.0022126166153146887,0.00047072215317678356
2017-03-24,-0.02153837587645091,-0.0021926625566967006,-0.012837747205001526,-0.0017340335618403202,,-0.0007263133871097116,0.007286518420038801,-0.008926891069006793
2017-03-27,0.0015722342664701294,0.008790888255154172,0.0005533704642943782,-0.014475969506278386,,-0.0010261689337697222,0.0014718590167683843,-0.0015623733201217682
2017-03-28,0.0015699568860845226,0.004357445260696924,0.015763319921685337,0.03113976292845022,,0.007276787742062529,0.0031600253030013015,0.010885394381437319
2017-03-29,0.01567388113731827,-0.01084613437729054,0.0,0.0017094409088151963,,0.0009347246955060395,-0.0024174004445509656,-0.0012114482479065325
2017-03-30,0.007716094599564904,0.008771875324596223,0.0021779868617177733,0.021046691742840462,,0.003183971357773263,0.005140295262910488,0.006266835111782942
2017-03-31,0.027565008938905455,0.01739145747348103,0.013311835026800223,0.0005570095324924917,,-0.0023276313675009153,7.320609425653934e-05,-0.0041520204444410735
2017-04-03,0.0,-0.0021366960233579757,-0.008847014164023559,-0.024498811199238135,,-0.001738805553044509,-0.00635530430715503,-0.003697917968175757
2017-04-04,0.011922465332052212,-0.0021414421607255374,0.020557179973323292,0.03025107108727365,,0.0006371519563077577,-0.004999553939723955,0.003914104809522367
2017-04-05,0.008836063919011261,-0.012875627254936628,-0.03790102157314612,-0.029916843822905936,,-0.0029723086730727433,-0.006945254519758137,-0.009075470615178771
2017-04-06,0.011679686779719534,0.01739145747348103,0.004407756538862273,0.013135324913186253,,0.0028105480448159526,0.001562344091370127,0.006851962983136506
2017-04-07,0.0014427991307919275,0.004273392046715951,0.011245381981866531,0.02649376095932543,,-0.0010192828422374012,0.00430863314881802,0.007883795429422191
2017-04-10,-0.008645722767069985,-0.010637849887269124,-0.006238423486522371,0.0010983228319174643,,0.0005953951098494059,-0.007692877855691949,0.0010024293551424979
2017-04-11,0.00872112318030438,0.0021501371725043406,0.025109189589353376,0.015359335912038308,,-0.0011897810493251004,-0.008050461207340764,0.006745562791737658
2017-04-12,-0.024495397837881017,-0.017167017774727844,-0.045793269344641674,-0.03889785545388891,,-0.00438182209702942,-0.01720892313697364,-0.014461967371285578
2017-04-13,-0.010339898146803916,-0.0152838722802352,-0.03292406129387537,-0.036537464442263023,,-0.006494878549761274,-0.006652795237697351,-0.005721426671895236
2017-04-17,-0.002985441854639004,0.013303593231855926,0.008078057149259354,-0.01166854508242332,,0.008859833040178566,0.012470445285415854,0.012997776640925718
2017-04-18,0.005988338584666852,0.008752679057432822,0.00028656983042218975,-0.0011806645297006702,,-0.002984216450542365,0.004637412423163623,-0.0019371751120155212
2017-04-19,0.017856991173345493,0.0021693999912058004,-0.0002864877316813841,-0.005910188003476091,,-0.0018385404263746574,0.005221905418926864,0.0008030527663061005
2017-04-20,0.004385706361511366,0.03463172093138156,0.045793247824087,0.017241434054043436,,0.008139040932794384,0.015809426454343578,0.0075602685536779735
2017-04-21,-0.0029115087093050107,0.0,0.0008207254229133376,-0.0005844668921745066,,-0.003186827638812062,-0.004224152181848129,0.005179853619889041
2017-04-24,0.021898540987706827,0.006276236552084313,0.01886783387699409,0.058479530859171236,,0.010997912885197136,0.014364440677107737,0.013278601918091493
2017-04-25,0.009999987276634092,0.00831620441611225,0.05018828463496261,0.09889497074327491,,0.005818664004797025,0.010198677320311322,0.002217023373536131
2017-04-26,0.01272977929597996,0.010309087507410997,0.019166754481183323,-0.047259862018809384,,-0.0006288481921024047,-0.008207322414103269,0.0021468869703322735
2017-04-27,-0.006983167256993661,0.03673478628141691,0.0032596959922190916,-0.020580542548567893,,0.0008391154976348236,0.014060679596307413,0.0019473367127740282
2017-04-28,0.07032354522398498,-0.023622287840779466,0.01933220193701124,-0.011314606170005792,,-0.0021794560380744565,-0.01704365690620757,-0.003822897298028982
2017-05-01,-0.0512486240419896,0.020161648130322618,-0.005664941299036275,0.0038146971863231016,,0.0025199868841527806,0.009918882604359469,-0.004162446009704501
2017-05-02,-0.038781010908662705,-0.007905323177844537,-0.024771151598807162,-0.014115104658248612,,0.0003770886312408628,-0.010548343495257795,0.00228627604640419
2017-05-03,-0.011527513689119417,-0.001992138437644231,-0.04597373809766414,-0.06662990609248753,,-0.001214613583554458,0.0034553359632896186,-0.003583573743540347
2017-05-04,-0.008746430699718033,-0.005987946689664514,-0.010383801095806833,-0.019469021171231282,,0.0011741897475205931,-0.0007327399368107779,0.0010459986528457144
2017-05-05,0.011764728295334814,-0.006024178443179817,0.0018832326651281317,0.01805049469987785,,0.003936807524430597,0.0039597337783507935,0.009014949751573909
2017-05-08,0.013081449401574519,-0.01616143457993857,-0.009398166562325172,-0.020685601648436247,,-0.0001667506322504675,-0.003944116128491104,-0.0014890316276430227
2017-05-09,0.012912883226343652,0.004106749765784068,-0.009487450106366646,-0.027760959139687902,,-0.000917871800805603,0.009898967532072867,0.0005188285372628165
2017-05-10,0.015580271472932727,-0.002045180679387082,0.003557644148089123,-0.0012414932964571745,,0.001795844937915403,0.021200929111428346,-0.00395320250084541
2017-05-11,-0.009763117060628379,-0.0020489631713221934,-0.022361826824869868,-0.031075201694114374,,-0.0020430904061237154,0.003625609864348567,-0.00045559485843282843
2017-05-12,0.0028171924460378417,-0.016427080999844024,-0.011436781495615556,-0.016677371798400897,,-0.0016706960736166954,0.0028340536999957866,-0.004881543648294406
2017-05-15,-0.002817124679231231,0.012526181773378608,0.026241748498636586,0.008480111877879892,,0.005523566982306161,0.015470382339196842,0.005625233440289312
2017-05-16,0.005650052543378914,0.020618257289404696,0.011273081903203419,0.004527793961933924,,-0.0009156478633668419,0.014330674180105918,0.0008455112174239332
2017-05-17,-0.03511258730236133,-0.06262599228941501,-0.030995103482654773,-0.02833223360906778,,-0.017744090828057613,-0.04313834064258493,-0.018522431126475003
2017-05-18,-0.004366865087526484,0.02155123928591207,-0.012626358006898153,-0.013253797696671121,,0.004028637019181991,0.018634960516902277,-0.001257910715386279
2017-05-19,0.010234436021229865,-0.014767632517531992,0.015629734529131634,0.05842846645394628,,0.006504123583278121,0.011047237209233618,0.015381200360489844
2017-05-22,0.005788467839066946,0.0406852649092635,0.005036026798925564,0.003172600888877719,,0.005077560482214638,0.010926181001161162,0.008684551334070312
2017-05-23,-0.005755154313415001,-0.002057476833372651,0.029788489373062,0.043010710528365026,,0.0022125823091325714,-0.0039929105255270825,0.0038192478431122723
2017-05-24,0.0,0.004123602093131229,-0.011894875745038225,-0.020618566240576452,,0.0023329465841064323,0.006497241383126795,0.006513272517312707
2017-05-25,-0.0043418182565985175,-0.008213581468276221,0.0016412517176382924,-0.004334346531123301,,0.004779329153334455,0.005081716558889449,0.009546876503246038
2017-05-26,0.005813827264750326,-0.00828152047466768,-0.002731380871359157,-0.009328334529973281,,-0.00020658904946346812,0.004577798166094382,0.0
2017-05-30,0.0014454930462555193,0.010438221011446425,0.011230036612354777,-0.0031387438654735256,,-0.0008687459692543475,0.006665152735851443,-0.004189072841209174
2017-05-31,-0.012987513816287155,0.020661274900122484,-0.012188725731542394,-0.028337519270917322,,-0.0002486277323693331,-0.00013506426328890875,0.005735742739316985
2017-06-01,0.0014618093455462944,0.022267508650670065,0.026871546107709143,0.03110820043699669,,0.007952059391316268,0.0010138796009095952,0.004245609062391242
2017-06-02,0.014598995270787896,0.02574220483725953,-0.004539740286275351,-0.004399729446609935,,0.003328460312398418,0.01019262188243153,0.006499038390339162
2017-06-05,0.0,0.005791584757939727,0.0214597647821253,0.03409084614752911,,-0.0007368580252118395,0.0024058516196447943,-0.009152575992040668
2017-06-06,0.01007198473594606,0.007677417496923411,-0.005252345868743014,0.012210059413097829,,-0.0031968557257118224,0.003266206776924463,-0.008604894158668497
2017-06-07,-0.00427366991253797,0.00571428788588757,-0.028510998644209362,-0.015681557905804833,,0.0018501066054665838,0.007441951861136387,-0.0012768143295511791
2017-06-08,0.042918739489576474,0.00946982650503947,0.05298956515733133,0.03799024821244501,,0.0004926297165104288,0.018269508124438394,0.008307282481943012
2017-06-09,0.021947725368518967,-0.03189484247303276,-0.004903613276540653,-0.0005903322648502796,,-0.0015180063014239575,-0.04203655305936882,0.001648149955653322
2017-06-12,-0.02953026331247166,-0.0348838809889368,0.01815368725455735,0.024217356173748206,,-0.00020555193674010042,-0.005747037964199397,-0.004049779399031173
2017-06-13,0.01521475242692949,0.0,0.0022921104232822564,0.010380640345549086,,0.0048901477284057915,0.006800447856157854,0.0058443989271532715
2017-06-14,-0.005450021086849444,-0.01606423546787039,-0.02007610066948473,-0.01598177393433975,,-0.0012676999046459247,-0.010469551832913093,0.0008217403831158876
2017-06-15,0.0,-0.020407952198921775,-0.04642136990850809,-0.05684452176606769,,-0.001924202650335216,-0.00791780099244277,0.0020825614713766427
2017-06-16,-0.001369584539079427,0.0020831118222373046,-0.02094108966356334,0.001230040435555857,,0.00021838016620567835,-0.0039907977102383585,-0.0024563911502446523
2017-06-19,0.013717508330061579,0.004158060728658652,0.01833322529535253,-0.0006142646474234237,,0.008324995957947223,0.01899674660740902,0.0076389534736254205
2017-06-20,0.002706027302163516,-0.016563040949335472,-0.01773012573464583,-0.008604873574558858,,-0.006744078375470308,-0.011253421551030818,-0.007956732859325522
2017-06-21,-0.001349471200148944,-0.006315706351283201,-0.009163972360212491,-0.012399185740646801,,-0.00024704262242092323,0.011587528054055829,-0.003915916324842894
2017-06-22,0.0,-0.004237682897281325,0.018777625333613823,0.03829256739897047,,-0.0004524800667172757,-0.002304847667061405,-0.004501387724447192
2017-06-23,0.0027026985743159315,-0.004255207875224931,0.013204940127465425,0.01692858305914724,,0.0011943314805817895,0.0029894647204324887,0.004203375388055708
2017-06-26,-0.0026954136835960485,-0.012820261403357347,0.002715185483069371,-0.010701564116625373,,0.0006580206564918978,-0.008601885588770064,-0.0055816429551333036
2017-06-27,0.0,-0.028138904841040757,-0.028161321534840078,-0.024639414810746052,,-0.008056429003723165,-0.026710738422126012,-0.006028305414210733
2017-06-28,0.016216409660628095,0.04231639690393929,0.03594360356946846,0.03635244419154149,,0.00895055966067404,0.01731055958272476,0.014407830435099633
2017-06-29,0.0013294091677051867,-0.05769232736843288,-0.001344871694095362,0.01961949641459282,,-0.008788900358514207,-0.0249012552354706,-0.008877392864264033
2017-06-30,-0.006640043730124723,-0.004535118872576738,0.008079500558613395,-0.008163229898685898,,0.001864578606985079,-0.0054623408314780075,0.006653870118814353
2017-07-03,0.016042974117929543,0.0,0.020839024251741556,0.02880657051880453,,0.001695662006580445,-0.013694583245139391,0.006355274490439822
2017-07-05,-0.014473501791937626,0.009111559751742382,-0.025909662400134037,0.007428523472377213,,0.002311965593661869,0.02046561468634378,0.010040946110910332
2017-07-06,-0.012016269480408903,0.0,-0.006985474761967647,-0.023255806405510948,,-0.009144536998774822,-0.004393660366038721,-0.007878099436963826
2017-07-07,0.012162416352837546,0.015801480669339174,0.005952744300126378,-0.016840825769012135,,0.006485281977482105,0.016869376319398333,0.011028514482568585
2017-07-10,-0.012016269480408903,-0.004444504742581512,0.008606249866013105,0.009450670084346857,,0.001073552211108053,0.011549552935043117,0.002243579701000975
2017-07-11,0.010810685189897029,0.0379467675528351,0.013333489203234405,0.03159736707766747,,-0.0007425766480194662,0.008304154702542865,0.005162402124785803
2017-07-12,0.008021487058964771,0.02580627998637275,-0.008947252566183783,0.009075539556281154,,0.00751492851803115,0.01599080870860292,0.00488800117382282
2017-07-13,-0.006631022089736205,0.010481986853535075,0.002389727323693469,-0.002248505535063283,,0.0016800159605843135,-0.003107144299203668,-0.0016010142841939023
2017-07-14,0.0,0.018672288655318114,-0.00662270998679193,-0.01183093433648763,,0.0046641405482334974,0.013416315727478922,0.005427047591975542
2017-07-17,0.012015622702591378,0.015478776384859616,0.04986667809712597,0.022234855717891522,,-0.00012213111047065794,-0.0040785041969042535,0.0005525388772151807
2017-07-18,-0.009234655933785918,0.010830038013654564,-0.037592248795454086,-0.020635852366750473,,0.0005295145017942815,0.0030884123919876494,-0.004230311162318978
2017-07-19,0.003994613786449053,0.025793924914400135,0.015836178383818122,0.01480639161670294,,0.005414137454181844,0.009235708130675535,0.00800357135403118
2017-07-20,0.0053049247532921395,0.0019340304065269542,-0.0020791106670847714,0.006172873862815509,,0.0004453637702772628,0.002918148665113085,-0.001344025700194873
2017-07-21,-0.0026385187738423577,-0.0019302971531391933,-0.017182865876898434,-0.03457896423205442,,-0.0008903310193751901,-0.008530188329401112,0.003119002433982221
2017-07-24,0.005291211541556651,-0.001934261952987848,0.002649248216434863,-0.009820917477693869,,-0.0002432413203413697,-0.003001023783725354,0.0019512316309675537
2017-07-25,-0.002631787226063498,-0.005814109051045402,0.02959025556161965,0.11493589794949988,,0.0024310797137159224,-0.0008695924385443421,0.0006085978237420075
2017-07-26,-0.0026385187738423577,0.007797454877125576,-0.010777594910876265,-0.019361634087702306,,4.040431919305476e-05,0.01098008665560779,0.00012156428557075216
2017-07-27,0.025132827629471333,0.02901331183758904,0.040985682636582865,0.021878327236908524,,-0.000929546321218,-0.01523176191817377,-0.0017636356565130518
2017-07-28,0.007741503843040176,-0.005639174724184293,0.01221027277914466,-0.011488215025425741,,-0.001172981651007099,-0.003833375476014589,0.00913720207302382
2017-07-31,-0.015365100500460582,-0.013232318683584099,-0.0046775445267724924,0.0005282741004024594,,-0.0005673277387978626,-0.007762975338812872,-0.0046478461223024015
2017-08-01,0.0,0.007662786044436931,-0.01211934221958777,-0.029567125528007776,,0.002228875907221317,0.006190756817579857,0.004911898560549632
2017-08-02,0.0039016376988012524,-0.03992366203160136,0.001251714593994313,0.0048966352936510305,,0.000485403729802103,-0.007234858143957634,0.005310658292456472
2017-08-03,-0.00647682929979565,-0.005940909967629415,-0.0047510120233623665,-0.001082758590065347,,-0.001939961623271369,-0.0037458719421943343,0.007323327836134208
2017-08-04,0.016948966987778702,-0.017928212589516712,0.0017586758896181998,0.005419971272953017,,0.0018217947889243025,0.00041002813120605275,0.0008938704490928373
2017-08-07,-0.012820390729288422,0.020283926077624193,0.0040131859603131925,0.022102418559294623,,0.001859599226880393,0.017221542675465162,0.003512730603421277
2017-08-08,-0.00519469216774926,-0.011928511908123829,-0.021983631994547115,-0.01951471253961068,,-0.0024610410317174036,-0.00288877531754983,-0.00118649560917361
2017-08-09,-0.0065274568373392405,-0.006036139115820904,-0.01098321023948956,-0.009144705481364923,,-4.028810694367557e-05,-0.003369001470138966,0.0005939029272759022
2017-08-10,-0.007884561907895327,-0.034412857030463595,-0.008264871112772187,-0.021172605213523155,,-0.014115215103381429,-0.02792033925215831,-0.008904743337280085
2017-08-11,-0.001324447929252126,0.023060521655795974,-0.013020638738132861,-0.0077649080235902,,0.0014766839247302155,0.005633106806766985,0.0020964417208106934
2017-08-14,0.019893708758228268,0.01229525086674954,0.012400958764145376,0.01062048857126019,,0.009913194303005968,0.02544953653229487,0.009384404730853113
2017-08-15,-0.0013000209355656933,-0.010121433289881465,-0.0177222952741084,-0.0016593300205808292,,-0.0001216456167635327,0.002495325997720066,-0.0036123742806625225
2017-08-16,-0.005222096534091336,0.0,0.015919503815363445,0.02382273259562795,,0.001744370474816126,0.0016146086276163096,-0.0005942207049043358
2017-08-17,-0.028871617972044517,-0.04089961510977491,-0.017236597907623108,-0.020021587719151746,,-0.01559095952277556,-0.025253752839847765,-0.01427206046361873
2017-08-18,0.0027028432905891187,0.014925317259984583,0.013617498687626739,0.02540027989892657,,-0.0015632194893090423,0.0015160201045709698,-0.0009048243833699177
2017-08-21,0.002695557620759237,0.0021007846841563094,-0.0010534400844052216,-0.001615443176621878,,0.0007827972278171558,-0.007430484199768106,0.0006642329274388903
2017-08-22,0.021505298366058412,0.020964308324889602,0.048259711945108474,0.09708733269549286,,0.01045707713973787,0.016496670927588886,0.011525513365578721
2017-08-23,0.002631609341005259,0.002053170041120822,0.006289228686989334,0.009832879126798089,,-0.003585339197440196,0.0042280221729917855,-0.0034004937405730518
2017-08-24,-0.009186246163370493,0.004098498724406374,-0.00024987346575156,0.011197640310836476,,-0.002330626730968066,0.0001358327232299228,0.00023951552287515554
2017-08-25,0.003973341960088916,-0.004081769596920082,0.0022504150721496252,-0.012999540289501899,,0.0023360712410478435,-0.00482068660682311,-0.0007184744475846605
2017-08-28,0.013192871147440055,0.004098498724406374,-0.0057388072477442265,-0.024878059945455444,,4.073289268857749e-05,0.003002132217945208,-0.0019162425963127339
2017-08-29,0.01041636520653011,0.00816329488865497,0.010289128491795863,0.02051024772919141,,0.0011450082290049846,0.0015642655175411857,0.014400815104933296
2017-08-30,-0.019329810249955948,0.026315742708824974,-0.0007451075430893184,0.02058823941900645,,0.004737677097726545,0.01711351929379079,0.005560446368808147
2017-08-31,0.003942332631286627,0.003944748182594937,0.007456850510368929,0.00048031839713802427,,0.006016115135789368,0.009881923351789945,0.0056465994955783305
2017-09-01,0.011780028003917753,0.019646476623516707,0.00863523078912043,0.03648584885576045,,0.0014140353749210188,0.004363620762346754,-0.0026904214081818756
2017-09-05,-0.0025875601260298975,-0.00770731026980942,-0.01565542034324985,-0.028717037278903623,,-0.007181911190548784,-0.013692077398867686,-0.008739297729686735
2017-09-06,-0.0012968231384331563,0.02330129043025564,-0.005715770756754002,0.0038149702587311207,,0.003413579342222972,0.0016017260094864927,-0.0073369424518581194
2017-09-07,-0.009091013674274895,0.011385048955210753,-0.01774550794422336,0.004750612118487485,,-0.00012161082014094937,0.0017325461051849178,0.0013711870547996607
2017-09-08,0.0,-0.04502822869117873,-0.009414816648859459,-0.030260018968875535,,-0.0011744072052554122,-0.011774136015896386,0.0003569648149592819
2017-09-11,0.002621473496499771,0.04322220153458711,0.009761492034056074,0.08044854218025654,,0.010665960132697938,0.019049107861363712,0.011483885277012496
2017-09-12,0.01176462909943532,0.016948854500852706,0.017552643356116615,0.00676893590086336,,0.0033704318127407706,0.0044919702343293455,-0.0020588521061997156
2017-09-13,-0.0038762214373692094,0.007407583112794436,0.017749940120710406,0.010309343571974106,,0.00047989299047923595,0.0019727687341433153,-0.0030652639255539516
2017-09-14,-0.009078806446430776,0.005514707365562144,-0.00294737771933129,-0.0070985691331769685,,-0.0003196110467932334,0.0039376872600473956,0.005203873769993761
2017-09-15,-0.00654436630911992,0.0,0.020447911704020605,0.039320871363477394,,0.001346131339714951,0.01745466933615325,0.006058600857520746
2017-09-18,0.019762643716454198,0.010968851374226762,0.019797504173666214,-0.01977648268679344,,0.0021269632013019013,0.013107122050532771,0.01742384622505133
2017-09-19,0.0012922125362928583,0.010850057552943548,0.016808549795699124,-0.010087699558448793,,0.0010009817658331865,0.003170835750470724,0.007930175300733477
2017-09-20,-0.006451893121271257,-0.017889114856187827,0.04190933052274204,0.006645973440782438,,0.00035976328906772714,-0.013781903485730385,0.006271659491746684
2017-09-21,0.0025977462284625386,0.005464554749230244,-0.01944144630329192,0.000880301864794486,,-0.002679009965326107,-0.004294590716369506,0.005722928361154622
2017-09-22,-0.006477069164016469,0.00905773136286836,0.019598829891223524,0.007036053167218004,,0.00020062981047197503,0.005085820407489061,0.0019719302656060478
2017-09-25,0.007822776134296161,-0.014362495420446875,0.03464461633765148,0.011353721974364017,,-0.002044862133815495,-0.01928018634007067,-0.004385691861060748
2017-09-26,0.014230122208512608,-0.003643036499487051,0.007344900035577195,-0.001295366444005408,,0.0006025796317954413,-0.0015790688530746833,0.004751519038378671
2017-09-27,0.057397906384599295,0.03656298381236733,0.01844327734606721,0.014267182692587532,,0.0038944755947181164,0.0242173761347253,0.008860255103932513
2017-09-28,0.0325694489101942,0.001763762885578446,-0.002105847096551594,0.005541392719033755,,0.0011996209791633738,0.00736872358933649,-0.007216151256976389
2017-09-29,0.00817766471913317,0.01584493399993203,0.013504914170679339,0.013141138784960038,,0.0035150123774294606,0.008650846736694362,0.0031553478356749487
2017-10-02,0.01738124114050632,0.01386493871818395,0.04101629200792245,0.033891191584554115,,0.004338867488803855,0.006685031422150045,0.013255377269040913
2017-10-03,0.002277563568301444,-0.001709561333778531,0.004399888134254404,0.014569025645079003,,0.0021399330624551904,0.002756445895155224,0.00011073523215210379
2017-10-04,-0.007953998783459926,-0.0017121473017895905,-0.0015930622026993912,0.0035899542753672353,,0.0011863592443175364,0.0023116140968983956,0.003104023079055551
2017-10-05,-0.004582229785425218,-0.017152548892515718,-0.0009969669107712242,0.0011923961378161874,,0.00592518238833617,0.0008724925143490658,0.00613332402008715
2017-10-06,0.002301522631994679,0.010471066368797022,-0.006788040927784955,-0.02064313008094687,,-0.0011386368995794927,0.0039231810051361116,-0.0003842958817037445
2017-10-09,-0.01033297759337548,-0.003454347248079359,0.0,-0.029590577218433167,,-0.0016512084328602628,0.007629673980639851,0.0018675717372986789
2017-10-10,-0.002320212492451512,-0.010398686749563568,-0.004622990922500625,0.0029239637954325826,,0.0026381792501251056,0.0056022203053494035,-0.0003839094072307647
2017-10-11,0.0,0.015762108241203165,-0.004442714813608806,0.0012495079699923473,,0.0015711765755410667,0.006856358594514278,-0.0026331937716910225
2017-10-12,-0.0034881316813485386,0.010344760685520038,0.0050711988959231125,0.011231220471403791,,-0.0014898745188467455,-0.003161540230644855,0.006215476626457717
2017-10-13,-0.002334030720426039,0.011945418172029987,0.007467071138578696,0.022213119185126695,,0.0012170619206386402,0.00640443552073422,-0.004537025629648639
2017-10-16,0.005848021515143298,0.010117776952947688,0.0,0.004024160158335288,,0.0013333901191334707,0.004727227414179858,-0.00032963434700383765
2017-10-17,-0.008139442116172568,0.0,0.0010014487637219904,-0.018837723700644626,,0.0007053557714489234,-0.0008444634820752306,-0.0035153404064692806
2017-10-18,0.003516944928227961,0.018364059898215546,0.0006005856106565677,-0.0008170121788264595,,0.0009787950811810386,0.0033809340939001675,0.0015984176646195447
2017-10-19,-0.00233619340554303,-0.00983580755963831,-0.003000156093787787,-0.016353214779316838,,0.0002733946777482288,-0.002527212551463154,0.0
2017-10-20,0.0011705962516026513,-0.0016557834727005671,0.004814659223756124,0.02327520306406128,,0.00516048886204068,0.005126879981668608,0.012658456125883788
2017-10-23,-0.0011692275582056988,0.0,0.0018029826416403605,-0.02843219898774174,,-0.0038893219893925135,0.004921426182712851,-0.007011041189833089
2017-10-24,0.018735292109687274,0.0066335229848266675,0.022200014947316937,0.03344478405137585,,0.0017570593165994186,0.006987316903735996,0.0012589482370082283
2017-10-25,-0.013793167922690697,-0.008237343839373579,-0.012717361131456162,-0.00525886587287927,,-0.004950318989080826,-0.013106660114246549,-0.0029520670970627494
2017-10-26,0.10139863618471101,0.06312305637696625,-0.005549096630355521,0.008946698332221725,,0.0012929921785909126,0.005889090636743477,-0.008497776795340695
2017-10-27,0.0613754248447107,0.009375002143237054,0.002191963651678952,0.0012092175449940346,,0.008176206327685565,0.020909499470329607,-0.0011609767950878647
2017-10-30,0.014955228412693922,-0.006192034226301879,-0.0252535165937261,-0.014090192404176083,,-0.003725120670913129,0.0026916446633085123,-0.0008857178163257373
2017-10-31,0.008840966546526774,0.022479226882710757,0.01570818277918873,0.02817478728078049,,0.0015578689057307304,0.007995547551821414,-5.557348099838322e-05
2017-11-01,-0.016553099864033527,-0.03419873184033906,-0.01385847351743863,-0.002382822288133579,,0.0013223229651253554,-0.0036474312104397555,-0.0013849902340077325
2017-11-02,-0.010891054690004065,0.005374552650361686,0.0038698051280217083,0.02189487335531992,,0.0003881608690450289,0.004939036690885246,0.01758932203056629
2017-11-03,0.0,0.018868167857197138,-0.00060882117201011,0.004285181535825133,,0.0033387783041145536,0.01769387861666538,-0.006652519394451772
2017-11-06,0.005004981685454046,0.012345343721581914,-0.0006090137783127947,0.0023273647922539276,,0.001547757266449512,0.014148001456716353,0.0015371481268433573
2017-11-07,0.004989922221155352,-0.007621519135008303,-0.007922182118852317,-0.014318917842434553,,-0.0006955193063101772,-0.0008964572377910818,-0.00082195764675419
2017-11-08,0.00893761491159295,-0.0015363775300382132,-0.0004091710783747926,-0.06556733888164357,,0.0017007398015023156,0.0031960061815075047,0.003181775339762938
2017-11-09,-0.002952682018841135,-0.03692299945825517,-0.016796552885355753,0.0037815191375194512,,-0.0036274017393387314,-0.020011225926676035,-0.014818835574045952
2017-11-10,0.01776863634921133,0.009584818568374898,-0.02916653287523141,-0.07827538633990261,,-0.00031014493441816615,0.0066166913563430185,-0.005272778149571944
2017-11-13,-0.02036838215444947,0.003164376334738872,-0.007725043081807992,0.01907357255053399,,0.0009299091811771909,0.0028899322268851613,-0.005133391995190251
2017-11-14,0.0,-0.023659341455746774,-0.01924763069011637,-0.03609631702377458,,-0.00232261313366533,-0.0009039143031331909,0.001458192389972801
2017-11-15,-0.02079195866657857,-0.006461925391327283,-0.007938552061242499,-0.012482596435083426,,-0.005005107578521462,-0.008991891948735398,-0.005432383421547393
2017-11-16,0.007077570727762383,0.02276429027857718,0.011780534594218128,0.02481267622436456,,0.00850095371690096,0.01489367486219817,0.008108459971433168
2017-11-17,-0.003011812194284813,-0.006359380885978538,0.0059313658579172035,0.00182736028518371,,-0.0029385420527280326,-0.0043857474293731435,-0.0056411951626087475
2017-11-20,-0.0010069971816706325,0.014399944346563887,0.02096519510827788,-0.0022800339130583103,,0.0017059462870743225,0.011916489669739017,0.008313490810273771
2017-11-21,0.0,0.02839131022932473,0.027165859282723748,0.011425960218877762,,0.006543262753433199,0.011441073977610072,0.011030729513194615
2017-11-22,-0.003024198775283704,-0.019938856550814288,0.004789521922919482,0.015363767080057489,,-0.000884717485537867,-0.006069758051813312,-0.004573342722351548
2017-11-24,0.02022245488622576,0.007824779961165929,-0.0008286218830438896,-0.006675550650378614,,0.0023098938983296957,0.00899350944842947,0.002657097995611979
2017-11-27,-0.016848367243667672,-0.00310559889444606,-0.0008295823151412973,0.0017921557380942144,,-0.0004995108479818322,-0.012544563827295185,0.0006072778387484767
2017-11-28,0.009072272258258574,0.0015577298708981946,0.003736402236991676,0.0013416269444552764,,0.010144747487704109,0.00044550385217378974,0.012414245270274238
2017-11-29,-0.003995958598111415,-0.07309497634003681,0.012616408523954403,0.011165699277132735,,-0.0006086665698413762,-0.044054413446174556,0.00032724589492239
2017-11-30,-0.019056833224858294,0.01677857168863639,0.009599619437700158,0.005742096803000418,,0.008755044089871822,0.005359984138105345,0.012476223530978992
2017-12-01,0.0010221130770320386,-0.013201226022424462,-0.0012138385770585902,-0.0035133913964756625,,-0.0020753293537904005,-0.010836821926450302,-0.014367193168089543
2017-12-04,0.0010215619850220126,-0.03678946467108268,0.02228087107329957,0.007051557675018527,,-0.0012100139782044161,-0.02402021871593929,-0.0004914538160998294
2017-12-05,-0.008163007563686153,0.010416627783692789,-0.003170346872785279,-0.03194746302185292,,-0.0035967135160366315,0.0007804760478300476,-0.008029299671031054
2017-12-06,-0.016461290867760936,0.0017184575572657401,-0.0019876487005265897,-0.014918621663013054,,0.0001898439413599018,0.0032387661756454467,0.008534555681784406
2017-12-07,-0.0010457189959115487,0.04288165989257009,0.005775687453468681,0.01973374849749243,,0.0031532861516869737,0.009745391006986459,0.007698140691378752
2017-12-08,-0.009424184315955597,-0.029605408134270594,0.020990259140343692,0.017101758769490827,,0.005452971979820198,-0.005151193642547791,0.001517160222122671
2017-12-11,0.006342676302197203,0.011864271695236628,-0.01764957770123532,0.036283171724924124,,0.0030128744862096823,0.006011071155586523,-0.006708044398277213
2017-12-12,0.003151181315209195,-0.010050014309143651,0.00473831792877899,-0.006831761182360507,,0.0017651257552633304,-0.009761375755715673,0.0035946339941492766
2017-12-13,0.011518064120977112,-0.0016921530503490878,0.005502298276027551,0.012037862592014559,,-0.00011225537928105656,-0.00017946553158232348,0.00564388795593862
2017-12-14,-0.001034893696890915,0.016949268067579126,-0.02872761745000707,-0.01614278051555129,,-0.004086620197351398,-0.0010156673659273974,-0.00253651394355614
2017-12-15,0.003108646987341368,0.04166661413145789,0.01750495059302426,0.014248701462877156,,0.008327615595001614,0.015671688264380368,0.016176200360275006
2017-12-18,0.012396634175708465,0.006400081441566785,0.044888154944727754,0.04469992144062074,,0.006341280577393693,0.021436976249450623,0.002981301907781786
2017-12-19,-0.005102023242978593,-0.01430862281863321,-0.005677271658657945,0.008149912311709473,,-0.0038405107323807863,-0.001057027490101392,-0.002440480563034919
2017-12-20,0.0,0.0016132610948225157,0.0011417368373898285,0.0,,-0.0005239553029735555,0.007285836537660684,0.0019188545783490607
2017-12-21,0.00512818737415599,-0.01288273675574414,-0.009885827128255698,-0.007275679338765273,,0.0020596613385612805,-0.0105627250221213,0.0006386876708632805
2017-12-22,-0.013265276833535733,0.006525238965174873,-0.00864055809506381,0.0024430527115530953,,-0.0002613808776512627,-0.0005803766563101664,-0.0012227961837741885
2017-12-26,0.011375630857487495,-0.014586525913192205,0.014720189422144037,0.011779000743029178,,-0.0011964525757566236,-0.009984570760903644,0.0006917420355530002
2017-12-27,-0.0030677362340154612,0.00822354257313096,-0.014697497088033917,-0.013247688708450278,,0.000486549397023639,0.0032247900337352142,0.0024468055412756318
2017-12-28,0.004102434498004737,0.004894270226902808,0.008136215729914964,-0.0028478313686527423,,0.0020575573762395827,0.002805572945803636,0.004086001286633945
2017-12-29,-0.007149784596874653,-0.011363955874139298,-0.02017680184190107,-0.015095913332444644,,-0.00377043811300537,-0.010258030873161017,-0.0058658937208242445
2018-01-02,0.028806328824634964,0.03940884831519442,0.04079231395764804,0.06130909225373071,,0.0071570910145095645,0.02714787715212874,0.001700751580899329
2018-01-03,-0.004999982720713003,0.0015798148026306968,-0.007725513224239422,0.019125673499893026,,0.006325236082914909,0.017486551024531005,0.001486280850505839
2018-01-04,0.02613067559042781,0.017350238162196385,0.01823008347766053,0.02029868888960351,,0.0042146491574983624,0.005634766290437465,0.006994933589707264
2018-01-05,0.0,0.015504042019196529,-0.01659832284734164,0.0011261519269087916,,0.006664085224541427,0.005715475918747881,0.00899848472787279
2018-01-08,-0.005876366377388975,0.019846923609519562,0.007586125344239081,0.02212224037870647,,0.0018288858950195053,0.007855353367774764,0.006049642296366509
2018-01-09,0.0,-0.02395180956141174,-0.021456895580606816,-0.000366846250839159,,0.0022635665463119903,-0.009839466857009538,0.006428432162045583
2018-01-10,0.0019701034563632813,-0.00766876279597839,0.007501530847096705,0.005137592280676673,,-0.001529986225871638,-0.0120033240827494,-0.001390819989353087
2018-01-11,0.041298095718193206,0.004636644011046576,0.03264555880384612,0.06389193278556182,,0.007296225509850762,0.005989827038894724,0.00980017563419433
2018-01-12,-0.004721798074792449,0.0,-0.006840105422230791,-0.015099472749655951,,0.006518634722090022,0.005392130744560131,0.015375293134147094
2018-01-16,0.0009491753505384004,-0.006153741359585907,-0.024199702660524625,-0.0337979510424159,,-0.0034185497467107417,0.003296185265047935,-0.010664854746800234
2018-01-17,0.012322169819585449,0.03560365983242186,0.010110596004799133,0.00865487829354672,,0.009532138166776782,0.02901247597377221,0.0118476697536678
2018-01-18,-0.011236201949273883,0.014947546818510071,0.00018882991052504572,0.00929568234768241,,-0.0016810278348572405,0.004491412444668663,-0.008040559614804987
2018-01-19,0.017045643082788775,0.01767310093592034,0.013217588162856897,-0.002125379628597379,,0.004549526355511979,0.001023654142956465,0.007193675111275555
2018-01-22,-0.0055865282168502395,0.0008686953896221983,0.0007454074667749833,0.0007099913989885298,,0.008131243229297258,0.007427066727267784,-0.0040741170414757555
2018-01-23,-0.01966303359166477,0.012145537816246499,0.0007452611034624024,0.05604824028992783,,0.0021226457542276034,0.008013097194188745,-0.0032825896950734457
2018-01-24,-0.02578778680026772,-0.009999771341489438,-0.0024193551681860326,-0.03459861171674572,,-0.00038865752315841995,-0.022894426492448217,0.0053706442922076825
2018-01-25,-0.01274522619356877,-0.017316175503151454,-0.0018651337365842569,-0.019832974925665492,,0.0004235116071282796,-0.017356862985942856,0.014969273090792878
2018-01-26,0.002979231573900787,0.013215572618879845,0.002055472650799084,0.012069582948777358,,0.011578135903513642,0.031959072759599305,0.013059964090396559
2018-01-29,0.005940684662375517,-0.014492507751457606,-0.011749273383712233,0.0014029816856397925,,-0.006629885044053374,-0.0014442543903891991,0.0011764550756785397
2018-01-30,-0.011811123590945938,-0.017094130196725787,-0.021136048630123305,-0.03397545846850136,,-0.010257187100249032,-0.0198724560389254,-0.007490580069974495
2018-01-31,-0.009960204648997384,-0.023987773069776286,-0.009061232568390754,-0.02248008850429617,,0.0004971332436443099,0.00814291049475191,0.0026140245657533256
2018-02-01,-0.005030002052880511,0.013824564144756968,-0.019260457811017706,0.01669142352451436,,-0.0011351924876289443,-0.004932581922306278,0.005707462347096071
2018-02-02,-0.02022269867418358,-0.01969696057525472,-0.0476097976033516,-0.03903683694931659,,-0.021770145617790893,-0.026912467282345087,-0.020400316746698066
2018-02-05,-0.01135148943511266,-0.044822192877741696,-0.03763334055885281,-0.04479879644419238,,-0.041822368039014735,-0.04708303157606164,-0.05193779826737177
2018-02-06,0.013569567122838855,0.05663433302533982,0.03454274455434225,0.027821970078884872,,0.019702032464666175,0.03619066028652296,0.011167701213588899
2018-02-07,-0.024716834552715006,-0.0321590735326448,-0.007979906418338123,0.0003867064441536172,,-0.0054247556480678805,-0.021432496007664725,0.01364877397185671
2018-02-08,-0.03801468907125427,-0.06170912795926908,-0.01629951879877778,-0.01816780848303401,,-0.03750888470932978,-0.04200688171814049,-0.03201789973241542
2018-02-09,0.008781369406297923,0.038786063551251804,0.022810164264097876,0.03346458245021444,,0.015021453276993668,0.02878923681958545,0.015184467070493701
2018-02-12,0.007617107340958995,0.00974009910968987,0.024405672877374274,0.014476158505394299,,0.014684675956582627,0.01922382807843981,0.01432965616779902
2018-02-13,-0.004319691731050845,0.0016077014309290316,0.014787435500105639,0.010890008436597931,,0.00248733529480738,-0.0011535612946526053,0.0038673076249682303
2018-02-14,0.02060744504326828,0.03691816281616034,0.040882482153927535,0.0397473882537791,,0.013495872554724064,0.02344524214406385,0.01628124949362042
2018-02-15,0.10308162589538394,0.02476762266546273,0.005249823606641391,0.004287275463189522,,0.01276039030900078,0.011905473291005997,0.023904663647942748
2018-02-16,-0.03757194574781342,-0.0015103195163376215,0.01237904795976763,-0.01031664565032231,,0.00029292227042732044,-0.003569026035204814,0.0008389373820449908
2018-02-20,0.019057131975811714,0.018154253992203717,-0.02464634489737938,-0.07296904390960679,,-0.006261278032873685,0.01768352179989674,-0.00833459922850699
2018-02-21,0.015748057603777177,-0.02526031500648629,-0.009598928217515512,0.00426516863505455,,-0.0049741479513372155,-0.011492386801508991,0.00014963324989558657
2018-02-22,-0.0009690229748912094,0.006097745641533869,0.003956126562479012,0.028185310926184037,,0.001296176823579076,-0.0022251247790967543,0.0036792547859787472
2018-02-23,0.009699162135038852,0.022727475229344485,0.007683371196320898,0.02365756995754631,,0.01593917446680293,0.02140822608477766,0.006192836267183921
2018-02-26,0.012487928366731627,0.017777603012781196,0.01661755781024099,-0.009904638866349402,,0.011612255204235034,0.021560011097667697,0.010832080191895077
2018-02-27,-0.019923974488107787,-0.018922496699806612,-0.007500068774396462,0.0014820643151745028,,-0.012486659190421134,-0.0033125698742617615,-0.011885066271554612
2018-02-28,-0.024201426908260215,-0.0148367644638292,-0.012982113220213587,-0.04143547209700027,,-0.010130012450769943,-0.008899086183706828,4.894896023155404e-05
2018-03-01,-0.0009918564329788326,-0.004518326071075385,0.006478402505310843,-0.011578511726255902,,-0.014540409975778767,-0.015794022601935742,-0.020061543347380084
2018-03-02,0.006951401678295888,0.018154253992203717,-0.018333984651641377,0.038266283439299054,,0.005154782771698896,0.016981933496297508,0.003973503849091564
2018-03-05,0.010847994866696853,0.010401028341987306,0.004569164104943013,0.015419324748375596,,0.011557932412945782,0.00897047225141745,0.007966387676013653
2018-03-06,0.010731657007030382,0.03382373117621862,0.012856394673700144,0.02629626238787619,,0.0025352917995713486,0.015050051020221611,-0.001689882954517108
2018-03-07,0.0337839297323248,0.012802094257172492,0.008787209750809488,0.002526221742536139,,-0.00036683291530126283,0.0032185832730626807,0.0030368350706955205
2018-03-08,-0.010270725888680277,0.007022906761487091,-0.013163130498522135,-0.0071994513317489295,,0.0048393723392456955,0.0008941719163542139,0.003872109281580105
2018-03-09,0.013207283902993305,0.019525384429523562,0.014711856308554427,0.023930378870117952,,0.01740228177333858,0.020756684982348172,0.014142286658075154
2018-03-12,-0.008379707405525072,-0.004103873328052066,0.011018716240403403,0.012747897070443548,,-0.0012549941877012527,0.010604938292910315,-0.017309467608639162
2018-03-13,0.004694683287745471,-0.012362680996590214,-0.006500816752984306,-0.019230808988573767,,-0.006463089957696511,-0.015434719555539878,-0.0027785396617093783
2018-03-14,-0.009345567408914568,0.005563228533811859,-0.03214030370578158,-0.017825312427794393,,-0.0051313298816770825,-0.00010355024454444806,-0.011344240347923251
2018-03-15,0.005660329387964014,0.0,-0.01948676908088187,-0.019237705770383973,,-0.0010898125407241555,-0.0007760005807636583,-0.00045310652490948566
2018-03-16,0.01688556165859323,-0.0013828377752458376,0.0010138590306556505,0.002220557547220059,,0.0010848555758293799,-0.0004145012826909378,-0.0022656399511105096
2018-03-19,0.0009225384398416914,0.011080222647887883,-0.02309563978767748,-0.017725241639167444,,-0.013530619369731212,-0.019064417067425232,0.0026745971093771193
2018-03-20,-0.023963374354419198,-0.006849520114478036,-0.04396505041134058,-0.028571436766266833,,0.001700426906408481,0.007341064257278207,0.006895054337915374
2018-03-21,0.006610220211159534,0.044138165376447214,0.014967248557103963,-0.003482978020759697,,-0.0019190282918483126,0.0018874884517692259,0.0021493699215369144
2018-03-22,-0.028142728167490305,-0.03038347528287122,-0.05920042514146273,-0.06252429554763339,,-0.02499713142096438,-0.026347053679441013,-0.02984923569319331
2018-03-23,-0.012548274729323738,-0.023160165848596925,-0.02862358239101015,-0.03272572610409741,,-0.021314534281895114,-0.03327952165100012,0.0031943857760792227
2018-03-26,0.019550415630484874,0.048814181498172404,0.015435342271678643,0.011563188580413941,,0.027358701397169893,0.04172251086610723,0.026191433750764048
2018-03-27,-0.028763020033281128,-0.05984053064583694,-0.0013819105729759862,-0.011007629959520315,,-0.01701163197855049,-0.03678958818595335,-0.015814414482548944
2018-03-28,-0.03356394082671099,-0.03536062010066743,-0.003920629746360649,-0.024400671229932724,,-0.002954874220558734,-0.021651120848758976,-0.007932479553710237
2018-03-29,0.04290097570962881,0.02052801027262774,0.021532667538623596,0.039052187533790805,,0.012777926019088559,0.021676320391878168,0.014659389177395843
2018-04-02,-0.006855848847194368,-0.03879323632864373,-0.03309169362725373,-0.013091193494394693,,-0.021584705652073266,-0.03821165924800607,-0.015104267113454029
2018-04-03,0.01577888005143424,0.02391641779839815,0.007501083405508924,0.013264846162177157,,0.012817059647130424,0.018941145440444895,0.012566016546238234
2018-04-04,0.0106795624325291,0.01751796043101783,0.019776777271734325,0.010557432296373515,,0.01069898557194593,0.012864640893095691,0.006027765744815339
2018-04-05,0.019212369365550153,-0.004304290734362004,0.039470675486213525,0.03426659775874974,,0.007892068140638475,-0.01023946749194593,0.014853517248007542
2018-04-06,-0.033930200397985444,-0.028817829685936047,0.0006585965623158163,-0.0363636209507181,,-0.022285713987057476,-0.03024468598940755,-0.024459383025810744
2018-04-09,0.01951211076292636,0.026705610088188614,0.011625277109310161,0.02096436025168691,,0.004928267362614092,0.006295813518055748,-0.0027460824335417966
2018-04-10,0.015311031960729693,0.0390176052359108,0.03729390364655494,0.034907612655175724,,0.015900386568299174,0.03197785371111039,0.00902611533954567
2018-04-11,-0.011309991202836378,0.002781724793161189,0.003344533596445931,-0.009523875841295881,,-0.005242438223354351,0.00039301304879835186,0.0007076704610642359
2018-04-12,0.0019064088076654606,0.020804731332978887,0.003541727235691683,0.006009676738017777,,0.008227240812799241,0.018854086247979573,0.011868572494049046
2018-04-13,0.0009516577695185546,0.0,0.006435543621030604,0.025487828518196087,,-0.00293304373572556,-0.007379963499420383,-0.0038433182635406737
2018-04-16,0.007604651446486477,0.0027170400977201137,0.01794531952289713,0.005048511097732078,,0.008221483066242596,0.001775482337993406,0.010522247503712334
2018-04-17,0.02641509748054993,0.021680114374160064,0.014184386475400101,-0.001159149160342765,,0.010698651090450761,0.01894217974766188,0.009817585383891325
2018-04-18,0.003676291978734536,-0.01458835060945085,0.02457560734967701,0.01702129700442967,,0.0007402625764350024,-0.00983881632720962,0.00859290141010094
2018-04-19,-0.0018314131797847466,-0.06729492648643498,0.00994514125704038,0.0007606903658656794,,-0.005547637806014971,-0.04325850836670497,0.001995930695658732
2018-04-20,0.0,-0.025974112351057066,-0.012357116720067896,-0.014063053568804551,,-0.008479471037972197,-0.011820308949976432,-0.005587489022590986
2018-04-23,-0.008256848261943284,-0.005926103132748883,-0.003324041821382795,-0.0015420553085502275,,-0.000149584921371404,-0.013296749637852878,0.0010261859997948708
2018-04-24,-0.024977145209850393,-0.00894179148492158,-0.01902677352759996,0.06640931451877474,,-0.013467716886478298,-0.008062095637338729,-0.022940437003917014
2018-04-25,-0.012333903463793483,0.001503445999567976,-0.01619692861935884,-0.01991314727362059,,0.0024715993418222837,-0.0012459020057051795,-0.009641411731672989
2018-04-26,0.06340074956232367,0.0030032133392356997,0.06321142933660973,0.012560035331396824,,0.010165693061964465,0.02043338872349043,-0.0005548255024478976
2018-04-27,-0.07588084834568198,-0.023951865002731942,0.04951263858082,-0.015322877731923756,,0.0009389240587169834,-0.0069848814061109765,-0.014434307417848125
2018-04-30,-0.007819993762131938,-0.012270061282051326,-0.02668116274275767,-0.015561321965752106,,-0.007690874364698397,-0.010961862582509085,-0.015003963551280863
2018-05-01,-0.002955837706374198,0.0208525500154062,0.0024404890311031657,-0.015430931581530194,,0.0017771213245834083,0.016417483927443577,-0.01866366025141486
2018-05-02,0.01976299997764963,0.0,-0.004307866953324413,0.006880745650829523,,-0.006717254619925783,-0.004431895776205064,-0.005509850091520607
2018-05-03,0.014534567415335653,-0.0030487720116395556,0.014861021239884753,0.022019738813443768,,-0.002203873315264282,0.005974474737654667,0.0013319325194207643
2018-05-04,0.013371736086458474,0.02446464233244594,0.0200184110414523,0.033803857534661086,,0.012946749012496372,0.023464420156601218,0.011863458448143405
2018-05-07,0.006597683859551617,0.01582113837303334,0.019262167591681756,0.024074742297186758,,0.003382648814105993,0.00967110516332026,0.01345955160499579
2018-05-08,0.01779037538633821,0.02850448283603857,0.005526904958099266,-0.002807014866879065,,0.0,0.00591607117298576,0.015303954934362318
2018-05-09,0.01747918875395804,0.012857103532993408,0.005496448870060622,-0.006685451567472134,,0.009665891674524696,0.01523551656991784,0.010014615389695836
2018-05-10,-0.0036168236654691155,0.01692508387552194,0.0026449345313348527,0.003542344424062316,,0.0093508058066194,0.018206899908744578,0.0019228578405494634
2018-05-11,-0.003629806995961493,-0.012482627274154057,0.003517455340494635,0.002470868161409845,,0.003051247444454175,-0.007314646495234167,0.002120639150231529
2018-05-14,0.0,0.012640412836179449,-0.0073604670302335196,-0.009507058499659493,,0.00047684557587857057,0.012226684413221056,-0.005542770832708932
2018-05-15,0.012866279939985903,-0.005547724364004525,0.029308062292199732,0.001066501512284157,,-0.0068872202974678,-0.010839057546121245,-0.005167653638250003
2018-05-16,0.012612545949283405,0.018130937079536835,0.01629486851462958,0.023792616474588302,,0.004204917216852788,0.012865886438593321,0.00020372231214182968
2018-05-17,0.0008899294388160506,0.009588905390104152,-0.004050771077123483,-0.0031217534799187208,,-0.0008448439308135214,-0.0029065975094767493,0.007026819464967193
2018-05-18,0.005333121183092482,-0.07191307562501537,-0.005253046518707838,-0.006611013763770268,,-0.0024999253525084253,-0.014304915565967802,0.006724753874226108
2018-05-21,0.01149422277086165,0.017544158624652084,0.01073249411619992,-0.0035025736179805644,,0.007518763809617024,0.010021824725083839,0.015017287370502785
2018-05-22,-0.017482526046220692,0.001436549328533765,-0.002359983811122457,-0.005975397952023842,,-0.0027801483706519914,0.005584759348821411,-0.013013926531450393
2018-05-23,-0.007117370048044802,0.004304375980956232,0.003378991350197591,0.0010607771771038443,,0.0027511668395270306,0.00539218591388968,0.006868740104586379
2018-05-24,-0.008064555466701817,-0.002857473956772827,0.0011785798454257979,-0.006004948057256487,,-0.0020485720053886602,0.004022117359061772,0.006821469820266213
2018-05-25,-0.01806663887780824,-0.005730529797096318,-0.015640753693548448,-0.02807388149657608,,-0.0023826924437336805,0.008065821776044313,-0.004747552898394347
2018-05-29,-0.0073597811560056625,0.007204818888903786,-0.0037586616500520087,-0.013894005953019928,,-0.011500957355619734,-0.006040474646992755,-0.01142906312412173
2018-05-30,0.012975129548748132,0.0114446593782771,0.03635752225333233,0.044493911512458295,,0.01334468027788227,0.006503860203371126,0.013119531584995459
2018-05-31,-0.0018299729872989223,-0.0070717794814312285,-0.008108507103034013,0.012424578648271511,,-0.00612582794104799,-0.007256444243871951,-0.012205759732124899
2018-06-01,0.0036664357243372248,0.02706521554961916,-0.0065067643885243776,0.008415139104699154,,0.009817372744510111,0.022781764116551306,0.009895202688148697
2018-06-04,0.01004555500731863,0.01941753018430359,-0.02434920633061055,-0.018428396468274877,,0.004751451717942112,0.007929197004942212,0.0036307965722905955
2018-06-05,0.016274725502211318,0.013605726201172175,-0.0012047479361573243,0.01877437815231109,,0.000727768818502561,0.004761340714638518,9.936149155875817e-05
2018-06-06,0.008007014595483808,0.01342277593139074,-0.000516878925901576,0.026425598846783416,,0.008360857680896672,0.006335667510950049,0.009711908219466547
2018-06-07,-0.003530310938544501,0.0,-0.02275886950135575,-0.017276430249773433,,-0.00010873198547789453,-0.00890604527521921,-0.000883205810211174
2018-06-08,-0.004428735457686406,0.003973182332099423,-0.014290514613613636,-0.009996584392944263,,0.002956292434252772,-0.008934879525227424,0.006925551582051881
2018-06-11,0.009786659804583264,0.005277134561439301,0.023984051631158465,0.015320353223442718,,0.0013303997911884302,-0.0019279300151783252,-0.0038049623181583003
2018-06-12,-0.007048460386936184,0.019685086075293512,-0.006816956824746034,-0.009602218385140304,,0.0012921237642742334,0.005169020219773834,-0.009499689356149754
2018-06-13,-0.00887333039918703,-0.003861094487719874,-0.0005277325892946161,-0.013850402706163223,,-0.0031907372861116334,-0.0015063144136387985,-0.005289447114744661
2018-06-14,0.008952771296892648,0.0038760603228664703,-0.001232768421964292,-0.010884812883604433,,0.00251807787159386,0.0059824559661922905,-0.007255849269790948
2018-06-15,-0.009760535579271812,-0.014671628374809398,-0.010930954173216212,-0.01384449373774177,,-0.0012760186325867506,-0.0008791489889049542,-0.004655963023062704
2018-06-18,0.009856742666766616,-0.024294842927176097,0.015864564967070338,0.015118792869427411,,-0.0020567442208422326,-0.009626878838317476,0.0009051114041287445
2018-06-19,-0.017746376665409902,-0.020080367753328,-0.02193384804069698,-0.034042587441448835,,-0.0038329750929710915,-0.010974878151887357,-0.023165802939251745
2018-06-20,0.0,-0.010929038110537026,0.02081099664959507,0.026431693076513385,,0.0017059393945322299,0.00480864549162896,0.004218247173173539
2018-06-21,-0.004516822431798961,-0.008287050169817456,-0.025307504432330652,-0.022174497574610985,,-0.006268853388438966,-0.0124105467296306,-0.010398822273215425
2018-06-22,-0.002722288308740106,-0.015320618205343806,0.012621590657862392,-0.0010973184520143286,,0.0018233968087693064,-0.007934183386077986,0.002898657386296799
2018-06-25,-0.02274778300442648,-0.02545928096471939,-0.07175935379391718,-0.09080921240328388,,-0.013612823240252259,-0.02941317509917729,-0.00954862187647243
2018-06-26,0.010242201286148722,0.010159503842038564,0.013811765595447945,0.013290371515104038,,0.002214069943035968,0.0035514488632681918,0.004355756716985182
2018-06-27,-0.007373273793476076,-0.031609326029478635,-0.014758597088030623,0.002782181846134657,,-0.008284435904048038,-0.02388694973979566,-0.007176150665460179
2018-06-28,0.003713872731400114,0.00741825815759567,0.0084498654186409,-0.004756200319539605,,0.0057175430953309014,0.007590449410260103,0.005185288592538306
2018-06-29,0.0018502135699212108,-0.001472633139290691,0.0011429279382439983,0.00039825681556204806,,0.001439675749279834,0.002080228230119552,0.0029702356131904306
2018-07-02,0.022160524353040945,0.016224492218561704,0.016168764480756437,0.005175125653800183,,0.002137908028112312,0.006283501958718629,0.00233824524319437
2018-07-03,-0.00903335559720353,-0.011611108150793248,-0.006551792166433756,-0.01108913610477269,,-0.00353115373794588,-0.01823129617026298,0.0005183026923716305
2018-07-05,0.010027387823401401,0.030837023897436033,0.022234805673858604,0.01762116724698104,,0.00815775555343401,0.026747656503174566,0.0010880602454581556
2018-07-06,0.018952967061994563,-0.007122823465624428,0.009953935970098193,0.018496627948715316,,0.008458401483073308,0.012278757080213865,0.002069884616253459
2018-07-09,0.0008857754545041896,0.02008625361949834,0.019529261382831065,0.018160789642359676,,0.009004214993855841,0.00639286135991779,0.01699115422052966
2018-07-10,-0.009734694523827914,-0.004219285050222732,0.0016111085308740947,-0.0011385459662689446,,0.0035986405439663027,0.010586908367853809,0.0036056361299749984
2018-07-11,-0.014298274858026705,-0.04378584542105968,-0.005719587318744668,-0.006079021628696002,,-0.007314385126737433,-0.02567973024809389,-0.014066974670611354
2018-07-12,0.008159604369798013,0.03101935668857614,0.0052131541318622965,0.012232404307749745,,0.009065901218438643,0.0067270743361596,0.016833692670456202
2018-07-13,-0.0008994608778071234,0.00429809615493415,0.010550562370729155,0.010574044240404978,,0.0007875670893058295,-0.0036149856331916252,0.00964011553752786
2018-07-16,-0.007200579850957456,0.008559176936261181,-0.0007077093326969264,-0.01831090309892136,,-0.0008943453865111195,-0.00137411412811006,0.0028495364110552313
2018-07-17,0.010879424107165914,0.03253184555140298,0.008145888282644176,0.016749090941829525,,0.0040451344552767665,0.014366516375362348,0.00633081121708523
2018-07-18,0.01345288421172941,0.03561655501552474,-0.0029860341801997148,0.008611061679843601,,0.0021039545104766244,0.007705667750155465,0.006588179914056358
2018-07-19,-0.010619331851215774,0.002645389987606217,-0.009513913657970607,-0.01410545881893488,,-0.0037714830662228804,-0.002207973362011395,-0.0026576618905067573
2018-07-20,-0.0017890524881577496,-0.0013190482641527446,-0.0099605897927455,0.0033885600300294083,,-0.001143120387927854,-0.0046951032048970776,0.0010856061819186635
2018-07-23,-0.0008960218666348441,0.001320790450503928,0.003952547185759769,0.005628503590145328,,0.0018592177373955021,0.0013554865398506255,-0.010054517243748062
2018-07-24,0.031390111025855205,-0.009234802412135146,0.02272707233294069,0.06977615270404391,,0.0050324057928405885,-0.01088411382790988,0.006472316890903995
2018-07-25,0.006086854645237283,0.003994767966847279,-0.00577420920868954,-0.0031391751778302446,,0.008522302000085302,0.003777346857496422,0.00044515732136174435
2018-07-26,0.06309427649917398,-0.03846184587161139,0.0075675947787241515,0.010496824277865358,,-0.002359079520993679,0.019525613518584173,0.010976751349531133
2018-07-27,-0.0024388627891055448,-0.028965441208076204,-0.022532421577847628,-0.024930724871093823,,-0.006776287688260441,-0.004440200938365946,-0.004206081497680647
2018-07-30,0.0,-0.014204394420110122,-0.009650000479196286,-0.010298260289421157,,-0.005223619680017388,-0.00977978675084179,-0.01424346676395849
2018-07-31,0.022004733325999837,0.01501612363444993,-0.011728430077998175,-0.0025117186962659854,,0.004929701198232328,0.006620280320385197,0.02561033946148905
2018-08-01,0.012759176355662705,0.0028449433279589265,-0.008216257992650577,-0.0010790928100775643,,-0.0016707712310954914,-0.0014555064964891784,-0.005781213153581377
2018-08-02,0.004724474568458925,0.01843984018416034,0.07345359148990682,-0.0007202181286993792,,0.005447490731588678,0.009825789310207389,-0.0008794386974032564
2018-08-03,-0.003918653619377932,0.002785287825566529,0.0072029032357205924,-0.01693691219295468,,0.004285019964700876,0.0020849542437015867,-0.00337458026964943
2018-08-06,0.011801768731614537,0.015278017291360246,0.003575696223958591,0.0032991257449619393,,0.003667037346466895,0.0060285890548028576,-0.0016683800203621812
2018-08-07,0.0007777609908228289,-0.008208021711960334,0.0008483863090216204,-0.00913408813790162,,0.0033026243271656597,0.007954587574660277,0.004325175647786894
2018-08-08,0.0015537532761216166,0.005517118676721111,-0.01084951875227047,0.00036866966164472714,,-0.0004204606179343262,0.0023149564861468797,-0.0013212080184897834
2018-08-09,-0.00853372107278727,-0.009602335207332113,0.0005145674677833334,-0.011426445836042687,,-0.001366254742536377,-0.00986803831472327,-0.0017643733513184046
2018-08-10,0.004694900967970206,-0.036011001391669684,-0.011819330182936016,-0.008948537429121717,,-0.0067003164309358265,-0.0248107304960955,-0.0040258815483378285
2018-08-13,-0.003115079308174673,0.004310278175477356,-0.024441018082875132,-0.022949609183689934,,-0.003742965275386312,0.0014679050344792444,-0.0012319607637162333
2018-08-14,0.003124813349581812,0.002860997587098124,-0.0014214351994212837,0.016172510103917404,,0.006380608310830649,-0.0020083892364387568,0.007945859048859916
2018-08-15,-0.036604223758996635,-0.03708979833835391,-0.03434168436259377,-0.07427052405470969,,-0.0074676931035005945,-0.013869995924224443,-0.012534822662154999
2018-08-16,0.004850446350564974,-0.007407333590866205,0.03169350428184092,0.03970525179031581,,0.008091645018292848,-0.0012688785617350762,0.013784846088798153
2018-08-17,-0.0056315708019275545,-0.03283551485961156,0.013395121467246529,0.012204703566854436,,0.0035205403883218356,-0.007455582101119629,0.005380449083449035
2018-08-20,0.011427192404307673,-0.0015433892916775216,0.0012337013330030455,0.008168066872787927,,0.002139472646054408,-0.0008900940040688088,0.006081016409028361
2018-08-21,0.0032048067875356523,0.012364977077568007,0.016018355462552147,0.012731478500567883,,0.0023457345110671213,0.01949195234160439,0.006818301374261093
2018-08-22,0.00638977594995116,0.012213528980800525,0.00450450722674689,0.008380926223028107,,-0.0005939006529649404,0.004698128148907799,-0.007444607136277925
2018-08-23,-0.002380682663639777,0.0015084115653360985,-0.020696746600182836,-0.027578374052621535,,-0.0013278485472633106,0.0011416286985432844,-0.006000356002135998
2018-08-24,0.011933217925232942,0.00903588467933858,0.02782665001490936,0.015540000858084824,,0.00601862862223701,0.014500319469919365,0.00628003992942916
2018-08-27,-0.0015724206947577146,0.016418052712150688,0.014442849138874836,0.01874520973830629,,0.007895163810302197,0.015899679285424018,0.008030664763115647
2018-08-28,-0.0007874170838105821,0.0014682511461305836,0.01796612656117924,0.005257277559487461,,0.0004831097889799185,0.003846920205802462,0.002255589522696111
2018-08-29,0.011820375038636755,-0.0014660985452612518,0.0033299191261944028,0.02054535777570532,,0.005381304985826674,0.0026246436726471423,-0.0007184257806795991
2018-08-30,-0.012460993070248061,-0.00881078513262945,-0.003318867565610506,-0.008418724187610471,,-0.004048843606688113,-0.008953146848987403,-0.009248093317520523
2018-08-31,0.006309271933439886,0.004444728421020505,-0.006493722134762958,-0.0022148196974687284,,3.428024168994348e-05,0.005441502833352541,0.0034339588423901724
2018-09-04,-0.011755777505300657,-0.023598706610640008,-0.034858242153327,-0.02293750734308031,,-0.001721927973729831,0.00803904983527004,0.0005783765119531381
2018-09-05,-0.015067070986928388,0.0,0.0022574869090432603,-0.023097334868456443,,-0.002691554067991042,-0.004847515669138991,0.0025051414933063842
2018-09-06,-0.008051686253333523,-0.0821754316463793,0.0015593437461229875,0.0023256346924547255,,-0.0030099511781065402,-0.02650311765809643,0.010763184052409613
2018-09-07,-0.020292280980303556,0.03357463241023373,-0.01764412071228927,-0.015854595426729623,,-0.0019436625646380712,-0.004142987862650105,-0.00413554385070003
2018-09-10,-0.02236962002116938,0.006369539119167156,-0.006691417102745012,-0.01060905499684106,,0.0017389342310165645,0.010589405377246619,0.0007159939569858498
2018-09-11,-0.0033894911821487073,-0.0031644246148960775,0.008331973082988497,-0.0059570935946112735,,0.003297322095188626,-0.009676574947209304,0.00014314365550260888
2018-09-12,0.010203804253645421,-0.05714322321252041,0.01881153340124353,0.013184175575437385,,0.00024219480615261801,-0.011552597199444348,0.004149310189699218
2018-09-13,-0.010100738297243006,0.0117848879097735,-0.001725769232672647,0.016955847587805772,,0.005914169781908951,0.011414405983370735,0.006887228871610418
2018-09-14,0.010203804253645421,0.018302719402434997,0.00656865919776406,0.03683593725732881,,0.0001725146191882132,0.01123197509387519,0.014388334906446865
2018-09-17,-0.0033670024609908644,-0.024509813112481127,0.007384491761362133,0.014210960036195486,,-0.005294584426707494,-0.01393717286325169,-9.287885944142538e-05
2018-09-18,-0.005912076192533311,-0.011725465543346747,0.00784208449041568,0.024336276806353085,,0.005426067611987273,0.008610259659976638,0.012092366763165607
2018-09-19,-0.0016990649880305186,-0.00847449158851521,0.008457417001682233,0.014758813436934304,,0.0010655666145422682,0.0015571885208565117,-0.008042246905960226
2018-09-20,0.008510395756800015,0.011965921341718921,-0.002516107035347659,0.011351532059661329,,0.008103853290343244,0.012115415831115417,-0.00801416134385724
2018-09-21,-0.004219492375475253,0.01182443112891951,-0.004876266633932369,0.005261298397967629,,-0.00091357790746871,-0.002701322254728966,0.008405967007398152
2018-09-24,-0.0008472034767514902,0.008347027389587813,-0.006590135180302048,0.014305647229412966,,-0.003322022740641084,0.0034520392806458577,-0.010327224794159928
2018-09-25,0.004240693754478553,-0.024834252379228983,0.016329262985358195,0.022015803108604404,,-0.0009278626394512157,-0.015931026531515013,0.010154386470906385
2018-09-26,-0.003378444964934335,-0.01697809030761588,-0.016066902312143028,-0.008414675452839582,,-0.0029920304801421826,-0.010333880011267005,-0.0038185656318983074
2018-09-27,-0.004236965568957252,-0.008635354684609187,0.005953260870850574,0.009843887458916845,,0.0027939411170827544,0.0037660378908361825,0.004528897902059681
2018-09-28,0.029786997290050632,0.008710573576952596,-0.003212726349337669,-0.006722714720653888,,0.00010365994143213264,0.006308115646513679,0.005949389738869826
2018-10-01,0.005619852854925167,0.010017221915877172,-0.0047495944151243474,-0.0027072732917612363,,0.0034739045989597983,0.0034585778890596774,0.003372849867173011
2018-10-02,-0.020709770221954416,-0.011285493152017989,0.01636266100380701,-0.006107852121515878,,-0.000582718081534539,0.0,-0.000736799874250571
2018-10-03,0.006545451228628485,0.006917593143476397,-0.0028508962739262067,-0.025947429331726002,,0.0005488435999845276,0.0009156921629662751,0.0029030847153173056
2018-10-04,-0.0065028868995820055,-0.03126055969115615,-0.013118277526787625,-0.009814254465706052,,-0.007815787813559183,-0.017701672648941513,-0.004456952569084405
2018-10-05,-0.005371020459682518,-0.0060284811181138265,-0.004601203710731805,0.0017698844977185324,,-0.005597209155953742,-0.023662317267312938,-0.007200320297972018
2018-10-08,-0.010799913338524147,-0.0189082144186844,0.010614836846467135,0.009540652475003908,,0.0,-0.01116394914259955,0.0014412453854426577
2018-10-09,-0.030365055652863293,-0.013090979672064629,-0.009317445959490689,0.0017501275793936344,,-0.0014590771786512358,-0.0011345304041594506,-0.01327695999834888
2018-10-10,-0.022695558881116518,-0.020633879845154746,-0.04976047792956628,-0.034241838604055275,,-0.03166336258364899,-0.04413283656643119,-0.03194524884592276
2018-10-11,-0.008820883939970381,-0.031602463834618955,-0.02465357002858304,-0.023516629264967004,,-0.022026404493062812,-0.009982920903869763,-0.02716754133430832
2018-10-12,0.005812087240021135,0.024475559143407377,-0.004797367004107711,0.0037050901192201557,,0.013888292069372588,0.01818627125061556,0.004246023918105468
2018-10-15,0.004514208974763623,-0.0018961645469296462,-0.00018520526527532333,0.002953116399241118,,-0.0056168503891170785,-0.008193866869847577,0.014227637281668759
2018-10-16,0.016537718011411018,0.05243150458916124,0.027072050458647245,0.023187308023465247,,0.021865665907121246,0.03257075374668705,0.02207174828495795
2018-10-17,-0.005128136640643377,0.010108366574953509,0.006499361219492128,0.003956856596057712,,0.00017843196151301477,-0.003971678946916968,-0.009453726397292472
2018-10-18,-0.030394440766481345,-0.03073641059696597,-0.03712998620710295,-0.03188819041613,,-0.014440720807661234,-0.025023258497362533,-0.016229968118750993
2018-10-19,-0.006782812362994939,-0.01659259369494115,-0.0184425011952154,-0.009992614847868841,,-0.0005429178589859696,-0.01499602324343885,-0.005466264876857974
2018-10-22,0.01734951605677848,0.003749596365932195,0.013145335395527757,0.002616811021466159,,-0.004488649685721047,0.006138146092848684,-0.0011389049878623991
2018-10-23,-0.02412936987881964,0.0018673882386466278,-0.012786906036301726,-0.002609981193912092,,-0.005090761268937816,-0.005203749423229209,-0.006890689023189678
2018-10-24,-0.06042008528350962,-0.07718095556762361,-0.15028576253337145,-0.06467288008360106,,-0.03029849104401139,-0.06559224614830594,-0.03424354534716745
2018-10-25,0.13434919703213755,0.02505034905614756,-0.019053878454780016,0.029976018636213686,,0.017940211525071303,0.02232645391503807,-0.0014990524640275948
2018-10-26,0.013779555137353183,-0.020890628639544495,0.0034277729239671206,-0.01979046254646788,,-0.017587352002976453,-0.017370426332089184,-0.005590527428463887
2018-10-29,-0.0323465629211549,0.027374831918393516,-0.034160831511896195,-0.0019794593806856664,,-0.005540312727220442,-0.010440246223530347,-0.03784507100927792
2018-10-30,0.023115175432295354,0.049901987431010264,-0.026644489889032785,-0.008329991753232457,,0.014818735925798743,0.041553584469248284,0.02294036382043796
2018-10-31,-0.012339303698318815,-0.006736508044335565,0.05644359405276722,0.03559997558593775,,0.010680786018291144,0.012676880620813735,0.014015766300082166
2018-11-01,0.01759640489281522,0.06066309010434767,0.02407694314332698,0.040556244463605395,,0.010641696565350633,0.04694432169836271,0.02373242141469678
2018-11-02,0.011931591572617695,0.005683750766670492,0.02776538967844755,0.02115811742852891,,-0.005922892912720301,-0.015063510055179252,-0.0011716969823475365
2018-11-05,-0.01828455433276599,-0.035676448233677216,-0.01372550739391154,0.0083605794373951,,0.0055167068732813185,-0.009105012633392473,0.006121541492846827
2018-11-06,0.002088869750499489,0.0021980854000442918,0.012811784141011362,0.01946650756967827,,0.006328373330052095,0.011651073840860615,0.012015399747778766
2018-11-07,0.0234055438310814,0.01681274367751784,0.01592180970416668,-0.001768074370408046,,0.02140871798690025,0.011338582792105312,0.00866691749909232
2018-11-08,-0.013943062966376485,-0.004672848480919978,-0.01588677008907824,-0.040736791965217845,,-0.0018150877516830421,-0.0027003316723495097,-0.0028808330428647944
2018-11-09,-0.025521825684369892,-0.03322489509407278,-0.04384813478396776,0.0014771386868552838,,-0.009768073330051585,-0.019070080828399782,0.0009465933833934237
2018-11-12,-0.011148556080236904,-0.03884948978933811,-0.01733954300540297,-0.007374659172212139,,-0.018685492761108535,-0.04464173543150263,-0.02712107706510236
2018-11-13,-0.010200356835827207,0.019432204899377803,-0.005340167310903365,0.0074294488251349655,,-0.0018711654564202984,0.013754600451971966,-0.003938782274132024
2018-11-14,-0.010486122383958962,0.0019063221386550477,0.0018674525980184598,-0.009587028791890995,,-0.006836418983346082,0.00439890817561972,-0.008216428612319304
2018-11-15,0.022291239675227503,0.0422377416788251,0.03914209493840071,0.018987349861983693,,0.010436800365726917,0.03380198867971118,0.011236042232546817
2018-11-16,0.012510980328583443,-0.00401644842923865,-0.01860925495232546,-0.014614596770692434,,0.0026005342305293055,-0.012052634849126997,-0.00399399387499344
2018-11-19,-0.012003221324390023,-0.0388560591727547,-0.03472720569095211,-0.036336654326537876,,-0.01691470115568461,-0.0382291469280176,-0.026578092213549787
2018-11-20,-0.036269629073455434,0.039664415415159526,-0.030059198321652048,-0.0311658127385791,,-0.018506053000730383,0.001255867554186496,-0.016952807913165557
2018-11-21,-0.007601180913858752,0.0007333840880767717,0.030014807703724333,0.03494833797065988,,0.0034075304286580455,0.00413946540174881,0.005157342286172817
2018-11-23,-0.009714148313890725,0.008064784423179594,-0.011845549637543806,-0.018419015812476847,,-0.006678606083858951,0.0005617860619464565,0.006894741789094994
2018-11-26,-0.008677858169978792,0.028000027262784277,0.0035960362960028025,0.015637201709276738,,0.016144459484303875,0.01810259302580719,0.005944979570688069
2018-11-27,0.0009515800083947923,-0.015564157256235056,-0.0310557002186147,-0.028098520211655487,,0.003364152267769649,0.0014713614446615342,-0.015038496193825135
2018-11-28,0.007414994858375712,0.04707126074133128,0.04659757566753675,0.04831680448928677,,0.0230253276040433,0.023386763157086543,0.022179098476312387
2018-11-29,-0.013587849142793873,-0.00686339939425773,0.013427727304432313,-0.009822449400316291,,-0.0021848768761967285,-0.007298527055564441,0.001624886340805709
2018-11-30,0.011670286478153713,0.015895184431656828,0.0013947541706782474,0.0019077125584030519,,0.00609528154761918,0.013920715042288201,0.004709333884767464
2018-12-03,-0.002080380640037016,0.0302719187965399,0.039460950482087975,0.025133276529305304,,0.01324137578180773,0.026270489578126277,0.007499598868238033
2018-12-04,-0.05154440004145078,-0.05744467247057461,-0.062304383160902255,-0.04383359219285077,,-0.0324025617304915,-0.04783667145388937,-0.03975202005276035
2018-12-06,-0.010988869117938949,-0.024167954794988455,0.009764317817338775,0.006216000343233885,,-0.0015172162035635983,-0.005109442545355614,-0.005114175424531742
2018-12-07,-0.02040416229729869,-0.041636914632038335,-0.05990581053517985,-0.038223929949785296,,-0.02323580604886899,-0.037292818717740484,-0.01439319413669482
2018-12-10,-0.016085822199661926,0.0007490615670675549,-0.020822733361823165,-0.01284623431490961,,0.0018970807586602412,0.012827743866733465,0.014438855620212632
2018-12-11,-0.011947346002607384,-0.01908680971153509,0.009736109216379685,0.0036600305827334534,,0.00022717695508633895,0.006395387470458314,-0.004546289374344092
2018-12-12,0.018243651498822233,0.020602840467019767,-0.0065970907554723235,0.018233340762821904,,0.005035502011504933,0.014204826384051072,0.011743171532716756
2018-12-13,-0.012291312311728975,-0.004112322245099498,-0.019923920436119014,-0.02069234253007357,,-0.0003391754660616586,-0.0020885556981039555,-0.007630438262226535
2018-12-14,-0.018561660402438895,-0.024023811851417554,-0.03414058274579124,-0.049979740718396726,,-0.018464923838832803,-0.014158324235652997,-0.008880039708966114
2018-12-17,-0.027723882586528026,-0.00923089437976743,-0.014841117102519452,-0.023952073825652787,,-0.019618136237438466,-0.012959081836327324,-0.01887746032568527
2018-12-18,0.020335773506248156,0.008152189730595394,0.005751538606827866,0.010955302512852372,,-0.0010964319991917382,0.013186546521227971,0.006300105830041369
2018-12-19,-0.04289415549212372,-0.03388531019421126,-0.04493445405889718,-0.031642806757388175,,-0.014975823228297158,-0.04254803025500553,-0.023602271223838844
2018-12-20,-0.016296974677769693,0.012754050692067143,-0.011120740401797558,-0.015219344237493382,,-0.016277924397275045,-0.006927013283249739,-0.028031856380141384
2018-12-21,-0.0057525908685420735,-0.01613514243588432,0.0011535516196092832,-0.011818192221901613,,-0.020489716035619776,-0.01697825574810674,-0.024986800869745585
2018-12-24,0.005091348142021612,-0.022400171348024855,-0.03369809676636504,-0.02437905668010265,,-0.026422708204336787,-0.029321315161307315,-0.029818290316005247
2018-12-26,0.01243374163194777,0.0638299349470528,0.0447095779935458,0.04526171773972787,,0.05052470465889658,0.059999962771096316,0.03752395736307479
2018-12-27,0.02069627406833563,0.02692299928867037,0.011411700962636884,0.005863742008084483,,0.007677456396384619,0.0065712529633856764,0.015109028477514386
2018-12-28,-0.004902074054219163,0.028838981172817357,0.009309434189668453,-0.01614344014885194,,-0.0012901496792822043,0.007174813072313491,0.0011718735694903337
2018-12-31,0.007389423455636646,0.015653144329012436,-0.0047515826863283595,-0.007748408028981246,,0.008758979803990208,0.006995283724519075,0.011764602829264836
2019-01-02,-0.001333740914532755,0.062365856923527474,0.05167105154790819,0.026642164056510875,,0.0010403118267139355,0.006436663696792966,0.003991751439573532
2019-01-03,-0.05274904150274473,-0.07456136146818415,-0.042189395321224565,-0.04116331367299275,,-0.023862937738769352,-0.05832075486796129,-0.030020235230527548
2019-01-04,0.044642820325096366,0.04702877485940937,0.08586534495861975,0.05506300925673724,,0.033496089729388556,0.04512155179739241,0.03267197351486639
2019-01-07,0.02901503579230713,0.01114216729216011,0.015661139247160616,-0.0004422922871242241,,0.007884615606103873,0.018465995205593666,0.00828351314954845
2019-01-08,0.00765050666559719,-0.036845792235283725,0.014155789073764025,0.03097340016705341,,0.009395130971088905,-0.004358850645538204,0.016373874609263428
2019-01-09,0.018438130578355416,0.03467987995740862,0.013459388182751608,0.06266098882522897,,0.004673420611184698,0.025697685941702186,0.005220358196885488
2019-01-10,-0.008519960203711707,0.005183225653125456,0.02951301591404709,-0.01696284622017208,,0.0035276366001379955,0.00884630674776199,0.013234470307113222
2019-01-11,0.0025775750966590127,0.005844017908470223,-0.01003342302672805,0.018488116685225542,,0.0003863325083117708,0.010731052480009051,0.0019287151240632294
2019-01-14,-0.005999107236028922,-0.019480631569833817,-0.006274027972757001,-0.011698301928891874,,-0.006100824810703176,-0.016259432200474544,-0.000439910074890526
2019-01-15,0.003233295906031053,0.0003487244531485967,-0.0016999029527916543,-0.003673475615832311,,0.011460709895586785,0.0028987685000592123,0.0020912843633595912
2019-01-16,0.009239423689372472,0.008013741731938362,0.028946610542055273,0.00942234918779472,,0.0024195809514351296,-0.00916253305649617,-0.0020320105787373643
2019-01-17,0.01128383684080414,0.013826371317987585,-0.007801058227481783,0.013798707833196033,,0.00758696886647936,0.009247261394707218,0.015352284834126761
2019-01-18,0.00842097343342596,0.024207534668151176,0.03836058648054941,0.019615683750900947,,0.013310215214650922,0.0260116232724672,0.015391548106743036
2019-01-22,-0.01336134426491331,-0.017643124330003257,-0.025011435521785086,0.005104086047111656,,-0.013510658723704938,-0.02876863399320373,-0.023644437765654502
2019-01-23,-0.01650422499146109,0.0023720369344850667,0.004236047882144156,0.03281250547152004,,0.0020924288111692224,-0.0070349417526416325,0.012791951700421134
2019-01-24,0.005593528251256474,0.044962783803761175,0.0011719475999827367,-0.030257228753784893,,0.0005313951583187926,0.058107402839753464,0.009013688834224709
2019-01-25,0.013907146195025755,0.01326430999405237,0.027855791391080187,0.038611536454164375,,0.00846160344199598,0.020733065964090525,0.008986743820486476
2019-01-28,-0.01540417430474561,0.058748300034514145,-0.0034160634342207397,-0.0033795812270189796,,-0.007600298931966676,-0.01973666283244524,-0.0011664253979060124
2019-01-29,0.00021387834527941685,0.009972754520802818,-0.007541278493714998,-0.018839486916048753,,-0.0013270490720317385,-0.014439966020050932,0.01921463538588264
2019-01-30,0.011785321972343388,0.008677212570205484,0.04397895593412815,0.0472350038015128,,0.015830784982173052,0.029005376196765464,0.01390488208646623
2019-01-31,-0.006141669337300426,-0.01957832275246607,0.042346738861443134,0.004400400801995774,,0.008782510334310434,-0.00046299343863021036,-0.0009764051059930612
2019-02-01,-0.00021315783904529706,0.0099849418099065,0.01057978609054544,0.006206647684635858,,0.000481374835415993,0.01198685427344448,0.001542602732023557
2019-02-04,0.01001740905132964,0.007789439189397118,-0.03259071686053949,0.006168362829760854,,0.007035366274791732,0.005035355106403738,0.02084211164381533
2019-02-05,-0.009284621328040976,-0.009215547190306261,-0.011953597350261691,-0.008294249766791717,,0.004191955760631805,0.004554769166098094,0.010761267640344796
2019-02-06,-0.0004263038479401793,0.021602095988811687,0.01847764378725847,0.0025454434481533283,,-0.0013181670759393471,0.02692128240555003,0.0009452620224106312
2019-02-07,-0.012571637989656437,-0.02173277265620044,-0.02570174641492229,-0.010155922466311806,,-0.0095324452409149,-0.02169010742809596,-0.004920644119892792
2019-02-08,0.003668441726519145,0.005703785899564107,0.0019948246365191213,-0.01832172895661255,,0.0012208892324696574,-0.0017486554075359928,0.0028968985072654885
2019-02-11,0.009890287250296614,0.0032834884081751614,0.009071042608169266,0.016423986997849083,,0.0005548879100500947,0.0049165987137609335,0.004084160473710741
2019-02-12,0.007238646126400461,0.015769147183197996,0.002849941515427057,0.020198353053810125,,0.012859600416671224,0.02114497756330591,0.011855537520890636
2019-02-13,0.001268252683686688,-0.006736826079509761,-0.003279230197530403,0.0021598079359022027,,0.0032466813438154496,0.003194245763144643,0.0010781354327722426
2019-02-14,0.17458305841476474,0.00884688472679196,-0.010309261779132717,-0.007183935411036901,,-0.00221813883153843,0.002689787737310434,-0.0012242700545493923
2019-02-15,0.019770123017555763,-0.0008769533909459559,0.014184528614354264,0.010130271086415732,,0.010897230442023398,0.005146707217702273,0.02078843295589672
2019-02-19,-0.001938852987198092,0.005266453881116684,0.016171276258517775,0.019699113021404813,,0.0017304580153094662,-0.0013619171998447976,-0.0007206268719177622
2019-02-20,0.025033103627030817,0.02997640763733833,0.026451583656630584,0.0242360572778082,,0.00201566734725378,0.008508936035694692,0.00509505886162076
2019-02-21,-0.009837798496776351,0.005933882802365398,-0.012989819788242096,-0.016117946358501167,,-0.0035557139858207742,-0.007409474171379049,-0.008129439981175213
2019-02-22,0.016210731318429428,0.02106760074809988,0.0055189465010634375,0.006971030040707316,,0.006199801430812446,0.010733919692937688,0.009835489479397053
2019-02-25,0.007718482277886185,0.019257083779991913,0.011188614931372687,0.012807229042932189,,0.001361192708893011,0.008247883465205108,-4.789640557090191e-05
2019-02-26,-0.01599977339120806,0.018353787599566518,-0.00062636122197679,-0.004101190645752206,,-0.0007155496081053814,-0.006255466694864653,-0.006684302810868625
2019-02-27,0.013838404116081948,-0.026769310727010498,-0.006893391250426983,0.0034317221538875398,,-0.0004293800777684931,-0.011998502365533792,0.002451446172215155
2019-02-28,-0.014161419312793688,-0.03785382774521884,-0.012620996783816563,-0.020861854142491865,,-0.0018627323929377715,0.0005994338650470166,0.0027330447410101044
2019-03-01,0.013153248289524466,0.02519060522005523,0.027268825957257548,0.012574244530362932,,0.006243991118037195,0.00887107393031239,0.0009563727763508556
2019-03-04,0.019644839965933025,0.010767849606685642,-0.0039404493138497365,0.006209048175126686,,-0.003637425308753106,0.00010781449949481825,-0.01595626746063805
2019-03-05,-0.0021779091591841437,-0.005190081421519777,0.0006248454041641871,-0.016112420710497455,,-0.001360231972612036,-0.003829682307767701,-0.005243586656387467
2019-03-06,-0.018636690352454077,-0.028555390269541903,-0.04057443063084687,-0.02473870985878579,,-0.006056883001542723,-0.01651519785632727,-0.009370302899499805
2019-03-07,-0.011462835286569772,-0.012153915841325191,-0.019085019600232123,-0.05359056849824606,,-0.008365723728019359,-0.010791086998224841,-0.007340385822760753
2019-03-08,-0.01869142908367627,0.002575156616773544,-0.008622420791099206,-0.02944509978803156,,-0.0019997366182353815,-0.0008906303475035848,-0.0025312188693829007
2019-03-11,0.018518306570679766,0.013413236044051757,0.024308631570082673,-0.0015557763361753185,,0.014501254629319282,0.023285699806330662,-0.0030351549199794103
2019-03-12,-0.0017315461624195505,-0.0022531143742464677,0.006096407253069147,0.008959857481602995,,0.003770883978256645,0.0037561908288406,-0.010181224900381425
2019-03-13,-0.0036425749094501914,-0.003951159525065084,-0.008439744337464417,-0.02355207382190483,,0.006619223757257542,0.00401368378719269,0.006605412293684054
2019-03-14,-0.011142201062264268,0.0014168217512600112,-0.018768997046273328,-0.0035587247659066845,,-0.0006396888747803864,-0.005455994562363342,-0.007012751543229556
2019-03-15,0.012500110395282427,0.0,0.010675773407749611,0.010714227866695625,,0.004940464468734529,0.029004604179379223,-0.001613962287786208
2019-03-18,-0.006433878758224543,-0.005093364230974173,0.010343578946809151,0.0212014499444535,,0.003626054457325889,-0.001531034864167391,0.006871196944177038
2019-03-19,-0.014525533271187663,0.0008530345834576458,-0.01067354656201469,-0.0023067845218918137,,0.0002478301595196797,0.012952094735306563,-0.001956934242536401
2019-03-20,-0.0017759677394496576,-0.01676596454145529,-0.008806445639803817,0.0019267528165916037,,-0.0030100588086072744,-0.00936726508475949,-0.0037622036579345597
2019-03-21,0.02045907989244644,0.03670537160300946,0.01799219012269404,0.005769216097318397,,0.011294756228898528,0.034548329255108756,0.007643375435572919
2019-03-22,-0.04131798723935154,-0.03429081282495894,-0.07506027077948618,-0.048565983796945655,,-0.019246260862016085,-0.028186406199628644,-0.02406167887119748
2019-03-25,0.0036368354167084505,0.0011549082007120681,0.010852189108516708,0.006832800724608568,,-0.0007521786080965098,-0.012505010458075616,0.007205830024246795
2019-03-26,0.010146859343570735,0.016724125950507984,0.020536486394586273,0.01077846171604735,,0.007454479774208211,0.00957745378553354,0.0013798899909163165
2019-03-27,0.001614205119309764,-0.01559830310188226,0.013720511329991858,0.005924155621571003,,-0.005229013862827481,-0.014019287619899456,0.00035732136839516926
2019-03-28,0.019162070190601233,0.005761987445510597,0.012857808825168293,-0.005889266689207195,,0.0037903952748601366,-0.001657013507838756,0.006988951336912574
2019-03-29,0.0026358308456708723,0.02234303344783317,0.02115860055325247,0.009873617812527158,,0.006305559743588152,0.014831092374933075,0.011094926043656583
2019-04-01,0.010514908295447878,0.030540733316085422,0.03206094181367036,0.03637075933810152,,0.011859092942563487,0.024954979327963756,0.022547522044293222
2019-04-02,-0.015435211839819107,-0.0019028525980832045,0.009509848184226843,-0.010566063647000412,,0.0004897100144805044,0.0014927760772902587,-0.006321229127260741
2019-04-03,0.0003526100754611683,0.022064715858379103,0.007326620490605951,-0.011441618799270747,,0.0015734250122785287,0.022101182642998207,-0.01198277762261779
2019-04-04,0.003873908515637403,-0.0010660485166467115,0.025768991479315106,0.025848768299453706,,0.002653680595428698,0.0021624390018204487,0.014074668959494385
2019-04-05,0.01666351947922795,0.010672597299844488,0.0352510678582314,0.032343008853569444,,0.004840170857177695,0.007225524908076819,0.005659856132107954
2019-04-08,0.005693667109026634,0.020591209466536364,-0.0221134706446664,-0.017486391119996614,,0.0007621025819100069,0.00234173565657958,-0.009543553280525696
2019-04-09,-0.014582167955156766,0.01345047674387212,-0.008604989166662969,-0.0077863956180623806,,-0.005124682610647691,-0.010387736756757637,-0.012402206129413784
2019-04-10,0.01740939458692914,0.004594469431040027,-0.0004040985196367419,0.009342301863292768,,0.0034109048935617725,0.007734471879843108,-0.003102118624287553
2019-04-11,-0.0027380897150846017,-0.002032825327082821,0.004846615956348499,0.0070344514049447415,,-0.0002774296292481493,-0.0008474779877074567,0.013099281663976559
2019-04-12,0.0018876051112621806,0.023930542663012533,0.0046223434433145805,-0.05661767912983395,,0.006765892511018778,0.013866779027213783,0.015753445243675168
2019-04-15,0.0035965476469945745,-0.011187994292730763,-0.008201602602685765,0.018706139715146675,,-0.0006545462567532079,-0.007428957367196842,-0.008047258952901482
2019-04-16,0.004948965744017819,0.001508406283366126,0.008471137523067496,-0.004973189127849831,,0.0006549749681670214,0.03201997241094223,0.007522398860474455
2019-04-17,0.022923930083527555,0.013055273996349426,0.014800038900052659,0.0015378319041416955,,-0.002447097102605822,0.016569893580162365,-0.004733352527178103
2019-04-18,-0.010956140476679366,0.006444003073182936,-0.009065791855841776,-0.012667943699460005,,0.001969867358029731,0.00014127902607641296,0.008384206702267916
2019-04-22,-0.018126933236397247,0.00196967224456035,-0.010342328572294668,-0.008942439672496527,,0.0008621918315776522,-0.0007553083123679194,-0.003014545066328367
2019-04-23,0.012136791027198557,0.0,0.018489027251268997,-0.020007855373137318,,0.008991257652339879,0.010305593159281257,0.019459338334353538
2019-04-24,-0.009120070165557825,0.004177978759796419,-0.004341183068076182,-0.029223360913279484,,-0.0022189484971902873,0.009264973855309666,-0.003922587188019411
2019-04-25,-0.01107893276462757,-0.046010655034138814,-0.011097703547812143,-0.007010312424492682,,-0.00061670318377538,-0.01757157398553888,-0.000672404973969809
2019-04-26,-0.006894158598516054,0.01872753911537539,0.0004005784847456173,0.0344684354790612,,0.004656749646339886,-0.008258466333986081,0.004133053020738187
2019-04-29,0.007289080867865838,0.018634931060770077,0.010257593954472455,0.013649143101990502,,0.0015679930744652015,-0.0011900543594008939,0.001483878178051512
2019-04-30,-0.00017231001397621792,0.01188717261213501,-0.011148641747034671,-0.013069303909150731,,0.0005103756886450928,0.00790906758200971,0.0018160703338163664
2019-05-01,0.001723328491767484,-0.005873763861166892,-0.015099812399832602,-0.027287331584828323,,-0.007516818751677756,-0.007988466553096485,0.0022899486087470944
2019-05-02,0.17512452244650412,0.008862558063041703,0.015535716965680457,0.010726082150859684,,-0.0021587110601242188,0.009624784291777377,-0.005045357566284325
2019-05-03,0.030595923574184614,0.024646260405480902,0.040660069646036634,0.04653058733258941,,0.009787893695090366,0.007834440819933564,0.01033289011156846
2019-05-06,0.00795444828845171,-0.02619668982700596,-0.014313341216584563,-0.018330706885439585,,-0.004115523699811829,-0.016295808398603673,-0.00336178871383086
2019-05-07,-0.004368703640803329,-0.012472578707041548,-0.0221742680724778,-0.04767583469614933,,-0.01669942614327158,-0.024610889253211643,-0.02413391616007421
2019-05-08,-0.026326899634661394,-0.009410329498788728,-0.0026089053634853476,-0.007926517820262324,,-0.0013892370784869268,-0.008540778426665674,0.008567929600085344
2019-05-09,0.0018893959662560356,-0.00775003429610055,-0.0018105973027378042,0.0012615129701707417,,-0.0030255691977871813,-0.011026483399263931,0.00048281353970636154
2019-05-10,-0.012042503851845132,-0.0153692813833195,-0.0010081542883683126,0.0021000061121672076,,0.005023195950371262,0.0014436839042337724,0.003377510022050778
2019-05-13,-0.02379177948014566,-0.051432946504296084,-0.05468126929177808,-0.05699918589949782,,-0.025130435943887974,-0.046769444152885975,-0.029042810612887937
2019-05-14,-0.0010531983773174325,0.022120452768855436,0.007684428529966869,0.008444468180338616,,0.009044049896509199,0.023045704553817492,0.010201776443439448
2019-05-15,-0.004066439680095457,0.010557099870893039,0.016945305152727075,0.014103115350037276,,0.005857164551584582,0.007696137451675522,0.0010782654828842553
2019-05-16,0.0051416566904900485,-0.012536112607069994,-0.005831991011361559,0.014341587154433899,,0.00926136334793437,-0.015779861772819315,0.015082347794610484
2019-05-17,0.000301273193693552,-0.020365231398085992,-0.02576994921786646,0.013281896483107625,,-0.0064650930774342585,-0.019475912108156246,-0.007670392251105107
2019-05-20,-0.03916862864382875,-0.024028098754851235,-0.02344091918872948,-0.04693440680367811,,-0.006611986077045162,-0.039882552212998856,0.00038901107485855846
2019-05-21,0.01818761263615043,0.0035962074380917475,0.019599122397720548,0.02040812181847662,,0.009015355626545318,0.020469315328357274,0.01589089932594967
2019-05-22,0.014166563944322474,-0.009646894494797609,-0.024621850703219206,-0.01869566544242529,,-0.0030711610219836816,-0.02112858939284401,-0.005453397550995054
2019-05-23,-0.0384144770522975,-0.019204285726163506,-0.0533660419850398,-0.03455909569532445,,-0.012218660633289913,-0.01557369042460488,-0.016304862182840107
2019-05-24,0.008210889338327032,-0.009364395020349914,0.006082155091540198,0.009637405949947109,,0.002268237708849874,-0.008714956660550555,0.004791595577916308
2019-05-28,0.003289093837435697,-0.017187027617404205,-0.014415590547675494,-0.0009091117165305196,,-0.009300696450512125,-0.008567806503546938,-0.0038445039735289788
2019-05-29,-0.006556374145785138,-0.00029191614536872024,-0.011558927304644917,-0.015468615089574977,,-0.006710488487368216,0.003614896616541463,-0.002344633300105148
2019-05-30,-0.025141601614342757,0.005831432688523597,-0.008830697738759774,0.007393708499300766,,0.002731279290254074,0.00844167572317267,0.0007831403075269083
2019-05-31,-0.025628557421924714,-0.00463764364316166,-0.02335672458757221,-0.017889880885198828,,-0.013475331264035106,-0.0149002700865567,-0.011986693984261665
2019-06-03,0.023490615549518923,0.009027414425571312,0.013067327763969683,0.02568889495471094,,-0.002542977293423232,0.0023792053364068977,0.005348213652791811
2019-06-04,0.020850052305811273,0.014141298636238586,0.037965528173112606,0.07559206848667333,,0.02170656241478386,0.04374358767619557,0.0205398640130936
2019-06-05,0.003958289321750019,0.00853765813750984,-0.005627404061523844,0.006350534005109765,,0.00866198767778359,-0.0072016671519586906,0.01428625697439756
2019-06-06,0.0011038258881082008,0.003949972559930126,0.006837649928238321,0.0,,0.006502821922565349,0.01385324007128852,0.0027125438533384116
2019-06-07,-0.010869493757299509,-0.003934431662822924,0.015456871804411021,0.010938166759560053,,0.010007579044822856,0.011297186356414635,0.005884624261659699
2019-06-10,0.018633573399122083,0.04937903809356059,-0.003689744228035141,-0.007490649189861087,,0.004588659455916133,0.0243630542675064,-0.00613341688327762
2019-06-11,0.019230635384831496,0.00349532311603995,0.01990735067474425,0.009224289720574541,,-0.00024248894041878355,0.003998383110545012,-0.023117793665302644
2019-06-12,-0.022702825038705465,-0.036173659856814866,0.013390709420036728,-0.0037391006950134864,,-0.0017652479508663,-0.023223315431566194,0.003061564351576118
2019-06-13,0.010359359364355392,0.04253554400081927,0.0002239523855496195,0.014178488702180525,,0.0041263530630468725,0.004818520096959933,0.008671535697180932
2019-06-14,-0.026099017044073358,-0.018933494981224985,-0.026422098891727197,-0.024671068626593073,,-0.0011046574450795932,-0.025189444068502653,-0.004610833217498889
2019-06-17,0.031584051536938995,-0.02881205626398986,0.007129934150434281,-0.007166951147348111,,0.00038020110401904006,-0.007398868950658888,0.0013743004083026644
2019-06-18,0.049018070125450786,0.04058225799620119,0.039278172747797546,0.0492568953287531,,0.010471206652661547,0.04325730690232543,0.02339077510040677
2019-06-19,-0.022258220361812797,-0.0013447980894563116,0.010107611119192894,0.005665775078277813,,0.0022569420589340083,0.001991847757526477,0.0013695347349491627
2019-06-20,0.01733763839595248,0.03689729851389223,0.013487472136149092,-0.0024144653932127724,,0.009554312551904864,0.008422770983793626,0.01820318445668967
2019-06-21,-0.005631422214478654,-0.017921933366746856,0.003434308788105689,-0.004033899869971047,,-0.0014536196810276403,-0.005706572808979793,-0.006391439795844778
2019-06-24,-0.029061154297841507,-0.014017548497792354,-0.021176638058896025,-0.021466207986282515,,-0.0012245421998563488,0.0010434326620361034,0.0030765113199917593
2019-06-25,0.006907107737629925,0.0034869907125698596,0.019449309044371477,-0.0016555880973233572,,-0.00980788676596489,-0.013812024515813204,-0.007760452975966947
2019-06-26,-0.010060896381995144,0.007752191300364419,0.0225080501266548,0.02072968418751886,,-0.0009977752246188576,0.03229209922441001,-0.00028123547594505194
2019-06-27,0.0040034784009490565,0.009283743158530644,0.011949686383739166,0.007717246963136137,,0.0035465613472991375,0.014540385846669945,-0.005153272796189712
2019-06-28,0.040030899869074155,-0.01918543586626409,-0.006007822871336277,0.015719520572035517,,0.005145455061134729,0.0012616920817045685,0.008711573003354456
2019-07-01,-0.01710623847272119,0.02572358273672859,0.004168273284671065,0.004365027764788865,,0.009078779044957797,0.02519971066412019,-0.008962993887393522
2019-07-02,-0.006902293101314849,-0.015412623141258464,-0.008924930527534514,-0.00829707976703975,,0.0026042597823625613,-0.012486575314105353,0.006547404376729515
2019-07-03,0.008007190522422603,-0.028920316861545725,-0.0058636563453017265,0.006772911303198681,,0.007994807752889965,-0.004580311134793624,0.0036973189999611744
2019-07-05,-0.008842825872600546,-0.009289650058021848,0.005477035541398223,-0.0007914704155664865,,-0.0011377386070214879,-0.005701502628132071,0.00041948921109247195
2019-07-08,-0.010131604657476312,-0.021511243067192765,-0.03540761625855815,-0.02970297029702973,,-0.005494680777994754,-0.007745703413402749,-0.009926821711758294
2019-07-09,-0.01833179026663334,0.005073572057297637,-0.015204304578851469,0.008979563810387337,,0.0012463558532034291,0.006234692774526263,0.005131003358586961
2019-07-10,0.001711834051803418,0.01149715938527196,-0.006396067361732816,-0.02063107779320672,,0.004778210929469173,0.008060866098205777,-0.0005624709518899929
2019-07-11,-0.00046631299246668867,-0.003881092581941137,-0.015538143441699237,-0.01032631183205368,,0.002343986251760688,0.0027984657672521784,0.007732314176698507
2019-07-12,-0.004662278404942488,0.020038907440900422,0.030214262660002822,0.03672792578216422,,0.0044769739292429556,0.018189819639989446,0.012787470826900016
2019-07-15,0.000312311709926405,-0.0016372015083490066,0.006347069812975503,-0.013687606702871502,,0.000332583152268473,0.008761320530162875,-0.0067034143553484915
2019-07-16,0.00140471572499834,-0.005465929682877291,0.00500228539573766,0.015510169827208209,,-0.003225355794103546,-0.010625938651383282,0.002219045919075846
2019-07-17,-0.021044214976908004,0.02445717571939099,-0.02315524214903153,-0.017282894386315584,,-0.0068050201123690535,0.0029916037654218464,-0.008255795207960603
2019-07-18,0.0025474472331905584,0.020118178734554792,0.013291756942088284,0.0,,0.0036608268087967577,0.014472752101228448,-0.0052085562773990235
2019-07-19,0.004447494034392374,0.000525792896100663,0.024486445834589476,0.033128811479227416,,-0.005554664827659983,-0.001156623800209866,0.014258163908009491
2019-07-22,-0.006799456294897754,0.017608369587641448,-0.019206235360905377,-0.005542335248610475,,0.0024562538924133293,0.01910809674583791,-0.0005990669024352746
2019-07-23,0.000636602250028373,0.025826338050817688,0.018929631115311985,-0.058519154920059435,,0.007150065151559026,0.012831553336722035,0.006410616007856085
2019-07-24,0.00795556434173883,0.06092659078824414,0.025838153431638755,-0.009302296697803025,,0.004699779890159794,0.030480496765790788,0.0035286202651989562
2019-07-25,-0.04135739205151301,0.021831997994870234,-0.029766813342085863,-0.026035023576880256,,-0.0047771626021423375,-0.016785709073653843,-0.0021008884859798904
2019-07-26,0.03820187141713682,0.021365636735702465,0.013730880345790952,0.0021911106519656443,,0.006699845693130646,-0.00027706780402403375,-0.005033565582686861
2019-07-29,0.003964879595189652,0.020236394102427724,-0.017989380200314375,-0.006121613111482627,,-0.0018211386492137382,0.0027229681106004655,-0.004783153147070007
2019-07-30,-0.016587546191982216,-0.011163010563011722,0.01228466875892753,-0.02771663763547172,,-0.0024545702742975184,-0.0022549951625794318,0.001571347589596872
2019-07-31,-0.001927625976966163,-0.017611634719353453,-0.04172911777640198,-0.014932122986873408,,-0.010940351221150113,-0.03316892214887579,-0.006690417906712098
2019-08-01,-0.01126682029601389,-0.026660409303006727,0.017107270470713587,-0.03812585697075899,,-0.008708080564241771,-0.01975361586428992,-0.01472499861215315
2019-08-02,-0.035650156669714606,-0.01912626225659375,0.026212633717040967,-0.018147137460535645,,-0.007529391484226822,-0.014748988892587356,-0.003724454065066496
2019-08-05,-0.014686212947739419,-0.025517494200526514,-0.02426591900600783,-0.047665348623169956,,-0.030073241228010805,-0.0431795836366452,-0.022524960232207958
2019-08-06,0.010450738531340154,-0.0002470777650367406,0.005890211728422301,0.008682332837403495,,0.014023424027231224,0.012753519310569228,0.025512977906307688
2019-08-07,0.003390920167342326,0.01037789165274794,0.015831711917333235,-0.008607598799693639,,0.0005905529192986592,0.006321991144540684,0.0053343963484966395
2019-08-08,0.013856070893049965,0.02690153294107067,0.05187884809814447,0.011235920031242408,,0.01961994180086002,0.027713324747644208,0.02211719785671251
2019-08-09,-0.016833308315115092,-0.010954805819264002,-0.050538151073391435,-0.07222214408728644,,-0.006811496999133082,-0.01745124294617806,-0.006018520257141335
2019-08-12,-0.018647236179279325,-0.011076615215713237,-0.001282440405252494,-0.03266196810335942,,-0.01217293359845173,-0.013095577479201648,-0.013911957732312352
2019-08-13,0.026429470170620917,0.027026872099263244,0.032534098657741595,0.026449032146712792,,0.015550998299752816,0.029537740420965353,0.004124651748310226
2019-08-14,-0.027936803190315884,-0.022759404277755912,-0.06446923351802758,-0.04331134967609063,,-0.02956740945445946,-0.03076427082065336,-0.026373481292051748
2019-08-15,0.0015581374576849605,0.0033966094066719688,-0.02215809247336853,-0.011461361271927095,,0.0026420182529784952,-0.0018339956440276417,0.009684461579051229
2019-08-16,0.021953471230706567,0.02176007583439077,0.04622676369067702,0.017391260119451912,,0.014754601632303022,0.026643477045092068,0.01130090692778496
2019-08-19,0.02131238224627441,0.012541510240167586,0.02534157073250931,0.017094083045636976,,0.012047904452920921,0.018395461809384228,0.010987092770162521
2019-08-20,-0.001659110791921825,-0.008880720390407992,-0.003802352751679061,0.0011204738003498527,,-0.007662310325770472,-0.0037105988675882884,4.661995458588031e-05
2019-08-21,0.01878021630658866,0.023579302957256854,0.0,0.00559588525041077,,0.008135546419371309,0.008183188593678947,0.008312770386927681
2019-08-22,-0.007177904596810225,-0.005758851006542498,-0.00784567353138066,0.02170291106840705,,-0.0003080766481724506,0.0,0.011329982085666268
2019-08-23,-0.04814327369202431,-0.03869365866377383,-0.03654645615029961,-0.009803937864484191,,-0.02568753324811024,-0.04345073221057294,-0.019263944753044715
2019-08-26,0.006214512981093767,0.0009645364744494955,0.010026778903705846,0.014301442492705263,,0.011058124084804222,0.008485219667254462,0.010587100280120998
2019-08-27,-0.007376835896744205,-0.00842775876094437,-0.02514870163124594,-0.020065120852357232,,-0.003923463980558206,-0.0037283254134531374,-0.008132971373800757
2019-08-28,0.020220826840694928,0.010684813485750011,0.05250003385482671,0.02822358812921899,,0.007041578099671542,0.006321367809360989,0.011350070595698813
2019-08-29,0.004235175574891503,0.030514203376108107,0.0322513911610669,0.03283103406116128,,0.012772845095532448,0.02402145838567682,0.013329451121613989
2019-08-30,-0.007422096067016715,-0.00139861752037429,0.013122390979943166,0.03282955410285182,,-0.00044366980126930855,0.0047110274615687064,0.002667464033503597
2019-09-03,-0.01342648429080573,-0.005837383993009593,-0.03597863390459388,-0.027245157239822015,,-0.0058475473611363515,-0.016460593305581805,-0.010684883607627649
2019-09-04,0.028595972132035685,0.015030887075936139,0.030283619102557058,0.031120251698781853,,0.011350039199351958,0.026867215761331886,0.009797477085391915
2019-09-05,0.02729878747138148,0.022211640595920068,0.02753064399436811,0.008048378345835605,,0.012856008282199571,0.030759255946003705,0.007401298436649606
2019-09-06,0.0022824571991575393,0.002489973186338812,-0.01833218981566631,-0.03193619100591871,,0.0007724031910525397,0.0026742018930381306,0.004793120101032944
2019-09-09,0.020982420401105983,0.006321984443984796,0.03221854408326852,0.02474224493168764,,0.0005032832210125626,0.00364975823373781,-0.01266144785562262
2019-09-10,0.020869888499802647,0.0040384876953909465,0.046123136264153874,0.052816961203970614,,-0.00023498218941819804,0.004476068322848636,0.005915152123633138
2019-09-11,0.018414277026954196,0.016089326380020808,0.06195342204164955,0.02102248101491,,0.007110791161183627,0.014992765432715993,0.013152560513652878
2019-09-12,0.016089349528342733,0.022872332530571304,-0.019327042721893783,0.0037435620292154415,,0.0034641047158139315,0.0022406766453397786,0.003544525470884574
2019-09-13,0.014477369186136846,0.012900206658423619,0.004379715311484622,0.02097896688042611,,-0.0006642029901505753,-0.0020077081313902845,0.004503338562566794
2019-09-16,-0.005648975131699485,0.00339655382217674,0.015261383074344437,-0.008675823624072376,,-0.0030884697354951474,-0.006446727531999041,0.010328633032482992
2019-09-17,-0.010016393967684167,0.003384807273006718,-0.008231615175949059,-0.014739737831361066,,0.002531915638183113,0.00220872031264574,0.0030017862356372937
2019-09-18,-0.01555396520936303,0.0033731408181643108,-0.017863687688577046,-0.026180433937431413,,0.0005980223487629388,0.0018365997983802451,0.0024288599589534776
2019-09-19,-0.011811611128807575,0.000840656371566606,0.00036728708892819206,-0.02016322985272556,,-6.661977774646832e-05,-0.006553754502941822,-0.0047161462949698585
2019-09-20,-0.00620916306677477,-0.002309368938349321,-0.01303928183546288,0.0004899671218323576,,-0.004724692307536471,-0.018407620109822442,-0.013476537416303835
2019-09-23,-0.0032801467830051445,0.010311391148101867,0.0033492986230325705,0.01567089586819903,,-0.00023440478823510968,0.011797078700795716,-0.0018948209739630961
2019-09-24,-0.04058956412775483,-0.018538027372450694,-0.04766297633724503,-0.04194787567434288,,-0.007846880254632538,-0.016517441523486553,-0.000243392492914829
2019-09-25,0.01911155274099685,0.014219281054323796,0.024926866734763076,0.04579767533855916,,0.005914805641077825,0.01674719601442165,0.008367823534159768
2019-09-26,-0.025003777274593464,-0.0020923525188693004,-0.015200363069385214,-0.02887393463154808,,-0.00208315626165112,0.0012600164515355061,-4.374692795972024e-05
2019-09-27,0.014137686252349901,-0.029356740947175997,-0.005595169046348825,0.01833493192712532,,-0.005387288819277636,-0.023394827973752252,-0.011636332704285657
2019-09-30,-0.005349410827793055,0.016634564696693888,0.002328037782035386,-0.014598503561962128,,0.00463766381767039,0.008828777428857348,-0.0017323054832915075
2019-10-01,-0.0198827622638289,-0.0038249738651104925,-0.024390310499083134,-0.008888903959297867,,-0.011894886489878798,-0.009366406486158496,-0.021940457448218376
2019-10-02,-0.01779179645905682,-0.01365186570671384,-0.02956343210765877,-0.007473822661240859,,-0.01766455856719018,-0.014610850365346595,-0.015334273282400335
2019-10-03,-0.004740004000320708,0.013624349074293107,0.013698664854941756,0.009538179384031453,,0.008192804658653685,0.017589557246710408,0.0070238400332884865
2019-10-04,-0.0011906277894266903,0.016001848453594425,0.02258982456536618,0.010939796453375061,,0.01353209988993842,0.01661900565323693,0.010967629740841645
2019-10-07,-0.0010219187208077019,-0.017429581294540086,-0.016962511784147316,-0.028037368271681906,,-0.0043145780464359795,-0.005855159300858337,-0.0015433247853772203
2019-10-08,-0.010228626559935727,-0.026287714258448003,-0.02247180700436202,-0.027327981238485455,,-0.01552459329377065,-0.030954982666119624,-0.007955689686959366
2019-10-09,0.002755867578956961,0.009438338302647509,-0.0006159823422489108,-0.0015608106331215232,,0.009496525963452296,0.016336943291731965,0.007240474562167032
2019-10-10,0.0032635390771511563,0.005218307100738784,0.021359695823899294,0.05367372332631626,,0.0067629776879865044,0.009759046269114835,0.004276674090963883
2019-10-11,0.052216984794176025,0.024659451261898058,0.03076607168673573,0.054401603304863766,,0.010366857616733727,0.023593752227094367,0.007610580689160873
2019-10-14,-0.004230269120952479,-0.005277840178282145,-0.013460654078851553,-0.030018733527646724,,-0.001113340194757173,-0.00013835026739106304,-0.000854189218564505
2019-10-15,0.011274575171105639,0.018251395743217325,0.009294167178534263,-0.009671216633850732,,0.00990005580883091,0.02198826959842104,0.0013949033855131798
2019-10-16,0.0022619171172286734,-0.01667368197923913,0.021159855115465698,-0.018554646936535413,,-0.001605716255075662,-0.01417729520558264,0.0014828689326173983
2019-10-17,0.004030282539992047,0.02585850931215239,-0.0005755532565135946,0.019402954340636658,,0.0029490562985936553,0.001699910361471435,-0.005877915169280934
2019-10-18,-0.012202844750478392,0.006404998827325592,-0.01055867955823453,-0.014153197238561233,,-0.004377388055530007,-0.01059569837571206,-0.025455846154016082
2019-10-21,-0.0009754076042970405,0.00615874308314468,-0.01441374765566572,-0.0024753040851815955,,0.006779115389395685,0.019703139706689576,-0.005742822566856209
2019-10-22,-0.0021148763495796308,-0.019791499373044252,0.0035573051354107488,-0.019851098069621376,,-0.0032665585534049635,-0.008729072040131958,0.00791891824966795
2019-10-23,0.00652186949390976,-0.008743061924114004,-0.008664988410878816,0.0040506290484076946,,0.002909200590796468,-0.019263459116893422,0.002495735312337377
2019-10-24,-0.048436658560244705,-0.001049993638898905,-0.03317443307200496,-0.030257205435106682,,0.00163444104242072,0.024738932693219695,0.015166787909057566
2019-10-25,-0.04511412212786625,0.008618948241191582,0.002260226857279557,0.028601204238261735,,0.004094706222850686,0.020902021387213754,-0.008582741361831903
2019-10-28,0.02139409367317313,0.03438931574573889,0.04489555186217986,0.028816970426550848,,0.005636476666415868,0.018193981137381687,0.0031147098467136924
2019-10-29,0.006109354819721302,-0.00726535250036231,0.0011771885059554954,-0.018673270810415254,,-0.00029658005498578444,-0.0103612057946314,0.004794526208912631
2019-10-30,0.0005204988584404102,-0.0034557839165446635,-0.038800793025474234,-0.03955929070315056,,0.0030670158309720197,0.000354762258160779,0.006225722512982479
2019-10-31,-0.014392128416671146,-0.0208081250279204,-0.000611634068173883,0.0954118818867915,,-0.002663179193866827,-0.005055721283297565,-0.005961552043519336
2019-11-01,0.015481970797381672,0.005208335033616729,0.045287578800640826,0.05854352826448239,,0.00926379035833258,0.022955136872492288,0.01590190880397535
2019-11-04,0.010568280586326972,0.003938156371235513,0.021467544534765848,0.01843524512732042,,0.004017973020198129,0.02226580306542636,-0.0023255205091465836
2019-11-05,0.01920109305436002,0.0006189961457907511,0.00649607533865959,0.007064011042243301,,-0.0011059798406397592,0.0005542960373108308,0.006679161021997171
2019-11-06,0.004205187356502549,-0.008458772103663081,-0.012148629214758122,0.02367386796012938,,0.00022783429877293315,-0.006688073103391368,0.00307253637245819
2019-11-07,-0.00721590105957759,-0.008947132080014963,0.005956784532536563,0.018843705647508147,,0.003516569302685957,0.006046777226833777,0.006037499064355023
2019-11-08,-0.0015214519775361701,0.002519490209741182,0.02120341084910682,-0.003783108412120706,,0.002466291642954088,0.00503046587401168,0.0015883546562664996
2019-11-11,-0.026917014887750224,0.002931894992593831,-0.009727057012118512,-0.007172998768834704,,-0.0019097714071422134,-0.004114403912599429,0.00969260763732871
2019-11-12,0.022790412095581525,0.0018795427190438918,0.00018892403299486382,-0.0050999080208912195,,0.0021080168300073865,0.002044259251298808,0.0017889783903821677
2019-11-13,-0.011906704120672629,0.012296453579793587,-0.011142321781150377,-0.01708669889523684,,0.0003236364644534362,0.0010627890095695758,0.0014374056298600557
2019-11-14,0.009123771612502773,-0.010706090796018808,-0.010504293078355986,0.009561030472235554,,0.001455838351530847,-0.0033118951220162396,0.007437283910497472
2019-11-15,0.016376719885258684,0.031217324840764338,0.022003294166143883,0.011192433663595569,,0.0072363581725989334,0.009159318647320225,0.008893505535341184
2019-11-18,-0.01946968968854812,-0.037739420209075725,0.0007557142142622375,0.003831424157719532,,0.0007373243973136656,-0.0022799286596690838,-0.0012835144935122722
2019-11-19,-0.0032523383871712053,0.013422695274253327,0.0009436481966387245,-0.021204410585995315,,-0.0002881834723427179,-0.00499238270020419,-0.0035992837065598193
2019-11-20,-0.0015456833487302868,-0.027110845659755523,-0.01093548558006463,-0.0038994866934746186,,-0.0037191358274984987,-0.011778594609495263,0.0010749555344955475
2019-11-21,-0.013243925258598521,-0.022974135233510107,-0.01258112680016199,-0.011309274966086247,,-0.001608423886766075,-0.01067144163743472,-0.008977692882336519
2019-11-22,0.004706354824957737,0.011539556554190034,-0.0005791633054754719,-0.0013197879410922209,,0.0022238965280449996,-0.0010439379369241442,0.002037217978577477
2019-11-25,0.026717619400201453,0.0185103411547749,0.022020877094576896,0.029955875549455113,,0.007750096614537627,0.023989819498276388,0.002162934023106189
2019-11-26,-0.0059141857548971055,0.0012680394695807617,0.00037790124304248884,-0.00598799806132444,,0.0022657215307584355,-0.0037415555813909984,0.004877354207080575
2019-11-27,0.01733800665024776,0.01498529012218186,0.012469167353847732,0.006884675085537362,,0.00445719674691003,0.007212692151298272,-0.0014174547466173637
2019-11-29,-0.016541373780830093,-0.016011782497891147,-0.019033102048826356,-0.014529921287633307,,-0.003708503975512367,-0.010720539155293807,-0.004043414626687225
2019-12-02,-0.006455783828326789,-0.010566360884016524,-0.0036144144071177386,0.021682567718115386,,-0.008494734760325473,-0.015376493762038312,-0.021939957388896647
2019-12-03,-0.01419297370874728,-0.013241945061444715,-0.004582000933340491,-0.020797953405155778,,-0.006706431652591105,-0.015486595838634987,-0.00326773806941838
2019-12-04,0.013009596629690812,0.0017313950707940062,0.004986656111652721,-0.0013003372212270214,,0.006170309924327322,0.015818429921293786,0.0015949046275638423
2019-12-05,-0.004623348107984593,0.004753678304498132,0.007824407849158721,-0.0034723015571050952,,0.001797616339076269,0.005002537519031458,0.0007079341421454277
2019-12-06,0.01943909512713593,0.013333408593357854,0.014391231052325093,0.030052289267043175,,0.009134313495839486,0.014455759275721958,0.01078462824865234
2019-12-09,0.0018562216437034706,-0.007003360845012407,-0.006720166237280778,0.0033826606763820433,,-0.003144002288884229,-0.0045653290250897705,-0.007127634980888975
2019-12-10,0.00033677858245639847,0.013250767938712604,0.0035706215195603352,0.002528502926610665,,-0.0011152777470336828,0.0042431157124327434,-0.002290327978701212
2019-12-11,0.012460346487102925,0.027209559475449563,0.008614446985497626,-0.022698650472724236,,0.0028388019005956,0.020485921960197162,0.006489186488797927
2019-12-12,0.011807720302814184,0.022176476611808216,0.0016709559833496535,0.003440856933593528,,0.008619091691971725,0.02710056605498523,0.00048226197818102
2019-12-13,-0.018409188367150442,0.004620122435723406,-0.007970463070077316,-0.04457775446119672,,0.0005988793904128098,-0.004397732178545,-0.0027178229394005937
2019-12-16,-0.007200193999811755,0.012397825841057752,-0.09547820607981516,-0.039928275479660824,,0.006870076631089184,0.009571169760906217,-0.007344120757370121
2019-12-17,0.00573449698417261,0.007900284566540128,0.0270603780292602,-0.010747642352160414,,0.00021925872814954062,0.004512389487688395,-0.006807119576814347
2019-12-18,-0.0036895406543137055,-0.0031352669513875497,0.00020115923898944565,-0.007085480301827762,,6.237530216668397e-05,-0.0005258140553600077,-0.006226321481968777
2019-12-19,-0.00690114646938822,0.0029486005987302555,0.0008043038905654054,-0.021883966784186693,,0.004098994300561598,0.008057782652105994,0.006039920865594128
2019-12-20,0.0,0.0017640820005204727,-0.00884057476311828,0.0,,0.004384121433605115,0.009519893556346304,0.0036292773145005786
2019-12-23,0.0062712549148031815,0.0019565798245784194,0.023109653684910914,0.028210113753496247,,0.0015278284001742914,0.0031831668672057667,0.010848170037025984
2019-12-24,0.005726703346561335,-0.0001955283522614426,-0.008123954999479932,-0.006622487875614369,,3.092789860503764e-05,0.0016265201999385859,-0.005873739755523744
2019-12-26,-0.005191637748516831,-0.003320194308721436,0.002397516544378142,-0.008095241728283242,,0.005323195425988914,0.0011480695734757962,-0.0008886245031501927
2019-12-27,-0.003030143026270915,-0.008426322608459769,0.001992812434823854,0.007681221699382901,,-0.00024735262538311265,-0.0019776517037964902,-0.002623138743882647
2019-12-30,0.0006752631088677852,-0.006521705974478209,-0.009347742877369947,-0.022391582585970404,,-0.005513274011537561,-0.007529987291924778,-0.0030616599736872363
2019-12-31,0.003206237471406137,-0.0035807240171127352,-0.0006024727711881894,0.006822582189342397,,0.0024294212414268657,0.0027152707696973533,-0.004348929954777647
2020-01-02,0.020857835548679926,0.017568392347727668,-0.0060263923774437345,-0.0029041368047201255,,0.009351683683679113,0.020669141230370114,0.023865256364685505
2020-01-03,-0.014829526802320192,-0.007847816249133,-0.013944902434388062,-0.0043689393651101804,,-0.007572372535189942,-0.01865071227092241,0.011434592033193747
2020-01-06,0.008195665375974714,-0.01344676928320776,-0.0002049935700612071,-0.019990240996426656,,0.003815387741602949,-0.010417019123405535,0.001347979941292543
2020-01-07,0.004810521617554464,0.030867861396775664,-0.005740211252133864,0.010945239262647455,,-0.00281195658666733,0.018401526673957003,0.004515970291426585
2020-01-08,0.006934261876721415,0.001361168194610407,0.005154869059056821,-0.03149603342816265,,0.005329756104561767,-0.000907552842657755,-0.006657317341924096
2020-01-09,0.007706059433183032,0.01339799132820585,-0.00615415412827558,-0.028963398678114594,,0.006780570289129262,0.006318544175344831,0.007572374788660019
2020-01-10,-0.030426212075161496,-0.0015326780025840536,-0.024354514967870777,-0.048665634509295175,,-0.0028780059415769443,-0.005808038548481775,-0.012784373382156211
2020-01-13,0.030542212711661687,0.02456312254670623,0.005499955007737922,0.016501607922148276,,0.006877482566454596,0.011683174476792457,0.008137416370125106
2020-01-14,-0.011073188193319705,0.004495422288451234,0.012202846751612428,0.03138527803425828,,-0.0015243832234950183,0.0021850342789868638,-0.00030379039642958183
2020-01-15,0.0016467702039577592,-0.002797001027025403,-0.017251946135249163,-0.009443877765968334,,0.0022596750602434934,-0.01058898356449256,0.0023005551833157334
2020-01-16,0.0034521803557865383,0.02898277573485375,0.0027493962675211314,-0.005296529585069876,,0.008318610280134031,0.015817324004875122,0.011390691105938267
2020-01-17,0.004751016218955018,0.021806322226030073,-0.021514468261895625,-0.005857327280599289,,0.0031123797600280945,0.007513862876146193,-0.005609676185331702
2020-01-21,-0.028371304784546192,0.022585858602747866,-0.051950822135234054,-0.04177829049052373,,-0.0019582734474884456,-0.0005767102735846352,-0.007837726024833791
2020-01-22,-0.009901047343097935,-0.003130623460143145,-0.0022738426003690027,-0.0117383505666393,,0.00012085936376915463,0.006731828049165722,-0.006467277903926205
2020-01-23,-0.011525368166821925,0.002965905583641737,-0.0043300208699553755,0.049208083533238245,,0.0011467590205598288,0.0075649266522470615,0.010222865989720553
2020-01-24,-0.01971860882340415,-0.02713502019338121,-0.015793141086238305,-0.021024226721760075,,-0.008892910409894816,-0.010617857874013592,0.002335136878969246
2020-01-27,-0.014693027891026555,-0.040228793770067495,-0.0032553573134885827,-0.04460349519539297,,-0.01602964923632,-0.0381754603548734,-0.007463983960198206
2020-01-28,-0.015089714561417833,0.014552151259761947,0.005366093098575941,0.004610946509920444,,0.010479242892468266,0.023192624219465996,0.008476410736533824
2020-01-29,0.007389854022366915,-0.019492540383925117,0.015548727617133551,0.005737256438258953,,-0.000825908049656765,-0.018382962552080606,0.00047409457635505525
2020-01-30,0.006799128678742994,0.00018765771262585496,-0.033592276596123516,0.015972548107780815,,0.0032454270593786916,3.971188737939002e-05,0.0006031832563917483
2020-01-31,-0.03500983198464491,-0.029439496473423254,-0.05583251403628264,-0.03144298050167016,,-0.018157921205942062,-0.03566762815495539,-0.01959087171568552
2020-02-03,0.06593034570143885,0.012365039477379325,0.03296398389805666,-0.00927535347316577,,0.007428558194771284,0.011190660984750744,-0.0017127072726672576
2020-02-04,-0.015895199960371587,0.06335880535147531,0.034591846826190986,0.1574020193118768,,0.015241192111091983,0.031247596191206206,0.016717164818074837
2020-02-05,0.028792346772946065,0.017946526589914136,0.0367316189988689,-0.01921137790312566,,0.011547659287748813,0.023041015751310567,0.01635585443592169
2020-02-06,-0.01109212981637775,-0.005994245954216493,-0.005223343632893229,0.011340269331396424,,0.0033651781999697317,0.0005784408278528552,0.011664976220257417
2020-02-07,-0.027955156506945134,-0.014898892960461319,-0.015068474993316983,-0.006116250463834683,,-0.005329606742273119,-0.02358849407934782,-0.0011782751809056302
2020-02-10,0.013136660824354385,0.01476419530687978,0.007649552969762885,0.0035897279397034687,,0.007465501908809236,0.014013719209890585,0.0063199221877996425
2020-02-11,0.02312949631301997,0.017743014045650485,0.011042172676885897,0.0,,0.0017330068355541073,0.020203781770433027,4.182031282407017e-05
2020-02-12,0.00034256662636011903,0.01935157903121132,-0.0034131005865752906,0.029637196359254547,,0.0064428083504530775,0.015415740963595992,0.0039353505334374095
2020-02-13,-0.05769542119977533,-0.0013682954576244022,-0.003196070518663552,-0.005955282092135472,,-0.0010672092135894928,0.0010524149716568676,-0.005254425450889499
2020-02-14,-0.03597387428210608,-0.003939147371313623,-0.007329864173592493,-0.0009985250663023804,,0.001602175533315764,-0.003341244466540272,-0.0018866674729406396
2020-02-18,-0.01831922818515952,-0.030261341714698187,-0.0083064240537426,-0.006996471166770379,,-0.0025772752601358473,-0.0128436664443905,-0.00739203164392277
2020-02-19,-0.019815480657522033,0.02765955277624399,0.013029572248460575,0.024660279336810698,,0.004781435539030543,0.02522003478345569,-0.0014806888782555871
2020-02-20,-0.018056842688545127,0.0006903365237018733,0.011713215571460989,-0.004911609944592832,,-0.004108134210888625,-0.014514056848582091,-0.006399008803319228
2020-02-21,-0.0011993113616249884,-0.01758634550070015,-0.0015888698302327642,0.007403732321603629,,-0.01029830808245058,-0.029720496318821787,-0.0026442641969101066
2020-02-24,-0.03522093494272871,-0.03159009522700684,-0.042519416004210164,-0.047035722275832303,,-0.03316548796484198,-0.04791183205151539,-0.030318560744807654
2020-02-25,-0.017631197646277297,-0.03950702314863408,-0.04227033973481975,-0.04421596794948357,,-0.03030208711878668,-0.029801116366998115,-0.04965607788499948
2020-02-26,-0.00021136266671084591,-0.0007546463520544666,0.007438603909183827,-0.020978987974572205,,-0.003678139646927314,0.0013481184253887335,-0.007053340166634503
2020-02-27,-0.009292408831936605,-0.03115538561896858,-0.05193180017828969,-0.02637370491557256,,-0.04491175777207823,-0.04616038508714093,-0.03902236999384079
2020-02-28,-0.03346832043416026,0.0391733848681326,-0.045950227819865574,-0.03555300142093176,,-0.0042016124155819234,0.022542780985925104,-0.02305107718945132
2020-03-02,0.05403620956067945,0.03450855137416009,0.03945584130211377,-0.009362191104947515,,0.04330647021424783,0.03541979487440505,0.031260635065360365
2020-03-03,-0.01715842843627302,-0.030093902859492427,-0.02146612110653867,-0.0017720428886428552,,-0.02863244805188525,-0.03520834275621254,-0.01626664163946112
2020-03-04,0.01830969337054289,0.04598082856299324,0.021134152627850344,0.010059176339125342,,0.04203317089137237,0.05109076285898606,0.03621194477757239
2020-03-05,-0.019653274804942056,-0.02912762041846162,-0.059994591031103606,-0.046865802657460764,,-0.033241739261780534,-0.030117649068907903,-0.06397393279802455
2020-03-06,-0.007677320758078587,-0.031842607558032254,-0.03985490514505052,-0.047941036551926386,,-0.016531288938967048,-0.021859342828848494,-0.013304822122707671
2020-03-09,-0.13281772199589714,-0.07737641344244806,-0.17271429350784007,-0.14331822764089297,,-0.07809438723354123,-0.08540900785098304,-0.09587786926115605
2020-03-10,0.014126515148473073,0.06552658926350996,0.01438621873029855,0.02938955359419504,,0.05174482396936808,0.06563444878351476,0.039526014294742895
2020-03-11,-0.04423258244524453,-0.08160907645672999,-0.05638194913965433,-0.15153731463740683,,-0.04874810042752675,-0.0560371427220806,-0.0907206960319189
2020-03-12,-0.10687795551794865,-0.10802265556841195,-0.1715543151783966,-0.1371872417303519,,-0.095677334432691,-0.10964111941179289,-0.11111128378289781
2020-03-13,0.08445446841825999,0.118271927337803,0.18053107268146262,0.0,,0.08548611380251647,0.10728031891789214,0.06223026975428492
2020-03-16,-0.15865889044323866,-0.11990735660037566,-0.1664167943427146,-0.19899997711181638,,-0.10942371626692793,-0.15227754417669503,-0.14741405195689317
2020-03-17,0.04298718729601947,0.0674024080686042,-0.03821962498534037,0.07116100855639895,,0.05399227721210842,0.0879854051616038,0.02138944007397514
2020-03-18,-0.1946450706120887,-0.06674154697932388,-0.24123405578478063,-0.184149176894583,,-0.05063305087986125,-0.0821641400266997,-0.09952581554127693
2020-03-19,0.1953680365469368,-0.01974484557930134,0.008009509346320609,0.07571431568690712,,0.002125169720599951,0.025721875871511646,0.01734053544639158
2020-03-20,-0.037500098797242476,-0.04126719786860722,-0.0910756692237874,-0.16998674291417148,,-0.04309433004375751,-0.028486448400657394,-0.038231770076442295
2020-03-23,0.02142854668343408,0.024852625481309953,0.10894457829127835,-0.16319999694824217,,-0.025568209576368295,0.03571825442442744,-0.026832299152600325
2020-03-24,0.10521317250672757,0.09849990597458858,0.17404480438396597,0.07074567575711566,,0.09060333428866696,0.1081595933700652,0.1229681605409596
2020-03-25,-0.048605342177139854,0.0022757509760118477,0.053718852238243464,0.3053571548693037,,0.014970131780797757,-0.013035298152032637,0.10213248572320133
2020-03-26,0.08917766811587224,0.09627589279441406,0.036764564595443305,0.16826265782510985,,0.05838979312131398,0.06724203220949265,0.1002282613003036
2020-03-27,-0.022203198256473655,-0.07290795033318409,-0.09125252332984368,0.055035160319465204,,-0.02978558043242363,-0.049615043886151566,-0.06305805632169503
2020-03-30,0.030371323849025078,0.06210911709456868,-0.0306975618182862,-0.02885685041920394,,0.032475647033667565,0.03480343199699365,-0.009796768216508767
2020-03-31,-0.035537294361522864,-0.05826651472203592,0.046698877364451885,-0.02857142857142858,,-0.014905530675136669,-0.019635253376710127,-0.025208337377325307
2020-04-01,-0.03284754008612678,-0.07505046785150915,-0.05897442444821732,-0.08235291873707495,,-0.04500477427319216,-0.0547242936586162,-0.051303180665192794
2020-04-02,-0.014176034412489602,0.014972102944696752,0.029972832588331055,0.01666661979805828,,0.023075507049802768,0.02979673282304507,-0.004616618979292109
2020-04-03,0.05122812268286703,0.00190359670329876,-0.0518517364219,0.006305194428401162,,-0.014454277520644654,-0.018922758268172135,0.00044176801030948454
2020-04-06,0.08520970248310311,0.15174545211003765,0.10379468389773394,0.11152880505743767,,0.06716629303362054,0.10200049531543343,0.08064751241916479
2020-04-07,0.014443078256552111,-0.018762762144674427,0.02022243803449153,0.006764421690059308,,0.0010194860731966848,-0.0035656339023710792,-0.013209817722464434
2020-04-08,0.03106423402885783,0.028156959347247934,0.07978197524248065,0.0649495972995533,,0.03356818984546206,0.03345733772118087,0.04160888133482987
2020-04-09,0.09590738826734291,0.01634987627211415,0.04772808069775847,0.03364875784675414,,0.015217264643895723,-0.021627747424622035,0.0300762877326195
2020-04-13,-0.025658496740754266,0.00040209476269215116,-0.06833105408160833,-0.11902340644707143,,-0.00912982416623831,0.011305770921500535,-0.0312559446002072
2020-04-14,0.008934913221965601,0.039999974839865615,-0.027738744667273663,-0.023094666603822533,,0.029492651968647143,0.04612567013429181,0.016729573549771892
2020-04-15,-0.044511759288943575,-0.05257031796574263,-0.06866515075618096,-0.11465724144857947,,-0.021248356290399117,-0.02975627977582551,-0.020829335983545638
2020-04-16,-0.008780616541028685,0.04589962010585458,-0.04621007789231446,0.013351186184989317,,0.004824713855835272,0.028072383226536157,-0.015270491640549277
2020-04-17,0.036170879179811655,0.03335285961326995,0.09472002513548738,0.048748337038297285,,0.02701523666209993,0.007751574400833627,0.06704149878212085
2020-04-20,0.008786881935107349,-0.024537734816803214,-0.04425636488558293,-0.09673366548196194,,-0.017617698298342588,-0.021736869225714606,-0.031034124597107526
2020-04-21,-0.009180701938649505,-0.08552622416578459,-0.05307022470888212,-0.0278164512532163,,-0.030363351115387682,-0.04899059225746971,-0.03418882244836263
2020-04-22,0.009503501257816405,0.08019487552070381,-0.006593568813942241,-0.038626607978174965,,0.022194550956210923,0.06052579302348615,0.01064677656120172
2020-04-23,0.11602715782324857,-0.011557533932000541,0.006637332522671624,0.04166669918904331,,-7.202979176101909e-05,-0.009986303406714914,0.0034223089014693286
2020-04-24,0.044706859270881916,0.014863203965567617,-0.002197895078014267,-0.07285717555454796,,0.01393879860238978,0.020793271998096774,-0.005884701476475351
2020-04-27,0.030076722825411517,0.018551028313107176,0.12555096122220077,0.1510015490963017,,0.014418360262321794,0.013349213842733354,0.016143923872099508
2020-04-28,-0.013325760490997762,0.018049521670877366,0.025929319503340098,0.005354811220036115,,-0.00459824253631258,-0.005174891528115566,0.019065394674464775
2020-04-29,0.07626631616886193,0.0652581509798913,0.12684814240261377,0.10785611734435108,,0.02617859435866632,0.0474632693811432,0.034493980334553864
2020-04-30,-0.04521125913177282,-0.03983706229178818,-0.061785819965388344,-0.09735570861213794,,-0.00931075830822281,-0.03529830239362619,-0.021915105807254975
2020-05-01,-0.03962125096496316,-0.0466531159680863,-0.033829559201800086,-0.043941463446845574,,-0.026473379187840207,-0.04875747367588046,-0.034347875948841367
2020-05-04,-0.0030185953586243652,0.012765919835640682,0.0018847041416107935,0.002785512730456574,,0.002758406514643985,0.008319397984300814,-0.019746192676157626
2020-05-05,-0.004844535327455657,-0.008212307892213055,-0.02916255114859978,0.08194446780799414,,0.009239093535952758,0.016811549905097367,6.799897357567808e-05
2020-05-06,-0.007910673501432153,0.004429070344978525,-0.05717085916311704,-0.03979460132189794,,-0.006778880458151226,0.012258224886525726,-0.020481578988152394
2020-05-07,0.02453476216508932,0.020896982388945107,0.046249273930365264,0.06550799062415757,,0.01206723327100545,0.009006849105269943,0.011216661468815836
2020-05-08,0.03292726369515986,0.06478876379837306,0.06237717887168848,0.04015058721271081,,0.01654608578294603,0.029513759363515968,0.03909611459649032
2020-05-11,-0.020671994033682806,0.004232804961715297,-0.06611199555926672,-0.09529553262825852,,0.00020514826297723943,-0.0009540762947175541,-0.014430536982247388
2020-05-12,-0.03432632130835678,-0.027572928477310854,-0.03712876611432614,-0.0706666946411133,,-0.019931575755079978,-0.02653554374152567,-0.023467484891756873
2020-05-13,-0.028191950270936683,-0.02492314324924605,-0.05141374247737218,-0.05308463367240768,,-0.017686036622150958,-0.01928152592131538,-0.0298507594243419
2020-05-14,0.01786832241170755,0.027041915297856933,0.03360444031736454,0.04090908861028919,,0.011967271116668288,0.026750581346422386,-0.0040932533095989765
2020-05-15,0.043370480444348436,0.0012626864702374174,0.009438731678204526,0.0043668428396062,,0.004596794854081487,-0.02067359379275724,-0.0029764473960447457
2020-05-18,0.01761688680409046,0.027197340580667362,0.11584421974003489,0.11014489007832506,,0.030460239341940865,0.0459403823932234,0.07590702038801433
2020-05-19,-0.030928051397163148,0.007715077931491399,-0.042365083497310496,0.003916476554302495,,-0.010271213467709983,-0.0032674772566503307,-0.014797370268272547
2020-05-20,0.03552806560042843,0.01809651456311201,0.0875060818709632,0.019505864011872154,,0.016987859170214392,0.03684635671283387,0.006235632655210432
2020-05-21,-0.00019364949166245093,0.000512782960973901,-0.023245256561280736,-0.003826557299038691,,-0.006903842776181501,-0.025171756877072626,0.02178967764475548
2020-05-22,-0.012796290158447965,-0.0006834491551923616,0.027002288505385552,0.005121634077604353,,0.0018989490264234021,0.004433407933963407,-0.002152063555665329
2020-05-26,0.05086430553305954,0.0140170852295316,0.0663992826522859,0.09808917073643642,,0.012320677564420235,0.010504077555483438,0.04078176924898047
2020-05-27,0.02915374295236295,0.0023600264649530356,0.07772685236475119,0.06496524675770066,,0.014879075367999706,0.015410103555194343,0.04985864172161514
2020-05-28,-0.046128963783985455,-0.014295234821009806,-0.07134594262213356,-0.04684099029205269,,-0.001845052524195423,-0.021828501573286307,-0.0040673135776910785
2020-05-29,0.0015263731000831893,0.02166866578705373,-0.024216955567453624,-0.007999965122767905,,0.004455628517079813,0.025613939248020356,-0.011770759408291087
2020-06-01,0.009143004028594692,-0.013527072178801447,0.01497636197635166,0.04953909405337931,,0.004041803716994474,-0.005399708634224565,0.01045259126543252
2020-06-02,0.0030198075076484088,0.01929910642942767,0.020236480761326003,0.02305159671362378,,0.008280282738485356,0.021596542337219526,0.0022253196114323526
2020-06-03,0.03763658110516688,0.0292310732054053,0.10413200215839002,0.12446350701666908,,0.013308284381846391,0.028877510421666308,0.053168467263757124
2020-06-04,0.012876039272445405,0.003227347496990607,0.009730706562875113,0.058206167652312235,,-0.002626764135691295,0.009115192891002266,0.01635314129044385
2020-06-05,0.03670577352854987,0.03763895809728157,0.08487739085269808,0.09377817380916253,,0.025629534276769617,0.024501172564794782,0.04765411782325524
2020-06-08,0.06839362999790422,-0.03673868451096196,-0.011274264711577442,-0.023907663571064552,,0.012087143707665948,-0.0020571491287076915,0.03729821772717257
2020-06-09,-0.04526353583756648,0.008851050949166828,-0.03386321950528859,-0.04814186549648247,,-0.00745602302972781,0.0007730433161465822,-0.034409660351644056
2020-06-10,-0.020487551399667625,-0.0035090722835248167,-0.07117298822633478,-0.0736469249039472,,-0.005580067155937063,0.0035313091509348027,-0.03253744694439431
2020-06-11,-0.08470176183443956,-0.07027403565355661,-0.13746622971914035,-0.12835241884793014,,-0.05764929168721589,-0.06352181484843877,-0.08432720527594029
2020-06-12,0.0396599549613561,0.025998631689895246,0.08124988989298165,0.07142852651455511,,0.01197569829658307,0.013621122665451457,0.03148189522424305
2020-06-15,0.02270639694526766,0.009565446444412595,0.014863817957446512,0.017435905260917206,,0.00933560612284312,0.013478644214571345,0.008428567194387115
2020-06-16,0.051510010712266574,0.03108365351019038,0.052481662033160514,0.08064517989739173,,0.019247899236828125,0.019511984658755477,0.01912224295493603
2020-06-17,-0.005574451411389236,0.010962481288874448,-0.006957898277057506,-0.0037313396321505543,,-0.004153901512627622,0.007790338683443476,-0.013174603668713813
2020-06-18,-0.002038204988919712,-0.011640924340873826,-0.015570396514299478,-0.018726662661472604,,0.00038488657997404196,-0.0018583733657929757,-0.004507531494687744
2020-06-19,0.0006808563767606302,-0.030816234452842095,-0.035982436935389384,-0.05438928623298267,,-0.005714677714886651,-0.004840319146879324,-0.02113213258636837
2020-06-22,-0.0013608533335909279,0.016147735338618352,0.006562623926857025,0.034308794936730225,,0.006415078620771064,0.007370493327357286,0.006642434402794439
2020-06-23,0.004939588995189315,-0.005897708471459873,-0.006927417366118682,-0.0156097412109375,,0.004603746375349216,0.003565646504016362,-0.009662301804727491
2020-06-24,-0.0259322223772942,-0.029499167385828362,-0.056626863735577015,-0.08325075717391806,,-0.025508830430169382,-0.021945915089755075,-0.04390505492238572
2020-06-25,0.027666533931166803,0.004415221857702489,0.02609820905045157,0.019459492451435523,,0.010720755423576867,0.007151419144844295,0.0035466097237939476
2020-06-26,-0.008973945749675472,-0.030262138355145463,-0.025434416335842536,-0.00424177736569864,,-0.023751753716582114,-0.018747259865792842,-0.01909694883996116
2020-06-29,0.03280381591586967,0.010634629006446517,0.061330941918905424,0.09478161417547959,,0.0146976860361685,0.010911933999860235,0.05714255561631676
2020-06-30,0.017204305003578613,0.01863025918066996,-0.0049179980939833,-0.008754878883822537,,0.012809139855341822,0.025905975711958407,-0.015068054620318128
2020-07-01,-0.046999574466856986,-0.011176804365875315,-0.016474693600127543,-0.017664313926762154,,0.00700514545240849,-0.012810644005163074,-0.009288590708680489
2020-07-02,0.0020477303962520566,0.021236266305219464,0.012981837136345042,0.017981952785786515,,0.0055069967476890636,0.012229046205421978,0.0024511453106068615
2020-07-06,0.024012535824845527,0.01911799515868795,0.023149897285694054,0.021589821009642574,,0.015437388780865424,0.02641606029957755,0.017299569819306804
2020-07-07,-0.015965727285820464,-0.016290789555626906,-0.0727272758112939,-0.054755014714617745,,-0.0103139578233582,-0.011806374625415228,-0.03665433932517115
2020-07-08,-0.025857587950556593,-0.0003348322493696987,-0.027886607857570356,-0.02337403377480185,,0.007648645913134633,0.013550187947242609,0.002058442875131128
2020-07-09,-0.02081876591241294,0.023092406683019817,-0.039892425680659094,-0.04786681109060764,,-0.005692941143837449,0.013260692770004301,-0.037535254503942794
2020-07-10,0.03419553927419461,-0.03418377662233296,0.05462175733201646,0.056830653491021454,,0.010210502723494663,-0.0033693960002108003,0.022442254709701626
2020-07-13,-0.002912562258222451,-0.023708635456274663,0.012837728029053252,0.04963800811264196,,-0.008658874004329853,-0.016441169631229324,-0.006578651415555026
2020-07-14,0.030927944725106737,0.006764876325825675,0.02141583892272636,0.023645392493840678,,0.01295883611684423,0.016535419303943977,0.016300660187521743
2020-07-15,0.04733330918950962,-0.001895340158917569,0.03423204379198186,0.04042349012662583,,0.009187344154522492,-0.0017443463411853655,0.03496010589747178
2020-07-16,-0.018618813183546967,-0.0032796918602546743,-0.043855971891159196,-0.07215547237445574,,-0.003293473033786354,-0.0037438900128159425,-0.010411916926238107
2020-07-17,0.007945531628844371,0.01974357820986361,-0.022068393982678125,-0.024925224990603456,,0.0028991300538661058,0.0050466066640193485,0.0013457859781946802
2020-07-20,0.0057917420505659845,0.039402202122072794,-0.031858646591959916,-0.03169728777162284,,0.008081397390013123,0.019763172723239464,-0.011790791853089067
2020-07-21,0.001919337489206585,0.008169946319494192,0.03930532172683732,0.01795143310458247,,0.0021281209529875333,-0.0050979829194148785,0.019844239619903004
2020-07-22,-0.014527492293255784,0.015072951123668243,-0.00527673188774358,-0.004149373488428587,,0.005691694045584894,0.003299203006925211,0.013638911856982405
2020-07-23,-0.006479945809967025,0.11208683921963036,0.0013261576736609548,-0.014583368516629336,,-0.011931725612489674,-0.015287705118433137,-0.009568289359631721
2020-07-24,-0.05152456025194008,-0.02598733829409028,-0.012362129184314896,-0.008456651520450165,,-0.006440254170427151,-0.01570278356423649,-0.014370121499612809
2020-07-27,0.001891074924979641,0.025059154190073984,0.020563393074803926,-0.013859287084738603,,0.007292327531800202,0.031148639994946326,-0.013416047036706957
2020-07-28,-0.016129057360368182,-0.003886856453874432,-0.033289755356813555,-0.02054049517657308,,-0.006342468204663887,-0.01932176652833173,0.003291020356858798
2020-07-29,0.016742371117882904,0.02760509627689056,0.06705937292542852,0.012141241896531652,,0.012298888762926508,0.020594602020494568,-0.008107568650403407
2020-07-30,0.0024014246337829004,0.015471155022652283,0.002123395075466883,-0.011995600410256602,,-0.0035681124776955064,0.019689611956932973,-0.010919052013415254
2020-07-31,-0.017454034261457863,-0.004016641901931628,-0.05254244373447958,-0.04083894283627987,,0.007902055083965909,-0.004047222015172602,-0.011481234381563565
2020-08-03,0.015499965968782892,0.029203128578808135,0.0393558096271267,0.021864274249969062,,0.006952101909220909,0.018147879453798588,0.014039804220311147
2020-08-04,-0.01389132834698703,-0.01364670356558595,-0.010326861165293688,0.029279304676923967,,0.0038628264662265988,0.014679308630250132,0.00811802444095755
2020-08-05,0.019130413551078806,0.006575152424279418,0.013043021546320421,0.0065644927449282076,,0.006211030711634091,-0.00103343899584607,0.034709064169984094
2020-08-06,-0.0010239997932618428,-0.009390299479581476,0.0,-0.0054348034534208445,,0.006684540522113647,-0.000533939662892835,-0.005369919501571063
2020-08-07,0.0046124530303564,-0.03475765989721924,0.024034717234195924,-0.0010928170081305755,,0.0007181096278259247,-0.011117191415288219,0.006369359766874139
2020-08-10,0.03876881542692345,-0.019071635065503467,0.02514677817324107,0.054704593131145396,,0.002988735149412225,-3.376442221725284e-05,0.03206546602149918
2020-08-11,0.010312653821387352,0.004352477919215003,-0.00899438470976932,-0.004149373488428587,,-0.008254720950377381,-0.010432990577703638,0.00531469215933833
2020-08-12,-0.01879444818659759,0.026581960876962407,-0.011138709887482001,-0.02916673703325834,,0.013942389133335453,0.032310239057562695,-0.007087309494226868
2020-08-13,-0.017338392771266586,-0.0056289030435560106,-0.0755108899900574,-0.04613727098513354,,-0.0018079180589001265,-0.009948333912698004,-0.00567522860020675
2020-08-14,-0.01461942536206462,-0.013161675152406516,0.007671426371149037,0.033745694654092384,,2.9785457910991298e-05,-0.0006008626194673461,0.009649793303728504
2020-08-17,0.005724058727118342,0.014197890093433418,-0.0071651987020975305,-0.011969495288340015,,0.003176593509054415,0.01125686705749307,-0.017658264714175864
2020-08-18,-0.02191621820475298,0.008201400211075294,-0.03112311067877971,-0.035242257435351476,,0.0021604085929893824,-0.005285031588297517,-0.01115308798260417
2020-08-19,-0.016154295063801727,-0.0035065219294405647,-0.02141502161994413,-0.012557146972312694,,-0.004163567518718825,-0.0056781759203125,-0.0001802972303860395
2020-08-20,0.007415258727626162,-0.0240680245753625,-0.007136308454532836,-0.002312081499577401,,0.003113320369374284,-0.00888327420249646,-0.007380996578069676
2020-08-21,-0.005433009040920589,0.0012984990521180961,-0.012937340546246845,-0.04055624296969096,,0.003547346001462781,0.006772657441988406,-0.007858517379195074
2020-08-24,0.011277630479029854,-0.0018722909037295343,0.05049028378908793,0.04347833598569206,,0.010133138975389366,0.01040858704810721,0.032110698375410696
2020-08-25,-0.004878901869879937,0.008369339420357669,0.009332731294646512,0.0,,0.0034996380720322406,0.009705159059494317,-0.007497206127867639
2020-08-26,-0.014183380990088756,-0.00042919029967403155,-0.035136075374580855,-0.040509301801152975,,0.010025176131069902,0.0032151571627214715,-0.00898176147255747
2020-08-27,-0.003197100937213815,-0.02877625116223792,0.0114994825207968,0.021712944029440795,,0.0021868645141853715,-0.011379834401381683,0.00876273571098074
2020-08-28,-0.0008909086152749657,0.006780499221673342,0.023685555924924273,0.021251398562778023,,0.006459203833768745,0.018456873765470228,0.007972920800524363
2020-08-31,-0.026395547198769242,-0.020644191251638855,-0.026839624048072497,-0.0369941860042059,,-0.0036221669987184235,-0.0022412216606090274,-0.013930470363150982
2020-09-01,0.01080783797889917,0.029451869284351506,0.011412293286982456,0.012004847825405118,,0.009418489089240367,0.019855635500689583,0.0013169448148806495
2020-09-02,0.016672668955882042,0.02730149665691095,0.008462690679048812,0.03440094322119713,,0.01446379101184836,0.02898008390843443,0.019190167153137372
2020-09-03,-0.043137088171829374,-0.05428327015656542,-0.008391674533195115,0.00802748769273487,,-0.034414247226419836,-0.05576926504210988,-0.02176191652366799
2020-09-04,-0.01657969991815844,-0.005381214765994513,0.014104354160584975,0.022753106954846336,,-0.008164492915113009,-0.010380272514828648,-0.0007795188872574688
2020-09-08,-0.02045842127108566,-0.06056505638803056,-0.05424195305569701,0.0033371176206133946,,-0.027323311058882638,-0.04673718328489951,-0.027004359482295515
2020-09-09,-0.002127336328912821,0.0366342815140519,-0.033823423469689806,-0.027716184846179326,,0.01974764827884412,0.0272304990027179,0.0017269228278762316
2020-09-10,-0.02131772376317853,0.002931981249816751,-0.0284122422252171,-0.02850626989177485,,-0.017363525441227656,-0.013559565689032604,-0.014653439668028234
2020-09-11,0.005148395242623227,0.006154815627751331,0.017754881512369147,0.019952947592241088,,0.0005089207388035977,-0.0002749422294989756,0.01849550697586344
2020-09-14,0.023640855145639517,0.03456170226576427,0.03437632550647485,0.021864274249969062,,0.013171408807418183,0.020005647451750708,0.017484703482049557
2020-09-15,-0.007121060451636518,0.01965992367525926,0.0004960586485469598,0.024774804526301653,,0.005052194956049805,0.017254062626943067,-0.007175192773777095
2020-09-16,-0.0017443400498766692,-0.012902319476677304,0.0054536304856687146,0.060439474066452004,,-0.003968663980785436,-0.009375210804063117,0.018280157897666793
2020-09-17,-0.006213759122123963,0.0002939162431523368,-0.0295858655319875,0.009326441051362488,,-0.008795107009651804,-0.0005016732491182063,0.0025644062443062055
2020-09-18,0.016021850340761645,-0.022757439365941434,0.017276093225543132,-0.015400371874244256,,-0.011512973399550375,-0.01565837243562751,-0.015169357559662755
2020-09-21,-0.017307455775011582,0.0006009931684647363,-0.07991956470997696,-0.021897813848345327,,-0.011129602964638496,-0.0018015164574893827,-0.03551808762677866
2020-09-22,-0.008806332320833277,0.007057281824778494,0.007600393753435464,-0.01705755282089849,,0.010184510448582484,0.010317531395968027,0.009895351835904842
2020-09-23,-0.012833220048223959,-0.002385343278293428,-0.018857546753833998,-0.02711496667673785,,-0.023190888134050125,-0.02307248213439972,-0.02575193093686301
2020-09-24,0.01859981970413971,0.019278914874071518,-0.005491441617860637,0.01226306058000648,,0.002665597091389804,0.008448326728019762,-0.009253584071348131
2020-09-25,0.01472621625849091,0.014956173000728823,0.0027605950792057854,0.030836975255932098,,0.016166673638881246,0.013733938689808989,0.0205476152927635
2020-09-28,0.04315031305589012,0.031493925813977475,0.026982237223228234,-0.007478600148695724,,0.01660942270242982,0.027536132056084295,0.021333050350696325
2020-09-29,-0.03209064126817973,0.025210097807788046,-0.02466454629878556,-0.059203465338352634,,-0.005445853985608262,0.0023403173593514737,-0.012112195891380684
2020-09-30,-0.002874612510002872,0.015573576274443779,-0.0016494610682505906,-0.0022882728390274387,,0.007582100262280678,0.00170978359362417,-0.00907056598632916
2020-10-01,0.007879976358860397,0.031073694480504788,0.008810706313643113,0.05733944778540323,,0.006419733911292136,0.021404585329656278,0.004923819784354633
2020-10-02,0.034515638049079866,-0.009523927794694242,0.0294758725359332,0.04013013826932532,,-0.009494202448805056,-0.029987494303606255,0.010616474320208846
2020-10-05,0.003502264976494196,0.0392519053938869,0.019088388640871257,0.0166840297045181,,0.01773286464351398,0.031245919811502265,0.008080538438469897
2020-10-06,-0.013225403005384995,0.015082161876082578,-0.04682646847449967,-0.06256406735151243,,-0.014216255128883803,-0.0047554556974341855,-0.01843651030927229
2020-10-07,0.021593396005922916,0.020851546527937526,0.028384223982092394,0.049234112949884556,,0.017406846382046703,0.01914449685133346,0.021923895099259294
2020-10-08,0.0174926087063787,0.004770286576960547,0.011677362024151039,0.01981226041294981,,0.00886261805924482,0.012386078002492473,0.01696568229335793
2020-10-09,0.02972784396002659,0.007303526642500557,-0.009443826014085555,-0.03885481848837169,,0.008929904293716984,0.017585001080076212,-0.007192971724447106
2020-10-12,0.0020869187132566136,0.010392967249806206,0.0042371864333403675,-0.02021272213764258,,0.016088296507666078,0.014852020809549504,0.003592125751503694
2020-10-13,-0.02620613725005616,0.003588135999228914,-0.03692029185313317,-0.030401708122851034,,-0.00652656649425476,-0.0017877903326647404,-0.013103487936312552
2020-10-14,-0.004455476415829218,-0.01763803395756236,0.012596069376111574,0.021276548028019482,,-0.006283194036508233,-0.004037003563515995,0.0055321229392588656
2020-10-15,-0.0028645568740839344,-0.00497382372400712,0.0005410870937743173,0.017543843138140724,,-0.0012358261581081331,-0.0026819737083789708,0.004646132177923201
2020-10-16,0.002692879270835835,-0.007437434137066434,-0.0010810271477029731,0.019396585167589242,,-0.0006043473781490727,-0.004767216716244471,0.007423519132749634
2020-10-19,-0.012891374103621511,-0.004790411356832447,-0.025974191046189032,-0.005285432403090873,,-0.015203568710841275,-0.005035420273456381,-0.0072479180056184145
2020-10-20,0.004353267795863314,-0.004936734130423059,-0.027777550020896546,-0.028692827679865363,,0.004005779235077611,-0.0016357141141051246,-0.006266765013945852
2020-10-21,0.0018060232763539297,-0.008931155919100986,-0.024000343992181206,-0.01422320673498545,,-0.0018929011485276925,-0.006707589865843855,-0.015551888664912528
2020-10-22,-0.014422068535673516,-0.015894898797380375,0.06323199633139254,0.04883458037801902,,0.005485381118522259,0.0004044813492054544,0.020026582072497412
2020-10-23,-0.01573072633074679,-0.0035608714936786745,0.02037452226645531,0.021164001407602884,,0.003395041428646106,-0.0035150910542186553,0.005060704237893177
2020-10-26,-0.04701740311431546,-0.01429498393942874,-0.024549989954344098,-0.04663210643045301,,-0.018479933597786213,-0.021664533133008756,-0.026753104296151964
2020-10-27,-0.008190256427811127,-0.005703023326720125,-0.021811969586410407,-0.03586955766822064,,-0.003447259244151235,-0.003924714696140974,-0.03141589307704917
2020-10-28,-0.0011796876118486121,-0.025941824935076574,-0.08004571003986694,-0.06764367931641657,,-0.034178995331045736,-0.032738597668367064,-0.03822600819486477
2020-10-29,0.020078685526048634,0.015390755324271366,0.07271610330970035,0.14147509768530453,,0.010163480934989977,0.0253683980880981,0.012244706410765138
2020-10-30,-0.012157475941960372,-0.01449845442002995,0.012745985584595276,-0.024364359370764865,,-0.010424915191337036,-0.013339161819803103,-0.0016526138565526871
2020-11-02,0.002734910934323098,0.030493754924774352,0.033180502924034405,0.05103151629556013,,0.0112084799151424,0.003568209063928629,0.02549161908407105
2020-11-03,0.013052738347601345,0.03906557897096463,0.01993386990832624,0.03512398159802732,,0.017655985454825274,0.01885355036521008,0.03183138449908074
2020-11-04,-0.02881376779151512,0.035847872742787334,-0.022801451651974114,-0.0598802748561591,,0.02234917367660061,0.03496093764978636,-0.00043836972553545905
2020-11-05,0.027584777709904085,0.019896020842823825,0.05444461744841944,0.0774946429218637,,0.01950299911669151,0.04491562976092389,0.01158134422504098
2020-11-06,0.00695261505015532,0.032986779688474854,-0.004742042364094035,-0.006896521916751719,,-0.00022881332233926077,0.016312034759030425,-0.0007426185558715437
2020-11-09,0.09973150580226009,0.0074396454348271135,0.15352076493690836,0.1537698613558105,,0.012565879206162922,-0.01165136651889842,0.06948673439758557
2020-11-10,-0.007324836227433962,-0.0229493840027557,0.04313889428875006,0.05245052886283408,,-0.0014667392586102945,-0.030003026586732262,0.03335448711838351
2020-11-11,-0.02793376031165895,0.018604662122670756,-0.010558685710181037,-0.02941173720662238,,0.007428301359014178,0.036035533768565164,-0.017876249480897166
2020-11-12,0.0023496474748032625,-0.029223743398430257,-0.04935540011547512,-0.021885540940844606,,-0.009700566016328738,-0.012346743190045917,-0.012495464828678582
2020-11-13,0.05030630874068631,0.0032928129845000154,0.08231988485787767,0.08261618309824836,,0.01384456203181239,0.012263375966730772,0.03276136891011383
2020-11-16,0.051502202636340755,0.028597949383460275,0.09161628017846524,0.057233725866088436,,0.012482590817191497,0.02487537647750404,0.02830920503145351
2020-11-17,-0.014040842999426095,0.005127751502680633,-0.005146315060957196,0.01954888910926167,,-0.005378507343748784,-0.008243111029140882,0.007344878674944155
2020-11-18,0.002649412568637377,0.006234974527826509,0.02865096653399668,-0.001474959966427325,,-0.01203477352588389,-0.0074459514185992726,-0.00297068707030268
2020-11-19,-0.010404516454414092,0.01363231791466335,-0.033268875109871976,-0.010339759506439172,,0.004210321216814972,0.014770915718626432,0.004929522975468448
2020-11-20,0.00400532347810878,-0.00833620874940233,0.020408267378204448,0.04328357762816659,,-0.00684773274051198,-0.0046704028516741936,-0.018219742989393772
2020-11-23,0.01080436686775732,0.008854611196091877,0.042353029592690605,0.02718169720198227,,0.005994387868081041,0.01424983391215262,0.026354383800242687
2020-11-24,0.01891139395501873,-0.00033312005683217016,0.02520680823253496,0.010445722548108938,,0.016113297747131883,0.005449617772744775,0.024768620817054998
2020-11-25,-0.02566173882145728,-0.011335832984972427,-0.04587157417091947,-0.009648541772183217,,-0.0015414499358541445,-0.0022018970991449782,-0.00621176370671872
2020-11-27,0.0028161085049402956,0.014837727550504054,-0.006923144389860081,-0.00556714852770801,,0.0027852982818337146,0.011910939545304755,-0.005463200320036554
2020-11-30,-0.03700039057921101,0.025919647263220158,-0.05344696046623121,-0.05598321853537114,,-0.004427467219801362,0.011574842405387642,-0.023873857949204824
2020-12-01,0.012006721371272677,0.014899199344017955,0.039279778598444004,0.04151226309252065,,0.010937216695033447,0.01650027118328068,0.007413133006550554
2020-12-02,0.019152753895632424,-0.008616696075812946,0.056693232997126364,0.08185050554580275,,0.002104059410863446,0.0029365484476759907,0.009507036529819102
2020-12-03,-0.014801092562049423,0.002146133275880313,0.00223536326606677,0.019078945098160993,,-0.00027288575558903627,0.0013014267312660976,0.01665345403473717
2020-12-04,0.04962841106576277,0.030303002483632158,0.10074345918733152,0.09167205276152446,,0.008617783472595786,0.027264735115713146,0.011094634824928562
2020-12-07,-0.01592151462812208,0.015069494154744012,-0.028706339051494667,0.02424599947437933,,-0.0020548048150138554,0.0050604501939433,-0.0011384651623114195
2020-12-08,0.006046628734762249,0.013924553278088503,0.007997052618664346,-0.010392627502734397,,0.0029259320883969764,0.0032257559947483916,0.00466360113415365
2020-12-09,-0.033788078716492254,-0.06624273503197187,-0.02794083486156862,-0.030338306238744006,,-0.00896886078895709,-0.028178612822088,-0.005364295103129524
2020-12-10,-0.008910542918780462,0.0068130438560933815,0.014194523714369689,0.004813472904117155,,-0.0003268682450385807,-0.001398676553534317,-0.002903955322997809
2020-12-11,-0.020695506631337235,0.01170798730865874,-0.012946223682939184,-0.009580828748653736,,-0.0011728337807888067,-0.009723668044461342,0.0009361326984964613
2020-12-14,-0.008314532936091856,0.012209170167171157,-0.015951548089279455,-0.014510378789730827,,-0.004476888079965935,0.011166359807489812,-0.014756196650779208
2020-12-15,0.03860241106008999,0.02401965757513902,0.07024481182975695,0.04294483409225536,,0.013519190712297124,0.01393511521580626,0.008878635565193527
2020-12-16,0.0025228923185729446,-0.02683600450102186,-0.010770482735556697,-0.031764759736902626,,0.0015693145249551232,0.000585105676490949,-0.012048277483030168
2020-12-17,0.04797843459777362,0.013472059154565619,0.01020741777972023,0.013973357374116091,,0.005592107674240898,0.0018331736406616006,-0.004878252945269113
2020-12-18,-0.00704343556708642,-0.00529637119409343,-0.06332109604782399,-0.038945452230746413,,-0.0039928230696444356,-0.005940461993386603,0.003836474785316346
2020-12-21,-0.009833826844875326,0.022133935057504717,-0.014383374111982095,0.007481229740367468,,-0.003575720016821049,-0.0044549784674552395,-0.007537183179750384
2020-12-22,0.0029305012997418167,-0.00306440318059098,0.0014595525184220026,0.00680696852662277,,-0.0016853635708176107,-0.0014741707501255696,-0.0032087032111473013
2020-12-23,0.033766330472449146,-0.018749750942187338,0.03861540398794894,0.03134604883421965,,0.0008987870501815376,-0.007514345177300208,0.017383647982071482
2020-12-24,-0.014918485329554754,0.005116458682691505,0.004208994863927007,-0.005363536883494779,,0.003890320236791256,0.008923404167022086,-0.006539320655922443
2020-12-28,-0.009724217663659829,-0.01745313646103197,0.0,-0.016177378617376892,,0.008590968638745533,-0.0010989850229735643,0.001592385862755341
2020-12-29,-0.012234125343930313,-0.0022202403977610308,-0.03003829660889501,-0.006090157186667722,,-0.001907617251665994,-0.00257554333830301,-0.004876100535560424
2020-12-30,0.03438718289277354,0.021193397963953586,0.027007617071659107,0.0312500146089818,,0.0014261741766767866,0.01675857017644833,0.00937404471532255
2020-12-31,0.00393870772816074,-0.002801918575003781,0.0210376647096997,-0.0035650306722740943,,0.005081088205111994,0.0031746206424780876,-0.0004222392965331778
2021-01-04,-0.01741976821140201,-0.009365079120477904,-0.035370905406714614,-0.04710798413613715,,-0.013613990190933567,-0.004193037331259086,-0.04117408153892288
2021-01-05,0.042804648483713015,0.018067388707243337,0.10501975321962931,0.07822278071386402,,0.00688740945600963,0.020445235129415762,0.022792588962335714
2021-01-06,0.058048860032621885,-0.009389421044809665,0.08859534379395795,0.08415558917369848,,0.00597865002346909,-0.0032438972728432436,0.01022679537016935
2021-01-07,-0.010712701223434817,0.03593375490483797,-0.015685285100202395,-0.0005353441498106015,,0.014857133986572624,0.03772845370374456,-0.0019179394041148878
2021-01-08,-0.00819402231160038,0.0007037157602707289,-0.0003002763506871897,0.002142421425562757,,0.005697849209671091,0.0005267575690359738,-0.0036301625597303655
2021-01-11,-0.0029509036381923925,0.019793162218337823,-0.026466392620073775,-0.01603416631428456,,-0.006740608258662406,0.010131537329499452,0.0005357723044758789
2021-01-12,0.011098203820390173,0.020788294536969065,0.041396367424657576,0.019554623212132638,,0.00021089895156078953,0.006057714882998999,0.017028829531412715
2021-01-13,0.024439901443574552,0.013319204897870973,0.0008900235623534591,-0.02717102911262237,,0.0026931788922832656,0.0016285132699114246,-0.003580382381977776
2021-01-14,0.0024288049126355293,0.03438398223296768,0.06490797261108994,0.018072284751896595,,-0.0035020262355274223,0.021187373021586797,0.017226985589097188
2021-01-15,-0.027932196742098125,-0.009484332227653214,-0.006401205385226039,-0.0075308977137876765,,-0.00729245099951914,-0.02033760866393175,-0.02025978605414913
2021-01-19,0.013781066673606457,0.019057330308702936,0.014845869064215478,0.0032520034396370523,,0.007851682031608354,0.034304079928526354,0.010074052384665633
2021-01-20,-0.007520230895441071,-0.006476648479103897,0.0022082374498864077,0.0,,0.01383892487921834,-0.0035710468130427664,0.0008399667838181468
2021-01-21,-0.024478766166726396,0.04269547822083042,-0.036904383695229304,-0.02971372974652886,,0.0009113862082092972,0.014456364317882997,-0.015315061774666017
2021-01-22,0.016878215302478683,-0.010831181233557086,-0.002573453619916566,0.008908784126780533,,-0.003539327947854387,-0.01695911622319113,0.0008521448653080466
2021-01-25,-0.012926184461835799,-0.033205778212290205,0.008887132381203422,0.012141241896531874,,0.003943868012813212,0.0014374880572098903,-0.006918589957061627
2021-01-26,0.02440509348489206,-0.02469586620912212,-0.01250354686513222,-0.01799345261507479,,-0.0015608585699280475,-0.016246334793924788,-0.011468396828143823
2021-01-27,-0.019465533582740502,-0.05574445270087591,-0.010647157391109774,0.010549724133424698,,-0.02444042750423514,-0.0519015670881261,-0.024720837532879902
2021-01-28,0.023407619650703815,0.014308512429051623,-0.03984889042851503,0.002747210712340298,,0.008599975729849163,0.021932996774683744,0.009560839647804853
2021-01-29,-0.012883575510564182,-0.02939715540198795,-0.05362000602609163,-0.06794519293798162,,-0.020019489627911113,-0.01744588767189381,-0.01905065478955048
2021-02-01,-0.008505761848804472,0.03709730315204185,0.006765339718666885,0.04174009846673177,,0.016645346681828155,0.03949699845140464,0.01717562489472746
2021-02-02,0.018636332111473752,-0.038514356824987384,0.01440003629821729,0.02821670538232901,,0.014140306116417145,0.016220909511691195,0.027700918955237297
2021-02-03,-0.009438277748676893,-0.02701059656861826,-0.0025236254745414355,-0.0049396353446578,,0.0007861520490943796,-0.020314936028655306,0.014819438367094762
2021-02-04,0.006596221161536908,0.004609413104289972,0.042061905389272125,0.01820187197913259,,0.011365918001553288,0.00819559132731107,0.019682914095971116
2021-02-05,0.008591914486671515,-0.015954157643118916,-0.001820978493194847,-0.005958759938154756,,0.00393583059607705,-0.0068316030624968604,-0.003839949721557545
2021-02-08,0.039705538303574706,0.02469003957180438,0.0440862890163356,0.035967293389192356,,0.007221888910228458,0.030004370804534553,0.014689057126034744
2021-02-09,-0.014998071576787009,-0.0061015458441494586,-0.01659864721046045,-0.024197842518824064,,-0.0006657721645138004,-0.002944001149905673,0.008521775564998668
2021-02-10,-0.03919337435530368,-0.0037454273112873526,0.02309747862341127,0.002695479593836536,,-0.0004356447948213882,0.001968462589397202,-0.006210058111119743
2021-02-11,0.019515901726330886,0.03509131971600543,0.024312501345300275,0.015591344205972524,,0.001615206643066358,0.03462166876509887,0.005839076858685566
2021-02-12,0.004029843541731415,0.042074515469335605,0.013563203871915341,-0.010587552252670829,,0.004939589618395246,0.012366022850021308,-0.0028516944746272976
2021-02-16,0.013855872935307323,0.03843902836310109,0.04237490577728087,0.01979662500332946,,-0.0008659021430721392,0.005032235640569427,-0.0026556040434313477
2021-02-17,-0.025350616432818773,-0.038041838011904194,-0.0010694629636975872,-0.019936997450897498,,0.00022961800097642815,-0.017138324622450685,0.004608381650091031
2021-02-18,-0.030659822431358008,-0.009886468148673222,-0.012048113685303674,-0.014453985725517371,,-0.004256026256760914,-0.010281476767363351,-0.013251652058619001
2021-02-19,0.0014992912601605735,0.03348020899340787,0.0390244188732507,0.05268871925008978,,-0.0017660334170996883,0.024099493584875287,0.022830480389913754
2021-02-22,0.010776623958287823,-0.012030032587117101,0.09050587116987385,0.055727552656061885,,-0.00769169297496608,-0.03623558460684573,-0.010302343671827696
2021-02-23,0.008440968953983052,-0.00297236813994739,0.015785632826297746,0.01124151807804874,,0.001214375033572912,-0.007515060099285709,0.0010208035191305864
2021-02-24,0.02819352236407835,0.04894706166340379,0.04779870014352117,0.04591584490425893,,0.011019256107108966,0.03243699860892124,0.032419000554516186
2021-02-25,-0.02170800973719711,-0.04922990824473594,-0.03213497012509192,-0.049445458641558915,,-0.024095747194896044,-0.05695882594727664,-0.03841199969578846
2021-02-26,-0.00029190803454537395,0.014463510005013447,-0.05595550169741381,-0.04423917651496523,,-0.0051526473500991266,0.02279062997141912,-0.018176230202549104
2021-03-01,0.06921729085667172,0.04220107326347167,0.08657192378669487,0.059511703223535495,,0.02424027705351728,0.03187726758283027,0.03346931885792204
2021-03-02,-0.019803464674596927,-0.05098030747816906,-0.03734742322905338,-0.030724886797530382,,-0.007803163991611295,-0.02998617452110941,-0.0035421911939095274
2021-03-03,0.021596714915758763,-0.02152593148555837,0.020926292051320017,0.04061414923892648,,-0.013245837507134373,-0.030601503104696226,0.0032500037732241527
2021-03-04,-0.03218749241335228,-0.04517803023378186,-0.06310451971047504,-0.05949547769550523,,-0.012374797143146599,-0.04812973113267327,-0.018829592687643615
2021-03-05,0.02973518749310733,0.03188654188583451,0.027040505864771136,0.025303643431602074,,0.018396509270849792,0.029995089865884283,0.01165912643437128
2021-03-08,0.030792204266169243,-0.06309784878276059,0.07204382229822959,0.030108618137228094,,-0.0049787917607527765,-0.053957141761000416,0.003569728467918143
2021-03-09,0.01659593362667633,0.08022112180235896,-0.0075910156924599015,0.01533299865626514,,0.0142775304931968,0.06212533365529471,0.001727322558285449
2021-03-10,0.023115739994009177,-0.028267444490922333,0.0332958546064408,0.02642753430054534,,0.006224730408761703,-0.01887004214797694,0.027391651999259192
2021-03-11,-0.027699228116324526,0.060814953132916294,0.03505365348771039,0.009195437376526616,,0.010139055755080673,0.04209721009023193,0.014219446379077239
2021-03-12,-0.013522767585712914,-0.01987393715729857,-0.016197160399969768,0.012756208180622286,,0.0013469452273531246,-0.010553070494571881,0.027748086926929094
2021-03-15,-0.019430291485157847,0.02817307662375601,-0.03463751909956547,-0.03643722368969948,,0.005963552971567587,0.02108339540598725,0.004736858198666427
2021-03-16,-0.030808878463892908,-0.0002845243281960341,-0.021926819736889036,-0.0037348236891274755,,-0.0012613580194684726,0.012922838920082835,-0.020554460215945647
2021-03-17,0.019045139458903737,0.013088076884353983,0.020153782634950268,0.03186505624712077,,0.0034099511987923936,0.012591023522445788,0.018579195466567944
2021-03-18,-0.02624725058975197,-0.04877357542714911,-0.05016658491313564,-0.025431487813324494,,-0.01454963791158137,-0.0413756571458207,-0.01578304994443358
2021-03-19,-0.020462800526702907,0.01240045735597084,-0.010749985604360468,-0.004193767431442952,,-0.0018504698806507403,0.012353015732618822,-0.0016323461233561654
2021-03-22,-0.009508591533877397,0.02070574564510652,-0.04275925473302,-0.02058963578746409,,0.007985170145347498,0.02115872544518238,-0.008175382546028342
2021-03-23,-0.03229137296875095,-0.026285986573063247,-0.05700905268953704,-0.03678931899361981,,-0.00787122038672583,-0.026288940563910845,-0.026668041636802142
2021-03-24,-0.007064025881862945,0.004010305335951925,-0.026694175829793054,-0.010416621332445808,,-0.005083189817331135,-0.013719793044288497,-0.0011956782690152323
2021-03-25,-0.014835129550690662,0.010716000456455266,0.04544244448163015,0.05162900951915117,,0.005625169859740264,0.0010620229240372314,0.023465372960496556
2021-03-26,0.027965711125449433,0.06053032270182124,0.055040552119649755,0.05958055420752206,,0.016115207825691646,0.049363527633280224,0.003519734997850632
2021-03-29,-0.021973405648140876,-0.031173351448502085,-0.059970502309450446,-0.07152497459871443,,-0.0005052336718172068,-0.01533259606332249,0.005260813288306521
2021-03-30,0.007030341613097901,0.02063792116732177,0.07857886683756643,0.03149232292152582,,-0.002652904840356518,-0.002386008921278493,0.006396679500421332
2021-03-31,0.005312051487721847,0.027573435193629425,-0.010579618303735772,-0.01080326161081635,,0.00405375398418073,0.024427368430276708,0.002600086255368783
2021-04-01,0.022342808735831277,0.0741501392650159,0.004860301822101842,0.04463440445845013,,0.010798820196267211,0.03676957793440394,0.0031698458582509748
2021-04-05,0.005463774098542595,0.0026647564748660812,0.020314414308829187,0.021363605152476817,,0.014353164863384116,0.02017848326138627,0.015415646556013574
2021-04-06,-0.011161372103203115,-0.010464269615274358,-0.009954783911727216,-0.005785454594532946,,-0.0005905188549025775,-0.01117186399281156,-0.005280606474431737
2021-04-07,-0.012476091615798546,-0.004364194997710236,-0.013885522067338618,0.002685741518915652,,0.0011569913921878339,-0.000653875909719881,-0.0047397540633958846
2021-04-08,0.0022560829917759317,0.0288292311458771,0.012624053109214328,-0.00892852049092785,,0.004746921963853179,0.011395610715979165,0.0077151977295828456
2021-04-09,0.007953000248987152,-0.004916307525175689,-0.011268254141638345,-0.0049549822779825226,,0.00727030919554239,-0.0031236061984050156,-9.469947895723863e-05
2021-04-12,-0.004614980873255403,-0.014409059270362512,0.001454928381635856,-0.00543236027181937,,0.00036456283265962064,-0.010743064067471164,0.002552159284853417
2021-04-13,-0.007328694922784096,-0.011612487809854799,-0.014285647855500572,-0.016385922360229843,,0.002963546471682843,-0.0015836567658248368,-0.0032998992999054844
2021-04-14,0.019888360060661636,-0.0026201244198676976,0.03610910812206258,0.023137435718557642,,-0.0034151060894983543,-0.010990068602770076,0.003689191736560238
2021-04-15,0.015068699288755205,0.011016851433719221,-0.009720091926105345,0.0027136799767566444,,0.010742480339587246,0.016748543868722487,-0.0017905248783346428
2021-04-16,-0.013389468581071706,-0.01609369658925952,-0.0023940791418606278,-0.005412757727579542,,0.003342296663594313,-0.0046870686695080765,0.0006607038880235283
2021-04-19,-0.011211341473218561,-0.036036797591681324,-0.02015811404564638,0.004081639714373697,,-0.004912963579626228,-0.026286156714498854,-0.0067935573929723825
2021-04-20,-0.034163718469537696,-0.021475867844265473,-0.04629002848204511,-0.028906928965304002,,-0.0073213982053808024,-0.014253479899002608,-0.019760863931539197
2021-04-21,0.04263222758860841,0.022489128431525618,0.02978965379668108,0.052558100500772253,,0.009462039141302947,0.02623040208310523,0.013374826198582435
2021-04-22,-0.018222367718226384,-0.02844289759994123,-0.031172132972541733,-0.008837775652133284,,-0.00913324470606236,-0.021767237053213373,-0.0035386556444821915
2021-04-23,0.02203131800036018,0.02873005770752668,0.040926538022784564,0.04190818195578494,,0.010842591799710366,0.018233646601492293,0.012381387366968699
2021-04-26,0.005019430539208836,0.018647945643651465,0.03461923239718323,0.04835255114195669,,0.0020877165622756877,0.018322073374188452,0.0048348876030017696
2021-04-27,-0.01175238794538147,-0.0034729612975236135,-0.00836501559510483,-0.011020426847496823,,-0.0002157837645364591,-0.007500516370848365,0.004623165602656076
2021-04-28,0.004162368750108447,8.720120871985593e-05,0.02434315581845503,-0.007841462249216669,,-0.00028740672456240013,-0.015183259821368145,-0.004695835433261353
2021-04-29,0.07076262435897163,0.0010453062312645311,-0.06376483001124988,-0.018302850137306925,,0.0063728379683583025,0.006491438145687756,0.006699469629078303
2021-04-30,-0.021015041099038845,-0.02027687911404652,-0.048253198021963595,-0.014406785893734453,,-0.006570383084715248,-0.027872220818859095,-0.002343184352374683
2021-05-03,0.04067233829179728,-0.010836765277552507,0.05787063487464916,0.01633702308802043,,0.0021566077828170105,-0.010401831373637704,0.004791430780268113
2021-05-04,0.00664943086967007,-0.0221801232464367,-0.0015053755544308656,-0.0038071131519277213,,-0.006169196704013502,-0.01685648812309004,-0.005984278683300648
2021-05-05,0.02156906396459024,0.016622225322688644,0.019854253139531375,0.01528665061632073,,0.0003128201092366112,0.006258743627909569,-0.009970438620037547
2021-05-06,0.01253680272209512,0.005420126984747364,0.018728338034782466,0.03471350602270662,,0.007985516353148148,0.00820503734476441,0.00693549002230176
2021-05-07,-0.012511774179389423,0.030637797959843782,0.00024186933137193556,-0.023039599842262115,,0.007278019009645753,0.013731449363175496,0.01547473176157177
2021-05-10,-0.0031675237895453234,-0.056751881313351515,0.0012091525208142162,-0.015308268020913118,,-0.009902391237306074,-0.04447254594510597,-0.009849590490920268
2021-05-11,0.020521906540868384,0.009149789142896436,0.028019520217971605,-0.0025209860447791277,,-0.008924933766058296,0.0013378522905576062,-0.011261141911435124
2021-05-12,-0.017384760813427214,-0.06942029057819832,-0.029370535738161285,-0.051390030544091636,,-0.02124523642385745,-0.040738402592287004,-0.02961286216217862
2021-05-13,0.031026945332540468,0.03680735122157541,0.02493348927853778,0.0026642746324498923,,0.012012781923337768,0.012745734071418546,0.015747361073946697
2021-05-14,0.013446248644640724,0.038917878082167956,-0.00023634879321976499,0.01638621968483478,,0.015355035058584932,0.030953875044231083,0.020414154578709542
2021-05-17,-0.00682337017910295,-0.019186605677796065,0.07158049098810437,0.0392156683490672,,-0.0025441730097559567,-0.008723023427986698,0.0002830414434000783
2021-05-18,-0.018956757789449052,-0.010433296647685886,-0.02336840860193856,-0.032704430782799054,,-0.008615805902760454,-0.008051796550227697,-0.012735740393251538
2021-05-19,-0.011282496744084214,0.01713274019879174,-0.01693014135303683,-0.009102691254901596,,-0.0026218576253500547,0.019501618183912495,-0.004778026345280129
2021-05-20,0.016395563738475394,0.028783028552095358,0.001377758982896271,-0.010061305487490069,,0.010757907710802206,0.026302187061145066,0.009985735973816023
2021-05-21,-0.004645672478521767,-0.012144887815679017,0.018115410163773493,0.002651408551310963,,-0.0008184742043422233,-0.0055243888293113885,0.008460775726827574
2021-05-24,0.009075769268815481,0.030689357733010292,0.03986468598161719,0.026002650449580278,,0.0101941958496512,0.025263459020745005,0.010652451085576553
2021-05-25,-0.014776037629281147,-0.0009717421161049566,-0.046783656620531855,-0.03608247971701106,,-0.0022187513318775443,0.0029679391523571574,-0.001026062751626644
2021-05-26,0.015151445427420862,0.002653121503038758,0.03408294024340419,0.026737984277633853,,0.001984513352161432,0.002677711075983691,0.004948631898039624
2021-05-27,0.01865675776465836,0.004586671309334767,0.07712611039274542,0.07638881300334877,,0.0005249633842152601,0.004216332582096305,0.027501389495363293
2021-05-28,-0.004041862029429688,0.004917055441522322,-0.022439707625192207,-0.012499978849964122,,0.0017886697323983292,0.009283671551339134,-0.0026222223822607305
2021-06-01,0.0063410886718784365,-0.0038442445138082704,-0.027963354957961428,0.0028582970795603124,,-0.0008808150721486552,-0.0027963540854408775,0.010335660577888595
2021-06-02,0.0005041853302394372,0.007192169611095256,-0.03434949108924057,-0.004478774649627537,,0.0015726385771834828,0.006095591725753691,0.0007176815156417771
2021-06-03,0.0006299633777082647,-0.01785260532366828,-0.024455279721663614,-0.02658492865424189,,-0.003711387309435099,-0.017185168247574767,-0.004842054399410101
2021-06-04,-0.00868601096321353,0.030502061035867056,-0.00045582997365989364,0.002521066185480425,,0.009145800648287183,0.024282907873044657,0.008289628326657361
2021-06-07,-0.013841491288087315,-0.010497424413293821,0.010259785885549988,0.018021806126410134,,-0.000970052249782194,-0.00778032121576,0.0024130192434421716
2021-06-08,0.008498683526187989,-0.010347753859410447,0.04761903014654334,0.01687936730994588,,0.00021305399483639853,-0.005719513801705878,0.006508052862495228
2021-06-09,-0.007405432563190706,-8.767088214067797e-05,-0.027789608251755804,-0.003238863207894682,,-0.0014919157437783825,-0.0049172476032250945,-0.012488929036135743
2021-06-10,0.0006431327352045546,0.015553507898491636,-0.019720845094930106,-0.037774178451439044,,0.004648485359693311,0.011486595319797344,-0.0015365155137060382
2021-06-11,0.002442555068198571,0.007268230614224214,0.0018081154062732363,0.005065383249453825,,0.0016524363843002376,0.0050527017778705385,0.004139286063838288
2021-06-14,-0.007822452133375957,0.025341360113156908,-0.008573964220826236,-0.011339712577534633,,0.002238853909886984,0.01421057083340771,-0.00313639502887908
2021-06-15,0.004135692401629143,0.0025972940332856798,-0.008647927824657842,0.002124011687168803,,-0.0018342195149619878,-0.008193967484358744,0.005214037940704852
2021-06-16,0.0003862691349596492,0.0016711333197576561,-0.024793591244086643,-0.02246717605838444,,-0.005583172960688554,-0.009402770988060083,-0.009568941838259848
2021-06-17,-0.017241320258374992,0.00016699685121324137,-0.06591316197458086,-0.0524717741758719,,-0.0003316616951125617,0.010781996454355625,-0.012641234202226403
2021-06-18,-0.009295587081833867,-0.022103653192729777,0.016129065301316192,-0.03707091312590172,,-0.01349026040228507,-0.023932462236960772,-0.010516626925537231
2021-06-21,0.014008094669433202,0.005288320022857951,0.005456341305711154,0.027091239069460427,,0.014315876236218106,0.0036897777351354577,0.02421421200530216
2021-06-22,0.013814680778032606,0.0240964364615619,-0.020720155284360442,-0.00046275930584849245,,0.005345980652426752,0.0047226310908283775,-0.0024362075718301623
2021-06-23,0.00989834143978996,-0.017647256442796855,0.009067707363899391,-0.012500020972004422,,-0.0012050851079270508,0.004168424849533947,-0.0028946136107612652
2021-06-24,0.014129398333070142,0.006156766860807794,0.03869188549153213,0.05203940995414236,,0.005915658758182563,0.016995349306528906,0.010342217972001189
2021-06-25,-0.014309110995501806,-0.01299254474678524,-0.02811821622831301,-0.06327985929139279,,0.0035519762097906415,-0.002720806692056099,0.005746529454738303
2021-06-28,-0.020246801132235315,0.030998078603359014,-0.030662590690552327,-0.014747924193147077,,0.0020159619623565384,0.02387401461478844,-0.018212799365121102
2021-06-29,-0.012607480762851342,0.015321124303054878,0.004336455528778593,-0.017865714545693634,,0.0005382388494046264,0.00783888258505927,-0.013094569917634469
2021-06-30,-0.008161021625109899,-0.0023525211636610255,0.021590414474178532,0.025073757377378714,,0.0008415550645719527,0.0008374662267116584,0.009214258712794798
2021-07-01,0.01101519370024806,-0.03635053492782647,0.003480969772206688,0.015827334180738895,,0.005536471146185384,-0.014332258221582683,0.004929944253752039
2021-07-02,0.0,0.0006751846774586401,-0.03245805804741264,-0.013220051114781195,,0.007643833293345059,0.006097963456081823,-0.0008176265224495438
2021-07-06,-0.027828532933070194,-0.005987498871075969,-0.032266555973960886,-0.025358793730645535,,-0.0018216330184928076,-0.001709690219835469,-0.007819461684550721
2021-07-07,-0.005401350559639306,-0.007805133474022119,0.03254862847935347,0.05449183393576651,,0.0035342341507247355,-0.015144540126962869,-0.0009166258143981088
2021-07-08,-0.0234862663035299,-0.012056448969690714,-0.02665313055273555,-0.018156396553062226,,-0.008148163997876656,-0.012848261659558546,-0.00045851460230805774
2021-07-09,0.028361268621106328,0.02129112731827365,0.05608206565663498,0.043622573240287954,,0.010674717920869492,0.016309373842244623,0.012480572411668112
2021-07-12,0.0025684825483005547,0.004576478372025683,-0.004238274872960357,0.00272600932841649,,0.003582061911798995,0.012829148835441506,-0.008066843119326372
2021-07-13,-0.014158609277745593,-0.006917584237948082,-0.03905868531748624,-0.03806072334404631,,-0.0034090110827309505,-0.003999887723936446,-0.01571630716801542
2021-07-14,-0.010532178557109417,0.0008495067882194896,-0.0031265958368398294,-0.014130911141270075,,0.0014921104360110515,-0.0046185085755439115,-0.010118712746802871
2021-07-15,0.003179400231152263,-0.024189435712390628,0.0015684666390098911,0.003344466975803595,,-0.00341535067203258,-0.022190697409555704,-0.004876789901123502
2021-07-16,-0.02879945022046204,-0.023571217649926757,-0.0339247451600212,-0.04190472194126671,,-0.007843594910728391,-0.021731681461414132,-0.011026345392997405
2021-07-19,-0.03462000441446522,0.002583175133297644,-0.044030354161158636,-0.05218693343002789,,-0.014767912156860796,-0.0010077926058201792,-0.030779513974257267
2021-07-20,0.01910635049546827,0.03500668453958977,0.05340454567276276,0.03775570174227849,,0.014330404990878343,0.01362848448962728,0.04050749378042595
2021-07-21,0.0037496283849431933,0.026954919860826543,0.03165241426891918,0.02627582245370408,,0.008096250759837442,0.030708118945028673,0.016346845465422977
2021-07-22,-0.023562906785514204,-0.01019807097317671,-0.022360714504629953,-0.02264889692606953,,0.0020939992410109465,-0.005904538356063083,-0.008088458034060109
2021-07-23,0.010299930302349658,0.010978775266120122,0.005585020189958767,0.0,,0.010288007842834901,0.005104349806853703,0.00309286624907279
2021-07-26,0.010340993484768246,-0.007935670474043421,0.021951875788178477,0.03274557209263618,,0.002455019702805261,0.0003143492787853752,0.004858945196860365
2021-07-27,-0.012685931688532603,-0.01887439524531076,-0.018116014443161355,-0.000487816043016398,,-0.004557709838201918,-0.01835276422122678,0.0022319281506630873
2021-07-28,0.02306939084197346,0.02868430300414726,0.005008310223192147,-0.015129305485856781,,-0.00041008642608708623,0.016338844148855003,0.010020350829203828
2021-07-29,0.020122562893204687,0.0030890956669673564,0.041961468004330094,0.05500498481493432,,0.004147376305793982,0.020399067489597966,0.003215122674970594
2021-07-30,-0.001678760930511336,0.004077972417303233,-0.0397684752140659,-0.03569751978392577,,-0.004856220975510861,0.008186027296784193,-0.011354246341213736
2021-08-02,-0.0064461265037789595,0.005553782963417353,-0.004193926818086613,-0.03799321288639257,,-0.0020981546420887343,0.006325170271981317,-0.0029637819468881776
2021-08-03,0.05162189329856548,0.01178809045039575,0.008159982213832295,0.007088576691060222,,0.008135512737251105,0.007612096257549217,0.008453426387447394
2021-08-04,-0.02199583591820864,0.011976587859023446,-0.06919069237705722,-0.0698843354601536,,-0.004919053941902396,0.010187703747644994,-0.020818136116672714
2021-08-05,-0.004662614074444238,-0.01811454605806817,0.01879411685231691,0.04054054054054057,,0.00633306216067675,0.0001708918435909812,0.011382790275438426
2021-08-06,0.020666964602677806,-0.003115827431449447,0.02202619507943626,0.01246752057756706,,0.0016522891306658405,-0.004977621881171235,0.00865043228126039
2021-08-09,-0.020653476486410582,0.001151632116423773,-0.011314590983629524,0.0066701421057930865,,-0.0008135006337048889,-0.003392185937798997,-0.004610696266900582
2021-08-10,0.016402645410433125,-0.01429519870310858,0.03814706774554999,0.021916329227025022,,0.0012439361628724388,-0.011611687858016695,0.006207057435942964
2021-08-11,0.01071314966578929,-0.03117195407705453,0.014698328324790344,0.01596018026680812,,0.0024848553593090905,-0.003421902691343348,0.009575623258477606
2021-08-12,-0.016771757804888154,-0.02434588333142096,-0.023797267876074946,-0.01767307783601968,,0.0029969321110165925,-0.010738685590221175,-0.00738725886556979
2021-08-13,0.018559153046799004,0.02416005100230434,-0.02093271766474436,-0.026486790633841406,,0.0018198047647908222,0.006279026244066177,-0.010473934237853366
2021-08-16,-0.010316390496862282,-0.0009471267686724794,-0.033017626766636776,-0.01232031708203063,,0.0023547101690770678,-0.003713266579218444,-0.00399272032088227
2021-08-17,-0.026938972773805414,-0.027490436472728863,-0.032465600053511956,-0.012993763148338666,,-0.0065552612064195825,-0.019361843802932932,-0.010440965794339285
2021-08-18,-0.0075126565182157545,-0.01081106526082809,-0.014752782864550174,-0.008952084167610064,,-0.01094506539174378,-0.013222524842946282,-0.009985766292606169
2021-08-19,-0.0018252721172125064,0.01066034764820456,-0.04756327792164383,-0.03506906791255793,,0.001548483382908472,0.008204318610109285,-0.018175152030817543
2021-08-20,0.0033758696946182276,-0.0021273395185060773,-0.0033906835795515233,-0.02257708429829841,,0.007956897626281378,0.007503733120155731,0.0089165902118169
2021-08-23,0.015281051493956088,0.022561961020779453,0.037426488129194135,0.014647900218694998,,0.00879672621715133,0.028156341469987245,0.013544623905988429
2021-08-24,-0.023750118179121982,0.0002603850144438091,0.01520589745309664,0.0061077517464525055,,0.001587181121100123,0.0,0.006255516115497128
2021-08-25,-0.012022503473259838,0.005210667494854659,-0.007342453201477639,-0.007726340536030163,,0.0020984201274134584,0.007615502463407697,0.0021663688608439813
2021-08-26,-0.010880756137524594,0.005010698381961776,-0.02189314313479207,-0.013904338507502834,,-0.005903056178346411,0.0009312598711532782,-0.010150388412981104
2021-08-27,0.03734252022840989,0.032149814595131554,0.034180002788407604,0.03496902736835583,,0.008941051378918097,0.019082346625075575,0.012912875234574628
2021-08-30,0.010185679065446207,0.005247194460428206,-0.010885574266172315,-0.022343315470779834,,0.004397394089446394,0.001996050602640409,-0.00843630812077667
2021-08-31,0.008701680809255041,-0.0046395332255443344,-0.008030956776208797,-0.004459304421657095,,-0.0014814327981997888,-0.007987990796364142,0.001890535214938982
2021-09-01,-0.000410653575982467,-0.005743339564698524,0.007496275579999878,-0.011758173832288277,,0.0005312712845586542,-0.005446598695829752,-0.004906626526587687
2021-09-02,0.012191689226916491,0.013562099387069981,0.00386955524347532,0.0215298060242608,,0.003076679866410137,0.003736458383661878,0.006732625553578897
2021-09-03,-0.012450927803405065,0.006111977020919257,-0.012155963151630256,-0.0049916888053449515,,-0.00024268676787231325,0.007488746789349632,-0.009889749438712347
2021-09-07,0.00013710418396972734,-0.000985039681896227,-0.021608505151091584,-0.020624349399041675,,-0.0035754415641433557,-0.003673925846116366,-0.012462144017620136
2021-09-08,-0.02027974843974334,-0.01553119030573602,-0.03128825249598943,-0.007398927889844864,,-0.0012183010967753427,-0.012810299688614468,-0.004045756577848891
2021-09-09,-0.007412529819721292,-0.0007513533839664799,0.013932790664837658,0.006307264887298603,,-0.004280180385927035,0.0035193039937246873,0.004255830301410191
2021-09-10,0.0009861146597827108,0.007768675015669579,-0.012492306752629911,-0.01310538759173474,,-0.007884507246183281,0.007939582950889701,-0.010401783793047237
2021-09-13,-0.003940902850621986,0.028431998232981037,0.02371930512400633,0.019630494144263322,,0.002559330570596652,0.009584660960971103,0.007883261247823237
2021-09-14,0.00607662581745827,0.032159168258224735,-0.016991055857464965,-0.018686292557041684,,-0.005396657674069605,4.1723318164876844e-05,-0.010815009404255727
2021-09-15,0.01460887891695295,0.023660856661329888,0.036769578173641015,0.03577615937466261,,0.008352661681791496,0.005751228745804138,0.011518703417835896
2021-09-16,-0.02824292152317709,0.015104145220792287,-0.03061569949817544,-0.04122571849660561,,-0.001585422503074696,0.0019131277860744422,-0.010519012588301568
2021-09-17,0.01353442116778436,-0.007665080485624642,-0.012820344348180912,-0.02614752350549643,,-0.009740946827468844,-0.01594645910100778,-0.0012679707381106908
2021-09-20,-0.01953881587122419,-0.02491489512586864,-0.000633384205022236,-0.007756626869921401,,-0.016674202875024524,-0.024754780029950352,-0.005957035518982634
2021-09-21,-0.02164883159913189,0.009474973956310473,-0.005388362601972618,-0.02044487446766563,,-0.0009445625596601337,0.0029517331962491955,-0.008153980648531789
2021-09-22,0.007034064927398331,0.02777336471009506,0.021032418728153424,0.007366416521829899,,0.009754784257415494,0.020752709109010947,0.023672883787661414
2021-09-23,0.01149597069497088,0.009282323482615595,0.029962707651864928,0.02254727865166606,,0.012150128368886959,0.013325578265887428,0.016932590060286135
2021-09-24,-0.014386358428144508,-0.01757777077344591,-0.009696959010536133,0.0011918086767990221,,0.001647183620075543,-0.0011469583303951314,0.0037268578723896884
2021-09-27,0.031090165999189567,-0.01517452010464937,0.03855546317696512,0.022619112224538496,,-0.0028610907896690074,-0.002432517452417682,0.011204857797455059
2021-09-28,-0.016421254589028766,-0.052127165277549015,-0.01885661070452338,-0.025029120927677506,,-0.020151737878137732,-0.03911781132364589,-0.013146801816947273
2021-09-29,-0.007052294704046225,0.01957129859895712,-0.006306572446678205,0.008955201106285005,,0.00168311097105045,-0.01577670590471869,0.005994779831643093
2021-09-30,-0.005073438078496806,-0.0013483855341231976,-0.0105769912386251,-0.015976358808175717,,-0.012222212208468308,-0.0004034742490688359,-0.013999113183786105
2021-10-01,0.014714573283865384,-0.00826056062466296,0.04612075030176466,0.04088997832182906,,0.011884022246787529,0.0006504049434614689,0.018802801715604778
2021-10-04,-0.006748027229114162,-0.037722126026174085,-0.03299252503472738,-0.02484115068991255,,-0.012896038594041204,-0.025753426234214838,-0.006214632472934523
2021-10-05,0.009829439714818422,0.008489388798056607,0.011171394495411713,0.008293916111232313,,0.010404770359645932,0.015137916100988358,0.005685016556135736
2021-10-06,-0.0011451024354823813,-0.006684953658177006,-0.02299194655659853,-0.012926040821742202,,0.004156282051301252,0.0038983554752352045,0.005181762898658349
2021-10-07,0.021496153040548416,0.011548723087901669,0.030868466929990346,0.01071430436608023,,0.008645782433256866,0.011693339075275366,0.010966264931349334
2021-10-08,-0.009960915569559803,-0.004681738740247798,-0.012452105271575364,-0.0017667126092821839,,-0.0018238552983553813,-0.010241712043332463,-0.0007413989443804114
2021-10-11,0.014737117011889511,0.011305430575791142,0.015310609340088543,-0.0035399038696332097,,-0.007239821904330479,-0.006696037112328801,-0.0005568115707226262
2021-10-12,-0.008797568817948687,-0.007180745500792507,-0.011531536762810934,-0.025458870379789333,,-0.0024614982284690834,-0.012483128173433111,-0.0010212548481054462
2021-10-13,0.0061988512733774925,-0.004602673643200217,-0.01734972694934067,0.021871241213565096,,0.0035974798603508606,0.005768636435365959,-0.0026019940433755773
2021-10-14,0.015961974484917096,0.05606488296608281,0.015220499258109088,0.01664689011449072,,0.0168207572845962,0.03103299228907197,0.0005589243686141554
2021-10-15,-0.006201749790946454,0.01626277699489931,0.009595133388184074,0.005263166700593569,,0.007615765976846101,0.006671789841359965,0.005214871293041545
2021-10-18,-0.00513086207522595,-0.002461683951231586,-0.01900788359782024,-0.02966842426045302,,0.002960552265646399,0.008058025488535847,-0.0023158678453178982
2021-10-19,-0.005018304538449092,-0.0031625151644285587,0.0018164063670809139,-0.014988009318106843,,0.007715019560797343,0.01225264269427484,0.004456548814873784
2021-10-20,0.005043614934163498,0.012224249424008793,0.009368595221771026,0.005477793725879421,,0.003927750873710334,-0.0020708572774602585,0.0018490052196373785
2021-10-21,-0.010175846027901003,0.0232364140754433,-0.019161777924085688,-0.012106583377572533,,0.0026080636782381816,0.010075371754415974,0.000738134554774339
2021-10-22,-0.00014099857812677197,0.025472418107687522,-0.02228322083271117,-0.021446043770847023,,-0.0010362100937725272,-0.011216297544964227,-0.00046089319755160396
2021-10-25,0.022676120884856266,-0.008376741471816329,-0.027646861870211703,-0.04884162013797044,,0.0053628459440682175,0.00686242387765712,-0.002583085239469929
2021-10-26,-0.010466630175443137,-0.02352082405844025,0.0,-0.0039499320342225586,,0.0009001058682649443,0.0007525464511621838,-0.02238029090392335
2021-10-27,-0.01600557661641544,0.016409436294759328,-0.017447389294472204,-0.012557867324552774,,-0.004430074212169344,-0.007176045889917049,-0.01125729175215362
2021-10-28,0.01541710569532806,0.02725334412205571,0.0355144123670772,0.12048194386151923,,0.009648620854951329,0.022549300452782584,-0.0014351051568785023
2021-10-29,0.005432774962376152,0.014922904063682907,-0.01937123890312653,-0.03823174422933029,,0.0020292475338847815,0.004465411026413513,0.0012455250114549177
2021-11-01,0.025214693878965244,0.015130409546846302,0.03724103313989091,0.03229816431322363,,0.0017202021443556426,0.01630759875557186,0.008229698447947076
2021-11-02,0.16810787528354165,0.009306297481040282,-0.03122076545946939,-0.02406747928283237,,0.004043107949599056,0.012437999506943465,-0.00702354732532362
2021-11-03,0.05981020043581209,0.013033904923597461,0.01772483203454711,0.01356357768289107,,0.006105123320651273,0.011528409771882409,0.008028998164930412
2021-11-04,0.009933355305643099,0.015877178777826684,-0.012982914280086688,0.009124064091088568,,0.004712648899617866,0.033643968364122534,-0.0018963178649006318
2021-11-05,0.01491597703518699,-0.020883955924216435,0.051010709235646434,0.0693188431556997,,0.0034695671947455597,0.011104186204076605,0.03515072005607767
2021-11-08,-0.008519865980833208,0.01795815863598138,0.033577254676902424,-0.010146578776671245,,0.0008535810744982886,0.01351929190134582,-0.004221445871617546
2021-11-09,-0.006337096883603177,0.003514673298675497,-0.003248514437934169,-0.0017083587818471635,,-0.003305371088857645,0.0,0.0011981878314328842
2021-11-10,-0.01439578559042598,-0.022159298069700073,-0.025481482539082,-0.015402193222351701,,-0.00804474591908999,-0.029487807287140844,-0.00984992973573573
2021-11-11,0.01449615518342151,0.032304552616491344,0.018850746538350727,0.018539958898074138,,0.0003234564858478617,0.021148645827149926,-0.008088622111650512
2021-11-12,-0.00519616834655956,-0.0007341153800750622,0.016114673655599487,-0.020477850507047646,,0.007547058570664955,0.009776626081094753,0.0015934658600367246
2021-11-15,0.009575826834314238,0.001402352742840618,-0.015271632222730647,0.013356646849955967,,0.0003422972095026289,-0.0007446620822262329,0.013943428554960446
2021-11-16,0.0035569802097858982,0.021004278603272475,-0.03221023943218093,-0.03151868884597875,,0.003957827107615053,0.014982851194309976,-0.013105425711148477
2021-11-17,0.00010722486865799574,-0.002938911138804179,-0.04067786165116705,-0.033727793354458635,,-0.00242927354229161,-0.006966774135673037,-0.002057450966856611
2021-11-18,-0.0017183478712656797,0.007532779106094845,0.008352026147559588,0.001224767780594771,,0.0033964683865885803,0.016723712722284567,-0.0016871100389665994
2021-11-19,-0.005055595427418291,0.0012351613370751302,-0.024211602370098895,-0.019571846321599473,,-0.001788378540263258,0.0027785627785379408,-0.02205949956823372
2021-11-22,0.0,-0.016167708493687205,0.020568330727840145,0.006238207725368428,,-0.0028151352750610537,-0.014487191685587097,0.0035516263869148634
2021-11-23,0.007568123492249557,-0.009437828265261405,-0.0038390118650264426,-0.003099766873030041,,0.0013259521230866156,-0.004019680363674394,-0.0006694425732831633
2021-11-24,-0.017813034172194597,0.009727349169688315,-0.010276022592458856,-0.001243809568318821,,0.0026699270845289558,0.010989343625837478,0.00038272975655484487
2021-11-26,-0.04326463660569024,-0.016759851037679963,-0.05061646335691672,-0.05603982867115631,,-0.022303069242848195,-0.02783044171768212,-0.04439325951657036
2021-11-29,-0.014959517232151942,0.03852065414010308,-0.03588520308683396,-0.04287596471455324,,0.012266511897159438,0.03843934948666261,0.0013014366264649802
2021-11-30,-0.018548223480709836,-0.05602591019776526,-0.025877339854671888,-0.018607887905214615,,-0.01945753988185739,-0.017524087643299602,-0.01909800690673602
2021-12-01,0.0042521061834366325,0.017661682091212327,0.006550300178253199,-0.012640404100746072,,-0.011107220391578632,-0.007992729243377017,-0.026198013273163845
2021-12-02,0.012585338274175184,0.030876010199592407,0.04049163084017948,0.036984316399012895,,0.015316305157124122,0.0014477000361903247,0.03737064556948355
2021-12-03,-0.01753977149806174,-0.03399674768376448,-0.02050044020655528,-0.0027434816229314762,,-0.008701355241125697,-0.0025295639565668937,-0.007467134109747975
2021-12-06,0.02707496534056686,-0.01857617944263168,0.029443126059137015,0.015818466060114833,,0.01184320096439273,-0.0012779172098230651,0.02612835957090076
2021-12-07,0.01554057520831309,0.05444256869000963,0.013094419884051911,0.015572074144075687,,0.020685030001443616,0.050461297013109974,0.007926268426287963
2021-12-08,0.008047956462675643,-0.001566208697258209,-0.0013605156929495932,0.016666666666666607,,0.0026478831079661536,-0.006506714683775949,0.011107788231800475
2021-12-09,-0.013606423828858238,-0.041252631382092564,-0.026566815210638306,-0.025573793004770695,,-0.006751567285927407,-0.022996068506130674,-0.007777468260074194
2021-12-10,0.01071616745536641,0.0016364795537056054,0.034989543412174084,0.02893676413932922,,0.009413623327728882,0.009437868803082061,-0.001959491197998986
2021-12-13,-0.007669844599254905,-0.031384164942317216,-0.011494283300983565,-0.028776951045196397,,-0.008858384239364914,-0.026638202533000976,-0.01801352799027267
2021-12-14,-0.020345571729508016,0.0066065644094956966,0.0017099848406476603,0.01548818426451537,,-0.006880062525551844,-0.004810543615532015,-0.0069090225797791005
2021-12-15,0.01647528892321537,-0.004747720496056318,0.02014348592937165,0.015252022352405747,,0.015624968092154967,0.03671183448907822,0.005343825699136717
2021-12-16,-0.0037665266670604547,-0.06391201440817618,-0.03514073030410403,-0.018941865049294848,,-0.008818449270828532,-0.04362628574991889,-0.012335594945175776
2021-12-17,0.001145659876388594,-0.003522320614017027,0.059313266635935724,0.017975998392849357,,-0.010643018809218474,-0.0023602410548049235,0.000203030947050431
2021-12-20,-0.016708743745275978,-0.023465696373079936,-0.06188597351941205,-0.01242639508550214,,-0.010633356161080965,-0.007833981884745378,-0.01482235381199093
2021-12-21,0.01303540560505545,0.024029566893785992,0.04188470851537751,0.029801311118995866,,0.0177590391684197,0.03607884964071917,0.037922510222564654
2021-12-22,0.011833733148075343,0.003835503293027953,-0.031825769956661865,-0.004501649365910798,,0.00999872346861519,0.010393914969069717,0.004865008619651778
2021-12-23,0.004541887487332197,0.024800046964182698,0.002768108203268005,0.006459973154190557,,0.006222001670314503,0.009670948460190454,0.010967209637400943
2021-12-27,0.02599742116000514,0.030413559348233532,0.045893836615331196,0.020539133272864385,,0.014152304037381214,0.02740309810103203,0.0031275885905479583
2021-12-28,0.00760163003990133,-0.01014619284748719,-0.011547267619188228,0.003773611387183573,,-0.0008171843757346364,-0.011032257871594786,0.006040331986628011
2021-12-29,0.007106790561467902,-0.004372403965240079,-0.00600795127052256,-0.004385945780507994,,0.0012789048205581466,0.0015284925683711759,-0.0042609892770730795
2021-12-30,-0.007708076149582244,-0.004751668943410059,-0.027535419122746374,-0.013845202157044545,,-0.0027642774241187773,-0.011314526250415069,-0.0009726908188931738
2021-12-31,0.005907951355928587,0.0024596014593192272,0.007941995988582917,0.016592228948050458,,-0.0025202432729896085,-0.0030147498961566876,0.0005841827205044225
2022-01-03,0.0095716601835647,-0.0013708831157234203,0.036313802139219975,0.021971147191755636,,0.005790093039908406,0.01987753320433372,0.009437616766402535
2022-01-04,0.008834207239898806,0.005997253121917012,0.04231422547020092,0.03071252941716085,,-0.00033527789064879965,-0.003073643281482741,0.024192866471036023
2022-01-05,-0.003310493128682479,-0.05121389666345366,0.013320620525618887,0.02800949309427292,,-0.019201948014633374,-0.03396819503232318,-0.010069662332416685
2022-01-06,-0.014786241828110946,0.021803563608125298,0.004694768118686188,0.02898550724637672,,-0.0009393045827874591,0.007772305318839878,0.0033274127094720107
2022-01-07,-0.010005437368602266,-0.02193116483936719,0.011837882537626854,0.028732407260948722,,-0.003953568860393997,-0.029004749224670556,0.008243187819493958
2022-01-10,-0.0038447966790533528,0.014393110922003682,-0.00554187976239362,0.006024129735637818,,-0.0012442354007433654,0.00036464656415535757,-0.00930356844824054
2022-01-11,-0.011137999145727218,0.00881190855685765,0.013312943815299239,0.05225906590174745,,0.009108077405771242,0.01881363686959503,0.01157257424017999
2022-01-12,-0.008587066177706548,0.0005180981631451864,-0.007027442408594764,-0.0036212982462749954,,0.0027035177708931712,0.0073411063991424275,0.00037499046917810475
2022-01-13,0.005399221081292982,-0.024711596249126555,0.01846177074723654,0.0430944918921341,,-0.013778383950002637,-0.023339569811590466,0.004780710577542147
2022-01-14,0.002573282437681401,0.013655051760598669,-0.013595212802191114,0.015928307237120576,,0.00040897516758509056,0.023935823184144445,0.008303203750064103
2022-01-18,-0.01707404671205237,-0.04595129260134723,-0.02266482388806812,-0.0014699013654971838,,-0.01770978817687885,-0.04469708074799095,-0.012860929531714582
2022-01-19,-0.025431383395720597,-0.0004704286364025645,-0.022250023233342575,0.006378855420440921,,-0.010383519477548342,-0.029418917980595816,-0.013028339438618697
2022-01-20,-0.015493890023607682,-0.027311428554347428,-0.038461506285439984,-0.01316433226477809,,-0.011067901810805636,-0.031358291167763785,-0.010351347185604154
2022-01-21,-0.007809842305897208,-0.029933656859184143,-0.029000095236100143,-0.011857696335581758,,-0.019630795856942718,-0.01664438791761791,-0.019096079268638322
2022-01-24,0.019081608733787947,0.021791593320829028,0.046687393368535224,-0.008500003814697399,,0.004246655213377304,0.011425251587281249,0.006847793719120254
2022-01-25,-0.030427006326090744,-0.053805719391014195,-0.0036076316505686545,-0.03076150341394246,,-0.012208844604019942,-0.03731914193194963,-0.002914621726729294
2022-01-26,-0.011104404960859515,0.0017207501727136698,-0.0437789032612218,-0.0036420237942242917,,-0.0025089029572051835,0.01536314174222242,-0.018027918890311967
2022-01-27,-0.012693758142429457,-0.05762621685717484,-0.018244403626708428,-0.027154071442409,,-0.004937845907487137,-0.04451383742278736,-0.019350977068628206
2022-01-28,0.0038322010847930965,0.01603936909647219,0.009116429481993205,-0.011808874034615835,,0.024835194679242223,0.01917231281967724,0.008803987496929677
2022-01-31,0.020320357993448557,0.07489441445200096,0.004898501344339223,-0.006518138668080153,,0.018011230340577056,0.05371105289775313,0.014444774173310249
2022-02-01,0.008328303720644525,0.07265756606328577,0.04038996150897267,0.02843075584395316,,0.0067569633080371005,0.008321911083027267,0.011964753725492328
2022-02-02,0.00023939000958783652,0.03199929371527532,0.03313243947477251,0.1706539650696619,,0.009714173198785314,0.025255210846197196,0.006058504471358805
2022-02-03,-0.021302106361439255,-0.0485854678368397,-0.04373166261892769,0.019981771914716395,,-0.02350515654475782,-0.0435167252560309,-0.006410413311713881
2022-02-04,-0.01259486620299144,0.01942743963875615,-0.02032523702296285,0.011130899830393837,,0.004702202231170904,0.005737073791063363,0.0011729297027693875
2022-02-07,0.004086797046161328,-0.008711757268668352,0.013485486261181956,0.010127761288295956,,-0.003209042623419367,-0.0005662246451739739,0.013083337518105198
2022-02-08,0.024050324957425318,0.02008826530907637,0.004776566586223829,0.026155203465620724,,0.008227595365177809,0.025286011336884018,0.012432587663723904
2022-02-09,-0.00024086044149285168,0.027614897578297937,0.06485565001921056,0.013593869259926006,,0.014636283417975626,0.03280801820528656,0.012089507999911486
2022-02-10,-0.004457273786537819,-0.014671467816536499,0.058354410283970815,-0.012154271085874302,,-0.01796567184585962,-0.03117148151857685,-0.007242267495649268
2022-02-11,0.007623381455369893,-0.054319012837525715,0.16691796370641576,0.01781926524106714,,-0.019718815995442895,-0.05088969481131966,-0.0035054203824037566
2022-02-14,0.00816658950162319,0.012532184781623323,-0.013684415906000669,-0.0041684194424259635,,-0.0032692980155446527,0.0009481939007947027,-0.010363307608720063
2022-02-15,0.030374823949538943,0.06363053372853766,0.036910803311144935,0.001674379093733691,,0.01612682117358677,0.05518234905419095,0.017388919668560154
2022-02-16,-0.0008093741207114702,0.009920721132839372,-0.027265870501435918,0.011282927468466264,,0.0011208372299882363,0.0003263332747804881,0.010103744175975482
2022-02-17,0.03413188411255241,-0.013959548836449898,0.00025977308252023157,0.02066115637342092,,-0.021361322746734968,-0.03755228825362755,-0.012900668196129783
2022-02-18,-0.01711798305659662,-0.02479390866275344,-0.012195299866349929,-0.02955471364520268,,-0.0064749695192056755,-0.011168730170608154,-0.012217114422633402
2022-02-22,-0.057939468555666784,-0.025654789524417465,-0.02679260880258394,-0.003754699840051501,,-0.010731758526410506,-0.006087311821088459,-0.013806475172119193
2022-02-23,-0.017545946257964573,-0.019550807891151156,-0.02240220976184082,-0.00837516175123687,,-0.017738504876469108,-0.02382856621804219,-0.011374441103157329
2022-02-24,0.0012314411394271918,0.0628769700612144,0.009386991845751425,0.0038006820704397093,,0.015048906344937052,0.03658236903926193,0.02753424518751557
2022-02-25,0.04145639720021266,0.008699376677064219,0.05716637306305872,0.07109796357437603,,0.022064049375030592,0.016665338393984763,0.03005087128277628
2022-02-28,-0.013111164920272977,-0.02144892391916331,-0.006727145148045843,0.010997670727186826,,-0.002558586711184807,-0.006078903081650822,0.03967325868932381
2022-03-01,-0.032316001904651004,-0.057020114886425444,-0.04975241428660615,-0.01087803765094375,,-0.015230200363471336,-0.03625380334694528,-0.010634786198403856
2022-03-02,0.03413773250134877,0.024057244417422075,0.07483530086150325,0.04045564507791655,,0.018396180794461925,0.03179651097037173,0.00749725499364251
2022-03-03,0.0063386535649367914,-0.025555446383232594,-0.020912956263543947,-0.01245752837136116,,-0.004978393325966501,-0.020975528399221788,-0.015151425801098295
2022-03-04,-0.01616364446355667,-0.052695798270423144,-0.04610586017429208,-0.004204916322369301,,-0.008124665918587959,-0.026537630128201095,-0.004733721663572221
2022-03-07,-0.006281404077893904,-0.011349175573967751,-0.022664941216133383,0.016506730048730045,,-0.02947927710546061,-0.05016027135501877,-0.02030569923473735
2022-03-08,0.006078062812555407,0.04087321662437371,0.004470448057600773,-0.018126871243736797,,-0.007581640309377358,0.01916512484322319,-0.019232520761674032
2022-03-09,0.04229081478501118,0.047121670108661196,-0.03477061071606602,-0.012692304757925155,,0.026810872794151175,0.041907933028912714,0.02351258616193208
2022-03-10,0.011361108304895229,-0.01276627547211473,0.03458242466316519,0.051032312506775535,,-0.00451546140633452,-0.020519309855578594,-0.0009300981729345459
2022-03-11,-0.0024071622682183547,-0.02392302059293161,-0.02924817741780872,-0.01779093959897604,,-0.01271519118026232,-0.021467441618812977,-0.01470847965947919
2022-03-14,-0.029760180699637928,-0.008445825907945625,0.02783372151632224,-0.028679253920069314,,-0.007308391666199676,-0.0323664395343326,-0.004629589418389424
2022-03-15,-0.0022497501431478772,0.03691020895019781,0.033221466274118816,0.024475566189481324,,0.02199060889219595,0.04596270262470781,0.01699070061411656
2022-03-16,0.017685353763047917,0.0779576090207712,-0.0016210356009371818,-0.0011376824304408784,,0.02217401610709513,0.0514948021617756,-0.0022397389002927204
2022-03-17,0.006881461426915925,0.007471131442730927,0.02543983369844738,-0.018602876548200142,,0.012511027012607645,0.006164580154427002,0.015528476843579497
2022-03-18,-0.018533661800601897,-7.418261756131361e-05,0.0036948843091180184,0.008897467653470326,,0.010952717136780477,0.01952037816842922,0.005895192792791715
2022-03-21,0.03764907898615055,0.0011866643396478693,0.038390905886130255,0.013803704425026986,,-0.0002922565361956897,-0.001982052249683397,0.012820610513902153
2022-03-22,0.006824311307606079,-0.001777714161052435,0.04127597792351101,0.02382750181699489,,0.011701337661472744,0.005536020885468451,0.012025335276101057
2022-03-23,-0.014911881136768446,-0.0181807682013434,-0.005107168199169454,0.03324712333492741,,-0.012878435482303496,-0.02519406263035273,-0.003931078052948789
2022-03-24,-0.026490752907314508,0.029929820742756297,0.01246656997868345,-0.0021451364824929264,,0.015074241330574889,0.0504807512795602,0.01104814150412503
2022-03-25,0.0056544246869416614,0.004549913629724234,0.028005933948479722,0.0,,0.004883668053900836,-0.0022610990466359615,0.003464904658174728
2022-03-28,-0.013002302118178766,0.004602269316612118,-0.014326023133176546,-0.029380139710042052,,0.007112828165819929,0.007767956078273297,-0.013457318028407772
2022-03-29,0.03441730586744973,0.024069126901141713,0.0011912658116117747,-0.022148408198233605,,0.01237102011948199,0.022920177672852926,0.005294945840043086
2022-03-30,-0.003441997701877031,-0.03827313482799677,0.01189914815472437,0.03963764263803382,,-0.006174779440811018,-0.03198072018304232,0.0019638963788930486
2022-03-31,-0.012894393952446626,-0.030862477909538444,-0.012699965037535677,-0.02541760129516868,,-0.015391284991997378,-0.022754658872308986,-0.012918684204904496
2022-04-01,0.020177292904565602,-0.04670111097265239,0.03263441104328613,0.00596124614390825,,0.0028341479445321838,-0.019375467209581387,0.007671943556415206
2022-04-04,0.0028580622297091907,-0.005034677416051014,-0.0018452759142831843,0.03148149560998981,,0.008566583967472896,0.01624642232410567,-0.0027766060221395827
2022-04-05,-0.04320548085429443,-0.05742981823771354,-0.05199916726131559,-0.004667901843252276,,-0.012631456003203922,-0.046029905116875436,-0.011856693824573439
2022-04-06,-0.03169317120887627,-0.037238991932876386,-0.008775989741319323,0.00036075862660722713,,-0.00999919510277536,-0.024870277913935812,-0.003817779560474577
2022-04-07,0.0009845094888876194,0.01557790381787072,-0.002951327950467375,-0.00216370237767205,,0.005039096791062958,0.002188278776070973,0.014417195612249634
2022-04-08,-0.004671269684118018,-0.047237174684249594,-0.0022201710075627767,-0.009035055992435148,,-0.0026741590887751077,-0.02481191019950879,-0.013582672527190254
2022-04-11,0.0007410456502603413,-0.012989280912612977,-0.01508010390226977,-0.007658679476184482,,-0.017092171277156898,-0.02054576007713249,0.0034651030344421407
2022-04-12,0.0017275375389991243,0.022335308626406203,-0.007530132239739751,-0.008452758176224151,,-0.003705257548850538,-0.0030475432995664686,0.005634532094719091
2022-04-13,0.026734158651489315,0.030731572202275403,0.03009592396275651,0.05374354290368033,,0.011453523345820393,0.021518270619319102,0.008675330340557785
2022-04-14,-0.012239150429261603,-0.03157418516446975,0.04247472581696843,0.066830798386744,,-0.012451806546193822,-0.027658249051045525,0.002687488993255327
2022-04-18,0.008260693366864746,0.02315871384477375,0.001413247561753428,-0.030662720326909088,,0.0004109918363590648,0.017312324813523627,-0.0021443983003478495
2022-04-19,0.04518051102774168,0.034972542127831074,0.03080898340258309,0.011224487346525702,,0.01614295307944058,0.021910379737595465,0.008685521209571778
2022-04-20,0.01948144249290573,0.017838725225454377,-0.015286257152880789,0.007736278028177335,,-0.0007418049669832838,-0.0022205099613448187,-0.0006213496149178876
2022-04-21,-0.030981583034456972,-0.02595225827891401,-0.05468043700666292,-0.0283711114851678,,-0.014953455357602952,-0.026680604104480254,-0.029579025378143053
2022-04-22,-0.025437620516574277,-0.025345956347443854,-0.00931356034330344,-0.018893889827456545,,-0.027439125454690738,-0.022244095043361778,-0.008604181363408903
2022-04-25,-0.015684766294975727,0.017040858340661602,-0.03216221871599145,-0.03256303650442294,,0.005797616816809237,0.016904315640758005,-0.006185926904869521
2022-04-26,-0.041600594058523566,-0.04197576668926617,-0.03425360671714661,-0.024972806647376,,-0.028960854314340034,-0.04433661745998396,-0.013749474619518809
2022-04-27,-0.0038078446685080314,-0.014210156452792333,-0.015616831435178558,0.010393421445663797,,0.0028119086516456004,-0.005463770480086505,-0.008100916092149246
2022-04-28,0.10574594343591137,0.06218817333907545,0.09518687265741699,0.029757582429240648,,0.0252593646454653,0.055115981213613496,0.0054131290078602845
2022-04-29,-0.018896156860293778,-0.030970027584497628,-0.06260742629219951,-0.030324665024881625,,-0.03695576209823326,-0.04273065735721837,-0.028431317660933764
2022-05-02,-0.0011742634192870582,0.0395906421535388,-0.004739250858712407,-0.0003679260032948273,,0.006019496806508817,0.03338471060954351,0.0004862280520350204
2022-05-03,-0.006819431337692694,0.007000772579989878,-0.0066138231043684215,0.02760397489488353,,0.00458411213893517,0.008282128072530037,0.007968188456527026
2022-05-04,0.02201963134456153,0.034589340744469066,0.05406138889801504,0.04011464312940172,,0.03045300236411408,0.03879401335258814,0.026318288959904068
2022-05-05,-0.05490585909584822,-0.04927835613020204,-0.09095497431312927,-0.08333333333333337,,-0.03554274031898874,-0.04843357917058866,-0.02414060395440798
2022-05-06,-0.022428807463818035,0.004014144610235082,-0.033351950823366394,0.0026295902560999895,,-0.00596888381903915,-0.008915028377579182,-0.006641593872841911
2022-05-09,-0.004889966470532525,-0.08308702543394741,-0.02846468748014752,-0.04046458981250045,,-0.03201742680002484,-0.0509166469250697,-0.04437971005557695
2022-05-10,-0.004409613432596604,0.00445483132764779,-0.016276899048840887,0.0027332953204197707,,0.002310398699058469,0.02274187369766878,0.0018252756910943635
2022-05-11,-0.0025310100267808,-0.042087323758631334,-0.004813542432727247,0.0031152617895386925,,-0.01588592580752679,-0.029539194905461197,-0.010931220201179426
2022-05-12,0.0017759751571149174,0.01763365923675342,0.006650596480355819,0.00038820763947899906,,-0.001044003811562999,0.006071881210730323,-0.006549622472303951
2022-05-13,0.016337467855856103,0.05750239730105022,-0.0030030806294389922,-0.0015522279711598364,,0.023907970843752624,0.05104345862265025,0.016893578379506335
2022-05-16,0.00012471285205761795,-0.020413633061093783,-0.01716870165408868,-0.0038865286921428988,,-0.004057675161676877,-0.015214685160320318,-0.001620779192462507
2022-05-17,0.028532276837719195,0.04943451889091022,0.07477762522946829,0.05189231241731629,,0.020570252869156702,0.048566924278540036,0.023640336597309686
2022-05-18,-0.028225438661924174,-0.06233295774811365,-0.003991894052607248,0.0029674270686739224,,-0.04031137164592191,-0.05040506573347758,-0.025076795755488823
2022-05-19,-0.007853435190455449,0.0020890111689544355,-0.01517314389076796,-0.033284078972130815,,-0.006124809295052658,-0.006055996451233003,-0.012098520512421773
2022-05-20,-0.008920694750433222,0.005686455837931259,-0.05639531296936173,-0.053940316768732566,,0.0004366928163574979,-0.0005290702389643132,-0.009262077984564354
2022-05-23,-0.003929885778368836,0.00489987421801219,0.027726295418500246,0.05863327091709003,,0.018709946742905048,0.0043075940527566026,0.019112941641632908
2022-05-24,-0.015527597546734828,-0.050262635188865645,-0.012290131188036124,0.0,,-0.007633848359498541,-0.024356412444502706,0.007440526242644019
2022-05-25,0.0090497427495293,0.011058546834417982,0.03459805291748763,0.009167294435467044,,0.00883510196114523,0.017997504382432084,0.008498701964167354
2022-05-26,0.03599625422046837,0.055468739639273235,0.031094034850667418,0.023845539702775698,,0.0199813268994935,0.03907022093019785,0.016251919035097373
2022-05-27,0.03270155876585035,0.04422672516731452,0.027311440980421597,0.007763437994244837,,0.02454914723762336,0.0411261815873285,0.020927848275502425
2022-05-31,-0.016672502207346507,-0.016835277975742913,-0.024370065825970788,0.008804100113832147,,-0.005610917384172853,-0.005136370884749164,-0.011989641574068788
2022-06-01,0.012075874687632826,-0.010183680542831253,-0.017314452659878632,-0.03345454822887084,,-0.00808853421643152,-0.015863377010086,-0.0011745580169780778
2022-06-02,0.036398739111480394,0.05098782336890095,0.04130529361463808,0.053423629810754214,,0.019043318528423114,0.034837326752813924,0.019792314834737645
2022-06-03,-0.023491188948900232,-0.03248715225854304,-0.028848913200398618,-0.023571423121861,,-0.016411526734594672,-0.02990850403125156,-0.0005765581916618023
2022-06-06,0.0036916872996095584,-0.0023282796481483015,0.02227970527284251,0.0449890100721122,,0.003044690543047457,0.001734019500406081,0.004133940304925421
2022-06-07,0.00972962012450207,0.011308633081199337,0.0013969635217845333,-0.003150162882367691,,0.009592325950325886,0.007990514219685219,0.023647503235297407
2022-06-08,-0.0205640510072157,-0.010028231604107929,-0.031249923907280874,-0.05442413138953428,,-0.010871988099872443,-0.0212885846962112,-0.018611933050715512
2022-06-09,-0.02087583439008267,-0.03307939692479789,-0.03945874443570807,-0.0475306599383698,,-0.023782821545443533,-0.028384978731189614,-0.021136692249145494
2022-06-10,-0.017889702102436678,-0.036714195083929035,-0.03268367693090157,-0.003898650407678228,,-0.028995603682932858,-0.035526591306342836,-0.021573529361911814
2022-06-13,-0.041796744037154276,-0.05688166088910984,-0.04091744344382697,-0.05636002621167424,,-0.03796852168886167,-0.05769335906367723,-0.03741396587943813
2022-06-14,-0.015104205245580538,0.00785804519128308,0.009696181484290856,-0.019079260894907746,,-0.0030132588228644064,0.005561082722467248,-0.00901752999585237
2022-06-15,0.0027762974059084566,0.03027533402751148,-0.014724649841572957,-0.005073950690077322,,0.014256384478315676,0.017187066064934697,0.01391064753567739
2022-06-16,-0.07277522336898445,-0.08864870199321162,-0.0711502651545467,-0.0620484891294506,,-0.03309610344806069,-0.060257994374985024,-0.03383512975524228
2022-06-17,-0.01336539697848127,-0.007872309782988474,0.03497734465825242,0.015858649130466862,,0.0021559293804276347,0.004055455022603294,0.00352307916849659
2022-06-21,0.04381004845652292,0.04097822972502341,0.023994680569398907,0.020963394815125547,,0.02517338153853821,0.026183416034316398,0.02734337081293514
2022-06-22,-0.015463359267120835,-0.0012529286386523397,-0.03135316253388132,-0.010484918196489779,,-0.0018130428426239575,-0.010431689914629283,-0.004246086665679383
2022-06-23,-0.027765767397802343,-0.02017763719714294,-0.027597928514924375,-0.047682116639970906,,0.009802696952839973,-0.006786806030205206,-0.00790420522236368
2022-06-24,0.055963996622719,0.10862135548042473,0.036089591747312966,0.07417711655571568,,0.03179394623062293,0.04430368974449905,0.031869214213635866
2022-06-27,0.011610496366630807,0.006929781884846387,-0.0016908127988252142,0.00949500701899364,,-0.003819657177370428,-0.0027353231162262626,0.0019303585893259978
2022-06-28,-0.01944372174192277,-0.011183545407007056,-0.021002784407372466,-0.011970875870172093,,-0.020432866103627823,-0.024389539743659094,-0.006591101380899689
2022-06-29,0.003993481578450808,-0.0924117410814681,-0.041176374910687374,-0.030289949997920007,,-0.0008143804408965449,-0.023593693434965535,-0.0058181866811287675
2022-06-30,0.011246590207912854,-0.01874542790661593,0.00721744010100922,0.013386846903311822,,-0.008124306247192847,-0.013098032875156651,0.018172553976244288
2022-07-01,-0.01641106052536423,-0.040703354971171835,-0.018272857416452903,-0.016732680585021198,,0.010576448843111486,-0.03538220128741998,0.010890396001087321
2022-07-05,-0.02413128303918788,0.026816101092573597,-0.0470803538428064,-0.03179574952523401,,0.0018885890752202705,0.00788760807138722,-0.030922414948243104
2022-07-06,0.008760738695106296,0.01619836132607788,-0.0291076181678962,-0.030527369525492842,,0.003377403530308243,0.004883713503557541,0.012866434718689979
2022-07-07,0.015408367354680541,0.0060725288793490595,0.02761342534600586,0.029580194003572036,,0.01497709182856255,0.044765061215695345,0.008536625274635057
2022-07-08,-0.002069671904560866,-0.01390385906799485,0.0015353962279320843,0.0152919334973467,,-0.000822640527578522,0.004764004252666432,0.0008061151500815544
2022-07-11,-0.008708412599169213,-0.0052463371314867,-0.001533042400413298,-0.005476902451870158,,-0.011423316809127337,-0.02303736747458973,-0.008256104447369572
2022-07-12,0.007530082401378646,0.01417417982780833,0.03877145764956769,0.03396052042342257,,-0.00884918139339308,0.0027977180515093014,0.0015225806596357305
2022-07-13,-0.0019374933286917528,0.0063922096610469215,0.018108014368375613,0.01287168217223389,,-0.005251606423082089,0.005636645534126794,-0.015204819471820952
2022-07-14,-0.0029120975833281104,0.017332237403524964,-0.0025409008801724475,-0.009640636121673096,,-0.002428638975621622,0.021203144066823,-0.010808360850955268
2022-07-15,0.022530873651356087,0.019153418680805334,0.005094747007500233,0.010619458719785868,,0.019105256375186785,0.02386779613906098,0.008740936401248955
2022-07-18,-0.012105503381051763,-0.01173299037077602,0.010137413403459972,0.002626946827563259,,-0.008256897878522795,-0.003194820060714254,-0.012275624343016989
2022-07-19,0.03951541365463651,0.04381174965068557,0.045161402230910364,0.04978171685533983,,0.027019086447337193,0.04408264143984497,0.036031400720888396
2022-07-20,0.006357797140073451,0.03442365259229896,0.0027434194730135975,0.00873540251560545,,0.006373227671797377,0.025494361361344753,0.013003927656522807
2022-07-21,0.002369137202244742,0.02374228350490748,-0.009917907665659365,-0.023505142054606964,,0.01018325842850043,0.01633694110148909,0.00268687527793543
2022-07-22,-0.01746326431413725,-0.02794391818189379,-0.025561224454841436,-0.024070932748241458,,-0.009278180478269116,-0.024635717886331454,-0.007641891980807114
2022-07-25,0.030736415828497066,-0.010560269833010172,0.02658616295884042,0.022933741466864443,,0.0012148681167207798,-0.006320739924473129,0.003900492796855781
2022-07-26,0.002074411020126954,-0.008597816293465788,-0.0034528548273019544,-0.0076142263038553315,,-0.011830917886220815,-0.016662334479596752,-0.014744077581902104
2022-07-27,0.03622704307484015,0.05382785223561215,0.028066568001080316,0.02728053375844608,,0.02596634411986476,0.04575342077179201,0.0072802174672388364
2022-07-28,0.017230739572546838,0.013336977962155938,0.048870907567616806,0.0261410436014351,,0.01254247539999942,0.01232132088843052,0.02138094383203204
2022-07-29,0.0057687794340954834,0.02585647645124367,0.03277624172593785,0.006469868595785799,,0.014578517706709482,0.007694178912183602,0.02014752668438069
2022-08-01,0.018306099570229106,0.0034577572846443694,0.02706934409293371,0.006830055462542228,,-0.0029612322285722525,0.0038542912111267924,0.007514497235897144
2022-08-02,-0.012463902769639046,-0.04882907151048277,-0.006967884928956614,-0.0007980267694026599,,-0.0065973715326340665,-0.0019077168436024694,0.0007650292936711711
2022-08-03,0.031553172496355364,-0.0005727431519205739,0.010372205992456252,0.012380169912459937,,0.015659636058773074,0.027786096058371124,0.004490743638490224
2022-08-04,0.02705917477276132,0.013270947361299523,0.018115933783948046,0.08086781878548033,,-0.0006756989321667906,0.007223506892341636,-0.006943760435310087
2022-08-05,0.01935845096022515,-0.0036746434915702064,0.010083181275278408,0.05912411904333781,,-0.0016901167870777556,-0.007787078263830849,-0.0016284805454749307
2022-08-08,-0.0022475215480396438,-0.02156225930068567,-0.016441882327949298,-0.0037905102900208654,,-0.0011610197115761167,-0.015124130857218754,-0.004509346305695661
2022-08-09,-0.0015768352895579874,-0.0644693925954124,0.005074759663233008,0.02870978651286138,,-0.003970842146442943,-0.0458268564631632,0.001541998464086758
2022-08-10,0.03587143511636803,0.06725907181120805,0.04187718971261267,0.03530602395729954,,0.02100386129467524,0.041503834143143736,0.01895715664067832
2022-08-11,0.023630695166854565,-0.015295339332365043,0.04019386575742767,0.0162390381660511,,0.0,-0.001291787706921177,-0.0020778962906294884
2022-08-12,0.040638212442203336,0.02762471785730214,0.022197893202561048,0.0038350568352083503,,0.016929003463414194,0.029261066481185427,0.019021664439892838
2022-08-15,-0.01983234421282365,0.00822743490968425,0.0005361005380466466,0.02037565720335932,,0.004120990186247342,0.00372295925805477,0.007986514062742645
2022-08-16,0.006779442285013149,-0.003036230328007483,0.046355768118801155,0.012792507244056672,,0.001958458022855991,-0.010228821431420454,0.0011977710347812476
2022-08-17,-0.00756246474468214,-0.015798878236109815,-0.03815628800124826,0.0018484711948041355,,-0.007097851446770886,-0.024153415827317337,-0.006165513433637804
2022-08-18,0.017014624522079247,0.019920501528026602,0.023961863961509122,0.010147540335554872,,0.002906306488401178,0.022794338963938676,0.002129745906690239
2022-08-19,-0.01621686340692008,-0.024367052783703547,-0.007800410808502689,-0.008827918243543786,,-0.013437901551582532,-0.026997126160534624,-0.013489891113754982
2022-08-22,-0.0363065818771553,-0.03770655276558332,-0.04214956393454139,-0.03531945569333583,,-0.020822583605897504,-0.03762609079536905,-0.021728866659683543
2022-08-23,-0.007209176050235966,0.020904751618026962,0.014851517383854818,0.003820466087754104,,-0.0024192199624063493,0.004979694239599208,0.0022020549792873823
2022-08-24,-0.005787411347141558,-0.0015828053864158642,0.035772291648398236,0.02854423085729474,,0.003201202211882137,0.0025156679409656935,0.009075072999283007
2022-08-25,0.02954413969616798,0.057168498097591725,0.016745276785257168,0.02035152146781738,,0.014117504788431212,0.036651307874942196,0.021111505294426625
2022-08-26,-0.034776935091809125,-0.06176195564909159,-0.0386000481114529,-0.02266545773773121,,-0.03384904440188674,-0.056725180012524135,-0.027442961955221445
2022-08-29,-0.012046743984658992,-0.037958262368352425,-0.023019412568976994,-0.007111921495087659,,-0.0066122703205739874,-0.020192307161839174,-0.006577600495131231
2022-08-30,-0.024275644683795172,-0.004672470244527771,-0.03643837532788219,-0.018685779198530983,,-0.010977709518343315,-0.01164007162081504,-0.013914090360548803
2022-08-31,-0.010433570192080466,-0.010223309151335402,-0.03412010088815687,-0.050142809020288115,,-0.007609295585383258,-0.010465673675283949,-0.010218298512474688
2022-09-01,-0.03614859766531475,-0.02339774258471017,-0.03473618010919843,-0.004677560582056817,,0.0031379946692557947,-0.01855625852975029,-0.011404815626984366
2022-09-02,-0.013102500876972178,-0.00625960597080677,-0.004879719763599133,-0.0020141447279963254,,-0.010544525150357642,-0.010969256452205811,-0.004177124325885684
2022-09-06,-0.014129242279815157,0.010860135934619652,-0.007048850670797635,-0.0010090406915161942,,-0.0037731160544212106,-0.011536863959242916,-0.0009986876755241347
2022-09-07,0.013343157695023367,0.041147462851463645,0.03518516296980545,0.01548818426451537,,0.017964989286800126,0.01691521544687058,0.01669515153843948
2022-09-08,0.0020727894367709165,0.03817963384320322,0.009838746073125293,-0.007294406978366363,,0.006536305664784692,0.016855773070479696,0.0014748277007159416
2022-09-09,0.02798387256908952,0.02683625027182801,0.059639962723348594,0.039412167138524135,,0.015535285978510505,0.023991894342770825,0.012469451730188652
2022-09-12,0.05373427077460868,-0.0046461539269725405,0.08832581919764726,0.017673496858237714,,0.010747570562955167,0.004872161560250499,0.0017454377906989116
2022-09-13,-0.0634620311533659,-0.0723523339282579,-0.03968267598456843,-0.02147143364501547,,-0.043482525489469404,-0.06210579502538094,-0.04182003843892579
2022-09-14,-0.029623101737458413,-0.002516077922422033,-0.021860861004810994,-0.021619880001366387,,0.0038159286902943457,0.011356540385865754,0.015760698040067522
2022-09-15,-0.019157210303228256,-0.020809248743309916,0.003543327029855048,0.008905028379989188,,-0.011353394989152665,-0.016592179771029558,-0.008553611402700945
2022-09-16,-0.010332542730732253,-0.003971181618545927,-0.021456036751524743,-0.01601829907400998,,-0.007628935386434943,0.005993305558833928,-0.01143675173510561
2022-09-19,0.014005787391149882,0.016487007468165116,0.048293130675240103,0.039534900962665986,,0.007754942354378347,0.00525182751298181,0.00700229463813673
2022-09-20,-0.00866422864476668,-0.023322443175980978,-0.0235636485966233,-0.031959091426672304,,-0.011478457449250468,-0.013285681881056832,-0.0013099896934752886
2022-09-21,-0.0005067495735743277,-0.007489236683728029,-0.035249336895569194,-0.0204688286726189,,-0.017443764762905767,-0.010105123904276203,-0.00988902010393633
2022-09-22,0.005449039543749201,-0.047572148017613114,-0.018549713571740956,-0.021233540921692273,,-0.008399605289582945,-0.02720355981737943,-0.011006935339342383
2022-09-23,-0.033652220521333875,0.0016077462388885966,-0.045532480138674725,-0.04063361804320231,,-0.0167550429266754,-0.013390777137636145,-0.02586566303992277
2022-09-26,-0.018651385380164198,-0.03530910902113704,-0.012301537220065994,0.005025103610242665,,-0.009892578958453302,-0.014995847929349604,-0.015273955675487949
2022-09-27,0.011429861667872743,0.00808077681152053,0.00030368083102705334,0.008214269365583116,,-0.0025528648596190306,0.009297143383693474,-0.0051772984340923145
2022-09-28,0.03482282728800845,0.05080739909053644,0.03340409678695733,0.01310665409965095,,0.019676455212956023,0.014180911983455946,0.019733199694539794
2022-09-29,0.007491663484036959,-0.014471716968775028,-0.04701698307861013,-0.03566435119436384,,-0.020889082430012862,-0.03110235216163104,-0.022753691457135572
2022-09-30,0.008319094324600762,-0.05498007658716808,-0.03977816783437249,-0.03517038854379184,,-0.015463495547191619,-0.017145254771919305,-0.007833798535323622
2022-10-03,0.016249895327110853,0.041917869317157797,0.06807965482066258,0.06388571276204735,,0.026401356958746458,0.03457490830409271,0.028950377283805118
2022-10-04,0.05215275421197285,0.03699402806323593,0.07817206332001558,0.03991526278460911,,0.030986555884060518,0.046914216394843056,0.033145106538979174
2022-10-05,-0.00023412729165606105,0.00691198434539686,-0.025376605150191467,-0.01834242206968173,,-0.002328367707937984,0.008168677529166724,-0.007220709573700357
2022-10-06,-0.013914707182384745,-0.023582864152216443,-0.013447650841371561,-0.01903111572042715,,-0.010315522653517317,-0.003993666900539927,-0.006546378423128774
2022-10-07,-0.02620656733143578,-0.06860169445334308,-0.015661516238480333,-0.013756659320963704,,-0.02789410993625807,-0.0600028511170686,-0.004183634299421146
2022-10-10,0.012542628944869127,-0.021305277417323354,0.01708926816467926,0.008583751299193754,,-0.007635221086425337,-0.034003486130403826,0.008717474901180244
2022-10-11,-0.010102250624082987,-0.033088563622283074,-0.006373029347118808,-0.01524823735965597,,-0.006332998686261027,-0.028115818356263755,-0.0003124127554434697
2022-10-12,-0.02211163368271729,-0.01968384285521496,0.0020406416482328105,-0.01800504111479817,,-0.0032985861533595395,-0.009708286257204324,-0.022393248269157673
2022-10-13,0.017890565657718405,0.02979023227372668,0.020948434358174062,0.017601743094201927,,0.026391105836211404,0.028783449254647264,0.019603645849167073
2022-10-14,-0.019407025932442146,-0.0596404625777186,-0.04616688210881792,-0.027027027027026973,,-0.022788837735286283,-0.041678741336424574,-0.02748181453785603
2022-10-17,0.014687569919907828,0.02276729169873426,0.030176291670041433,0.028518535472728646,,0.0256970388521236,0.021193281149103127,0.02632428210822302
2022-10-18,-0.004784186786915834,0.015370128994930843,0.01827138746842949,0.02556712541479844,,0.011749661377514098,0.0034425467844203528,0.03999157316778135
2022-10-19,-0.014421268403763343,-0.001696183531408546,-0.008829425890073739,0.0003511316377307061,,-0.007086386132740041,0.006403907913141715,0.004932493639627111
2022-10-20,-0.02751364004282708,-0.007712530894057101,0.0017243308905596777,-0.01439100915078817,,-0.008385316890139882,0.006200968150072317,-0.0019033132311686574
2022-10-21,0.048996870896418354,0.018047636789700894,0.04102100001358355,0.042022803005052456,,0.024301256413747918,0.037169811449625056,0.02318372815825942
2022-10-24,-0.007110429115268824,-0.00038845104543694386,0.001939614888909258,-0.0010253139579916581,,0.012236601722757756,0.004323945102711724,0.01078941242788245
2022-10-25,0.02395359146982745,0.03223319090615129,0.02046479090747,0.029079726130050165,,0.015968527512339348,0.02282872084500842,0.004269926284521164
2022-10-26,0.014952409753210327,0.006646708327617157,0.003251912511238242,-0.007313806978473836,,-0.007534108908853088,-0.00984213970075909,-0.004155003987293848
2022-10-27,-0.008435493464503119,-0.018313310544800898,-0.0321445759122122,0.005693237535802753,,-0.005340036508928003,-0.017739223090340484,0.01688324525881879
2022-10-28,0.028157164626552156,0.026522929752877955,0.005860738702134105,-0.005328000124997123,,0.023790789321868955,0.03920170524349187,0.026526861013865588
2022-10-31,-0.0011652328427932401,-0.019161977728879398,0.03773602368484941,-0.0036826450371931774,,-0.007223193736808686,-0.021782951478153567,-0.00343945630402831
2022-11-01,0.0022167609176926284,0.01413446449439526,0.017379579969351022,0.04469085730769917,,-0.004375868449138731,0.008055668163270635,0.0012126422741218779
2022-11-02,-0.21513392740821802,-0.20968146321374292,-0.0696450986481103,-0.15310389853715145,,-0.025096101819153338,-0.0315698845240765,-0.014440053573137712
2022-11-03,0.035152901751235976,-0.000629721539939232,0.022881342686043915,0.03797949118486921,,-0.010297040195780371,-0.01339747112622236,0.007089375544232723
2022-11-04,0.032956044205677326,0.0074048359661056384,0.07069851349025691,0.05671420568560204,,0.01439307521684774,0.04627142061383016,0.005913420494088051
2022-11-07,0.020113719519162965,0.035345691005083335,0.01753956762441411,0.006578966051901114,,0.009565707616311592,0.021610876257597722,0.01399646831661916
2022-11-08,0.03698666791225458,0.03096682718012267,-0.006844201701620256,0.01788787283187543,,0.0053953531338908345,0.02201663894908079,0.008189778921540158
2022-11-09,-0.00826131038572453,-0.04996347933581624,-0.004849117370294809,-0.00168973426166652,,-0.020602218433781738,-0.03196421506620328,-0.006845500165772678
2022-11-10,0.05117018540407736,0.15237519690133516,0.0469347264014679,0.014556478825331398,,0.05495453545753204,0.10347956161082972,0.03437203401328026
2022-11-11,-0.010691682615428855,0.02449128268475076,-0.020823016806673533,-0.02669333518149486,,0.009678405524914613,0.030604214790759476,-0.03394042302118949
2022-11-14,0.04081376549342308,-0.016851446400221737,0.011508632259632945,-0.010284512728004791,,-0.008506617171900599,-0.010947448948652516,-0.012140309874420718
2022-11-15,0.009726479089000373,0.06683481660579238,0.027702279168265953,0.005195691519566115,,0.008528758110385892,0.028981660353059047,0.016385596377468614
2022-11-16,-0.027989537183990665,-0.09291326220084073,-0.006257730432043029,-0.016884898807335347,,-0.0076286589077687594,-0.04128654403942644,-0.007053061191573451
2022-11-17,-0.0158317751766045,-0.01633928626486525,-0.008234358354447524,0.008061673210684184,,-0.0030597867455841588,0.007832435312336683,0.005627257037606359
2022-11-18,-0.023432634848246536,0.02372970058772217,0.0009768927584685727,0.005215563885136332,,0.004540377481554003,0.0022319586138910275,0.007522245235563885
2022-11-21,0.0038912087948586027,-0.03163340192127173,0.005855157538959377,-0.008301617861808719,,-0.00363617475260114,-0.016581746233043648,0.005007830595189722
2022-11-22,0.02829452662499432,0.03266676275703184,0.008246149043257045,0.027206162698634184,,0.013456971219873548,0.029793807545966056,0.003805060899775281
2022-11-23,0.005402618613578047,0.025497545858175652,-0.011546553148940708,-0.007130763544344609,,0.0063018467654176735,0.012081403654307765,0.001985524619561696
2022-11-25,-0.005373587171503713,0.007712106611318381,-0.0034072837195692207,0.009233941856263916,,-0.0002238818606651316,-0.01332472221254144,0.00549445725445219
2022-11-28,-0.03480347528750949,-0.04670805361859298,-0.03028099226775105,-0.051846854448617696,,-0.015956852307062674,-0.024992750212220582,-0.01639336989714968
2022-11-29,-0.015360453531716445,0.0019374602658814855,0.008814088073286097,0.02323086594583712,,-0.001717643364402166,-0.0038639005823565276,0.0018214095155297816
2022-11-30,0.06504500075709108,0.0676890740572369,0.024962550199190137,0.065665425191193,,0.03150061144404326,0.05998854516826224,0.01745458417314283
2022-12-01,0.008068477744501923,-0.010738889754364656,0.005357847028593321,-0.016060300473361377,,-0.0007359085032517809,-0.007190291503186064,0.0008043264503441172
2022-12-02,0.022041631432352604,-0.008501010636213224,0.038032865180662734,0.036642250656103714,,-0.001153672452965382,-0.011291695227533372,0.01874815957834719
2022-12-05,-0.01289152447615205,-0.012399226599581481,-0.03220501252187169,-0.023457629495454047,,-0.017989387730469764,-0.012654519604053838,-0.01025315633416446
2022-12-06,-0.008177630062325525,-0.07038912994802538,0.009645390956805944,0.02500823442400968,,-0.014414637901419614,-0.021033349773911802,-0.018416855735778337
2022-12-07,0.020428004138618006,-0.0031608049945414107,-0.012180531787278515,-0.030497555930167564,,-0.0017012515727089506,-0.002145842407973997,-0.0035180076398519944
2022-12-08,0.02014005402760377,0.033727330944824274,0.0016923782539877141,0.0023178706309876507,,0.007834024790427163,0.028908241664034273,0.0051597683088771
2022-12-09,-0.019624013277026564,-0.026352352428219095,-0.05092928278182507,-0.024777006562867077,,-0.007470478735571939,-0.009259498943531619,-0.007384795651665166
2022-12-12,0.01712273715275403,0.040956554821844904,0.02187178136003265,0.01558262457112125,,0.014417402291504455,0.0177040556990109,0.013336939164367179
2022-12-13,0.023710556078182066,0.019534928807644514,0.004231016778153185,0.0030020064697164894,,0.007569668666768337,0.017186923546239408,-0.0008074607600674355
2022-12-14,-0.00034723074048848,-0.013763479417627122,-0.014126506202788103,0.006651172762528468,,-0.006393495725368625,-0.01500301418121286,0.0026040927454558105
2022-12-15,-0.02664519273010879,-0.07182911016986415,-0.05907479930657844,-0.03799139746082558,,-0.024461626292025418,-0.04230675486317759,-0.01916695505583088
2022-12-16,0.011664074721893458,-0.022405623497501193,0.0,0.007554921257354019,,-0.011806148997782762,-0.007568193007895241,0.004291901441766832
2022-12-19,-0.010941227066863624,-0.028799628064981708,-0.022442008865670715,-0.021131589502691783,,-0.008479535532222249,-0.012378570856876103,-0.005910208816109486
2022-12-20,0.019269588531599213,0.003260233197527773,0.04837429607026267,0.024373286200392252,,0.0013682308104596697,-0.006098971802491859,0.00823189759157783
2022-12-21,0.029758417849218954,0.0334261810068901,0.01199124717522948,0.052685222061216175,,0.01495270620843936,0.022518764591803242,0.016692208886472493
2022-12-22,-0.02538522452615566,-0.034141843136127226,-0.022668535855903116,-0.031643511913600264,,-0.014266359330570633,-0.04041175862504698,-0.017756639903940274
2022-12-23,0.001976731092388384,0.015348696555886221,-0.0036900731591447133,0.010003372680852607,,0.0057523750008299235,0.0008606774435153675,0.007085823016957482
2022-12-27,0.008935823728222658,-0.017559879428869052,0.0021163933277446034,0.038296461285924455,,-0.003943612260593254,-0.018057876853695642,0.0030668222683631896
2022-12-28,-0.014837715857692224,-0.025334179621238184,-0.035638737772862195,-0.028616899969664322,,-0.012427821892214141,-0.014740915917925701,-0.007374125750068794
2022-12-29,0.024635073528878948,0.04353372319322246,0.021899607435847956,-0.0016366362785336097,,0.01800020488659637,0.03190799113216758,0.010328144070009815
2022-12-30,-0.002848690484800853,0.0022923130424246096,-0.010447450217899168,-0.02098358654585053,,-0.00263395245317799,-0.0009186100455573776,0.003048812653215993
2023-01-03,0.0042279610624302855,-0.02225983045953195,-0.028695120177647082,-0.010046923585968592,,-0.004210009366080736,-0.009741999982744609,-0.0034865685908848087
2023-01-04,0.01183447104475932,0.04911920656900515,0.029264396393456238,0.0497294061996445,,0.007720470117583256,0.025740710438380665,0.005741420677403575
2023-01-05,0.0002250583786074234,-0.008472056989380805,0.006498435243100786,0.02964872884098546,,-0.0114136109590941,-0.016861756951277562,-0.001337938515417969
2023-01-06,0.022262068493786424,0.05426471311981551,0.048964820296536704,0.01784036560917368,,0.022932219922481956,0.046532267818901074,0.015451989142875489
2023-01-09,0.022877202613093894,0.05403085014099718,0.015131841623982956,-0.0018450606533337854,,-0.0005668920219097373,0.018423398069630004,-0.019086995394540285
2023-01-10,0.026129065525333006,0.031161543513110068,0.05709945334213229,0.024029655452678655,,0.00701270984056146,0.012932856829107164,0.00573884630571575
2023-01-11,-0.002305296335187723,0.034798604927729127,0.027007607071220407,0.022563175755970555,,0.012647953963115466,0.012901277185990878,0.0059735962541835885
2023-01-12,-0.008402547023594775,0.002654810600995372,0.0181522620121235,-0.0029421089697007075,,0.0036408854742195906,0.012157796933373488,0.007887768352393243
2023-01-13,0.022561154977009945,0.003656613233946615,0.01942837870807579,0.045736183681785114,,0.0038794741866499116,0.004134260465361361,-0.012046924639988466
2023-01-17,-0.027760476460200967,0.0008793782017901819,-0.019058110519443616,-0.018340793915600728,,-0.0018319597448985814,0.0011392035292352443,-0.004984402535640142
2023-01-18,-0.03728965761382763,-0.002510440487544452,-0.006171515090629853,0.003161845572199118,,-0.015788096524889328,-0.005250460913693633,-0.017264628172377505
2023-01-19,-0.017706838480928355,-0.04945250511999133,-0.004829764628285105,-0.015186320080849747,,-0.007279661578648566,-0.02805362281084356,-0.013016464121777038
2023-01-20,0.018026022347081838,0.03918463743098877,0.023341779485327896,0.024149021147763294,,0.01862886005019604,0.03129776691908126,0.008484690302654974
2023-01-23,-0.0037627021037589525,0.07426731605617398,-0.0033873649744405876,0.00880674863280495,,0.011998711072644053,0.050216537234280656,0.010791038699342392
2023-01-24,-0.0002221358887206648,-0.05917233817124823,-0.0276457864163141,0.001408140076635478,,-0.001073270540205118,-0.007557857295957038,0.015199571371292686
2023-01-25,0.012777763887008797,0.00025218583832087305,0.024003745912624996,-0.020528670248720182,,0.00037479710149446177,0.0027128444041659705,0.004188489653796701
2023-01-26,0.003291326398920047,0.029863998385793122,0.057806087600169365,0.042204918998746566,,0.010990355547432218,0.016852065191511834,0.008519755556921194
2023-01-27,-0.02176076388081616,-0.011134267961412259,0.05722897923847681,-0.0027547789593064254,,0.0022977304348850147,-0.006370350015457049,0.0006160294379935483
2023-01-30,-0.01564936688757068,-0.04343002365785298,-0.01123824403345386,-0.0016574964648189416,,-0.012546831957661042,-0.026553819186376226,-0.004573056430323019
2023-01-31,0.024869457575496412,0.04533091432242364,-0.0020665634206078476,0.0069175430055929965,,0.014703333548983233,0.018648004023759546,0.013075294163627627
2023-02-01,0.008310371727385357,0.05402046462143084,0.03168340342435694,0.009618089988699507,,0.01062767329062897,0.05214554749390965,0.0008720004804623205
2023-02-02,-0.005494614191738245,0.033619577181117855,0.019269551159526666,0.05661398806022655,,0.014557224567693705,0.02316743808624766,-0.005576268899835202
2023-02-03,0.005414535793734965,-0.038098388273987704,0.003347739096623892,0.032972663301373606,,-0.01062918537752533,-0.01951370742629921,-0.005432491474125722
2023-02-06,-0.031981711773497845,-0.028848478287662682,-0.025711457379676728,-0.021196970236037282,,-0.006111494978407905,-0.016240535281278667,0.0067836014685271895
2023-02-07,0.009650342577867121,0.03786218103214534,0.0257857114794684,0.01426755091187304,,0.013078768102098737,0.031801025139887695,0.008837892377774326
2023-02-08,-0.015292738900454683,-0.02134893358743528,-0.013943449765403848,-0.015825195839804906,,-0.010934906872427486,-0.02150303680556065,-0.004250151088891152
2023-02-09,-0.027064119134369236,0.015461913687573547,-0.01852222882293164,-0.016334849021527265,,-0.008669225872653286,0.0025521342477594633,-0.005749109838724009
2023-02-10,0.007629158436437411,-0.011331321415785855,0.0012173702154476551,0.0018162867971291963,,0.002333723662691023,-0.015909349479290902,0.012616199577671017
2023-02-13,0.01292940869688608,0.014087851565013798,0.020267817402942923,0.01864804996947056,,0.011739073432605052,0.014705299114071035,0.006575377792406245
2023-02-14,0.007589861065664394,0.0023546418573621164,0.0,0.016272549195334607,,-0.00046020854623851637,0.018151163811673587,0.007392110322397283
2023-02-15,0.011526943907030018,0.022315959773287153,0.0196663635697365,0.007255368825955122,,0.0032475225844830202,0.004079966339761043,0.0032423122077747113
2023-02-16,0.2412275145319811,-0.0001147894373461078,-0.017533854568385188,0.0019871295178841564,,-0.013768751655390377,-0.024519827712441655,-0.010631042093221521
2023-02-17,0.017543867073970043,-0.01780995528829099,-0.0035694484722390563,0.022310399664715153,,-0.0024984640268824743,-0.015573894809397526,0.004212289350133291
2023-02-21,-0.03894947063851273,-0.05568551748994721,-0.044377855568214275,-0.015518990744364691,,-0.020060951744074518,-0.032385964845004334,-0.00975870995413941
2023-02-22,0.018658914208680377,0.02081281761540743,0.0068719527653966495,-0.0059112776549117285,,-0.0013780517223560551,-0.004795704369297771,0.002766133655076164
2023-02-23,-0.01032339690272599,0.042475624055524186,-0.013857196749641476,0.0019821113763041076,,0.005319271066065001,0.03288231789367835,0.0012932745059999196
2023-02-24,0.00027681422245584564,-0.03527339274049568,-0.007969829567944564,-0.022997040968284033,,-0.01068215263499006,-0.017911851826485026,-0.005509948275732812
2023-02-27,0.01153578863282867,0.014359528039894931,0.015222107709884192,0.019741904002284816,,0.0034057624567662703,0.005291669966984491,-8.685110881490044e-05
2023-02-28,0.018885052649085576,0.013918901302929942,0.006455569432286978,0.008935234603403064,,-0.0036960310683812336,0.003427969455857216,-0.006839762356356527
2023-03-01,0.014326706226841068,-0.002346811249233083,0.044485747415529575,0.027552248212629138,,-0.003835943879336834,0.00026818648930726496,0.009153633216147483
2023-03-02,0.006532499417229776,0.0005880601953185405,0.006141286124147882,-0.0016758365826450294,,0.007777458695067407,0.00800144092994004,0.011402660062800551
2023-03-03,0.03131041603859419,0.026563135825421247,0.024414126449375573,0.025659464634234963,,0.016037845793303696,0.015415058980165597,0.005637287118632983
2023-03-06,-0.039204111517930684,-0.030226528076173764,-0.03747833942760115,-0.006079077237495678,,0.0006927200983344317,-0.01163014948497465,-0.0019533463272178864
2023-03-07,0.0007965379036722897,-0.0278631922555701,-0.01597452192714721,-0.009644786252659854,,-0.015328805568996628,-0.010537544037459434,-0.007999423282178508
2023-03-08,0.0015920135142581948,0.043114043972827254,-0.00852270181321546,-0.003087820858185375,,0.001632018049163575,0.026587776290085463,-0.003946038243276884
2023-03-09,-0.019514334741636996,-0.03900336401065918,-0.03233724611318334,-0.03716943835878406,,-0.018449812778119856,-0.01986959765698948,-0.01713886872009185
2023-03-10,-0.03620324862988478,-0.0408286515603854,-0.04589675495083123,-0.03291259642117017,,-0.014429411197526387,-0.019327560284511436,-0.009551629855785282
2023-03-13,-0.00962429745655824,0.005810093496577018,-0.0113060088037088,-0.019959123783211186,,-0.0014252820882890704,0.0002964769638904574,-0.0043349239689852714
2023-03-14,0.02726666975747083,0.03541386027615512,0.021524779206576472,0.02036560338203297,,0.01652991988479835,0.029233183857021672,0.011373526288699143
2023-03-15,-0.046289377481030014,-0.021588850561150452,-0.08318688027667409,-0.06960084680809031,,-0.006254159393343617,-0.011658709490252273,-0.02231579333285505
2023-03-16,0.026482919040820674,0.04251889127233621,0.009336909944933192,0.03355338834498789,,0.017545204984054985,0.03905329957763626,0.014737577541573454
2023-03-17,-0.012477762040710605,-0.02901295165556317,-0.08942131596092173,-0.037786107356416965,,-0.01169263769632145,-0.00619009438061191,-0.02178526897816413
2023-03-20,0.01491540954143522,0.013715270050541184,0.05105494377288,0.037057526500066995,,0.009615454556822334,0.01057731535898343,0.015208990205308304
2023-03-21,0.024524952206829598,-0.014617097694908154,0.011152479729522158,0.034666646321614536,,0.013130647289386177,0.001976727489834351,0.009185052194187193
2023-03-22,-0.009136567756168001,-0.029300012798574193,-0.02034323454852538,-0.021907177598838756,,-0.017046564998578595,-0.009935028554658887,-0.01996988776632802
2023-03-23,0.009128835618567699,0.029300345190229615,0.006755046264205422,-0.005006651846811039,,0.0027034580169014166,0.02724727340838884,-0.0009040377026789947
2023-03-24,0.01416286103943043,-0.04245375129590123,0.018886656653171352,-0.0007944592327951971,,0.006561991296508918,-0.017344339181233903,0.006604604450703766
2023-03-27,-0.004865335947843996,0.003459518422193275,0.009268138490933442,0.010336586121922897,,0.0018700532464619446,-0.01173585740326899,0.009347474877320794
2023-03-28,0.005885094658342416,-0.02937039388771434,0.016191666780004832,-0.0010492419189609414,,-0.002245036212634277,-0.0074930036302953695,0.004897465350057972
2023-03-29,0.011971168680825262,0.06117628003704523,0.025921474277053047,0.012867590341603785,,0.014535049545921774,0.032144058846720114,0.010810864776279239
2023-03-30,0.009339046238588722,0.012397730206683777,0.007881413874698318,0.010111469866067146,,0.005855184253900081,0.01646845066272129,0.0027176384488707406
2023-03-31,0.022206707554539795,0.004286015972059687,0.029438701633430098,0.012833675866262384,,0.014094583095090485,0.0062000243740285566,0.006119968873792514
2023-04-03,-0.005517263313386089,-0.04036087302258595,-0.0022339854632466016,-0.0032944058903722206,,0.0038106025281678946,-0.008635451726737853,0.01564132860224321
2023-04-04,-0.02505196217336525,-0.02210943110118535,-0.041200254729111374,-0.022629116778809077,,-0.005548080846610515,-0.018646483611245213,-0.01112250283223637
2023-04-05,-0.007646526611854498,-0.015332622314613076,-0.028491333343799163,-0.020811635422501862,,-0.0026183990656374334,-0.01733690963542145,-0.008392447406571524
2023-04-06,0.007974125688520406,-0.012536062418151306,0.001682624510925601,-0.00026563022569958683,,0.003901078221517418,-0.005151667817095418,-0.0016577704748375055
2023-04-10,0.003999958112014701,0.018441615776970233,0.014878827566620734,0.015413180969821028,,0.0010263368824630081,0.017662998981214928,0.009788567060891484
2023-04-11,0.0035414216781339825,0.003674098679909976,0.03334111476277646,0.009421633577004096,,0.00026853803412096866,-0.005251222621614704,0.00095189036270793
2023-04-12,-0.0028230573616864207,-0.05752389360096133,-0.0013729937004346437,0.0036297482695397676,,-0.004075999121553764,-0.018288752309127965,0.005879911895357859
2023-04-13,0.011058894553517495,0.010542508097636016,0.0357470956167687,0.008783264289052184,,0.0132827198490999,0.00823225962745977,0.004813757042775313
2023-04-14,-0.0033250909708454346,-0.008648000030571756,-0.0042034695787572796,-0.033546673090597445,,-0.002442690964016836,-0.001557502025139157,-0.01668232820064741
2023-04-17,0.0039508607105889215,-0.006784790966375742,0.023994594235066335,0.021727600910311562,,0.0035882743780331072,0.0,0.01035323751305861
2023-04-18,0.003935380617818174,-0.0015335913647971378,0.03645039867106825,0.029304906980648138,,0.0006521948705915381,0.004325340356509333,0.011022131577840932
2023-04-19,-0.0007840448328084726,-0.00013961190266509327,-0.00858290339183676,-0.012345625616620337,,-0.00016906000329675042,-0.010942969592144136,-0.0038326817030314153
2023-04-20,-0.013948205545390113,0.03253746316857442,0.00042251614968957796,-0.009438748078662518,,-0.005457089864543629,-0.0009279879151145032,-0.004787962016593927
2023-04-21,-0.025285183113755605,-0.012171968630100505,-0.01076400230965946,-0.009013707759818912,,0.0007769524334861888,-0.00733529519205689,-0.007130559465669317
2023-04-24,0.013061382939026034,-0.001369399770079771,0.03712376093474368,-0.0012993564879247854,,0.0010432772949393598,-0.004486485758292913,0.00043259593441069555
2023-04-25,-0.03464963525987508,-0.048944135333881866,-0.013988662708544153,-0.011449352672779578,,-0.015873931778421668,-0.033595273440301554,-0.011676257707569748
2023-04-26,-0.0019477277180884878,0.03733575907968789,0.006467609196811885,-0.010529126301819347,,-0.004235531068109366,0.005336786403919547,-0.020740175439701636
2023-04-27,0.010315120577396142,0.020567193958144214,0.11795193163437379,0.020484183416813906,,0.019908006658808874,0.004217051153972529,0.014745264353734244
2023-04-28,-0.0037712439016704957,0.020152498679020026,-0.02206562232972975,0.006777849775712497,,0.008535183751525288,0.018031558868868425,0.0036108045491838325
2023-05-01,-0.0030468069174403034,-0.00013346241237077727,-0.01789128255625705,-0.018125343922822612,,-0.0010097055416328216,0.009050462673185322,0.002544572237174192
2023-05-02,-0.010835198082075226,0.003475441083500286,0.05310089416627872,0.010284895125999727,,-0.011239341484651999,-0.007141786624708324,-0.004988982765780525
2023-05-03,0.10579523411315428,-0.0018650286703535413,-0.040670032155736946,-0.008091917571873108,,-0.006863954077901968,-0.011479611639922949,-0.011787491627507807
2023-05-04,-0.09939882058273697,-0.003202930419542005,-0.04623052367586522,-0.06947366814864309,,-0.007082940238092084,-0.005610480692971542,-0.014420423367277446
2023-05-05,0.001410084317970739,0.05462560368116387,0.011062043574415537,0.04185518995163884,,0.018512631002797653,0.02224815459537366,0.009392992919428522
2023-05-08,-0.02149824562475766,0.00863289687457014,0.011935559672841434,0.024158506676496883,,0.00026657261311302527,0.004217972170406092,-0.0055475498875550144
2023-05-09,-0.005660588094970498,-0.015229633304661427,0.0041282694921589425,0.0005300943017845228,,-0.004385344745768238,-0.017016538225695266,0.01160690319189328
2023-05-10,-0.0069470219095102426,-0.0016617372246116036,-0.01507439977907632,-0.0010596269013866122,,0.004672258556926101,0.010181428567021866,-0.008271840460494118
2023-05-11,-0.004663872605511488,0.19613374517963922,-0.015305192593571104,-0.038186122027828784,,-0.0017438812258462333,-0.006550011898008301,-0.0033184123714870006
2023-05-12,-0.007907120463816475,-0.03435717632825863,-0.017561563555393622,-0.0314309174320514,,-0.0013102730838957521,-0.0009247598618472574,-0.0021594923781318442
2023-05-15,0.012889896922311905,0.015628302298804186,0.029381450556426936,0.03558212245927117,,0.003449961655476619,0.027153031087040924,0.011993894361216562
2023-05-16,-0.009908776581607048,-0.00021829320671507002,-0.08423163824860203,-0.03875755376620604,,-0.006682494018824481,-0.0018730721800633843,-0.009713229040350213
2023-05-17,0.025117843504738113,0.021613469895009008,0.020706419157965117,0.03917640503465836,,0.012138778307791753,0.024703284938931924,0.01718730077955888
2023-05-18,0.010145509497631044,0.04776166228867451,0.012171633846817853,0.0049532279697297454,,0.009633244180126121,0.031594746928339745,0.0025652816881815976
2023-05-19,-0.0018001876196029887,-0.013053409792199488,0.008016734948579796,0.00246440721412311,,-0.0014549661849799778,-0.005145766939025687,-0.006706114861392054
2023-05-22,-0.003322444651243095,-0.0006198715761431828,0.006069648165590857,0.022125035375299085,,0.00040597709137979443,0.0034556886170586942,0.004352839072353287
2023-05-23,-0.006476226413924424,-0.017679932544758525,-0.022051345144688983,-0.01015492442576671,,-0.011222781385421543,-0.012357171061480154,-0.018928023077989242
2023-05-24,-0.02051375436810232,-0.003157666540756776,-0.03105710539565132,-0.033747299381841955,,-0.007244900386179531,-0.01789059419043848,-0.010097228178678641
2023-05-25,-0.015560628095891205,0.053215240689677534,0.007464318274715831,-0.013411554343606635,,0.008659974205849741,0.06660000288835355,-0.00728597475867554
2023-05-26,0.03827416296746722,0.07488718432864383,-0.0006537166570567132,-0.008779421162115941,,0.012950691011507809,0.06535698524190536,0.006146834073594842
2023-05-30,-0.025500944675955317,0.007088290671057429,-0.020715276421167772,-0.01142861502511161,,0.00038087163828981474,-0.0008371931239506969,-0.0019149334920526284
2023-05-31,-0.01288738734416528,-0.025282383543832165,0.015586731117726238,-0.0005779376863661589,,-0.005545075901445595,-0.025671652239978915,-0.0073084635808026155
2023-06-01,0.02561306056246737,0.04370521063589772,0.012935894345281973,0.049450520356450145,,0.009500832520442204,0.017201785670289516,0.01380447313661981
2023-06-02,0.059566333640160396,-0.013290840850320396,0.06060597633218845,0.06861388263851342,,0.01446138547725817,-0.0023510075615729153,0.02287563943443871
2023-06-05,-0.037417453617132446,-0.02038930365087699,-0.017347002585332394,-0.03326449565333056,,-0.0019164242676859011,-0.015482914810646231,-0.007632182120287934
2023-06-06,0.04201613737693832,0.010830622671341494,0.041744613227245875,0.026406983714224674,,0.002177495999005963,0.012072869506764228,0.009032470771044299
2023-06-07,0.010971818118246546,0.016398034725453092,0.03708141594088099,0.018711050656662342,,-0.0034576731966026175,-0.0014729293295827617,0.01711473284532561
2023-06-08,-9.031293010219876e-05,0.0022917969413964734,-0.0034603231176723037,0.00765304161279956,,0.006048552815833164,0.010236078548187644,0.008120864224776092
2023-06-09,-0.017366224492432303,-0.0023779539015834628,-0.017360941602856172,-0.0030379476426523055,,0.0017941862749504267,0.0026361330863717836,-0.0031183444553675166
2023-06-12,-0.00653539444796436,0.02530241669270339,0.010208198828708381,0.006094409783138577,,0.00907193481795665,0.03220635872825439,0.006603666451347356
2023-06-13,0.03752448964427635,0.017167411906987118,0.02176436790566627,0.02826862132196295,,0.006592946362968588,0.013391852561301043,-0.000776911233308919
2023-06-14,-0.018485508389501137,-0.004658766168633921,-0.018828597965319216,-0.026264198955274876,,0.0011907533944097715,0.014196958797319192,-0.010884607099157062
2023-06-15,0.023109841172356482,-0.03179385431536785,0.008528919173147909,-0.003276966458741426,,0.012397817650469545,-0.008267316068525155,0.01082961964387441
2023-06-16,-0.026411601446814648,-0.028459332835946483,-0.001537700565572231,-0.006322711032154427,,-0.00340614191523414,-0.009233999509563495,0.001209647362699684
2023-06-20,-0.0003654139642437215,0.007698786588052231,0.0028873009795240545,0.027233384318944065,,-0.0051883856353379665,-0.008098656003382554,-0.005522942966174504
2023-06-21,0.0023754931496617893,-0.025062920474190786,0.01900192176684179,0.023042623664808692,,-0.005123631572994891,-0.02437468258264175,0.009198234566600627
2023-06-22,-0.007018984876454359,0.007549789160172127,-0.01695225382119847,-0.02300801021736476,,0.003609692901579864,0.004662740785770447,-0.015391166498231024
2023-06-23,-0.01597356474063183,-0.017926511608827633,-0.014561992481211372,-0.027020330898981593,,-0.007560074657919746,-0.01761203183886839,-0.007510252705173914
2023-06-26,0.006903499557847637,0.010527298782952332,0.00777744198884478,0.019363014561355474,,-0.004085698435475904,0.0032389037876769944,-0.0015838321208023753
2023-06-27,0.0207542652647692,0.04262629748897484,0.015627973096037362,0.02049496485682578,,0.010963372571320296,0.034937896330878404,0.01242598778593762
2023-06-28,0.009712340439644418,-0.010083396829174696,0.02678575919229198,0.018613722445516956,,0.0005043250220782003,-0.007709281982935412,-0.0011314391378444144
2023-06-29,0.030204750476036546,0.009075128424091083,0.029232159935699276,0.03847074941694917,,0.003941241367687587,0.00028043144335443415,0.014030414722212559
2023-06-30,-0.00349014122410074,0.016976962964443176,0.008987836581073605,0.024079670030001,,0.011800863972152298,0.015454110302606017,0.002664328792183257
2023-07-03,0.0073553799285452914,-0.007128766165598099,0.002850759896277255,0.008591478002444086,,0.0011505051261953003,0.008890950758002614,0.002142569292378438
2023-07-05,0.0005215625154346704,-0.024902239460872555,-0.019541756743250427,-0.015691565867789303,,-0.0014870685429692054,-0.022099795093436958,-0.0016248766050689367
2023-07-06,0.012076510211102232,-0.009040762430265525,-0.03025909275419847,-0.011159227514679126,,-0.007830668599443147,-0.012608372826801051,-0.005482859359246306
2023-07-07,0.010902267605475524,-0.004514734010298893,0.011397443342875624,0.01888538793416994,,-0.0025247936236176827,0.000424879819910684,-0.00043056068928470914
2023-07-10,0.012143244653357588,0.015211565024440432,0.01995206153800111,0.04091314398558765,,0.0025311843417037405,0.02081490102132033,0.00611838508275353
2023-07-11,-0.0021812379117789327,-0.004746413865755694,0.02082958691596626,-0.011726404440257965,,0.006368466168372056,3.944643868103448e-05,0.012162891178042035
2023-07-12,0.01933897804783835,0.005049684040885349,0.018097925181868257,0.002417064698055915,,0.00804592520460412,0.018626132882958002,-0.0063470428092560205
2023-07-13,0.0011549253828935235,0.04624100936924691,0.016033386802157157,0.01994738861723433,,0.00793677916637292,0.020658774079541642,0.0011924068425919199
2023-07-14,-0.0033781200253412136,-0.04277447691448788,-0.025386051272174193,-0.01891247101879412,,-0.0006228082598912499,-0.01250277423811319,-0.011568503518866624
2023-07-17,0.002810722779410524,0.03808989396064422,-0.016015306851725142,-0.01774373157100173,,0.0034722860316647175,0.023932254940803643,0.005163584160341239
2023-07-18,-0.012365957076398204,-0.010381211626310227,0.033804310486564626,0.01605711905113738,,0.007430644198126002,0.0018473072367972687,-0.004452028262444951
2023-07-19,-0.029465840769675844,-0.01935268224424136,-0.014705802114360567,-0.002194957985163337,,0.0022235742640104306,-0.011871898423237437,-0.005761978809158852
2023-07-20,-0.0027522621825499805,-0.04537052137852049,0.008077257045628672,0.00703914873006517,,-0.006634436156640944,-0.036367022234014224,0.012109669244773524
2023-07-21,-0.013453999150391915,0.009466693792162806,-0.01950870197933352,-0.009392754841449524,,0.0,0.00902979035839957,-0.005384264306904418
2023-07-24,-0.008567148216577003,0.0034450603188558304,0.005151683145306674,0.008379296160992977,,0.004467338747906391,-3.934745089373415e-05,0.005069660281305843
2023-07-25,0.019663155262178655,0.005054252234186318,0.004948842168976952,0.0120270991158129,,0.0027300638846694536,0.016821788657257475,-0.020517903980964425
2023-07-26,0.0032861125629777277,-0.009583482944344746,0.005627772056743474,0.01469317897821476,,0.00015367441523195247,-0.013808536731224286,0.015012501786285659
2023-07-27,-8.620394010738774e-05,0.022322452841761375,0.02973071778788694,-0.010860271113204423,,-0.006630060036750818,0.018805937923796368,-0.003869590061526318
2023-07-28,0.00043105685933575444,0.016868123672554525,-0.0033965882822665217,0.01205592140787548,,0.00979043534715962,0.021832407004420684,0.009409471546236059
2023-07-31,0.026537993162355278,0.011058754718783259,0.020108939706953155,0.014252329452555612,,0.0019040052219059245,0.00414575127333161,0.006756218528764846
2023-08-01,-0.01846562123008455,-0.017607711399464376,0.007183375462542996,-0.015939642016906008,,-0.0028616097156412,0.0006350738868092787,0.0
2023-08-02,-0.0772192192227974,-0.038354527114102255,-0.029855534735364064,-0.03942878402210903,,-0.013910633214789914,-0.03827182842339483,-0.020557167716845015
2023-08-03,-0.03716063777694856,-0.007822224527157529,-0.013848616383148271,-0.020190811040023404,,-0.002866002243277266,-0.0025626048910466492,-0.002168298301940763
2023-08-04,-0.0045234605061454936,-0.016643985081748136,0.006414544882137552,-0.011775372725553734,,-0.0045227269061109965,-0.0015764360014183243,0.00521499335528941
2023-08-07,0.032872373077761585,0.019400211304855697,0.03324721009397802,0.020623316646800616,,0.008728560344392067,0.01052634934833141,0.014526591770211095
2023-08-08,-0.01132644987739262,-0.013593671874426394,-0.021673644980125695,-0.014818137266405462,,-0.004348745090910544,-0.015914397052006035,-0.004346742588155705
2023-08-09,0.003219092512301014,-0.016340161417784715,-0.026755278322147524,-0.013673707251897427,,-0.006685283445913015,-0.018347011238244004,0.005735344862213276
2023-08-10,0.022367027222106373,-0.00010022149877775277,0.00822976756203797,0.020332742443056162,,0.0003589832659227632,-0.004033661087930573,-0.004936505111741041
2023-08-11,-0.016708370541927198,-0.03702953239822515,-0.000868555002386695,-0.020380469406447443,,-0.00058311176439374,-0.02423908784790918,0.0027371421900823645
2023-08-14,-0.003942812754873737,0.023903566838876067,0.021554219432669885,0.0023116572514656486,,0.005520062860039143,0.028848087058130023,-0.002900366686695355
2023-08-15,-0.013572007349068937,-0.026897841583055748,-0.011570781101260752,-0.007610743229000239,,-0.011648845341397318,-0.016695524996066524,-0.014030305283075806
2023-08-16,-0.00936361541855324,-0.014811844131293994,0.004992454046493622,0.020218516645661877,,-0.007337953029385558,-0.01935546203238525,-0.003904441280786819
2023-08-17,-0.0012538817959941717,-0.004658573974447577,-0.014902426265158697,-0.005922599708275578,,-0.007620085544662425,-0.009775642855774147,-0.008797953720680929
2023-08-18,0.011202219841153438,0.007871514739053787,0.008346314330065718,0.01993581448333237,,0.00048133164004759976,0.005375248504331687,0.007469880229006964
2023-08-21,-0.005443619021187951,0.03366768279325849,-0.0036338223234574363,-0.01190740955477565,,0.006506236440642299,0.028729493810023543,0.0005234530246880365
2023-08-22,0.027462960200264286,-0.007453634974511347,0.0019102956844458951,0.013415192331261538,,-0.0027085626880147817,-0.00881693984914167,0.004010427642810566
2023-08-23,0.011215056854087635,0.019133739171184105,0.014387367622470615,-0.009199009428302096,,0.011137782532248508,0.020443152501587347,0.0032998937143102758
2023-08-24,-0.015175379246759935,-0.0392651660992408,-0.012474491754549621,-0.010416645970609428,,-0.013859152328965618,-0.03304922647238018,-0.01817564189769516
2023-08-25,-0.005825404937526479,0.01365841162577408,0.018169247117323817,0.0009153527420819874,,0.007049932613076182,0.004300733871716478,0.005465337616002319
2023-08-28,0.005481539700608273,0.007048042570720892,0.019034741523984655,0.003429302821803093,,0.006341243292783849,0.012661749793633659,0.01201131249564491
2023-08-29,0.01767071781254681,0.03314117638930614,0.024849825369759104,0.02027795402198973,,0.014454721180120478,0.026267681878760607,0.0024257917997767553
2023-08-30,0.008866933864157822,0.001992369501527147,0.020504465154469242,0.010942422774100846,,0.004118847172444484,0.004714857619742663,0.008728626888159896
2023-08-31,-0.004028513948144519,0.006860237251117951,-0.0012756255836897656,0.0013254113692133807,,-0.001463262788745645,0.006921021939588767,-0.004712075365379209
2023-09-01,0.0225205994700024,0.012047102236026008,0.027143509315559866,0.017648338953131892,,0.0018650763570722262,0.002604435226363666,0.0023241790974155574
2023-09-05,-0.05061133588943967,-0.015025935210907115,-0.03497595566650724,-0.022545000898475664,,-0.004321807691698432,-0.00033212424531636753,-0.013826912418245185
2023-09-06,-0.004828931301717021,-0.012580417073126293,0.0032216459406986253,-0.003548455242196935,,-0.006722523940093872,-0.007229001021080372,-0.012714445223633297
2023-09-07,-0.009705167450295704,-0.026484735983592245,-0.0036930638381273972,-0.0008902941298830624,,-0.003070240486752196,-0.022887873779511403,-0.000441028516515507
2023-09-08,-0.014027536853196576,-0.009377614693896863,0.0037067531140095866,-0.008910619661845698,,0.0015061541806753453,-0.00517607316977442,-0.010501233998514325
2023-09-11,0.019586788441166902,-0.006449648237124239,0.026974897333211567,0.0013485627406211176,,0.006576583479601217,-0.0005667902895796217,-0.014447441132305006
2023-09-12,-0.012998252810179411,-0.013506360724561572,0.004846877307480568,0.0024691495451263368,,-0.005485667217962065,-0.008488122365121864,-0.005248443740488273
2023-09-13,-0.0019365579251381382,0.006474180093873905,0.06503784096014553,-0.020824010487086264,,0.0011660855582258378,0.005128319203787202,-0.00400262698807663
2023-09-14,0.045114922395633306,-0.002530850666873641,0.012856178741719626,0.0313285832660839,,0.008622339509676724,0.007154850213756392,0.005662578761614467
2023-09-15,0.0009283502919592568,-0.027381411995811455,-0.03331886088756053,-0.012195105447201593,,-0.012048268380045357,-0.02886037819837539,-0.0026336135941034122
2023-09-18,-0.024207082377955103,0.008695729477972813,0.010146191629264445,-0.015712699773901218,,0.0005863893298267975,0.0034084295557397226,0.002003282545307794
2023-09-19,-0.004372188106898767,-0.00915962584260821,0.005317526517425231,-0.007069499871857343,,-0.002073842754157895,-0.008429511167132753,-0.00572523579383466
2023-09-20,-0.022816174775105114,-0.013376606822833259,0.00587738981319319,-0.016766181141167458,,-0.009193219507414807,-0.016417594179481965,-0.0038388970556754165
2023-09-21,-0.003712291691089442,-0.007826300175468592,0.004820389866004859,-0.025694983731176624,,-0.016528498138214553,-0.018453924629505458,-0.01715750676022043
2023-09-22,0.0006862855477074437,0.011443174504553788,0.0031981015798283607,0.01174782280561626,,-0.002248363516170415,0.008329692064960037,-0.009241920535226766
2023-09-25,-0.005291578531145591,0.005602020351320736,0.01028822271579477,0.0028435765335377283,,0.0042052117453030835,0.007316391128488586,0.0041458684180402106
2023-09-26,-0.024628354792355922,-0.029819805507434127,-0.023235631857035144,-0.02481094623422131,,-0.014691492064282441,-0.018157180277036944,-0.008886236480237453
2023-09-27,0.006666090361117982,0.005966946203664225,0.007048426926255624,0.0014538738217950709,,0.0003992285296896547,0.00881785886843578,0.009392938712277754
2023-09-28,0.027390586864349586,0.02674880985524819,-0.005541114686250959,0.0183885382981559,,0.005797384548081652,0.018516923693472354,-0.004981829565904983
2023-09-29,-0.004785126129129513,0.0236536887152059,-0.014515960558914798,-0.022333063038755707,,-0.0024268408718579604,0.0036231312094048285,0.0010391247888852373
2023-10-02,-0.018349507123624376,-0.005537052247632235,-0.009373715149485151,-0.006561371755815615,,-0.00039780824976143325,0.005045932257808916,-0.01122941084136575
2023-10-03,-0.013094746868152818,-0.028054550238955756,-0.03139090805995126,-0.005381634416705472,,-0.013386013422892362,-0.020691482608371614,-0.007348623049618475
2023-10-04,-0.014484047413926948,0.046381116989332005,0.012560357292065838,-0.01254299860912722,,0.007281980249475906,0.01327794215368594,-0.004326758426325128
2023-10-05,-0.015005074081752556,-0.019161926192802103,0.0013780326433068257,-0.0129514430386386,,-0.0003768283290253027,-0.0048478636664146535,-0.0038624196200683913
2023-10-06,0.016798633011047226,0.017496754982816,0.025080427902907543,-0.0020187188720278693,,0.011872815247166102,0.02148508771060942,0.009015133927242847
2023-10-09,0.005336267018683394,0.007912235503840126,0.012531965489947616,0.010619519386716236,,0.006402257118859778,-0.002498883163103205,0.04448079948420003
2023-10-10,0.0179645968811164,0.016223330089200072,0.040812798419406215,0.020265137199300565,,0.0052047342863903445,0.012818711913098246,0.007174323212311595
2023-10-11,0.0023062551472678994,0.005356173880868287,-0.0011322601085000938,0.010789662937155997,,0.004096525184811073,0.0075237786361275205,0.0060274923493024435
2023-10-12,-0.010904290269751926,0.0037904819631962017,-0.043650720768526496,-0.039301375512050596,,-0.006096655299607345,0.0025572804041196218,-0.012255049130739382
2023-10-13,-0.019318474360012994,-0.02592359495773755,-0.048607141292351774,-0.05353532862558552,,-0.004980693309998618,-0.02722290231228197,-0.0013784153657906417
2023-10-16,0.021246009052062753,0.02106037054526433,0.01168220006377263,0.004002175232416194,,0.010521367609118926,0.014160179286991648,0.006165865024386319
2023-10-17,0.012118681309071233,-0.004720545226932549,0.0066202971269113675,0.02604303785329165,,-4.5865134732481216e-05,-0.007301872735652304,0.003018503817490137
2023-10-18,-0.028337456087728308,-0.019795824706169918,-0.029213487013544204,-0.01424499425967607,,-0.013325231088872402,-0.018023995123898295,-0.0031917981905399406
2023-10-19,-0.007804671925729756,-0.03365930177954879,-0.019379277953493812,-0.042301643517054566,,-0.00878627754271677,-0.01540565653324022,-0.009697215573277629
2023-10-20,-0.02163101574965287,-0.012735343197745608,-0.019762256209567175,-0.023868282954038755,,-0.012287991864551095,-0.014461244506974946,-0.012655821773739473
2023-10-23,-0.016925918343594026,-0.014002297391483176,-0.0027956404569411397,0.016863362654394365,,-0.001733326080776254,-0.005685684625649334,-0.0006548908295384015
2023-10-24,0.024426969272350885,0.019680214948949892,0.016820548966127058,0.010779419191786044,,0.007539449500823192,0.013569733517788674,0.01048599519757798
2023-10-25,-0.007667871849227792,-0.049566800602712235,-0.01865068899326161,-0.002187531228466044,,-0.014352274963949196,-0.04042414858335075,-0.0018531606921747823
2023-10-26,0.003916186248416276,0.009922666427604199,0.06676590047007158,0.03343374485854844,,-0.011974642931195656,-0.005947325672411852,0.0029704029320878345
2023-10-27,0.008224682607813172,0.003313227363418214,-0.03191321226279287,-0.003182151545958911,,-0.004532718968662586,0.010759680174356356,-0.007403906265209814
2023-10-30,0.009830393271523352,-0.002049849356148159,0.008641315030025076,0.0021281728127877653,,0.011955820391160055,-0.013390760782710953,0.00438223427333595
2023-10-31,0.004349726219393446,0.005711767268880452,-0.004918283141901791,0.0026546932221727104,,0.006280305647988316,0.009146871900456821,0.01986629089519898
2023-11-01,0.0881624280334572,0.008859829132554564,0.028380057526177005,-0.011649420740701744,,0.010664767721626944,0.02353168030217212,0.006462750219703883
2023-11-02,0.005685548894093895,-0.03501485131719051,0.04263546184269895,0.08893649965112838,,0.019164386537934286,0.02272505010345638,0.0204395622359681
2023-11-03,0.048714058085211676,0.07642039824347302,-0.008921661415755233,0.02583023856449529,,0.009123261959901319,0.02627997803198001,0.005229037533795999
2023-11-06,-0.006289357545916308,-0.013440331603863154,0.00930219064164195,0.017505983906002998,,0.0023005973632854726,-0.0018515234556023552,-0.002644984366394154
2023-11-07,-0.026310941979832747,0.0038454644053433906,-0.015311244864479323,0.0021211442833035665,,0.002845995234038279,0.006366221979318132,-0.0017681369895676813
2023-11-08,-0.016714671832911976,0.006676011468835785,-0.001962727674191589,0.01952017891396496,,0.0007324198062597098,0.0010054922171645053,-0.001416766682317272
2023-11-09,-0.012654617695640469,-0.014894450822270366,0.0010589317576921164,-0.015916923898414703,,-0.007798944084167592,-0.004792069062853899,8.850944905725022e-05
2023-11-10,0.015016592662666417,0.054188377469417626,0.008008326920937225,0.024144369033778812,,0.015605028269867649,0.04032879771305886,0.010552695008923418
2023-11-13,0.012438780937392924,-0.01580825668879271,0.02548375824041793,0.01739533440419616,,-0.0009532496851288874,-0.00974182571379334,0.011670701997086974
2023-11-14,0.07985851494520824,0.06967343847262542,0.025288705275273493,0.02069737127456639,,0.019400710648425745,0.03698346783448159,0.007719612754981897
2023-11-15,-0.005436119053626287,0.02267300395498073,-0.030653163261592842,-0.010359211308589189,,0.002117054250281969,0.007262795674564115,-8.603811320762045e-05
2023-11-16,-0.0009542909893341944,0.002819910480507337,-0.016031772088437313,-0.0140312037128133,,0.0012231736733505638,0.0004885079172129991,-0.004304086598675871
2023-11-17,0.003994654031505229,-0.002618128533565689,0.022122608744713057,0.002710615103771019,,0.0012438188591530341,0.00703093376224162,0.000691609140341054
2023-11-20,-0.018683539389158677,0.023429974494765693,-0.002339951904696158,0.004505536510236885,,0.007697435842358269,0.014739791449533746,0.010971875243154683
2023-11-21,-0.0015865426114602954,-0.02745336164486034,-0.010114292445669193,-0.01345589755702814,,-0.0021793332473256655,-0.01869219345617046,0.0011966195846273564
2023-11-22,0.002206934470655453,0.00791185003189554,0.006515720515814838,-0.006137768753390116,,0.003860926500885986,0.0031941307801568453,0.006828133719702256
2023-11-24,0.01030671345667078,0.0065897638071090725,0.008680129616471577,0.0096065452245786,,0.0006152582801683959,0.000718515626991767,0.004492927033147742
2023-11-27,-0.010375840644434198,0.008375842989672533,0.06913656069894003,0.011554194455881017,,-0.0018009234528300055,-0.0013969738136065946,-0.005316767497415387
2023-11-28,-0.008281892871106478,-0.010406752976811262,-0.03819917122521643,-0.009182527063845147,,0.0009903036165193058,-0.005847924648942682,0.0005090685394253391
2023-11-29,-0.004975036990812587,0.008297255722153007,-0.02453890740319775,-0.04000905042065572,,-0.000703718607156012,0.010846137788917964,-0.0010175529704340436
2023-11-30,0.009910594746014079,-0.0010524785013272808,0.02966392736730894,0.03484811631026896,,0.003937668866619726,-0.006979286917458083,0.01748705301460074
2023-12-01,0.019096490593194737,0.037356287049409076,0.031351560483502405,-0.02025027017516967,,0.005915784980840888,0.004692056537472844,0.011847183225114799
2023-12-04,0.011538067529295537,-0.01311174702884943,0.012597578917033614,-0.016953077541913997,,-0.005249354143821772,-0.01120026101339755,0.007915540670974108
2023-12-05,-0.03044601439930439,-0.018431723253525933,-0.044218866408134994,-0.048665279569625075,,-0.00019706069150560168,-0.005683274044733233,-0.008671423766672515
2023-12-06,-0.008226391428889368,0.0009529634098637274,-0.021222795083379098,-0.010429649338670743,,-0.004029798344447277,-0.006168746011349313,0.003300938589889446
2023-12-07,0.02185162663339746,0.011332418414139678,-0.06822766552078552,0.0015056806923088306,,0.007630446943176494,0.026812015228282027,-0.0018918174186645098
2023-12-08,0.0031421334596126727,0.007438575743628828,0.02389084477361414,-0.004009016487693251,,0.004299012020701376,0.007899238107571538,0.007663856840497418
2023-12-11,0.02392766075428998,0.028694248119258248,0.0048486641153384635,0.029182386098417945,,0.003889631742288513,0.034108803939356,0.009731667141023248
2023-12-12,-0.016145544982528515,0.0010905085699772776,-0.011459865745262143,-0.008310930184699084,,0.0045671833638605275,0.007208239802750649,0.0025107768106193973
2023-12-13,0.0329073185348121,0.029406411526079923,0.03294690157740798,0.021690931100191824,,0.013790147568556677,0.015398685585454874,0.014622713804427923
2023-12-14,0.03637437884360084,0.05140175675376324,0.0041347969858309686,0.03691191196948895,,0.0032093312864132084,0.027721468025885043,-0.00589213521538412
2023-12-15,-0.006051378485861125,-0.007547188590332765,-0.021470599944265256,-0.006049286279719568,,-0.0016463939025904706,0.0037200144840530136,0.0004806920367808054
2023-12-18,0.0019482205654504092,0.00523881754897082,0.018935966619581635,-0.0011704833878510845,,0.005624953749335804,-0.00277533577563549,0.0018411957299777626
2023-12-19,0.032001793012432556,0.0021853926888621977,0.020501627234595476,0.03609095340079338,,0.006080955334677007,0.005336808535679083,0.010548289802631006
2023-12-20,-0.02834026212514329,-0.03044539479467767,-0.005347825528016603,0.008142968057151645,,-0.013857424693233478,-0.02964392520978154,-0.016004596505231783
2023-12-21,0.02553115655457794,0.03486158039164433,0.02513827783600786,0.016827462533886894,,0.009482003469575506,0.027678518283868137,0.00959598249001159
2023-12-22,0.012605482247586508,0.0031764786222590047,0.013040411395784268,0.006398961109447265,,0.002009720103321566,0.0032038672847631844,0.005750778235067644
2023-12-26,0.013771207573136657,0.012165602780356721,0.004757104868205353,0.014031996954264159,,0.004222573681947894,0.017670105888858423,0.005400279534451435
2023-12-27,0.008671974603460697,0.0010703026204679222,0.003481490840231416,-0.0015135069151182012,,0.0018078864399506678,0.0025691050969274265,0.0006318820203961018
2023-12-28,-0.002206382691166353,-0.0013981642091257518,-0.007077501963170141,0.0021654065279399504,,0.00037785656054345473,-0.0018744564172297196,-0.0005526625438951882
2023-12-29,-0.00770172491123855,-0.013258633090146188,-0.010482101427514157,-0.01750210846928768,,-0.0028949686440654654,-0.007340307729363449,-7.886403894885596e-05
2024-01-02,-0.012987034568351707,-0.04823902840391303,-0.020339077483760626,-0.025731294309045638,,-0.005596356311275752,-0.03601816666467694,-0.009162687940130199
2024-01-03,-0.02981928413562651,-0.03402305860427857,-0.020040294472819187,-0.03521439244831148,,-0.008166689660125126,-0.021481870315322782,-0.013632020432958636
2024-01-04,0.0008826866547286816,-0.010167020324665765,-0.0008828176243079744,0.02199341576494529,,-0.003221006521007097,-0.00840959404197994,-8.082521033703216e-05
2024-01-05,-0.01491342568084264,0.008162128357718679,-0.015756239113058346,-0.010989000432297447,,0.0013695625547327506,0.005548497565072363,0.000969792650260759
2024-01-08,0.007162705353548127,0.02674431966006985,-0.000897511292372255,0.0071758692851620065,,0.01427600761854042,0.03257442163061719,-0.011385543894724126
2024-01-09,-0.02214311522257817,-0.002303501144205522,-0.0404313545715862,-0.033095809750843586,,-0.0015170437827003447,0.0003396362760450522,-0.007841229716283205
2024-01-10,0.005123887818017092,0.002930390546042938,0.03979414441104878,0.014975067094967098,,0.005655408921280358,-0.003359090372774931,0.006503671438765846
2024-01-11,-0.01208686131377601,-0.0077031945833885285,0.00690380491089182,-0.0009367895740662879,,-0.0004406430412424722,0.0036929150284630285,-0.006461647009661675
2024-01-12,0.014315623919722187,-0.00249847056273389,0.007154486316459874,0.0058602906913785,,0.0006927159626370916,-0.00441169024454402,0.007162239522675806
2024-01-16,-0.03191941521608521,0.008408706949654787,-0.02767518889530929,-0.012817507318022447,,-0.003671365543815641,0.014173063042925538,-0.02484870147731122
2024-01-17,-0.001949548063180706,-0.009846561818530275,-0.027853789677858676,-0.014636424054565667,,-0.005558696218107673,-0.009163151899988176,0.00016758794478399786
2024-01-18,0.018174109746192935,0.039419362465051844,0.03193994055961924,0.01964541595232494,,0.008892873456142425,0.033011211685222586,0.015839775549170154
2024-01-19,-0.00016671313333604942,0.03723494675602157,0.007130840388873461,-0.012923003618674045,,0.012466283833569403,0.03911163242605742,0.004125023653099413
2024-01-22,-0.008592763237413092,0.004404347976729062,0.013257321752310425,0.02166150639776787,,0.0021142803685763045,0.003276668983698716,0.0037794111023741195
2024-01-23,0.0030293646587553624,0.020021406463027747,0.0013379748660817814,0.003261957369956381,,0.002916615057660943,0.006631242208638977,0.0021282894331269286
2024-01-24,-0.02307038919084914,-0.0008110213893607332,-0.01974766218939683,-0.0025545891045836155,,0.0010930524607981607,0.014558632125500681,0.0027770466997163457
2024-01-25,-0.0032633088685202205,0.001948243940336214,-0.06331415808833951,-0.05168803681649081,,0.005438907060566933,-0.002775754198954372,-0.00895978928380814
2024-01-26,-0.0007753650946243917,-0.024629417945200793,0.025388137677089917,0.009820808504162004,,-0.0012705180528642668,-0.02695624868895541,0.0030409742451120714
2024-01-29,0.02750463529096514,0.021596352870320912,0.02800183064262529,0.0128859412966984,,0.00791938209214571,0.010405443488434862,0.001802714856126597
2024-01-30,0.004867131496669952,-0.007567652587057938,-0.025854142592016238,-0.007441223582008272,,-0.0007734241803089015,-0.015447274012052703,-0.0013905493323986828
2024-01-31,-0.023215048344637612,-0.034929491983510697,-0.027014138807773924,-0.01160821184882821,,-0.01631739763971829,-0.014478803553005015,0.004586884369952804
2024-02-01,0.028554197712019613,0.0024638473678679773,-0.013476165742980495,-0.056765347576612446,,0.013088374774142597,0.0049481079077662304,0.008560870191387071
2024-02-02,0.0018286622963303856,0.01228921978524311,0.0036207304807565066,0.015564262015381303,,0.010527345218416029,0.012768753411212197,-0.0005659137281593951
2024-02-05,-0.02331355807798796,0.0014233879198550792,-0.031485764232511704,-0.013537741336837494,,-0.0036410572428617893,0.013663544421887552,-0.0036398255802815305
2024-02-06,0.019792691542710683,-0.008695002753946635,0.034879852281338275,0.011134135605083362,,0.002903040495015219,-0.011660219041947473,0.007549928977921727
2024-02-07,-0.0009163433935751586,0.01104837099623679,0.032395269671489535,0.027912936591133697,,0.008340536431086454,0.015295318658369306,0.007412776939851318
2024-02-08,0.013506633259813938,0.040624087029517586,-0.004754490712122084,0.015196826597582591,,0.0004416452487703282,0.01719113473683409,-0.004638933995932293
2024-02-09,0.02665365176554091,0.017474680432827183,0.008917271273124472,0.036809815950920255,,0.0057793937584749155,0.01991462578600056,0.0016874473433077242
2024-02-12,0.013862120038493853,-0.006381315223636941,0.004103536429069576,0.01964501375277372,,-0.00043903939287559535,-0.0018113823385569328,0.0018449245640048684
2024-02-13,-0.05397927187073126,-0.016095860529733552,-0.0344230508085942,-0.03249771277562252,,-0.013772969024313686,-0.020547835777079526,-0.006325512806325317
2024-02-14,0.03934835836289796,0.05705548865382082,0.038580323712340325,0.06621876922564374,,0.009087653014913322,0.022587725508542267,0.009830839413752068
2024-02-15,0.10489533323558198,0.03415405771998192,0.03808804983410652,0.04882992913366979,,0.006899796528982094,-0.0009534660421784968,0.0073412665098882
2024-02-16,0.0015276408606792469,0.008551380265007902,-0.006190640336683706,-0.01973829589348397,,-0.004980160532596645,-0.0056626851843158965,-0.004752906316997874
2024-02-20,-0.04496272721744499,-0.00942912681341379,-0.017319754669413046,-0.022762029592667155,,-0.005505172602205954,-0.016828623796193654,-0.0016715263993705154
2024-02-21,-0.006471191660710529,-0.008707097952607379,-0.0003093383711183506,0.027099642623110487,,0.0009056578587660624,-0.0022942506948649966,0.0007175678905455563
2024-02-22,0.013409909586071134,0.0062527744250291395,0.004330407879443943,0.013083263544171553,,0.02069566637242759,0.04928316573437397,0.0036648156603167337
2024-02-23,-0.007107742558700947,-0.019529528539598884,-0.00739166667557134,0.005811460677662916,,0.0006896937606934994,-0.010786138739866002,0.0034926088448812287
2024-02-26,-0.009062474881298743,-0.0002263627549137226,-0.004653939745962399,0.008773803796884971,,-0.0036626751864305973,0.009866863962570971,-0.0015030024426860855
2024-02-27,0.013295498665991223,-0.004678912859432227,0.013248027456827627,0.03691136404318418,,0.001857752328964013,-0.0009958082495407083,0.0011883054846211216
2024-02-28,-0.007432888545175764,-0.002047188446901993,-0.0006152992230483711,-0.005523740831908319,,-0.001321565553773385,-0.01124409911325741,0.01384721178566739
2024-02-29,0.026362205478287493,0.020817533885464146,-0.004925365057446229,0.011725975882889372,,0.003594930455181,0.027091151185260953,-0.0019511204277848915
2024-03-01,0.009380491669922497,0.03125933506697631,0.01979903705179442,0.0012200360495870921,,0.0093881963260678,0.042555578138928185,7.808081485771723e-05
2024-03-04,0.007670564963810245,0.01270223498467793,-0.013044099088842631,0.011575947916213858,,-0.0010723580508280595,0.00982569392198851,0.007741175143510803
2024-03-05,-0.03388940524487416,-0.03342394737324472,-0.0218226228643017,-0.0016061399086325645,,-0.009994155680371097,-0.0196059862578849,-0.0010087409961703209
2024-03-06,0.0009092010160791641,0.026321772043690572,0.02529447207254698,-0.0016086470358697147,,0.0050672841579046946,0.024574336097985316,0.0060581956578047436
2024-03-07,0.015290183042784511,0.04432478531670614,0.04842159734738316,0.027190300757945263,,0.00992624669303388,0.03429524161617725,0.0026248270430853093
2024-03-08,-0.013792707539172055,-0.03687131649173425,-0.007161644094956676,-0.007254881017348391,,-0.00600205488437866,-0.04046266539180121,-0.0053129744741430285
2024-03-11,-0.00476246247283163,-0.0045712777104010005,-0.0123655167059612,-0.02389893094298068,,-0.0008598423681860368,-0.013281860538766677,-0.00967642762198384
2024-03-12,-0.0046336983671350085,0.019085835869768086,-0.03860503367085211,-0.02266286874507728,,0.010757433271428418,0.02074624463257191,-0.007660461505510141
2024-03-13,0.007326223428677281,-0.016968217476164393,0.018139510336681264,0.014492769647961978,,-0.0015675798339611635,-0.024372149616598282,0.0
2024-03-14,-0.015757783910617218,-0.014754199809803303,-0.01370486082981992,-0.015306122448979553,,-0.0019767832569518307,-0.017085258860187635,-0.0014178914376984375
2024-03-15,-0.0030015980730481173,-0.011340410602849516,0.01960802053010391,0.02321241309605737,,-0.006866499575499008,-0.007170849339892094,0.003471027892678391
2024-03-18,-0.008878287178486488,-0.006912100830876788,-0.003785757817042379,-0.03038282423440064,,0.005943122788445665,-0.0007770080946781777,-0.0010220446704016783
2024-03-19,0.016591130238632568,-0.01169857257298923,0.04195182983754275,0.005640285435307035,,0.005557104113534939,-0.008371893280098908,0.009128201800699953
2024-03-20,0.015554373208004568,0.0251723640186845,-0.011232844910953999,0.009555444335372476,,0.009249159002594265,0.017023430559033548,0.011228905237138598
2024-03-21,0.042779829101423195,0.027550724559384676,0.009295031596759928,0.004321047443689885,,0.003304789255170082,0.022499692050230058,0.0013598417860722911
2024-03-22,-0.029086095252811472,0.0010666366398996985,-0.006578083536532775,0.015160783506440456,,-0.0018958882911404018,0.0011991273700873162,0.003935686565732066
2024-03-25,-0.002384939600887148,0.008383072356190846,0.0032371333790168766,0.008072684803993369,,-0.002762581473216952,-0.0039032556004366947,0.0009221893504163248
2024-03-26,-0.0044817028926411595,-0.011554162517174005,0.004400070430076841,0.00520517152276212,,-0.0018471453661331738,-0.007525566086764912,-0.001842976914978145
2024-03-27,0.04299519626668591,0.004918160738297095,0.024970945949445378,0.014140591464225416,,0.00840396184609915,0.012562846343558531,0.014386715842257702
2024-03-28,-0.052158265993735076,-0.0031919408409486483,0.017523796049149,0.004909662391788361,,-0.00019121308608549548,0.0010634455787603692,0.000606946528880492
2024-04-01,-0.047362413930014946,0.0005693097653336476,0.008401026229524211,-0.003126829258110364,,-0.0017398673121421515,0.010534797848325672,-0.007883052066483542
2024-04-02,-0.014341523369767462,-0.016356234419974025,-0.011524428066213233,-0.00705737713193233,,-0.006358039956845807,-0.01541838574785559,-0.0050424947692552236
2024-04-03,0.02724123369441056,0.015109994574066477,0.0338529217262129,0.0019743034769703627,,0.0010984776758633519,0.002802644275253341,-0.004376801157024435
2024-04-04,-0.009442934613503207,-0.03653591864112293,0.046195610896839545,-0.0049261083743842304,,-0.01220609629756475,-0.028303867329732557,0.003933262777068514
2024-04-05,-0.0013504414999198078,0.02638975540669164,0.013896012216186415,0.024356426578937107,,0.010446957715479321,0.011870358024687944,0.009065265482774754
2024-04-08,-0.004454756203933763,-0.01397182762388971,0.032663093255599795,0.0011598951057794071,,0.0005593091643980586,0.00257184589117343,-0.0021315730482898143
2024-04-09,0.01278458156381923,0.01628794760498331,-0.0037212168752164265,-0.000965422594645271,,0.0011567575464528357,0.010756089470439933,-0.01060519875481103
2024-04-10,-0.023274054040728243,-0.02220775864120561,-0.03747499243329422,-0.03227680574926617,,-0.010013043709737546,-0.01825533952058278,-0.003547205733750003
2024-04-11,0.028432896677420327,0.02234468202839257,0.020307756381123365,0.040343528461664446,,0.007546902765624974,0.022585994736370463,-0.0004642947837142364
2024-04-12,-0.014765867791892928,-0.04471927005597087,-0.017494899117176277,-0.008638908842796278,,-0.013803094165910301,-0.032820376116769245,-0.01114903076711371
2024-04-15,-0.0032684689252807653,-0.009031211248484716,-0.021032275561331137,-0.01065064375602598,,-0.012528094420871105,-0.012656509478668476,-0.005245849485270515
2024-04-16,-0.02447412524728887,-0.005088681718655952,0.021747748595530414,0.0015658253301722436,,-0.001823894184739716,0.007570504922413068,0.004801349625245033
2024-04-17,-0.008936765416960979,-0.01335850871154698,0.003096021729441567,-0.008598761822430911,,-0.005918208324327434,-0.03033097518955785,-0.0011750121012467085
2024-04-18,-0.009347975247887996,-0.016712023128578224,0.020833248639284818,0.00729349369650012,,-0.0020577939825845437,-0.017731486167738564,-0.0003921314596260217
2024-04-19,-0.002254767316208439,-0.03847666337768485,-0.01688078915783131,-0.010567458257431217,,-0.008728372635991022,-0.03987795418915929,0.00423653520114553
2024-04-22,-0.016069719181892927,0.01505729716921822,0.013746097962819448,-0.015822844739486586,,0.009209096736822575,0.016482643463100022,0.003906182607862352
2024-04-23,0.020330127067970327,0.017171914018064838,0.020276355505128407,-0.013263662975778412,,0.011866744251331607,0.020876683341104263,0.006770509445229056
2024-04-24,-0.012421902804131024,0.013236048075819573,-0.0013663431026610384,0.0024440478678484645,,-0.00047471260625420175,0.012969367115420516,-0.006647715120443376
2024-04-25,0.0014350945687851002,0.005475640264873682,0.01679102121992071,0.012596483472332443,,-0.003798882876045906,0.018557569768979487,0.003890922252642204
2024-04-26,0.006490815458079835,0.031585413795760076,0.027522897805449364,0.038322629244874395,,0.009474017107308219,0.021138403762380964,0.004030558199397127
2024-04-29,0.011055261639878244,0.02609346294597703,-0.0032142447769896165,0.0028985802102203806,,0.0035414431371512123,0.007607257580288795,0.01235258116765725
2024-04-30,-0.047879371720895736,-0.022359456494325913,0.023528039443325932,0.150288998222307,,-0.015841325203145296,-0.02086479211395742,-0.009761509029386994
2024-05-01,0.0006960245512945828,-0.07229911137108758,0.1473744494862652,-0.014237894103110826,,-0.0032470145779551762,-0.03378671500230879,0.0020023618274267463
2024-05-02,-0.04520952476523765,0.02668076341083614,0.015966634068451002,-0.013593870141089925,,0.009353253887220747,0.022489853374260127,0.014987226477548576
2024-05-03,-0.02358405199546776,0.04107427341881409,0.03743759201701291,0.0018949287131313497,,0.012395443559196417,0.022515549261831413,0.003862016491048559
2024-05-06,0.006807805692895741,0.015933272481017058,-0.016692459821003314,0.015818466060114833,,0.01032681433450544,0.020770655168782737,0.007844996127825521
2024-05-07,0.013523617179717062,-0.008962049130414651,0.006181871335364741,0.012356119153886125,,0.0011033656087491295,-0.008837162592795433,-0.0012723655653571475
2024-05-08,0.0005483706720619264,-0.02027131484911182,0.009849919840448917,0.00652063836638872,,9.672135270877291e-05,0.0009602134417712183,0.0048711113506045844
2024-05-09,0.03206051675183352,-0.004845640072191015,0.024722347054429106,0.016279061957082952,,0.005761896760427598,-0.003745629692242458,0.00947113678835887
2024-05-10,0.024161537515017262,0.016772178249150116,-0.013570890228105315,-0.007355357317665567,,0.001288166158032178,0.009812047738673613,-0.0019208530245191646
2024-05-13,-0.030504726420087613,-0.02098054227251489,-0.014044212595170968,-0.013337747067290517,,0.00013427902928930813,0.0020883647686498197,-0.005847520550574026
2024-05-14,-0.0002674500314078232,0.011103358994188017,0.025969079592357946,0.007343165134378937,,0.004587914326523279,0.016629119101158274,0.00260600525793242
2024-05-15,0.031116288652276447,0.02872073124033836,0.034661893373285846,0.0207090786507651,,0.012383438643545297,0.028078553711675447,-0.0022278635192786167
2024-05-16,-0.004409957458850755,-0.02530613482857169,0.003925186564649685,-0.01639347713398298,,-0.00205764831246269,-0.004898838643231818,0.00431665861603947
2024-05-17,0.016154311917457642,-0.008195090465774157,-0.0013639756316445872,-0.005445511958194871,,0.0014373096245190453,-0.0056633234597366355,0.0041500728447632085
2024-05-20,-0.011367499313032048,0.02594606543145095,-0.0005463774537621813,0.007632305972770315,,0.001152303854064174,0.02199427248660557,0.0064946226966975384
2024-05-21,-0.0031987558229914503,-0.0170855797618773,0.022046188564527114,-0.003951883180941196,,0.0024521548258666925,-0.0032152335663354625,0.0008065467323266073
2024-05-22,-0.022359291341485732,0.003216039633808343,-0.03859520804814298,-0.018846142713061398,,-0.002878978936328158,0.011741493728157693,0.001172058613149174
2024-05-23,-0.010036356647369127,-0.020303621585490594,0.004172069154217306,-0.0016848942997814698,,-0.00730439060421173,-0.0056114831246665275,-0.018221565830334074
2024-05-24,0.03292659958770261,0.030697142139065825,0.011817997401107005,0.021603354924842,,0.0066168159404762505,0.019835866200271113,0.01036036134896312
2024-05-28,-0.009467601534474124,-0.006652015998622529,0.02527597993842856,0.013051394869638466,,0.0006984688163047537,0.01689311144419836,-0.009368784597182156
2024-05-29,-0.020519066620471538,-0.018948099100070892,-0.006585962959322678,-0.01451401490668236,,-0.007002347636672068,-0.020652095701124584,-0.012213428065714238
2024-05-30,0.02291863221174628,0.009463252041672643,-0.006181647037813542,0.012576506994789849,,-0.006633806386637575,-0.0069450234225595375,0.008669911072862302
2024-05-31,0.0010500658643344263,-0.029122604982022793,-0.0005408900990629961,0.002451405936352513,,0.009108106324044352,-0.008138083883119096,0.016668155080954206
2024-06-03,-0.008393062565008713,-0.0020577893612510056,-0.013258840348293721,-0.009618522189765555,,0.0008154775834219308,0.0016237908940874846,0.004043635074352903
2024-06-04,-0.03658958344402774,0.002379258984043231,-0.04533812456754349,-0.03473252033500518,,0.0011176893023752132,-0.0078074411008798306,0.0014642433122127319
2024-06-05,0.02068266045436218,0.04676025707529363,0.02154336496037068,0.02796724772711978,,0.011885202036899134,0.043730769640252465,0.00453315207372329
2024-06-06,-0.005828044831432955,-0.011111288187964363,-0.0014995994388538048,-0.015096215425350223,,-1.868653409564658e-05,-0.00819845309559386,-0.004003426706769009
2024-06-07,-0.006042498069062541,-0.005732820946923622,-0.021871778949157372,-0.01734880912628267,,-0.0012157051618812975,-0.0029907585195351194,-0.002703687656013587
2024-06-10,-0.008529174823645236,0.018065834672441605,-0.0021113328616224614,-0.006513559600982877,,0.003089795156630215,0.01441536373410468,-0.00219808845679359
2024-06-11,-0.01857788310911246,-0.008683720563213426,0.003846781376108055,0.0022429446198879432,,0.002408219266786471,0.0008225507284105316,-0.00869222712685469
2024-06-12,0.023498764314083376,0.04928397800029649,0.014274867905455624,0.005164386921544528,,0.008213142408764806,0.028187469732187775,0.0011879842760844639
2024-06-13,-0.0059220280119941515,-0.0030490989734331952,-0.011240110259658764,-0.02192154123440182,,0.002013402486539251,0.010870067381509196,-0.008602207501266168
2024-06-14,-0.007515391911945057,-0.024976180128657544,-0.07250693650752948,-0.06583789346955371,,0.0006085063699716731,-0.003597468458531261,-0.01047215310132621
2024-06-17,-0.01320523392962314,0.012770629792764776,0.045112943351845125,0.02849110592760362,,0.007958678682906228,0.01579086661514162,0.008542032398241028
2024-06-18,-0.010106556518744148,0.015632931784426818,-0.009362545497952679,0.0060142489061163484,,0.002541057302197558,0.012733450106680033,0.0023984689666858294
2024-06-20,0.008602608335442463,-0.03194649987060316,-0.020592708463474496,-0.013224629205556782,,-0.002716888218408764,-0.027151958300367762,0.002542225124509745
2024-06-21,9.368419714461673e-05,0.0016499455866552104,0.010157417275256764,-0.007343519678991162,,-0.0013403758589439763,-0.009752679517632923,0.0022375466837902813
2024-06-24,0.004498586960077988,-0.01677270584873025,-0.009954830070682652,-0.002219325551360285,,-0.003250644486655463,-0.0285451830614597,-0.008260393583526704
2024-06-25,0.003638849588872173,0.024598622865302344,0.03707095590992027,0.02242815694831002,,0.003850621816682054,0.015372025748745077,-0.007353528987312341
2024-06-26,0.01003984933706703,-0.009737083530657942,0.03907544307115174,0.020123288858269195,,0.0012481519717282286,-0.0038965143205698105,0.0018899305124131516
2024-06-27,-0.011688864193184045,0.009382199165767435,0.009048138130177907,0.004442864723053441,,0.0015765874637472255,-0.005134019082510322,0.0017352835148065626
2024-06-28,0.006984466682742552,0.006841237490471164,0.023538213437826583,-0.018931346181141784,,-0.003934977773824011,0.010116444184440354,-0.005422888144764992
2024-07-01,-0.029131493073207282,-0.013737042525771681,-0.02381816779470103,-0.021460819207086423,,0.0020578397999337916,-4.060694600616088e-05,-0.003559208091129751
2024-07-02,0.011049888823555953,0.02298926744176133,-0.016266281738858246,0.030409170234421135,,0.006729834816173508,0.014070251490658103,0.007219875935227549
2024-07-03,0.01205944928406022,0.02979280317253341,0.012448848744587515,0.0271865580739048,,0.004462535183179517,0.01667386099203827,0.004678058673904806
2024-07-05,-0.011357466673630023,-0.011159959973276123,-0.016425629476610748,-0.01863137191604347,,0.0057663790197348685,0.0019665627797798013,-0.005632706604770332
2024-07-08,-0.005273061453113237,0.01732448961326072,0.018226799099954727,0.03264726991947442,,0.0011540267107663649,0.0189589842209672,0.006268996450200293
2024-07-09,-0.014009713358464904,-0.009115570430021314,0.004779831657553579,-0.011512061423703868,,0.0009724431209321427,-0.00046200326760148513,-0.003152458301189154
2024-07-10,0.013248880870458946,0.02524437662408796,0.012871776828276893,0.006257615470020017,,0.009895287551016096,0.023200663209650196,0.005647358688252613
2024-07-11,0.050028265464334254,-0.02170136370677156,0.008196190734113928,-0.0003454907233467752,,-0.008622776113230812,-0.032882264614278345,0.0005239956672526969
2024-07-12,0.0027973680387680666,0.027017454095352722,0.013609676487358335,0.011404870564952985,,0.006307758179003864,0.012190527486125813,-0.0038913436955927416
2024-07-15,0.03806364953299224,0.0051920682772108595,0.052356577173598984,0.01332654382815468,,0.002750070829395712,0.0011154962638189048,0.005784716810017354
2024-07-16,0.0310331162954256,0.008815330231201512,0.046840067421553444,0.04636654756913239,,0.0059302288745983756,0.006188329363729261,0.025843913898664583
2024-07-17,-0.008911961506225086,-0.0864963337996898,-0.033210508291099394,-0.03673868101097699,,-0.014021236273249915,-0.07112594361928282,-0.012377938986465886
2024-07-18,-0.01026474872010974,-0.02563308664495567,-0.0016075844985543597,-0.012044118780665136,,-0.0076847190254574205,0.003001973308222494,-0.006561566239636996
2024-07-19,-0.013799542452598068,-0.02347007745137364,0.011355805932769858,-0.009143259447527696,,-0.006640697294749476,-0.030586234255571054,-0.006308155676909788
2024-07-22,0.007995848497484914,0.04869628305165552,0.010893267808283591,0.012986984203490204,,0.010309899385924082,0.041448233356292,0.013293783527635217
2024-07-23,0.015692284589644556,-0.015877979584960844,0.03514591150594115,0.06275305832162581,,-0.0015685624401907683,-0.01490425997572542,0.027269915430690794
2024-07-24,-0.0221561532553185,-0.050836967028585756,-0.027065998936958047,-0.04285715496729292,,-0.02266248419924921,-0.05318052785947658,-0.02468065845264955
2024-07-25,0.02673848845753235,-0.008739652088425198,0.10913568694231901,0.066003309993248,,-0.005210401360493,-0.02229274481956678,0.026334964929330962
2024-07-26,0.019277988317875527,0.02499401067677387,0.04467199535422384,0.019601775982551528,,0.01119979357749612,0.021465043783541082,0.00989137321838296
2024-07-29,-0.0029034903189607553,0.008364887632688278,-0.00021315646263408983,-0.010375347813196045,,0.0005876509321249834,-0.0020927056896287155,-0.0011356251128985528
2024-07-30,-0.003993402010248226,-0.04179057468973202,0.004476147285254584,0.010946640113958628,,-0.005066374868738621,-0.036305497576775037,0.006323684487509862
2024-07-31,0.005930599758960264,-0.03310453367971711,0.03175835797365756,0.03263686746390748,,0.01625464751569905,0.06709583739334524,0.01094398294380694
2024-08-01,-0.06593035378289958,-0.07109639086352315,-0.013230729227460936,-0.019199460049341477,,-0.01416112354708099,-0.07205370735088013,-0.011873176961753606
2024-08-02,-0.04453727472525382,-0.07044052064431461,-0.05446716959704345,-0.06309294097806051,,-0.018618237034314866,-0.0531545887864282,-0.030322295776787578
2024-08-05,-0.037867631927902434,-0.0025454957973159997,-0.02277731128999627,-0.020090002820251862,,-0.029123786406055285,-0.017648804007963315,-0.015599007735483839
2024-08-06,0.1086935590630489,0.0028463973330985493,0.034135330276733766,-0.018205684568276648,,0.009219621440571313,0.009056693339277277,0.005701849348390242
2024-08-07,-0.039075450207850304,-0.039933399306901096,-0.025592655452714164,-0.008018702595090188,,-0.006684088328666182,-0.027853597720247425,0.005080017013463278
2024-08-08,0.02487073618990787,0.08563568326700777,0.043202553493201235,0.04496460291205695,,0.02311764640527958,0.06899476455219511,0.022123176578650483
2024-08-09,-0.011070805061785816,-0.02403991564769603,-0.003576191346864488,0.0041902036974592605,,0.004409428483441946,-0.005914339934751323,0.004945053849023218
2024-08-12,-0.014418842035556545,0.006927840933387053,-0.0007896365938265815,-0.004172719154230675,,0.0005255346127766014,0.0057608087959537535,-0.0004992179250001838
2024-08-13,0.019627410631617215,0.03831824054872124,0.011422094524318194,0.014826784769613521,,0.01644557336929653,0.04061014330631463,0.005993717546901811
2024-08-14,-0.010783361455888651,-0.008926966688074023,0.016762674944401423,0.007781449170568333,,0.0031545249215441107,-0.0025263637619362678,0.0027660725805336295
2024-08-15,0.025855858858095715,0.05255811084302109,0.0022354168464151503,0.012921520747781745,,0.017140453924835652,0.048080054642574144,0.01393417602124769
2024-08-16,-0.008166983947500372,-0.0047638037469412975,0.0179131314435117,-0.003889234672489139,,0.0022418982885310523,-0.0021147018667884154,0.003697169311261961
2024-08-19,0.005401011490437924,0.015778645311860462,0.004040070421081454,0.004372931198421526,,0.00956144497064515,0.01699604262268073,0.004239495378823177
2024-08-20,-0.011801101315770945,-0.02181684204621659,-0.03471336724414065,-0.013994678049266573,,-0.0016260690385396792,-0.013224950608611175,-0.007958944938689538
2024-08-21,0.03065689340046318,0.029173007981224908,0.014554275647872483,0.030279167138665963,,0.0034363606236929023,0.01417791169885163,0.003837018463298314
2024-08-22,-0.020492824109829,-0.029039566616965495,-0.0102366625729442,-0.0029083489374086557,,-0.00784822928279072,-0.0341632519788726,0.00041717142940966845
2024-08-23,0.05227796198257084,0.038478620235374406,0.018715193285684606,0.031163629080712907,,0.010625194531540982,0.026792768682422086,0.005974063444843747
2024-08-26,-0.008987015888691885,-0.032582502626832155,-0.009738129294644016,-0.015185301040219201,,-0.0023838221000610504,-0.025108294481525628,-0.002831172669712334
2024-08-27,-0.01567939557064857,0.026748473786182725,0.004749116707845502,-0.01164027595917283,,0.0013731297473582593,0.01107538231845906,0.00242362004216945
2024-08-28,-0.017909256392001915,-0.02336853631150182,-0.019532970362094004,-0.0068827924005252505,,-0.00580521267877987,-0.01803948277845069,0.003799963316445387
2024-08-29,0.010871487035438943,-0.002835945203433443,0.011343351193720208,-0.006468476312510241,,8.94147719037175e-05,-0.0028774910199417247,0.010047979533273077
2024-08-30,0.006417907040117354,0.029772459330545065,0.014861909112893867,-0.009765943997100068,,0.009546108600853476,0.02614890094983746,0.006473199774990057
2024-09-03,-0.08385035425714504,-0.06524542432458846,-0.07391042753019139,-0.05651221900422665,,-0.020579015735476047,-0.07631749469646865,-0.03418849229176102
2024-09-04,0.008936154376479877,0.007663106693079236,0.011934255053630993,-0.007964153618560288,,-0.0020466948204439506,0.003278721277708785,0.006659019423729706
2024-09-05,-0.008577278607840744,0.009437420247313977,0.0014739055099657339,0.002508742413193099,,-0.002432422016352298,-0.005368656345962952,-0.00947023064211916
2024-09-06,-0.025108154417465944,-0.02777524206092641,-0.027305405575889896,-0.030196823491204006,,-0.01683017513269569,-0.04280690336016835,-0.016028105982250018
2024-09-09,-0.01736281673041007,-0.01969930605500403,0.036016977222304236,0.01875107745672766,,0.011196470097578626,0.01976162967605566,0.02114744617634856
2024-09-10,0.004024798446508271,0.022571401352013964,-0.011539673495971736,0.005234676666730387,,0.0043556124835748555,0.01053079831180237,-0.0037781380572301515
2024-09-11,0.0005864704510478713,0.030734738810862527,-0.0026598171391321035,0.03107680710152705,,0.010258758476110241,0.04644312508135706,-0.0007020672922540827
2024-09-12,0.0055697455429397635,-0.022047356567509335,0.03444965339947759,0.01335939525178964,,0.008423366345940098,-0.004410857588587169,0.013212267608949002
2024-09-13,0.026139481072810833,0.022544401015294424,0.019909541683657217,-0.006913188101309253,,0.005222869311307221,0.017858755093191014,0.00846225838551784
2024-09-16,-0.004829621699192432,-0.004698598750435323,-0.0073029961460603365,-0.0025902516792356556,,0.0014768050991735837,-0.013327292317303563,0.004677143914304738
2024-09-17,0.029117921399893776,0.01352699210380992,0.013723016234397312,0.0037331527342605586,,0.00040852441670646833,0.0012277326293967938,-0.002395911294224007
2024-09-18,-0.013222440663138268,-0.014062992968710164,0.025748287293362537,0.007115113609691415,,-0.002965737340747787,-0.011037869617942397,0.0006173679898411333
2024-09-19,0.04216656569153532,0.048060373777759846,0.05442191015468234,0.03853567072767361,,0.017064247062565707,0.04257771036943492,0.01008166223828022
2024-09-20,-0.028322360928952794,-0.040915490268257027,0.010644996156171871,-0.01298701528485724,,-0.0017285076847672887,-0.014626323637760397,0.004142045754004231
2024-09-23,-0.011381613167742999,0.008496046352987507,0.007468923688631612,0.018483654255296633,,0.0024989563415040994,0.0038897164873248347,0.01169766799446359
2024-09-24,0.01544380348418195,0.006452863035907974,0.013306535867627867,-0.005844313642524468,,0.0028612486764134637,0.012113660848332097,-0.0027402589040845804
2024-09-25,0.002672909177917626,-0.008370526697472958,0.011630715723570884,0.012066812912467029,,-0.0022053672717463613,0.006890044238007986,-0.0016311594144323704
2024-09-26,0.021511517942174097,0.047144471306624025,-0.03504762780021953,-0.0015285612491588996,,0.003964566902395106,0.035747050239888,-0.006319807329124738
2024-09-27,0.011788849036801885,-0.015007311979851168,0.018576473100040625,0.014543737793640377,,-0.0014503999865576045,-0.01586096656102909,0.004803846336250972
2024-09-30,-0.005069684803364782,-0.02028563179569065,0.0035848079178739667,0.00965756830334663,,0.004007205167527728,-0.00898230116934906,0.007608945724898453
2024-10-01,-0.018237095870883624,-0.024971090967181087,-0.009963724611968705,-0.014198244292948692,,-0.008958323493068132,-0.028015007146467208,0.011427621025758006
2024-10-02,-0.1167365513828762,0.02916504147343635,-0.0005063109501700636,-0.005609501996932775,,0.0004220236379359754,0.01347426788355155,6.58989406081556e-05
2024-10-03,0.03536089229004169,-0.020899633848884602,-0.024254347429194634,-0.025613608542130684,,-0.0018282171792480817,0.0035659552742683953,-0.006540599895853871
2024-10-04,0.05038329215468362,0.014833565471814136,0.03770773225375845,0.018463409377183604,,0.009087337035467602,0.013686617465713757,0.00950981239733717
2024-10-07,-0.015167237127527433,-0.018360139645691387,0.00025005110533538044,-0.006913457882317231,,-0.00904037479728248,-0.002726358548941654,-0.003096307437504775
2024-10-08,0.013186947688301753,-0.0007263666268706448,0.009066624409662438,-0.009900980750178201,,0.009457502056803513,0.009850366565486324,0.0003303545312185463
2024-10-09,0.013870445012548416,-0.0013627614925673104,0.005329079105397705,-0.018281221389770508,,0.006926361179171225,0.010441619883060804,0.0030389107245012426
2024-10-10,-0.027080231954301648,-0.016741040979208366,0.0027736771993756015,0.0017507049570053557,,-0.0017498385459364663,-0.0070167349982048766,-0.009549525274222481
2024-10-11,0.013002046505173226,0.007680267510938643,-0.0043028006251032425,0.009850695267078269,,0.005988146615026446,0.008394008671326336,0.016423855799408527
2024-10-14,0.005514343608913563,0.02341583441887396,-0.029075829687211896,-0.01195723914112179,,0.008178293433608763,0.0184320337009376,0.0058223220626363315
2024-10-15,-0.0071859848840749585,-0.07913861091945629,-0.006993885904063579,-0.003980891768107897,,-0.0077697679659988195,-0.05187661287844181,-0.005138208861040439
2024-10-16,0.02057136163206197,-0.0029229897534286398,0.022602144875946584,0.007514008416240836,,0.00434665306744475,0.0,0.011310096146567084
2024-10-17,0.0,0.017883214174269746,-0.0008765018171976724,0.004919095065681223,,8.568178086854061e-05,0.007872940914799287,0.0013576909253487646
2024-10-18,-0.014557572480434544,-0.008928492338654781,-0.00658020438656548,-0.0033160096810063155,,0.0038465571849544133,0.0009164404272343774,-0.0002582524155720911
2024-10-21,-0.006344787129716645,0.01094636129531823,0.0004415408020230771,0.004119172063216325,,-0.001642085586487707,-0.0018747611175216061,0.0048430599141853214
2024-10-22,-0.01429522115501436,-0.011307023218187995,-0.0156574659712313,-0.003786709915149178,,-0.0005313217715033902,-0.003712924630566272,-0.03270992615593549
2024-10-23,0.001450209162922711,0.000581541352851378,0.005451629334464858,-0.0044345705100335975,,-0.009137362420912343,-0.008944241878549697,0.0030560678805255925
2024-10-24,0.007240842755356081,0.0040682745633267015,-0.01524624534261021,-0.021794446684417657,,0.002162879520804406,0.0055742962234459625,-0.010531221076185981
2024-10-25,-0.004696665220138896,0.013023274098534543,0.007125982319296176,-0.001788918642851245,,-0.00034540009329253607,0.010030828974583184,0.0015395921780820832
2024-10-28,0.0071263493987459015,0.008951552620941161,0.06798716196455734,0.029977193231814914,,0.0030914499576457644,0.0006097039702210871,-0.00614900510131422
2024-10-29,0.01921971634626818,0.026049989930895023,-0.019814344628741876,-0.10123380895764755,,0.0016183129423537057,0.024595178817163665,-0.007868036195105343
2024-10-30,-0.012008670477446026,-0.01565231635242137,-0.019539171514621367,-0.04593454108359152,,-0.0030252079193149317,-0.03526357070419739,-0.0012878490095932227
2024-10-31,-0.03494448316631593,-0.020578146804935193,-0.06310719978558288,-0.027670172022372208,,-0.019603209549842626,-0.038798669014208254,-0.019750372046497766
2024-11-01,0.033749866228843795,0.02234752611301305,0.039197468095179655,0.013469912669412443,,0.004220637142155814,0.010629527436772923,0.0007615438730621538
2024-11-04,0.009137647980062447,-0.05670237769164699,-0.007273310371255559,0.0016847651754545723,,-0.0021541015300364785,-0.005757568577405947,0.0015221423646401
2024-11-05,0.023674922717725533,0.021192236963079703,0.04467323668837575,0.009344048134622973,,0.012091924532784626,0.011673069962003346,0.011951081771597982
2024-11-06,0.09868225083319437,0.018910007526786288,0.10538742581069127,0.07591191290934973,,0.024865622105604945,0.02916108698412101,0.031879165806379284
2024-11-07,-0.012579587069365794,0.02988476670952167,-0.018529034583069537,-0.013422797644196294,,0.0077319274489446865,0.020846157933717357,-0.005953987209340594
2024-11-08,0.013589259550490285,-0.029387365328318316,0.013501209611707088,0.016745143098053195,,0.004331775097860202,-0.007464642671876298,0.03700249756249541
2024-11-11,0.007290013905765891,-0.006950202066951627,0.009313674767779334,0.02075826154516891,,0.0009528510947818258,-0.025025782532171137,0.00956223727776373
2024-11-12,-0.009732806134598482,0.0194629151338801,-0.011800311708936917,-0.012437002999441948,,-0.0031062284233926984,-0.010905805174584504,-0.01150593674654632
2024-11-13,0.007056273926819401,-0.011379555551831011,0.00113188500437289,-0.006637157943987226,,0.00048582416554676655,-0.021245330373887983,0.003665823014052938
2024-11-14,-0.023675217088635847,-0.0344367687209699,-0.027755848224521373,-0.037347958627166555,,-0.006430175566713103,-0.0005949701826530873,-0.03139642850712687
2024-11-15,-0.021127420986645773,-0.037734178338925006,0.02040814324266793,-0.00035594337519984087,,-0.012808663965106049,-0.032212368674704894,-0.007144251977382221
2024-11-18,-0.011359650375137975,0.019248690813907343,0.02113969262655635,0.011037969855673069,,0.004097243928117722,0.012925374755499153,0.0014657539333566838
2024-11-19,-0.01449518132041161,-0.001205618999394753,0.02951834981359247,0.025356552271427413,,0.003655527840553452,0.0019165632356688,0.004457591711017894
2024-11-20,0.007802573123868228,0.005330549377944305,-0.02059612836088276,-0.0036063727653017352,,0.0003389286532970992,-0.0076510847014555905,0.004503870211474137
2024-11-21,0.005339475575344199,0.05282104985048819,5.5349959884098965e-05,0.00241295050920165,,0.005368147546016111,0.015843224823929747,0.00830808128624283
2024-11-22,0.03354875759621834,0.01900411203329022,0.05677606874899466,0.01960108996972698,,0.0030995178960133707,0.0004164762187581772,0.010397517268785572
2024-11-25,0.016529597714357136,0.00727343472876707,0.021574042292760165,0.014333934228571321,,0.0033921398614391585,0.009760828777145791,-0.010549525613588684
2024-11-26,-0.028224759813845868,-0.02314390369687469,0.005382044398426267,0.007980042062506243,,0.00522138804441763,-0.012964917113413743,0.011839344519239736
2024-11-27,0.0023408862918001816,-0.005306962101801482,-0.008565235464592202,-0.008411712473128663,,-0.003030023597922704,-0.013413867584768147,-0.005365489139520618
2024-11-29,8.65881476654895e-05,0.006383390596245597,-0.002159808131351526,0.0008316573178452913,,0.006212042831218234,0.013361022431883418,0.011113988828813648
2024-12-02,0.020238526368064003,0.030294444579790136,0.0037620531242663624,-0.007811158722096034,,0.0017925292248484048,0.026276669247470297,-0.014141421158639478
2024-12-03,-0.03034926398819371,-0.006064495490979316,-0.010627956011268092,0.0006700320773225243,,0.0004637526558710636,-0.005654539285399163,0.00026072802714560694
2024-12-04,0.0006994821439132437,0.01784225499344516,0.008770200836564213,0.0026782698847793718,,0.006209419772410518,0.013238700976402118,0.01192887140330634
2024-12-05,-0.026908954757284942,-0.02724803168697032,0.002417845417931108,-0.0237062094736189,,-0.0016456131830735465,-0.018902822499279104,-0.015846395199447194
2024-12-06,-0.0036810059883908286,0.021475356018902936,-0.006876824666320003,-0.015902878119964825,,0.0018956671802545788,0.00604107143978494,-0.004385524787052342
2024-12-09,0.03361270304223507,0.010146205687852072,-0.04821204962763115,-0.014943538171200421,,-0.005149618902517306,-0.004822057622589027,-0.01847329790810337
2024-12-10,-0.012205779153891316,-0.03963436038647916,-0.0134643657948742,0.00705594523846842,,-0.00310917266864974,-0.02376917423302205,0.003214854514079546
2024-12-11,0.0019416740469915261,0.027701788411101935,-0.003797328472500805,0.0033280544088487574,,0.007730670035946519,0.025144011104498487,-0.003271554371784391
2024-12-12,-0.01761810774307071,-0.016228055966002297,-0.021268253114372193,-0.02217179617368814,,-0.005152585929971143,-0.007764612316187858,-0.011722163210545089
2024-12-13,-0.008249580809358892,-0.005964546336809096,-0.017384423554417272,0.008748468008405785,,-0.0001983880967142415,0.027895284506963325,0.005625717734217162
2024-12-16,-0.022242422165356213,0.0004686389305210703,0.007869450375620257,0.000530951845962413,,0.0042700143033129745,0.018540058989872543,0.008424876330324516
2024-12-17,-0.014518041794168934,0.024833643441332764,-0.016528058566861792,-0.02264282340238899,,-0.004120239195743447,-0.01414463150422407,-0.00886827514158739
2024-12-18,-0.05855310346598852,-0.06519737368462797,-0.04224605376712287,-0.01882354598239533,,-0.029803379207074987,-0.0369856606785528,-0.03266605204950179
2024-12-19,-0.003388835067446583,-0.04225764015967004,0.026139038914277712,0.0003689440712313363,,-0.00030727640103389575,-0.01679122514274778,0.008949277596798977
2024-12-20,-0.004500388309201742,0.015830753664886732,0.0022406352328878665,0.004241186505214545,,0.012011115211756573,0.013445312488085781,0.013928308170538806
2024-12-23,0.005826716137677268,0.028353285550990037,0.01553232555826578,0.014138826123910375,,0.005988339781696439,0.03025800606745177,0.001298493885968588
2024-12-24,0.01078712284618466,0.005572709936463527,0.01106528508423854,0.010682602887524872,,0.011114756414382088,0.010301778913208048,0.009214369772622133
2024-12-26,0.011264672199262193,-0.006028050387388073,0.006417575107497964,0.0057327068537029735,,6.696416558105156e-05,-0.00031316633469469224,0.003990257051222246
2024-12-27,-0.020421991279378826,-0.004499858245260335,-0.02835339987692298,-0.012290677488610902,,-0.010526848503771946,-0.008455178669536045,-0.005591077918882137
2024-12-30,-0.0074812961843380155,-0.021912074534476633,-0.01957115168143675,-0.010459906637951488,,-0.01141147485857641,-0.019671704645859323,-0.012938685337467115
2024-12-31,-0.006231180024308114,-0.004822112400866385,0.014284014255318,0.0030982683971547686,,-0.0036380710711456654,-0.00823796665380827,-0.0024706208997307133
2025-01-02,-0.03812699886608295,-0.018473612055775468,0.03411698763708659,-0.0001817248558155793,,-0.002457066899882232,0.006171952315933815,-0.0033711624431109755
2025-01-03,0.021028200570588407,0.03465999310121548,0.02638189516276701,0.019625692440701892,,0.012503583332969637,0.026058376152569673,0.009250248963418528
2025-01-06,-0.0022653866449625637,0.018986249546044665,0.025759135497949615,0.0037426320119111622,,0.00576051594844551,0.02894775316820719,-0.008413128186380181
2025-01-07,-0.0008258277202917164,-0.01443769816933338,-0.01970018707485688,-0.014204531985004043,,-0.011304205117054988,-0.013629814491262104,-0.0008966607986568009
2025-01-08,0.0033056440081182803,-0.012570500780794691,0.015016823028917825,0.0010807163688095756,,0.0014611506783619443,-0.009965028862641723,0.008008742530066337
2025-01-10,-0.033254419059491114,-0.008420336106564896,0.011476739510603906,-0.008816150815472157,,-0.015267439102063629,-0.02388842583436579,-0.0063013031325158675
2025-01-13,0.034611202757452775,-0.006671971607719596,0.038395345508779544,-0.001633693090190791,,0.0015503611684326568,-0.0030704714250178178,0.007237242246327158
2025-01-14,0.018219225848503218,0.012619586337242916,0.015536150020511785,0.027090939608487297,,0.001376048829127452,0.006573754601245874,0.013344410132026141
2025-01-15,0.007278680415742755,0.024422194785872264,0.011575546603042941,0.010798314348197557,,0.018189981207548556,0.01941003466228275,0.005470109425059544
2025-01-16,-0.0011040482953997843,0.029235646248167768,0.011896863126838797,0.006479908169344961,,-0.0019231528367921191,0.0014783637326487575,0.009805926588255964
2025-01-17,0.01557325571424939,0.014012003740771384,0.029143727474757908,-0.00504612683778527,,0.010039902527342326,0.027735573403200986,0.008446810547531935
2025-01-21,0.030273061192512163,0.003290045903368677,0.022170654597367223,0.02256035167265602,,0.009153298774269736,0.01179594741657164,0.032185849285145895
2025-01-22,-0.025926576165463677,0.004309917639994332,-0.018279957341826192,-0.017273851806810736,,0.00562177328531277,0.014454709642624852,-0.005878727875708978
2025-01-23,0.008379306053331481,-0.01222132936043685,0.02522915412992477,0.026453193212361503,,0.005457962961176621,-0.0018660450433217735,0.01876853841152437
2025-01-24,0.0006842927161307966,-0.015961434043455958,-0.009222169556006632,-0.007121026995677515,,-0.002919267584524987,-0.020095819323494024,-0.011230409137939379
2025-01-27,-0.0031263351258193905,-0.05441975748462069,-0.05333158978289143,-0.038763668110141314,,-0.014145371801854822,-0.07843400295131109,-0.010847278220162293
2025-01-28,0.0037241565342271965,-0.011774289930973514,0.03530182938302051,0.02913482613207874,,0.00859247042376432,0.004469516902544601,-0.0005806353205023429
2025-01-29,-0.009177882159776551,0.007608513152363328,0.01426006392711554,0.0395304834017538,,-0.004482980456218866,0.004121792151882575,-0.006260832377714354
2025-01-30,0.0027591701608982167,0.03806131807167934,-0.07393230764630687,-0.04035204676050996,,0.005367173242912804,0.02033774583694825,0.021174271311080517
2025-01-31,-0.007468504336202386,-0.0018678068578632523,-0.003046738150266015,-0.012112835297626301,,-0.005322062929143501,-0.0027887902861232217,-0.00407063057615098
2025-02-03,-0.03079214759890525,-0.020484564535133587,-0.009893343885301942,0.015239077413898627,,-0.006729615115073195,-0.01801668610261853,0.0013411210970117882
2025-02-04,0.0179793913995685,0.01739391487265718,0.004865260909898028,0.09937892041433027,,0.006708370622302784,0.010270805171622488,-0.0061227403249215495
2025-02-05,0.010336104518837264,0.026781324601275136,0.003279874804681615,0.0335844216674801,,0.004054563172681824,0.019362089729116683,0.009561751886023151
2025-02-06,0.014004825105209395,0.054186708948875006,-0.013595570620570485,-0.03568178358700158,,0.003475607966170857,-0.0013144889522077596,-0.0018434524412950237
2025-02-07,-0.02664314948485247,-0.02748115659305217,-0.011310319385618772,-0.011809164223292257,,-0.009153559299522107,-0.015569774321212981,-0.0036937140688076964
2025-02-10,0.01388746501691629,0.0019716273828844777,0.012982776064705215,0.00717018443235129,,0.006791307077217645,0.013049325409491885,0.0046661900964242164
2025-02-11,-0.0015882235194902838,-0.00927569297354891,-0.027523924616780104,-0.021357356330870658,,0.0007605776315475765,0.0009103541167512219,0.001908657684183579
2025-02-12,-0.026145640758787336,0.019197957977188596,0.007831952435657819,-0.017458807313266544,,-0.0032216703520272505,0.0010913193490920126,-0.006794557667521572
2025-02-13,0.012045691609888554,0.010021281971020368,-0.018329025597559556,0.007403763935130758,,0.010557519113488123,0.012265042618196498,-0.008695118981746353
2025-02-14,-0.021484666577998635,-0.015893279370390867,0.0287712296906113,-0.00310303165326542,,-4.899288490622933e-05,0.001032089764523736,-0.00967438986262148
2025-02-18,0.02814144787679962,0.003080568890136748,0.09228388814337363,0.018348606079392482,,0.0029357362526629682,0.016541885719076888,0.00774995230343567
2025-02-19,0.040104188949233954,0.005025670413149053,0.02254293510384997,-0.011904788936346944,,0.0023549654159298328,0.016625495295330417,-0.0023911104611455958
2025-02-20,-0.03392695681561464,-0.006759859419255165,-0.011688113016134483,-0.008303457126950242,,-0.0041604218033111096,0.0023424778622787024,-0.009392906505727106
2025-02-21,-0.04515925462304815,-0.02955452083420096,-0.06163164527623455,-0.04728289402938801,,-0.0171040640568626,-0.03068328823005184,-0.023345638384511536
2025-02-24,-0.026577452222185882,-0.01719658868231666,0.025564820982344694,-0.015164523038589617,,-0.00455029562658138,-0.023484257908982453,0.0016069375172391709
2025-02-25,-0.010749180747730569,-0.010166153314368542,-0.002797381281820721,-0.014523216253613636,,-0.004973339357960405,-0.020619960651159563,0.00574904031727419
2025-02-26,0.010431368596494295,0.022318785620162762,-0.0022043549252487304,0.007279826875598916,,0.0005050038000959933,0.017412843799359257,0.004586346311047151
2025-02-27,-0.02849770924391337,-0.05834625588482967,-0.0033636936971386255,0.003172929783681111,,-0.015962186749765683,-0.058227094050670725,0.00767491257350561
2025-02-28,0.011290666539286454,0.03836685076383772,0.043121294466403226,0.021964505418230917,,0.015605736293628603,0.015931830714951856,0.01634932440231851
2025-03-03,-0.04378284286834633,-0.04544549263346753,-0.0027045236829360553,-0.006017855485545787,,-0.017519806273487926,-0.03534436060119661,-0.011241003661538462
2025-03-04,-0.020261053755156078,0.017905260378092702,-0.02193589139270058,-0.027503894046307598,,-0.01183704842428901,0.005568056132372767,-0.024175133579305785
2025-03-05,0.04509879755259938,0.04097597217660964,0.007525399027862978,0.02899319135584988,,0.010747988817991994,0.021555298007474244,0.02122549033755372
2025-03-06,-0.004024590139307782,-0.02060956602390196,-0.08560188450870276,-0.010544456555641402,,-0.01775136434213942,-0.041571891228427305,-0.02025988717558136
2025-03-07,-0.0035918979882010316,0.026528521677439354,-0.031169469262937843,-0.03459125260086171,,0.0056048948480476035,0.029337458933332616,0.002074817036988197
2025-03-10,-0.040441487485409766,-0.051880031601943766,-0.04376532639873998,-0.07618529157341913,,-0.02663562879515402,-0.046259559346899404,-0.010818935295702103
2025-03-11,-0.002113079358159742,-0.03832352760550706,0.046522584797442645,0.01645445965017922,,-0.008312662786454483,-0.011830065607870366,0.001417720455998639
2025-03-12,-0.01011775410104998,0.015556762801334223,0.0066514334253557905,-0.017922534517533784,,0.005306342781235651,0.020612179883686688,0.006741788763858336
2025-03-13,-0.01794622775315513,-0.009337997272972243,-0.028742775595647307,-0.01883828692542433,,-0.01333046625507539,-0.004997946307561452,-0.002678656568785631
2025-03-14,0.034612051413625666,0.041834469319910195,0.04030823499790914,0.029599990844726642,,0.020655846459250116,0.030855976408448837,0.015510624378708204
2025-03-17,0.026084950853093147,0.024702717625800563,0.0031608131327076627,-0.0019424723195471394,,0.0077113559743353655,0.016507585503382716,0.014480291378953458
2025-03-18,0.0002279395403499418,-0.006448614879303705,-0.013798388975274967,-0.013818662600428189,,-0.010808443576004967,-0.013267774639908247,-0.0029181120605599187
2025-03-19,-0.02040127820087123,0.0021966422360326643,0.04996160805845862,0.03295839834204073,,0.010890822875730954,0.008140075068012731,0.023898344414777117
2025-03-20,-0.007329745736993409,-0.013151194816680922,-0.023241344151390453,-0.0013374034126890644,,-0.002891746812818119,-0.00797587512359399,-0.007993315464268846
2025-03-21,0.0036334359625473933,-0.02725898964825435,-0.012729509347054191,-0.004400220780984676,,0.00033005083707338123,-0.010471976772549962,-0.0025141190715800565
2025-03-24,0.023356122287389036,0.020446269564912578,0.06212926337736646,0.04131432885006214,,0.017908289122873677,0.029691951611573675,0.02184325500225115
2025-03-25,-0.00570574409725455,-0.041700527209827865,0.0012294768306451154,0.0009227358004244568,,0.0024039544954175263,-0.005406602330095822,0.008727352040328373
2025-03-26,-0.002410012722914301,-0.018891888092545828,-0.032485816796061884,-0.0044248095693196765,,-0.011938329377862766,-0.028013280988188005,-0.014858740501905277
2025-03-27,-0.004602074082659446,0.001081676271143861,-0.017555010735067045,-0.023333302250614918,,-0.0026557832334381803,-0.01970065318721681,-0.004836790712923644
2025-03-28,-0.03594543425110186,-0.041063348753991535,-0.02432725569149996,-0.03375052213395924,,-0.02013821856442377,-0.030222092563484737,-0.02008073731947102
2025-03-31,-0.02170007203500024,-0.014198770507574454,-0.000551682347965432,0.020996854671260223,,0.006712831808701525,-0.0027029317272022624,-0.000848230611205425
2025-04-01,-0.007597967903045899,-0.014631880569467848,0.00833435889888512,0.010955212535023406,,0.0028243574234689817,0.0005315447633646997,0.007250061209376879
2025-04-02,0.02568529195240643,-0.0044083641318208855,0.025507663606592512,0.025855525661672374,,0.006328527983461951,0.006426837552525155,0.003696257857836782
2025-04-03,-0.09511182799456386,-0.16173386986444072,-0.11107571111993064,-0.09414377506576399,,-0.04928083976346476,-0.10090768298081432,-0.045225409144257434
2025-04-04,-0.017030449462881903,-0.0910482080287548,-0.08934776901570873,-0.12029461824113585,,-0.05854298617947307,-0.07472404009630618,-0.08438224152243334
2025-04-07,-0.0031131874470594623,0.022174813411423022,0.010088372155530934,-0.010930260946584114,,-0.0017811906998883575,0.023092027438246898,0.003621351332073086
2025-04-08,-0.020366575421072564,-0.058647601310155784,-0.012337487077695442,-0.013167119084573242,,-0.015662774064562512,-0.03974710125253955,0.011781841557120254
2025-04-09,0.09106029088328582,0.24729823904093062,0.15684041036151997,0.15939953376529603,,0.1050192758263111,0.18571603436042872,0.0904659424439831
2025-04-10,-0.026168701070427347,-0.12206923862930785,-0.04153560092426245,-0.046855708722698064,,-0.04381896476163283,-0.08174493368336044,-0.018354097983985906
2025-04-11,0.019436583574885313,0.011901248241086515,0.0185980039343987,0.00754632311472081,,0.017842727424663973,0.02164771200549409,0.01380197527546212
2025-04-14,0.012156029015456093,0.0448936261544608,0.012523420205570401,0.019259609131077493,,0.009701543182761618,0.0066177250183581116,0.011803330663118894
2025-04-15,-0.014538606095887863,-0.010295064291219624,0.01057680452694143,-0.00839810029201693,,-0.00280107176845823,0.0040946678264561776,-0.0037117705309440696
2025-04-16,0.005003299939911443,-0.06241325018335797,-0.015270357547932711,-0.03197116951447054,,-0.022227880060647576,-0.03859616963627177,-0.004324259327954549
2025-04-17,0.005488757060529981,0.016716035810962815,-0.011441368161526522,-0.004811925083753166,,0.001426718914772973,-0.005018216164168421,-0.0007351702834703655
2025-04-21,0.013076192200197845,-0.017605287838863837,-0.015334150602489882,-0.02637364314152646,,-0.023802704228313765,-0.017472388637718272,-0.020661881067189136
2025-04-22,0.002130162779730549,0.026807081029968094,0.05961783528014619,0.029571137603882747,,0.026017831494603794,0.019433013603832983,-0.002048340414029237
2025-04-23,0.005752214811060252,0.045579056842437016,0.0752620957355623,0.10524006079428005,,0.015495594475182894,0.03746566578088495,0.027914713401876234
2025-04-24,0.04040792085370826,0.09959999474930914,0.04545706244033276,0.040468179363267076,,0.021048914694850707,0.05754878239112671,0.01743848650402602
2025-04-25,-0.005855602605226551,0.012796379402218117,-0.0020061067504564267,0.01220208542114376,,0.0072252063683964085,0.009725119352821165,0.012233449301841226
2025-04-28,-0.009736734623239096,-0.010900600884739875,0.0,0.014315281961741588,,0.0003812053910532409,-0.0017855063204794686,0.006398440329264732
2025-04-29,0.00946821198892378,-0.014527155792362412,-0.007839189470974173,-0.001485571376494299,,0.006299488255282926,-0.010678616000831975,0.004559332913812053
2025-04-30,-0.0018038419728800825,0.006743892035314669,-0.009268580128133808,0.011344627211426594,,0.0003970319427701874,0.00728720180497433,0.0030684647262138043
2025-05-01,0.014938189370308885,0.002275010243648623,0.03435401100534019,0.14453844163236207,,0.00708678658978612,-0.0013599934304193706,0.010451817365831229
2025-05-02,-0.02753711593865682,0.05182857644315875,0.05278506231160618,0.06956937499337301,,0.014844110563275503,0.0350783038152358,0.017723275574693664
2025-05-05,-0.02892718868389421,0.005754544792976768,-0.005117130934512493,0.012167606463977965,,-0.005734332018031862,-0.007683088710230712,-0.0006817688272204858
2025-05-06,-0.016088498661905648,-0.010251554652849326,-0.02057387480697237,0.021074589733198756,,-0.00835827120794741,-0.009545472518540543,-0.006945766880334214
2025-05-07,-0.07243220433249586,-0.05588343345357605,0.007275191143933046,0.013953474446076086,,0.0042054218785201325,0.017508164638087242,0.0011240864997614786
2025-05-08,0.042005106672779124,-0.01671121824826005,0.0005259541613082952,0.018635254910465582,,0.0069678158690302805,0.00894564497937722,0.019524699786853228
2025-05-09,-0.0031719802960704646,-0.009340883277438539,0.015058792262850007,0.005629067543227562,,-0.0012742010630860667,0.011473687291107204,-0.0006729983869477874
2025-05-12,0.031954312526986106,0.0789679253431752,0.020628368079071757,0.027148089368332906,,0.03304736446237655,0.0718263765332301,0.014143048576308992
2025-05-13,0.0104072849514798,0.009103049320129397,0.036038821818234146,0.007220691665926093,,0.006603976605000561,0.028335031775625685,0.00784837576746833
2025-05-14,-0.012970482432269614,-0.0163578645377076,0.024407631580974698,0.015419983564759043,,0.0012780844466173669,0.004818424639736474,0.0010782315345714277
2025-05-15,0.006312765092804984,-0.039740807942013845,0.001913168325337944,-0.0006660856795136505,,0.004884164632874111,-0.006424798090146733,0.021242248556940124
2025-05-16,0.018691500587169063,-0.003692875421595687,0.006248965884122715,0.016795550421381256,,0.006334221113474925,-0.0013120272914355358,0.007441289589398492
2025-05-19,0.012064834977985495,-0.03463700580135587,0.01651716492147126,0.003932918937581853,,0.0010939252169079872,-0.006005759932045551,0.007909674714739134
2025-05-20,-0.001862657806257273,0.00979741251465871,-0.002375931787614083,-0.00548443665321241,,-0.0033623660542783096,-0.0014632697096926828,0.0006347964780235582
2025-05-21,-0.045160437352594784,-0.0503474565158083,-0.02066765762901701,-0.012999021081410489,,-0.016850547015080597,-0.018294419144742946,-0.015108816965522132
2025-05-22,-0.00013025965892377034,0.01021674149286489,-0.01862863759053479,-0.00026601893778765984,,0.00039441071579315867,-0.009245418561934615,-0.0034545045023561816
2025-05-23,-0.0006515832612742356,-0.01134352439861186,0.01840710932623635,0.006520264189226799,,-0.006825563401878787,-0.015504305174017019,0.004994154057647471
2025-05-27,0.03429390386444964,0.03580329877994326,0.035670730774647996,0.05063460949179799,,0.020790451589428605,0.03322465948219078,0.024729517671482126
2025-05-28,-0.023953739162759002,-0.030695330274925325,-0.009271176089353017,0.005788336194876287,,-0.005785333975273588,-0.005016829521232724,0.0012553391590235385
2025-05-29,0.011646115738134899,-0.0028913131130652303,-0.011729404515481323,-0.0021268380870292924,,0.0039474262075909206,0.004081642898364546,0.004615295831066346
2025-05-30,-0.009593142184208259,-0.050814862492450485,0.006898213913296702,-0.0015045479359073743,,-0.001118549295088922,-0.019847700478391794,0.005274799148458742
2025-06-02,-0.027767087087943176,-0.005236980299026639,0.020978772742315632,0.01418881544548145,,0.005632907541234244,0.015077384201254374,0.00564200846691465
2025-06-03,0.03081827269267423,0.050160785615182224,0.02654950698657621,0.014237979121887623,,0.005702585572020968,0.02687128569020447,0.0062276438579265125
2025-06-04,0.020103261152458307,0.011279906336082224,0.0012180496564044851,0.012939516744155721,,-0.0002684505635119905,0.014886258458027823,0.004404822776643336
2025-06-05,0.006189895566027115,-0.008262378238122703,0.0018653212254213791,-0.0026512558665103825,,-0.004832782960816684,-0.0041974662033872345,0.0005550667888849503
2025-06-06,0.002510804098195818,0.01249655477718048,0.006799971501058044,0.014983057416170453,,0.010269106845499198,0.00671642566919628,0.009542858575373181
2025-06-09,0.01490298217063546,0.07611087538905092,0.01744791673076662,0.006904783703032047,,0.000901188259490926,0.0235575577745073,0.0037369717200836927
2025-06-10,0.015177749187784473,0.0147826990607558,-0.028212348803988707,-0.022700379846059104,,0.00566982884976297,0.02184662841160523,-0.01921796412032961
2025-06-11,-0.009602449998923901,-0.014441752864024382,-0.003456171509453876,0.014880179930392146,,-0.0028521632488446302,-0.003343417396347803,0.008708756760281489
2025-06-12,-0.009082041933658025,0.014526029049128475,0.013750101016434702,0.002860863815897785,,0.003974342333478376,0.001368398888479616,-0.006751950493067982
2025-06-13,-0.030715862701525265,-0.05375528374122329,0.0010463630306172256,0.009984595206331548,,-0.011180176183248514,-0.026050177755150727,0.004178970580817731
2025-06-16,0.01763345062066768,0.03862481372569859,0.003497913553859533,0.0022361120239686727,,0.009514273488879121,0.03158153195174851,-0.004931983332874257
2025-06-17,-0.024359458525141653,-0.02172527140918279,0.013902775869851114,-0.005401675599878586,,-0.008545079722505178,-0.007914230810969869,0.004576773176084625
2025-06-18,-0.0070785871235193865,-0.004049703353147138,-0.008258905160376195,-0.029752027554455607,,-0.0001506719699877479,0.00407730051623334,-0.0066674418547115755
2025-06-20,-0.004407138051580217,-0.010755562346635217,0.010957467609654215,0.0038938877298113628,,-0.002348697508843589,-0.006400001191667837,0.009285253216064993
2025-06-23,0.01380042918347879,0.007292674492467288,0.03015125245979733,0.011515114524147663,,0.009877551054400024,0.006219073884544013,0.014242952618426452
2025-06-24,0.028637491001169968,0.07581940793316533,0.015877979719896906,0.00802882951278483,,0.011047405265286248,0.03792338267837181,-0.006884841870631098
2025-06-25,-0.010486765306607748,0.005138869313717542,-0.005724569925139922,-0.01343324828717285,,0.0005602465370238008,0.008974854447667768,0.001595567722882274
2025-06-26,0.018041858201830907,0.01825928600349669,0.035416713532884225,0.03241357405288725,,0.007823876820074682,0.007841249695492047,0.013513519212506875
2025-06-27,0.0008674359033544743,-0.01518241083589611,0.009036017070159996,0.01307192743455654,,0.004968121799819647,-0.0008785521624624648,0.016531169822249225
2025-06-30,-0.017211537831871793,-0.021000054982733496,0.0020303107086820926,-0.0052996163328806745,,0.004781281329873099,-0.0006697690070798235,0.005811748311265408
2025-07-01,0.03149809016742822,0.020954560646227582,-0.016752427160807826,-0.028376153024771367,,-0.0003235167218894608,-0.004524500998065006,-0.019242948605405874
2025-07-02,0.046170717833359465,0.05003644026542298,0.012143630972584196,0.020622283579931233,,0.004533103736740651,0.019021889120009794,-0.001513425551928127
2025-07-03,-0.0007006000873759355,0.0020819626879524655,0.01646959675665527,0.014365752021517686,,0.007881428787655409,0.004955824758661409,0.011530306493506393
2025-07-07,-0.056899077512898244,-0.04201290634869537,0.00411353658811664,0.008290169641369305,,-0.007451878130506073,-0.018739164703566513,0.0064756095616969045
2025-07-08,0.044103057762376,0.04843363087545982,-0.018737141973549032,0.0029690777336595087,,-0.0005477996564291487,0.019097027038591285,-0.006965672178670501
2025-07-09,0.005932631821333079,-0.00034462866327589214,0.004646877329550714,-0.00034155503440136403,,0.005996587938471132,0.0032054290567782306,0.01151218390883968
2025-07-10,0.026185409573176388,0.011610404166854327,-0.00010851372588016606,0.00284738031105336,,0.0028204215931024734,0.009954231935721536,-0.0013763575519105675
2025-07-11,-0.010229815590740432,-0.004772725313158643,0.004553314121037433,0.014309988224478376,,-0.0035155373444906157,-0.0015413431243950226,0.005989962198517107
2025-07-14,-0.014051792821238251,-0.015414465581512604,0.0016188519828568282,0.014332088391975528,,0.001908260069777068,-0.009505611845479711,0.020339314624877813
2025-07-15,-0.0008245120117578164,0.014380101912938592,0.0004309961431343545,-0.007727088823707207,,-0.004273228812600283,0.009965944703096197,-0.002168964507767157
2025-07-16,0.011552422440679333,0.00022868728678315797,0.0026925654092826434,-0.001223724675697646,,0.003343222494186504,-0.0027206629856280085,0.006262220687316411
2025-07-17,0.032863323484507045,0.03177509674282719,0.026602243471320453,0.03107597408623164,,0.006119571230611909,0.0038274767822934486,0.00735489278645618
2025-07-18,0.06284556455849666,0.005317318127071813,0.0024063833698932946,0.009074256995294405,,-0.0007322815495487411,0.0008112106739073255,0.0012764055316445422
2025-07-21,0.010615676529793783,0.009807249174157429,-0.022371365606344562,-0.00620920467097652,,0.0018961202137257605,0.0008917514575594865,-0.007444871823780064
2025-07-22,0.011554673013711048,0.003928473399234633,-0.023381616512335168,-0.0039858099675081915,,0.00014305906725886608,-0.013808559236958673,-0.012689346894657061
2025-07-23,0.01111108811810313,-0.0041303611660580275,-0.0021501036509705695,0.017629215547890986,,0.008507550549488707,-0.006076923682573843,0.02450828748703726
2025-07-24,-0.03276159400393963,-0.005457463803867468,-0.0031407683333994907,-0.00871505714464571,,0.00033107130538478913,-0.0020656989348366572,-0.0002539144428423956
2025-07-25,0.0065831348339395745,0.008011379727152601,0.012712111035611207,0.01844109877354616,,0.0042241989780167355,-8.2809155822261e-05,0.0072647646900017016
2025-07-28,-0.009282692439229745,0.0016331980526118617,-0.00047019983936136267,0.005579521962480571,,-0.0002510127661111694,0.01742991297904095,-0.0011097262120352003
2025-07-29,-0.019804240176162335,0.009239060032730562,-0.0038001510532346128,-0.014761265517875155,,-0.002637607015591792,0.0017903653351516446,-0.004140318859983894
2025-07-30,0.10373678691907284,-0.14458229718163718,0.030407521105398017,0.001381333041917454,,-0.0012592832087132688,0.007148974171150568,0.007149040587418387
2025-07-31,0.036315461464201615,-0.01109150673986703,-0.12072049960545372,-0.18357380957681702,,-0.003751215554337106,-0.03194187634704593,-0.010269771060056776
2025-08-01,-0.0021844559844966804,-0.035686873743095204,0.033642186599124324,-0.0028593867133116513,,-0.016390499961926763,-0.011623529228309226,-0.004170932801638383
2025-08-04,0.00532986257133472,-0.026169682910172853,-0.01850425905060127,-0.014077187354935128,,0.015199697024998127,0.013319702076294737,0.01087944685420461
2025-08-05,0.02773837507351362,-0.004614698352488733,0.01944575320169606,-0.015467982263170588,,-0.005069872596968561,-0.006946717246178569,-0.0018695624480641326
2025-08-06,0.005342578147145893,-0.015134839913779397,-0.0158568801529253,0.0,,0.007659668036719802,-0.007539951959079194,-0.0006579587081749771
2025-08-07,0.0,0.016613576807916086,0.002954551950439699,-0.009802649992849077,,-0.0008375656453195601,0.01650289976351904,-0.0022794437681203927
2025-08-08,-0.02446396738296852,-0.003949381194106039,-0.02297807357706716,-0.0094927714743821,,0.007797641558588975,0.008428727532968638,-0.0025894587971087013
2025-08-11,-0.004414271922289159,-0.015176433841601056,-0.0015678701506420811,-0.0016429729610877297,,-0.0019775571343907394,-0.0018939585337656162,-0.000967207938373682
2025-08-12,0.03905657075755453,0.05469953365613334,0.03607807322781076,0.035107038566527526,,0.010646053664834954,0.03197065115549713,0.010088650727555493
2025-08-13,0.020610020819208152,0.05146763391338771,-0.027709831246991334,-0.0021198152489837474,,0.0034230656348601673,0.014870480939743969,-0.007213460623926471
2025-08-14,0.002490988211085954,-0.01264391831602274,-0.014829255936985475,-0.017259732568043917,,9.305268643111653e-05,0.0010241580454108945,-0.00416640466543694
2025-08-15,-0.0067441813012663054,-0.022188334338806848,-0.013429609640895901,-0.021075353003814024,,-0.0023411604144276676,-0.02290076796644913,-0.00464307501660266
2025-08-18,0.008040706564883315,0.016726987474489752,0.013982552732237474,0.0013800507229446701,,-0.00021758014915251866,0.002939757458272352,0.0043570676693742705
2025-08-19,-0.003988284655826679,0.02627228123331915,-0.020035653704640333,-0.007028590463004192,,-0.005425108347337004,-0.015659563921076147,-0.013729271108494756
2025-08-20,-0.02366971455899347,-0.013172471033978339,-0.00633231265263956,-0.009854360635587311,,-0.0026571034149870387,-0.005751551209305039,0.005537087649379213
2025-08-21,-0.0011849022413734644,0.03374882055701045,0.00516474202269146,0.006448089956276881,,-0.004011882563847102,-0.005661846022862127,0.003345269416865193
2025-08-22,0.03663776477826519,0.06907048143443628,0.010607869282128535,0.02660161492386015,,0.015356711639223919,0.027768617680817176,0.00435982808925095
2025-08-25,-0.013925655756866773,-0.011508702973554108,-0.009266437665681138,-0.0073260198376681185,,-0.004401115867130989,-0.002328376459946435,-0.0022980695024291675
2025-08-26,-0.008312425862549877,-0.012910695886808377,0.001988129249875792,0.04523719107311819,,0.004187063309941674,0.009416043687588527,0.02364847101493761
2025-08-27,-0.00441634933060342,-0.019035343177351782,-0.014178779032092415,0.003661071744337052,,0.0022786450217604504,0.00195332171401863,-0.003700267435189697
2025-08-28,0.004345503946026064,-0.0016666025642311233,0.017108300560727763,0.022277215175656506,,0.0035412203347215954,0.004814277114746579,0.004617505646846043
2025-08-29,-0.0012619375713157632,-0.001431018604063472,-0.00692606715866495,-0.011851666760652635,,-0.005963576555748085,-0.028628031778702656,-0.008693032042802584
2025-09-02,-0.003610140976160414,-0.021495126055705804,-0.0044005692613475755,0.010575182939674299,,-0.007410335051375783,-0.010150034748271919,0.000403084022241762
2025-09-03,-0.01612314417813754,-0.030021921067339807,-0.017096249105202688,-0.023608964519031717,,0.005419573443143255,-0.00473586563503714,-0.007858866514754315
2025-09-04,0.021542924358533666,0.0021388755881426302,0.019260240163396114,0.008495641193703607,,0.008357508586952056,0.010302907551206664,0.00802270429291041
2025-09-05,0.014689965544253392,0.029253078770621777,0.02984259083324048,0.006091155637663492,,-0.002896333007960439,0.01179504377467544,-0.0019645186279678706
2025-09-08,0.0047073966596644645,0.0019515002187113772,0.01798496561457763,-0.001674575009884438,,0.002456656294075321,0.007286026186502426,-0.0024226641463064302
2025-09-09,-0.03049863374111328,-0.011200319431257322,-0.028346852175019865,-0.03380648705267142,,0.00231180914368867,0.0008438395123151476,-0.0071843435657781285
2025-09-10,0.009118312118671534,-0.022038854169612265,0.009642917958772701,0.020165627558987875,,0.002890849205147372,0.017626235774793386,0.013606404015201079
2025-09-11,0.030360460828658065,0.051617759148545383,-0.01586408364407199,-0.005367142767256028,,0.00831024825646609,0.006865391041491087,0.005882373375275973
2025-09-12,-0.024028665069240063,0.04453491278368782,-0.01287100592668644,0.002105765012449634,,-0.00033452064959471617,0.0017633892853019528,-0.00324888264499279
2025-09-15,0.0295623707399022,0.03358161055092612,0.0056237383302013555,0.01720511648404144,,0.005323820081343245,0.008449429048924317,0.012034962756367618
2025-09-16,0.0011345302933016832,0.02694611515555878,-0.0008699186245009205,0.026081398993609506,,-0.0013768405847186527,0.0051346797239655295,0.0040781929690902885
2025-09-17,0.02275304496923014,-0.005506894716505895,0.010987156783321517,-0.012960850175859129,,-0.0012423553760646522,-0.00019334580234187104,-0.006785848695554653
2025-09-18,0.04091372111067981,0.04201956452510247,0.01189304140417935,0.02600715007691634,,0.004672370490589994,0.0349671864367922,0.012218168147504205
2025-09-19,-0.013347578238642077,-0.027612859952697688,-0.028005075434516358,0.003106361699455107,,0.004952836886322753,-0.006390988197467862,0.002118474812692117
2025-09-22,-0.003319744493902599,0.02668229446024961,0.012133598782775756,-0.010652800378927574,,0.004731178557790816,0.014932641777011035,0.0043756242659316325
2025-09-23,-0.009825910240070956,-0.00041751117791288817,-0.015448730816198242,-0.02228629457218312,,-0.005443665189056368,-0.0011859124224326,0.009153713893688353
2025-09-24,-0.0018500750999551618,-0.02380703806174711,-0.02343188759410686,-0.013830122324338334,,-0.0031815654135318727,-0.001521296964733132,-0.012078019482610669
2025-09-25,-0.0058977538216955505,-0.016579156962094554,-0.004241934008418546,0.005194150302337386,,-0.0046134455757694814,-0.00319581397290869,-0.00274953155517077
2025-09-26,0.0122043400258951,0.012508056363736308,0.07938912951890909,0.06975834699679218,,0.005729103921045642,0.0021993867968082004,0.012751719806050277
2025-09-29,-0.007535751749114694,0.0045117539579209165,-0.038110524141489854,-0.04286916467847279,,0.002810340950996748,0.0003720616440205937,-0.0012639275768605573
2025-09-30,0.019235650098208934,-0.01122872365640315,0.017613631249761452,0.02624267153166482,,0.0037668930601342243,0.008143377728091927,0.0185941494910975
2025-10-01,0.014816590845886601,0.016223235106620715,0.024191567787918977,0.020531176217448488,,0.0034076065490575846,0.01925346238460124,-4.780807994586578e-05
2025-10-02,0.00701473044692591,0.030332054373058304,-0.01801332540549716,-0.0059029692874829065,,0.0011516391661055003,0.019360293140904705,0.0006213154400727117
2025-10-03,0.007775806577718258,0.018593140272774145,0.002308212333487436,-0.015026634927447269,,-1.4657797132167083e-05,-0.006141497128906881,0.0008119062437876856
2025-10-06,0.011975560131587848,0.016732671499343654,0.018139938344327478,0.029404520491420172,,0.0035861425551588777,0.030004229937106386,0.014316443060756079
2025-10-07,-0.009610042740888503,-0.07949339537212174,0.01690407132960403,-0.0019122270373639338,,-0.0037075345781497626,-0.022367811823122752,0.0019289991845852228
2025-10-08,0.017321668020842784,0.02459631205880841,0.014281717549124773,0.0050293157490304274,,0.005963110863889121,0.03415994092986385,0.010330513656754192
2025-10-09,-0.011981880370183773,-0.003489817842746268,-0.03512471287091434,-0.019659257951618936,,-0.002896927773588187,-0.0046306763616552615,-0.018218975798040438
2025-10-10,-0.057762834804592655,-0.11238455615608278,-0.03867621090385154,-0.02722408722656855,,-0.027027782269135825,-0.06271760461347897,-0.02461660699480539
2025-10-13,0.06198138622989613,0.09887625619004647,0.003691430557793307,0.03673166426508501,,0.015343956532730907,0.04735469386096547,0.014948550392640092
2025-10-14,0.015308580610124078,-0.010553907291343756,0.0007437362279552051,0.02169191792654801,,-0.0012216093756775015,-0.020500565358287592,0.007794569111514438
2025-10-15,0.010522969688182116,0.04046623653451786,4.1302005951315834e-05,-0.017221032147846427,,0.004439561180749063,0.030856925420072345,-0.014566998860427782
2025-10-16,-0.006605481883704578,-0.043119865615886765,-0.016764448600576576,-0.02520401442406084,,-0.00681025770778676,0.004658657467071503,-0.006885620490661326
2025-10-17,0.007979285284839488,0.0044179602836804666,0.0004619850765910094,-0.010957884465305545,,0.005676199715046071,-0.002802955620663905,-0.0015515177082841003
2025-10-20,0.042297371606621725,0.018253705007020837,0.01485963885122632,0.013444563754972716,,0.01040051331670555,0.01665677203142879,0.017870216686842078
2025-10-21,-0.028220535510415923,0.0007559105166641267,0.030757137901377574,0.03574494413232965,,-1.4888084340025642e-05,-0.005597802971798349,0.017890357412331914
2025-10-22,-0.01011417213471677,-0.041653056014751666,-0.016907635328159643,-0.02561665133458757,,-0.005198959693403782,-0.024714254502784527,-0.013217213048640875
2025-10-23,0.021673524954576973,0.021844346969962514,0.2266432929695501,0.08994643452111428,,0.005929999418908372,0.024390044166568092,0.02460349285069774
2025-10-24,0.018183245928157676,0.008484859835349079,0.04642485019423637,-0.0033501177167399865,,0.008172552647061071,0.016491702554628285,0.005284641226016573
2025-10-27,-0.016370272087136817,0.03059448420101285,0.013748749149888884,0.02756301495207447,,0.011797628449856656,0.027783288096975722,0.00940696173574862
2025-10-28,0.01286029254817378,-0.027671721801615035,-0.026936128375543378,0.07436484312405689,,0.0026560392684344958,0.001216853185042277,-0.006212840359248184
2025-10-29,-0.13272093093458448,0.03198337637775395,0.04365219327363934,0.0453669062831894,,0.0004803961984587435,0.016915785203567735,-0.00041368471571057164
2025-10-30,-0.005253110718041354,-0.074465852843702,-0.014251452029298006,-0.017669899949749657,,-0.010998034372851295,-0.01353367725830179,-0.009841371410048039
2025-10-31,-0.007618456996218659,0.04651420518655258,-0.009314051692996483,-0.02184225220208469,,0.0032801089636860237,0.0037326008273372846,0.0022292407153692295
2025-11-03,-0.0013957411231105832,-0.002074852015213957,-0.01636590638530888,-0.003637472020928456,,0.001876606200154285,0.005969826981380821,-0.0037535693467152242
2025-11-04,-0.02594560536859214,-0.05384114281486807,-0.013677491668750208,-0.026265124746518542,,-0.011853551302988707,-0.039302255578186784,-0.014978130550392765
2025-11-05,0.03999993134673674,0.02359479174747059,0.029855163714772592,0.00489482646463979,,0.0034654938502332033,0.031087603680202136,-0.010814175931072034
2025-11-06,-0.007071484620974733,-0.03163856366183482,0.00047523735481802554,-0.0029018425276802207,,-0.010729420496934372,-0.026091001242987022,-0.009070412192012767
2025-11-07,0.008424578884076439,0.011318640338959574,0.038697864257592585,0.01496728463890662,,0.000984617038458202,-0.01048732599634894,0.007081837208169128
2025-11-10,0.017741743868843418,-0.008191997746783697,-0.0019207582401404855,0.004608263606866725,,0.015604225734922705,0.025884874645683453,0.009232718692011144
2025-11-11,0.013116743532479713,-0.026523955071629857,-0.014509588944925711,-0.0019367463299384546,,0.002289339276604352,-0.02268203815459824,-0.002180403817370613
2025-11-12,0.0,0.0043020776071989175,0.029105401241073414,0.01194973062183724,,0.000556507406128004,0.015314149811378908,-0.004132788418280797
2025-11-13,-0.018732234004073867,-0.03545926652361142,-0.021987260557833177,-0.005248327239109174,,-0.016594034139048364,-0.034337808276390214,-0.021942439796219237
2025-11-14,-0.008010915101515192,-0.03429567211239637,0.01783130987889403,0.008218396997288213,,-0.0001638639805948694,-0.002971848689842127,0.004389492642660864
2025-11-17,-0.029896933558742567,-0.04458335450037321,0.004992408003684057,-0.006239335105617361,,-0.009316344755070927,-0.017191219085777143,-0.010342975977338242
2025-11-18,0.008147353576023919,-0.027142699819615812,-0.028992985651096315,-0.005772148808346533,,-0.008397553718616058,-0.02320488278360988,-0.005151755716757189
2025-11-19,0.00579761714785243,0.013881198658515448,0.0050540552219140444,-0.0006110975596582691,,0.0038632365293529425,0.016716023684294035,0.0018248511103164944
2025-11-20,-0.008034860443171699,-0.06737159979909402,-0.05787447718311667,-0.033836114980539955,,-0.015242276237766972,-0.04797418809993803,-0.02146409269154048
2025-11-21,0.03424890562424454,0.07063967014427308,0.013196308080047903,0.017616013873265057,,0.00996129221104658,0.010182757486616456,-0.002716726488110388
2025-11-24,0.0028943335876321363,0.0044798950822069195,0.019617298179949394,0.012024422287100434,,0.014718458129947765,0.04382831814590116,0.012409861338908534
2025-11-25,0.02487058744580284,-0.00364917180978086,0.023297158063294354,0.017003008386864193,,0.009406036868025991,0.003112680844298721,0.008520471991951606
2025-11-26,0.0004141470085097243,0.01844816565049401,-0.011987446447085492,0.010172244203016323,,0.006903359096137374,0.0275409138034175,0.006422978336505736
2025-11-28,0.011590366244306205,0.02743745366740269,-0.0013480242328172132,0.0049850447137274045,,0.005458464350335035,0.01836024587076479,0.006872891717317309
2025-12-01,-0.00302800695244565,-0.011018866712428688,-0.006247333341200756,-0.016468289800120273,,-0.0045654326011898005,0.0006065558379066971,-0.028571385952154693
2025-12-02,0.002298410795174899,0.04627085980357504,-0.015163494382323006,-0.004841595022131662,,0.0018521605335179991,0.01993801187402866,0.01038943629444189
2025-12-03,0.029729730068215554,0.0808066939946337,-0.004169887091986291,-0.0029393969669869735,,0.0034628390228845785,0.021529520685780845,0.0015398946701408178
2025-12-04,-0.01853177665249972,0.021676245750755108,0.013818494049161911,0.02063635989242041,,0.000731151162097321,-0.009955924195990451,0.015127475520960942
2025-12-05,0.014991950751062966,0.011458997268109838,-0.024210385567628556,9.962286930731423e-05,,0.0018994238357272764,0.010186688652459974,-0.011042150610928392
2025-12-08,-0.01604800091323333,-0.0005608443650024775,0.0037120030188013686,-0.007668601178943191,,-0.0030042012931831286,0.01085974749117935,0.009584564575004118
2025-12-09,0.01030513633833774,0.03916938498663414,-0.02523843176166063,-0.002207960879674231,,-0.0008630954932499213,-0.0018544999203186086,-0.00841689796374201
2025-12-10,0.023612536284347785,0.023112776376917443,0.0137113788669192,0.053409829871098324,,0.006632175045054867,0.013293553326369612,0.008932392581375348
2025-12-11,0.024794034947318577,0.01330088015128661,0.05695982809729494,0.056526286443142615,,0.002326892036534245,-0.005721960400290382,0.018734112885050447
2025-12-12,-0.021284734027756214,-0.035837073689788945,-0.0009938997150441553,-0.015273406399465728,,-0.01075200956203659,-0.04781870301660329,0.005473677592428228
2025-12-15,-0.014394103879527442,-0.028417090611289164,0.006187218447494924,-0.002202623584674157,,-0.001510850004248554,-0.004908542049025688,0.0010983598965104147
2025-12-16,-0.0015874366387754746,-0.021797042364550268,-0.006581794812589248,-0.000551853917587386,,-0.0027322728752857683,-0.004617362474614528,-0.00806149028883707
2025-12-17,-0.012560615804298347,-0.03331064996078448,-0.015676936226490912,-0.007086363395084616,,-0.011003473408355946,-0.0370357335307262,-0.01514786716756178
2025-12-18,0.0055551338959933805,-0.005645092530734752,0.016053037664924386,0.01733249381000057,,0.007551176130278225,0.0238754469525555,0.016845733140784525
2025-12-19,0.014091328754942234,-0.005795448193447128,0.017478983928550962,0.03206993963700455,,0.009063486264369258,0.026605875290095504,0.027178855725248585
2025-12-22,0.014290070946303413,0.012610168048236448,0.016139239087299417,0.021892685237094645,,0.006229909040435855,0.013441856590353796,0.02547799487616831
2025-12-23,0.000934147037933819,-0.0021146488826645493,0.002917946756182621,0.0038873267098993303,,0.004570434077165064,0.003686130366023388,0.001504398445991706
2025-12-24,-0.004977051632785723,0.006475064725437685,0.003059426296381007,0.003700200572785528,,0.0035176469336466454,0.003869474795985539,0.0023214110145972633
2025-12-26,0.007424847552822911,0.009123849589321997,-0.00020937129847586888,0.0026577294257195128,,-0.00010139418790333643,-0.0003267388408001448,-0.009672964584657717
2025-12-29,-0.016446903255380563,-0.003825162479208055,-0.02676830111027506,-0.0027362095183796065,,-0.0035636809822511273,-0.002352649257674866,-0.004906695758347124
2025-12-30,-0.0014198386125419127,0.008727159536619622,-0.02089742914228576,-0.0039440889591476624,,-0.0012212056239845337,-0.0013099649654710888,-0.0030414487179110106
2025-12-31,-0.018009449134278488,-0.028146439362194853,-0.01180154842623482,-0.012137350907626687,,-0.0074088956888227475,-0.01236409069914024,-0.007626853726090732
2026-01-02,0.033864297786185826,0.06302674061144864,0.07464096430639766,0.03868939290137896,,0.0018330346379591411,0.04164042113982647,0.034095574486773916
2026-01-05,0.009102966601992168,0.04153638000398763,0.006502480230196506,0.00587252177481723,,0.006660178462529753,0.013930989720380316,0.020134242060978247
2026-01-06,0.038087837273824476,0.06732421291663049,-0.014300880114221814,0.008006664489203175,,0.005947257666825578,0.0323523766326248,0.016469466069064964
2026-01-07,-0.019236472020219164,-0.01717550831291781,0.013733814687417967,-0.0001655160711560022,,-0.0032235029947706995,-0.010537564770457308,-0.016506619771702646
2026-01-08,0.031578876667692324,0.020439385474947835,-0.05589515524665656,-0.018619662927732872,,-0.00010151182144413351,-0.016344008275933186,0.004504952190834244
2026-01-09,0.012846910706443726,0.031447144446380415,0.023003065350315932,0.03128431426287004,,0.0066134796584182975,0.028787859511044234,0.024359239952917333
2026-01-12,0.011306847760658822,-0.011166119793420637,-0.017708767397961234,0.009484840586830856,,0.0015703444104990805,0.004775219885504889,0.015366789845158157
2026-01-13,0.0016483071480088984,0.0022584269738858964,-0.008332531797616172,0.007775790471339805,,-0.001999516689819014,0.008929817424397024,0.0041851583696828065
2026-01-14,0.05309099908934267,0.019790263871683367,0.008933618290108525,-0.009484008379211928,,-0.004915311552799784,-0.00420039733860178,0.0068198869040683174
2026-01-15,0.013656830217747329,0.09078691035576814,0.05297201081806424,0.017445647218004234,,0.0027232884465351326,0.016028929481165965,0.008571723527073027
2026-01-16,-0.021985450315055277,0.033556401908706235,-0.013730740821281673,-0.008294129680115447,,-0.0008377644449499844,0.01556854568680488,0.010613175464102786
2026-01-20,-0.002330185406629659,-0.020025471643458026,-0.00921183950884763,-0.008604742323715442,,-0.020356834003122604,-0.014950234322695821,-0.024080181846055204
2026-01-21,0.024386900314890658,0.041217299175973166,0.013118701349720041,0.011275141169792668,,0.011541171372927428,0.03198462712346695,0.009962227870819795
2026-01-22,-0.002280127654333719,-0.010188646564429304,-0.005791301828448114,-0.012513015011677009,,0.005223034841890906,0.0015223080564570335,-0.018520806971469517
2026-01-23,-0.0918806809702375,-0.032146548887268644,0.0030171431576364593,0.0035740592902673285,,0.00036283245729173963,-0.011357432114716404,-0.0031804029729947114
2026-01-26,0.005773209271224822,0.008020229209978691,0.03770433340833468,-0.0015378586540919503,,0.005078168996109245,-0.004757634333152683,-0.007189328885343627
2026-01-27,-0.009198584455750503,0.041338830953471684,0.0021824111920214495,0.006404028142174445,,0.0039842915730679,0.02334807147950424,0.015596929930814962
2026-01-28,0.004307796727055724,0.0028259693211323267,-0.04980091153407262,-0.019573099277564232,,-0.00010064921396324422,0.026717540301882448,-0.014049511249793367
2026-01-29,0.049548767102033375,0.017074220361777526,-0.06399074477482303,0.0,,-0.001984439728138443,0.0018587106793344077,-0.003894092773394142
2026-01-30,-0.025648206163150666,-0.037812760579979066,0.023969749602680723,-0.011666103801384109,,-0.0029825340247910948,-0.041065582201130324,-0.0017183142278099917
2026-02-02,0.014680348464060078,0.011942099765277714,-0.02045115495981087,0.0122193977890106,,0.004971211279279464,0.018452244225745096,-0.0052499846620638335
2026-02-03,0.03349717509198391,-0.04837636397136236,0.08861996675242811,0.05395417488662879,,-0.00845533075035465,-0.01998924312233763,0.014405540104685421
2026-02-04,0.04565208817495625,-0.011345576715674044,-0.013956153510478964,-0.006545086191829919,,-0.00484383887388995,-0.044149874321091076,-0.027677100945617594
2026-02-05,-0.03825102334287733,-0.01850370487389086,0.04326874653026547,0.009176456227022012,,-0.012489370624430896,0.001361984323901888,-0.00798241474889605
2026-02-06,0.03798952193981475,0.10912717966838459,0.047210626046316984,0.03808198667135798,,0.019184951600759614,0.05344138121901776,0.03426473004108588
2026-02-09,-0.007333021173810739,0.00016335060566152748,-0.0003011714061843529,0.01564719789838387,,0.004821764563112119,0.012223429426861498,0.0038900323022821315
2026-02-10,0.0022627268718509175,0.09028522937990169,-0.01369872413811013,0.010172413288890958,,-0.0026371350560441265,-0.003798543809213184,-0.006940831972264361
2026-02-11,0.04322708866011249,0.032598748122498744,0.02694452669813341,0.012259252896068995,,-0.00023116280847257364,0.024955311119769563,-0.009690823123718162
2026-02-12,0.012029802952069124,-0.050003510298594955,-0.004652417846956136,0.007857528318187201,,-0.015448908452140975,-0.02415334991447038,0.0068412810477098684
2026-02-13,0.0042765999477194505,0.00404881034674176,0.0321211711714704,0.029468530070325016,,0.0007046233276368774,0.008990092868432331,0.010063089693780336
2026-02-17,-0.039892118653392705,-0.014227992761529196,-0.012954046887064696,0.019592909523528768,,0.0016134293041962788,-0.00157896832805704,0.014050402680340968
2026-02-18,-0.0013046534334777427,0.017983919405468063,-0.007015618681602387,0.012402094202512703,,0.005037695790158558,0.010787945845817326,0.00902721034344256
2026-02-19,-0.013858778130012794,0.005913958559765398,0.03151106790689773,0.02874058560388737,,-0.002637440014283343,-0.005811383167103501,0.013190712955909234
2026-02-20,-0.01206505007338099,0.01371845388576065,0.01497473055484111,0.03945301572741511,,0.007231834702975171,0.01008870822592578,0.0006570808296748609
2026-02-23,-0.01905659446987551,0.014350268220975959,-0.012033989165600611,0.002517839539041722,,-0.010211295817177612,-0.007261460903018713,-0.00980911964723874
2026-02-24,0.060742894347143084,-0.0010994007739271172,0.01929665152920701,0.011113134715837525,,0.007268586321031556,0.014629236488554964,0.007668090344456591
2026-02-25,0.04165861250010594,0.007851973120155398,0.008000582766184428,-0.006333762147267219,,0.008438139639442843,0.016462359951132655,-0.007774280887040574
2026-02-26,-0.0016715436179910448,-0.03742532727146075,0.004853355470687548,0.022059734314757717,,-0.005554395000458845,-0.030434945142765346,0.006632959980031661
2026-02-27,0.011162092881520147,0.001891094722933584,0.0013584613857351435,0.00024453246949907026,,-0.004801907270092998,-0.01264003860427565,0.0037064749064372737
2026-03-02,0.021648538223576486,0.023027600167256912,0.02620130560716194,0.017299357506001645,,0.0005685897092166936,-0.0006812903575157403,0.02814703213726366
2026-03-03,-0.03199477405759432,-0.06428051170689786,-0.018164001893244075,-0.05684407859129159,,-0.008814360718000014,-0.04905552077263797,-0.02234821887840055
2026-03-04,-0.00713127922200163,0.01743039869632379,0.027550640483127387,0.03096330531643754,,0.007055426061514547,0.020192397867107914,0.008123186245201364
2026-03-05,-0.0606459001535985,-0.03426356971181188,-0.041564509672739613,-0.04721304104955415,,-0.0055756895160732345,-0.011067501402379998,-0.028060127597218765
2026-03-06,-0.041289762770595484,-0.09744737686593896,-0.01997479874372632,-0.026527412973039288,,-0.013106994348447198,-0.042189697144355165,0.00899856288354739
2026-03-09,0.0072125292517961626,0.043578740405765704,0.022448426778757025,0.044040247662280985,,0.008759848345474275,0.03975146428442522,-0.000867047477860039
2026-03-10,0.01618133394936838,-0.003920201625997932,0.01579083637744305,0.014486307062346215,,-0.0016071064194473905,0.007253863595300336,-0.009380557881298768
2026-03-11,-0.028526967303162065,-0.005989087583001984,0.015147419557562047,-0.009435742520486623,,-0.0012550721328115078,0.009680966270370073,-0.004338481445985365
2026-03-12,-0.0346655785975758,-0.05336536586466312,-0.07578285873798885,-0.07220419780940879,,-0.015184929448649576,-0.03478610947027139,-0.03012388760497786
2026-03-13,-0.017413264018066643,-0.01545742567626096,-0.04223104995292104,-0.028268341617222692,,-0.005660153274538393,0.003422243014899351,-0.009287769597814188
2026-03-16,0.05948970212176974,0.031030651629217587,0.03540186255642053,0.03881097738578054,,0.01017678036768932,0.019648592044824165,0.015130438761446152
2026-03-17,0.0027069095010212596,0.03977066732847878,0.019755659253602786,0.009153825214435862,,0.002630641382033616,0.007783926496741644,0.001035796752024254
2026-03-18,-0.021319325746713136,-0.00430728957119042,0.015755237432767855,0.005442434647775052,,-0.013953630828001051,-0.005760393594570146,-0.006311664889832924
2026-03-19,-0.04222371793341029,0.0024225139960789566,-0.024027679129579926,-0.014033721679237665,,-0.0024643625774001254,0.005646015696241458,-0.01775919213718813
2026-03-20,-0.024811580076140816,-0.010357282179616845,-0.04167554482548075,-0.038904639389830464,,-0.014335866992629342,-0.022604371059701922,-0.020939673321136443
2026-03-23,0.04482793047921896,0.0030524561429345898,0.02977377329860942,0.032299024911748075,,0.010500055284356824,0.012270245302915983,0.0035496586446635003
2026-03-24,0.025148681135876094,0.057908005388194184,0.07041987805226402,0.02192916619758245,,-0.0033568197458091475,0.0131613642731927,-0.003178861760238072
2026-03-25,0.047083793809302055,0.01241064589305707,0.017948902439984815,-0.003944089526935701,,0.005572814791767078,0.012404025428910614,0.014462829353046436
2026-03-26,-0.050165439797954736,-0.060318270281858544,-0.036936967591846614,-0.03395971515834728,,-0.017858712243157604,-0.047501795070154174,-0.02541407460757772
2026-03-27,0.005046949784408117,-0.0186609440326152,-0.03753631865133733,-0.024385227915039276,,-0.01705191879256185,-0.016329566163009512,-0.01853528154648809
2026-03-30,-0.028078441779658125,-0.04357769097327335,-0.01647572353069804,-0.03510640840923063,,-0.003343469515220132,-0.04232109665427508,-0.024301088523185133
2026-03-31,0.05261244498737816,0.07916052998428724,0.06323006058336955,0.07350558460418588,,0.02906792539862124,0.06091224528097383,0.03776270323043773
2026-04-01,0.022537201665823403,0.012538333589580342,0.025802409876080956,0.039804709328264076,,0.00753442967227369,0.03006148519724028,0.022354326942060077
2026-04-02,0.008180658691763876,-0.019459120013419318,-0.03168280599669626,-0.03054542226239665,,0.0009005422726844348,0.0031605207183722506,-0.0077356082489915545
2026-04-06,-0.0017435453577925308,-0.00618557878589443,0.008454367092340487,0.009070461616076608,,0.004726703240241825,0.013221102593697909,0.014825780953722889
2026-04-07,0.013435344023341012,0.024809782398686808,-0.0020768991121074,-0.004595890130536073,,0.0004400691374961685,0.010636475824338909,-0.008436946776576137
2026-04-08,0.07443990366259956,0.09320968807209828,0.08588833919741257,0.06185497478176338,,0.0254696046172882,0.0651022894783937,0.039722420567139594
2026-04-09,0.0054291826318939584,0.023379636890368705,0.007876823671978617,0.020717472381923452,,0.005769096571727417,0.02221926379990591,-0.0017660249097678493
2026-04-10,0.0022703416490135186,0.02028187917452451,0.009484838291090147,0.016162386469565693,,-0.0006617946789001516,0.021049618831858963,-0.009147387594280354
2026-04-13,0.02442753874983805,0.020322307817664864,0.01922817567046975,0.009678762101274607,,0.009772337225445238,0.017434019742492035,0.013804215177547041
2026-04-14,-0.011593884792309495,-0.004562987546502861,-0.010976640757850098,-0.004579313747649194,,0.012184915010662545,0.020084384318373782,0.011253799392596298
2026-04-15,-0.014934345854737963,-0.003201449592179939,-0.023085633363708613,-0.03802979203008816,,0.00789104262604634,0.0015451909140369313,-0.006073972836142971
2026-04-16,0.022280802307310665,-0.007883199693372922,-0.005855332424696935,-0.006376330984662282,,0.0024573146961406334,0.010177751617883146,-0.0212392798499923
2026-04-17,0.09246473150389312,0.07460273057098044,0.0458278469795208,0.05666432475966898,,0.012085709684531931,0.024042367490019867,0.012705737769805658
2026-04-20,-0.005496059345181381,0.019581002435998363,0.014628994972597953,-0.0036439092078903723,,-0.0019997769579219726,0.004426079533027538,-0.0003880130784200686
2026-04-21,-0.01431325448094467,-0.012959967768891634,-0.02947742067131731,-0.031147145473573112,,-0.006546877598048839,0.007544095024690334,-0.03778309014694581
2026-04-22,0.005326327271126363,0.0063949750959964025,-0.03410952069324513,-0.03554573139327677,,0.010126679110719516,0.026313236240765425,-0.017661038289406905
2026-04-23,0.021973063336764964,0.009463894142073714,0.0064871408973627975,0.004892367808673637,,-0.0038807172806204493,0.02137715319052469,-0.00018248377578999886
2026-04-24,0.014406563390171101,0.044532280825027915,0.0019219796669769362,0.001363138272756581,-0.0508095954866018,0.0077492429694283604,0.04671204717178257,-0.015106567719523789
2026-04-27,-0.023347104907870952,0.002949171300598241,0.0022456893789088994,-0.005250859506272465,-0.04764702740837545,0.0017229416659827468,-0.013409932269271896,0.001112111996953269
2026-04-28,-0.023519806558149337,-0.07491693853984349,-0.00023348351848750948,-0.011404366469881855,-0.06361955853421852,-0.004865980739709008,-0.03667022092914518,0.000786932825118658
2026-04-29,-0.026737347149878632,0.03284463919229519,-0.05047416780410985,-0.03605801800094566,0.07651714110077168,-0.0001546344034137892,0.025711660860264773,-0.014199187114885659
2026-04-30,0.06531819367132385,-0.05349128453043894,0.05330480637322066,0.06311981984548365,0.0018382774023593118,0.009949685183250345,0.025445046091483237,0.025429298953363766
2026-05-01,0.02399222952814184,0.00643652300943276,0.0028257352957952175,-0.0012865830335346828,-0.04281350132155348,0.00276905737155686,0.009340338548622151,-0.010477706153217303
2026-05-04,0.00626923624507536,-0.02340278355411618,-0.004145180720835584,-0.008823877145810233,-0.017891357175476075,-0.0036633809509297732,-0.007922668427303381,-0.008970230565525483
2026-05-05,0.03970427547523725,0.074337830150774,0.04059576891240502,0.009487339785936744,-0.0201691261060869,0.008022242913074518,0.044734465912724675,0.004852347234085119
2026-05-06,-0.0003045938509439461,0.04400829453856958,0.029596264754136792,0.06263273476188735,0.039176572541462784,0.013899418730159985,0.05000721823610621,0.037377515002566586
2026-05-07,-0.029462640922429117,-0.05261128088392131,-0.028418051304304748,-0.014659547747170376,-0.019169280790609866,-0.0030660889376450395,-0.028626760100699422,-0.004073051774771241
2026-05-08,0.04349421529263542,0.009819879414896704,-0.038841697522940866,-0.026251101538955712,0.023452745780503603,0.008256054754597786,0.05674719618562474,0.004404371104901328
2026-05-11,0.018357874332195268,0.0002681332263667624,0.002828046872279444,0.017488504849643816,-0.008274991351066241,0.0022775635209937306,0.023947672467187875,0.011186148287688713
2026-05-12,0.0030537526535598936,-0.02574586944388324,-0.010254922174790848,-0.0009308088350999943,0.07445441932557961,-0.0015148976832113359,-0.03147760909179331,-0.0026550172140821227
2026-05-13,0.03633684063645348,-0.0018581234466592544,0.027504298164424457,0.023725280756137,-0.0011947704920629576,0.005594852718878274,0.02383767981937468,0.0014198601084423057
2026-05-14,0.0001894431861551027,-0.039851027071284295,-0.015492518714147363,-0.01371106280246459,-0.034688992076859715,0.007894249484761584,0.0032937600960103453,-0.005538164154357927
2026-05-15,-0.028755459392326155,-0.04444917702610396,-0.0480701713988112,-0.05136252523420837,-0.04275090498614509,-0.012029288059682064,-0.04058267378308067,-0.032032359338987626
2026-05-18,-0.013315794646840518,-0.04403697942100149,-0.011420016766957586,-0.02982755846910279,-0.07119737484629318,-0.0007035134425675826,-0.02487612644547188,0.013623458263348098
2026-05-19,-0.0409807997803151,-0.023504465124465024,0.005219375618852551,0.005480599859507329,-0.05714290081534845,-0.006660884222331576,0.0017544914636435927,-0.008672674093485488
2026-05-20,0.06211352692766381,0.028014780442370713,0.03848711716821862,0.021869138744624816,0.03695491573303977,0.010249029332388027,0.047449445900747955,0.022718914647956057
2026-05-21,0.01975243228686585,0.028895829925002392,0.03864836980698394,0.04345285969050261,0.04490378663089967,0.0019831294549137457,0.008456578430951156,-0.0005822391587055886
2026-05-22,0.023415116159436256,0.029606600207567002,-0.009582046868362282,0.01171990263140632,0.002728510386723393,0.003931565762728351,0.024051388381833183,0.00994842975813559
2026-05-26,0.036690862665387014,0.050561699450012876,0.045079705506910095,0.03986691409430221,0.06462583820350587,0.006638589859918387,0.06096804890052954,0.018281151972776133
2026-05-27,-0.003992251520480661,-0.014916893695345657,0.015913964486003573,0.006399631821574436,-0.005750747674588386,-0.000173263723814987,-0.01071778218276831,0.004313842913341137
2026-05-28,0.0015097520819469246,-0.011142896880479758,0.0023866035432220656,0.004062661659704148,0.04113112635369198,0.005516626676954184,0.009734526985175407,0.022084394797151408
2026-05-29,-0.009854725245945661,0.0025281504667613586,0.015086238513194905,0.027150676807338403,-0.05679018436054262,0.002491413132097442,-0.0006847878279017117,-0.0005518629495350202
2026-06-01,0.01377031690366115,-0.022047650962919052,0.038274484989514024,0.02180858635284455,0.24018331767697165,0.0027230637662387647,0.0050078957034853655,-0.023487968633967293
2026-06-02,0.031066484368198477,0.0529728085180452,0.0006572185285464993,-0.0027936082910693383,0.16569916956358854,0.0013579961566574372,0.05785682440248241,-0.006872225699759649
2026-06-03,-0.0064347870418460795,-0.0181219638492498,-0.00041047613289002527,0.008180226069121943,-0.10230874663969047,-0.00701716271996522,0.01761920377673243,-0.015065923836223072
2026-06-04,-0.004726061224129885,-0.003206700617833458,0.011436182016081764,0.006446613573249715,-0.026727215768261647,0.003778634283035931,-0.021049878795247112,0.029703421229244853
2026-06-05,-0.029414376813111986,-0.1034458739627343,-0.018310231444453873,-0.020044200775661936,-0.11036265517961785,-0.025809369612244448,-0.10444312289305935,-0.00915489247863377
2026-06-08,0.02160816205367655,0.05820908499528854,0.032030569265254494,0.015044785882572187,0.011065843518541563,0.002264222440912178,0.058691573634769734,-0.00954462330258432
2026-06-09,0.025496617006094624,0.012357763395344668,0.04945010880985112,0.03880318372847591,0.08064513648089822,-0.002935437064612745,-0.016291780286691315,0.014036834312859625
2026-06-10,-0.031218912049731595,-0.040714491134221764,-0.0013747032910690349,-0.02009303514943872,-0.009594898879514369,-0.015765592933211114,-0.03669906766687148,-0.024213546642580575
2026-06-11,0.09796922708732114,0.1244567569271342,0.0753274055198545,0.08796425430727739,0.045748136973091214,0.016996857394830034,0.08387655514864156,0.049673174621627236
2026-06-12,0.005121917856169889,0.03864201034434167,-0.001706813292082665,-0.005112803370731611,0.052496162724812834,0.005408207317551872,0.015879164850417293,-0.009532286376353838
2026-06-15,0.01973633593395463,0.0821817488202774,0.0037577770924255294,-0.013452228065394145,0.009290886045017377,0.017634009390668393,0.05450472502247661,0.016153992775213455
2026-06-16,0.017212715849251436,-0.06924914805040705,-0.003566247182738347,0.002553495767499747,-0.11676356195149884,-0.005961575485861181,-0.05920913697325614,0.008930176134447354
2026-06-17,0.02896908434063139,0.03779429351023178,0.0247154742393203,0.0028017067831387354,0.021393379418002345,-0.01248789492983049,0.014359622446954656,0.013652202996516039
2026-06-18,0.041946083916003074,0.1362019709965545,0.019114762851226486,0.02275726767067532,0.04403864972424887,0.010396979807429707,0.06622987841812811,-0.015651295870569015
2026-06-22,0.009818863887455453,0.029255363679822066,0.0022167281504796854,0.01365848837796202,-0.035493853657502794,-0.0031469282666526377,0.024333365425318165,-0.014561328799715834
2026-06-23,-0.04443964010883217,-0.08576080278755238,-0.016418056662657055,-0.022000050541141847,-0.01599995930989584,-0.014522012225013592,-0.07880791132819731,0.0017833476210442623
2026-06-24,0.016130235041751373,0.019260497555363854,0.004895253427168456,-0.010070188898604115,-0.01842819179015176,-0.0004635003677893046,-0.003132350144233298,0.0011020457452584065
2026-06-25,0.04517466310232621,0.028111495798675668,0.03148283714137512,0.009666499810259355,0.031474305666141955,0.0014456368287247834,0.03940148673858879,0.005038346422698403
2026-06-26,0.01852379601502374,-0.08424106956054145,-0.01244895979470606,-0.010526346383536778,0.014989227768871904,-0.007231332133985857,-0.05639791555464202,-0.002527652656493684
2026-06-29,0.008745030326049008,0.059530456490228145,0.025769682386711956,0.0015704803797782496,0.013185654645138545,0.01647481275894025,0.04137697062156498,0.009924871832556859
2026-06-30,0.027147532159023324,0.0515669490231514,0.01616058324115155,-0.0030853299764154185,0.02758983403981019,0.007786815227913024,0.042988654959725814,0.01375815649403922
2026-07-01,-0.04653831960484289,-0.08156340032616904,-0.010829463664377648,-0.025012723398806336,-0.02482268372845109,-0.0013525036475483532,-0.06408020014196458,0.005940131355528511
2026-07-02,-0.06390406846012953,-0.11217382702535794,-0.021174721070544744,-0.021179123194098204,-0.09454543869216725,-0.0013140507435593918,-0.05566110418863712,0.01775613314302782
2026-07-06,-0.013675864400750637,-0.010159656354182145,0.03685289085722454,0.02105258546827926,0.0017211003311323747,0.008727392224116226,0.026822251759903493,0.010435509773246032
2026-07-07,-0.05576777056052362,-0.06950465762566871,-0.04666944533763562,-0.04581903136322307,-0.08190140165006421,-0.004751890339538711,-0.05128032235314006,-0.02260946700578126
2026-07-08,0.0044902945601610345,0.026946976697070246,-0.004607354038310363,0.012768807523850123,-0.004990697065098693,-0.0030894091522385425,0.018742424291067428,-0.022357281855220346
2026-07-09,0.03390929769518736,0.053200762704960436,0.005632764300278037,0.01487065956935707,-0.008150477491880692,0.008465256756416295,0.03499816295586644,-4.17564270471793e-05
2026-07-10,0.0036224562313300623,-0.005133532363853055,-0.02086505938993799,-0.007007896155985849,0.0012642514633052215,0.004310118179872147,-0.0006188351410164605,-0.0023370549957660858
2026-07-13,-0.042342680046280945,-0.06246987159362516,-0.020324564065828832,-0.017589785095318056,-0.07386364046863947,-0.007656140611366324,-0.04770019326672026,-0.016773963912467993
2026-07-14,0.026423563832097763,0.031995286804386014,0.017676649348615348,0.030965999681122458,-0.004090008132559997,0.0035506379166867497,0.025848427147020958,0.0009359563682240779
2026-07-15,-0.008962781360014493,-0.013795038685879057,0.0003986249872451886,0.02190663979624885,0.026009590922012382,0.003963630921285599,-0.022274138561636625,0.004887992196770385
2026-07-16,-0.03227093257160518,-0.029490295431501612,-0.039334512860849435,-0.04173770331061899,-0.035356887329135445,-0.005418616825605738,-0.04460897971754152,-0.02339061161543421
2026-07-17,0.009139570220705329,0.030757867315355236,0.006078650742410208,0.003557779535619643,-0.0034578278425282383,-0.009897199757215702,-0.016380780501294434,-0.0006929297610190899
2026-07-20,-0.012524443019315212,-0.0356783936192111,-0.004733174356651881,0.00037603977497635555,-0.0013878906524033008,-0.0016143534967409945,0.004465252900102801,-0.006327757471010331
2026-07-21,0.05279895241525412,0.04768669868868036,0.06099475803440102,0.05890249622606314,0.08825569658020616,0.008341327043244195,0.054470112034644025,0.0020500343782374753
2026-07-22,-0.016363818719255296,-0.019190913977873758,-0.0022581458136856636,-0.008214645914631613,-0.02490417582685267,-0.001162766737217713,0.005120474871360914,0.00596323857582326
2026-07-23,-0.008178447673741207,-0.015856788914433095,0.0236191428157293,0.021729127662837744,-0.023575677770757975,-0.012349253784127878,-0.007704525647468485,0.030807771404518514
2026-07-24,-0.03052973815887483,-0.045454622413388934,0.003574176521341954,-0.010208133124079977,-0.044265583780449425,0.0010159657563921787,-0.04395545345109442,0.008017537907282213
2026-07-27,0.0033192393305345735,-0.0215253125557614,-0.03882787713730074,-0.026086974633459326,0.032280704431366436,0.00021661654234961247,-0.0204550063797313,0.01569913419514113
2026-07-28,-0.13282608977024102,-0.06496792571593024,-0.03415771573755233,-0.029329287346270383,-0.014955830486627408,0.0023947666975516757,-0.0479824868386276,0.00438684367781117
2026-07-29,-0.09709108406815325,-0.09359649810418658,-0.05319126681859132,-0.04850530540548248,-0.12077294876761446,-0.015387445003102407,-0.053839594637359545,-0.03559472972114286
2026-07-30,0.09913388562716574,0.0943836863143237,-0.050714301002734774,0.02236958053338034,0.06907379358325394,0.01676574369337569,0.08501077416648295,0.007915046593386155
2026-07-31,0.013118026140091832,0.016565642825508986,0.03166501501637997,0.030456342665269975,0.021292214705560086,0.007199869193782904,0.0007135491477026079,0.006425063147861287
2026-08-03,0.013707072842924939,0.05165891422792024,0.045856902147219714,0.03030299083332988,0.03235081338615964,0.014242990614400597,0.005525896447596379,0.02678795209537488
2026-08-04,0.06255561666428666,0.15463259650361638,0.0490165667000757,0.03640223155054989,0.10027859112016291,0.01802895214665101,0.06801542371547842,0.01857115027874201
2026-08-05,0.3081460756872234,0.006848405574735761,0.00045603053798104476,0.024781448239426185,0.0006329258709565355,-0.0019965624761277834,-0.02122797798770304,0.006503092656332532
2026-08-06,-0.06334982738650097,-0.019924487079826414,-0.023054371572765908,0.08931788801576879,0.031625492286849965,-0.0015978064697251826,0.0034293870121764325,-0.00907717552048004
2026-08-07,0.0423703006584375,0.06610591193865245,0.02408296828630041,0.019737742499543298,0.03372171443399874,0.0061153280785064545,0.02018704438424712,0.0030400794408584897
2026-08-10,-0.03578685926488345,-0.051749046701947465,-0.018715196836559533,0.0015361925436327972,-0.02253861532376955,-0.0002974431285415191,-0.025548952684168347,0.0015155240693929262
2026-08-11,0.004040482123874645,0.04160598932572568,-0.040019230463077315,0.008282568777892685,0.0018204300654631744,-0.003195199981383512,0.009085865379212965,0.0030660624125555813
2026-08-12,0.00876072526042826,0.07236531942837598,-0.016611813802021924,0.0015211702101061153,0.025439132069738912,0.0025046088948632583,0.023230932564304307,-0.00111156237736465
2026-08-13,-0.0031774261845358698,0.016948073606321223,0.013109165153835312,-0.013930441162642526,0.012994643200758604,0.006977515074108265,0.007555694503322163,-0.007670234497155315
2026-08-14,0.002762547149580019,-0.012514517320742491,0.016841899323699394,0.005545262301147824,0.09737609990903673,-0.0019797506799419384,-0.000580986063875466,0.014137517171429748
2026-08-17,0.01642295894740209,0.008222068967729035,-0.004058158795168354,0.014443290937789843,0.014877826311682218,-0.004727362317670902,0.015806148761416283,-0.007977286903186775
2026-08-18,-0.08256026938499117,-0.07860685727694272,-0.019211654567583558,-0.02295276595671847,-0.05863878622327101,-0.00675574496080833,-0.04959584962243724,0.0038216736366609716
2026-08-19,-0.07124183452514787,-0.03986161790681342,-0.04135650464722196,-0.04623333440916111,-0.043937654521233216,0.0020977847370853286,-0.02205536281672371,-0.023834115968068836
2026-08-20,-0.050413181152434317,0.002425880970868599,-0.04094438701090386,-0.031344062689397156,-0.030250171123230807,-0.008399827926766523,0.005157068462786851,-0.03489739686701554
2026-08-21,-0.003265703432663636,-0.006706777210503945,0.006747420558314898,-0.010563075714428716,0.1931613256519169,0.004091229991858514,-0.0044031106366609896,-0.000926067339069303
2026-08-24,-0.00913955127873256,-0.037658384548240664,-0.031032993552335464,0.013525931723384899,-0.11211662195409189,-0.0029384361156037375,-0.026670500715683887,-0.016600666413324583
2026-08-25,0.011573284478297863,0.004484593976039841,0.019270292637917352,0.025832888003497922,0.005096271425001131,0.003195939766817757,0.015567576789811577,0.00385609976862078
2026-08-26,0.015268830330141148,0.02585160022256927,-0.0049167523480528885,-0.011011453627437828,0.011830934336487742,0.00022200767959623668,0.0026067928452144784,0.00887750430225509
2026-08-27,0.042787505673160364,0.020005550403004113,0.014223639015104261,0.007798570221504431,0.006124755899718393,0.006552844629756693,0.01946047523124439,-0.008968645221822835
2026-08-28,-0.034166112581164754,-0.07150230241700228,-0.028843398189461023,-0.017527548437158202,-0.07913670887251734,-0.0022694869107554583,-0.031992835074194814,-0.006146979067782499
2026-08-31,-0.00698243300981638,0.0027423296932171937,-2.0945885440326606e-05,-0.031125439977087277,-0.01382208838177057,-0.002989548034258882,0.004758047908297147,-0.019199398966892378
2026-09-01,-0.008005758111612415,-0.04272303249415066,-0.007052633756852611,-0.015915769091924936,-0.039609971028292223,-0.006870413937474118,-0.020996463779886843,-0.012656027789474167
2026-09-02,0.016140735043728593,0.013898564806616553,-0.025557004186119392,0.0036825354784886244,0.006345141265426513,0.004436916429827686,0.0022586212937130146,-0.009269961089905743
2026-09-03,0.0108837093944818,-0.0046455001271275,0.014122415229593566,0.01413055089606896,0.03215644348021374,0.010468417941536634,0.0015156710077983693,0.011684655527975929
2026-09-04,0.015297671981701955,0.06151498647781728,0.016792109612077333,0.029871911659859363,0.025045804910985625,-0.0038542322600894074,0.03516522433287772,-0.0016372966164270863
2026-09-08,0.046880104367515774,0.01693809104571753,-0.035280730203042454,-0.01580814938880104,0.008939190249834139,-0.005492178930014524,0.016427507110405637,-0.009219446554233901
2026-09-09,-0.010246764019597898,0.013750106256720018,-0.00023984942460753,-0.0037623674056026513,-0.027761441951034027,-0.004647717444469568,0.006813036451201349,-0.018252564531891724
2026-09-10,-0.005532102243470671,-0.03936240600477037,-0.022248908137066592,-0.036506214443839835,-0.03280674594253863,-0.005994275703456675,-0.02738722840109742,-0.005149241330956067
2026-09-11,0.023205036910117993,0.021615730368523156,-0.011288338111753893,-0.001155757424819548,0.016959827667697436,0.008524301461116268,0.018630590953718995,0.0031604646562481964
2026-09-14,-0.06714305420848898,-0.08441968552348833,-0.05146776198231029,-0.053428636855183065,0.32798019090686004,-0.004461653484890693,-0.05629236954008465,-0.010227797455710674
2026-09-15,-0.0030805323844962373,0.008714558667560546,-0.012036722726629812,-0.007759720980280216,-0.0897674560546875,-0.004586752409134642,0.003570877338217482,-0.011634139758234574
2026-09-16,0.03687156333968189,0.004319635615783968,-0.008475439345983937,0.01585511498403447,0.013796651097295554,-0.0044098804847823025,0.006434782832120511,0.005934599404022967
2026-09-17,0.008698818748124282,0.034331807415326265,-0.012360360584686703,-0.03168992723572861,0.1073588278419828,0.011338753705953053,0.033940122914005055,-0.006457004515543763
2026-09-18,0.004232033989809869,0.05628574986349566,0.0034668527740486788,0.04350906948224731,0.04597179155430875,0.0012869590529585029,0.026912025419597585,-0.00018706070697804833
