ticker,accession,filed,report_date,acceptance,filing_path,release_path,release_date,session,same_day_session,timing,date_evidence,eps,eps_prior,revenue_release_units,revenue_prior_release_units,operating_income_release_units,operating_income_prior_release_units,operating_margin,operating_margin_prior,prior_column,pre_release_price,earnings_change_scaled,operating_margin_change,source_url,window,mapping,benchmark,car,n_estimation,estimation_start,estimation_end,window_start,window_end,market_beta
ATI,0001628280-21-000940,2021-01-28,2021-01-28,2021-01-28T12:40:33.000Z,sources/earnings/ATI_0001628280-21-000940.html,sources/earnings/ATI_0001628280-21-000940_release.html,2021-01-28,2021-01-29,2021-01-28,date only; next session,"January 28, 2021",-8.85,0.41,658.3,1018.6,-1088.1,98.5,-1.6528938174084764,0.09670135480070685,2,18.200000762939453,-0.5087911874628093,-1.7495951722091831,https://www.sec.gov/Archives/edgar/data/1018963/000162828021000940/,primary,conservative,market,-0.032186065360440455,232,2020-01-30,2020-12-29,2021-01-28,2021-02-01,1.6488668297690512
ATI,0001628280-21-000940,2021-01-28,2021-01-28,2021-01-28T12:40:33.000Z,sources/earnings/ATI_0001628280-21-000940.html,sources/earnings/ATI_0001628280-21-000940_release.html,2021-01-28,2021-01-29,2021-01-28,date only; next session,"January 28, 2021",-8.85,0.41,658.3,1018.6,-1088.1,98.5,-1.6528938174084764,0.09670135480070685,2,18.200000762939453,-0.5087911874628093,-1.7495951722091831,https://www.sec.gov/Archives/edgar/data/1018963/000162828021000940/,primary,conservative,market + industries,-0.04127846049786149,232,2020-01-30,2020-12-29,2021-01-28,2021-02-01,-0.43904591361385487
ATI,0001628280-21-000940,2021-01-28,2021-01-28,2021-01-28T12:40:33.000Z,sources/earnings/ATI_0001628280-21-000940.html,sources/earnings/ATI_0001628280-21-000940_release.html,2021-01-28,2021-01-29,2021-01-28,date only; next session,"January 28, 2021",-8.85,0.41,658.3,1018.6,-1088.1,98.5,-1.6528938174084764,0.09670135480070685,2,18.200000762939453,-0.5087911874628093,-1.7495951722091831,https://www.sec.gov/Archives/edgar/data/1018963/000162828021000940/,primary,same_date,market,0.004231572495726074,232,2020-01-29,2020-12-28,2021-01-27,2021-01-29,1.648682906067205
ATI,0001628280-21-000940,2021-01-28,2021-01-28,2021-01-28T12:40:33.000Z,sources/earnings/ATI_0001628280-21-000940.html,sources/earnings/ATI_0001628280-21-000940_release.html,2021-01-28,2021-01-29,2021-01-28,date only; next session,"January 28, 2021",-8.85,0.41,658.3,1018.6,-1088.1,98.5,-1.6528938174084764,0.09670135480070685,2,18.200000762939453,-0.5087911874628093,-1.7495951722091831,https://www.sec.gov/Archives/edgar/data/1018963/000162828021000940/,primary,same_date,market + industries,-0.018730009602395778,232,2020-01-29,2020-12-28,2021-01-27,2021-01-29,-0.4379207206514448
ATI,0001628280-21-000940,2021-01-28,2021-01-28,2021-01-28T12:40:33.000Z,sources/earnings/ATI_0001628280-21-000940.html,sources/earnings/ATI_0001628280-21-000940_release.html,2021-01-28,2021-01-29,2021-01-28,date only; next session,"January 28, 2021",-8.85,0.41,658.3,1018.6,-1088.1,98.5,-1.6528938174084764,0.09670135480070685,2,18.200000762939453,-0.5087911874628093,-1.7495951722091831,https://www.sec.gov/Archives/edgar/data/1018963/000162828021000940/,short,conservative,market,-0.020715901599527194,232,2020-01-30,2020-12-29,2021-01-29,2021-02-01,1.6488668297690512
ATI,0001628280-21-000940,2021-01-28,2021-01-28,2021-01-28T12:40:33.000Z,sources/earnings/ATI_0001628280-21-000940.html,sources/earnings/ATI_0001628280-21-000940_release.html,2021-01-28,2021-01-29,2021-01-28,date only; next session,"January 28, 2021",-8.85,0.41,658.3,1018.6,-1088.1,98.5,-1.6528938174084764,0.09670135480070685,2,18.200000762939453,-0.5087911874628093,-1.7495951722091831,https://www.sec.gov/Archives/edgar/data/1018963/000162828021000940/,short,conservative,market + industries,-0.028860405836041148,232,2020-01-30,2020-12-29,2021-01-29,2021-02-01,-0.43904591361385487
ATI,0001628280-21-000940,2021-01-28,2021-01-28,2021-01-28T12:40:33.000Z,sources/earnings/ATI_0001628280-21-000940.html,sources/earnings/ATI_0001628280-21-000940_release.html,2021-01-28,2021-01-29,2021-01-28,date only; next session,"January 28, 2021",-8.85,0.41,658.3,1018.6,-1088.1,98.5,-1.6528938174084764,0.09670135480070685,2,18.200000762939453,-0.5087911874628093,-1.7495951722091831,https://www.sec.gov/Archives/edgar/data/1018963/000162828021000940/,short,same_date,market,-0.046532052742707025,232,2020-01-29,2020-12-28,2021-01-28,2021-01-29,1.648682906067205
ATI,0001628280-21-000940,2021-01-28,2021-01-28,2021-01-28T12:40:33.000Z,sources/earnings/ATI_0001628280-21-000940.html,sources/earnings/ATI_0001628280-21-000940_release.html,2021-01-28,2021-01-29,2021-01-28,date only; next session,"January 28, 2021",-8.85,0.41,658.3,1018.6,-1088.1,98.5,-1.6528938174084764,0.09670135480070685,2,18.200000762939453,-0.5087911874628093,-1.7495951722091831,https://www.sec.gov/Archives/edgar/data/1018963/000162828021000940/,short,same_date,market + industries,-0.05836811628522207,232,2020-01-29,2020-12-28,2021-01-28,2021-01-29,-0.4379207206514448
ATI,0001628280-21-000940,2021-01-28,2021-01-28,2021-01-28T12:40:33.000Z,sources/earnings/ATI_0001628280-21-000940.html,sources/earnings/ATI_0001628280-21-000940_release.html,2021-01-28,2021-01-29,2021-01-28,date only; next session,"January 28, 2021",-8.85,0.41,658.3,1018.6,-1088.1,98.5,-1.6528938174084764,0.09670135480070685,2,18.200000762939453,-0.5087911874628093,-1.7495951722091831,https://www.sec.gov/Archives/edgar/data/1018963/000162828021000940/,wide,conservative,market,-0.04665680975888171,232,2020-01-30,2020-12-29,2021-01-28,2021-02-05,1.6488668297690512
ATI,0001628280-21-000940,2021-01-28,2021-01-28,2021-01-28T12:40:33.000Z,sources/earnings/ATI_0001628280-21-000940.html,sources/earnings/ATI_0001628280-21-000940_release.html,2021-01-28,2021-01-29,2021-01-28,date only; next session,"January 28, 2021",-8.85,0.41,658.3,1018.6,-1088.1,98.5,-1.6528938174084764,0.09670135480070685,2,18.200000762939453,-0.5087911874628093,-1.7495951722091831,https://www.sec.gov/Archives/edgar/data/1018963/000162828021000940/,wide,conservative,market + industries,-0.10676377074321314,232,2020-01-30,2020-12-29,2021-01-28,2021-02-05,-0.43904591361385487
ATI,0001628280-21-000940,2021-01-28,2021-01-28,2021-01-28T12:40:33.000Z,sources/earnings/ATI_0001628280-21-000940.html,sources/earnings/ATI_0001628280-21-000940_release.html,2021-01-28,2021-01-29,2021-01-28,date only; next session,"January 28, 2021",-8.85,0.41,658.3,1018.6,-1088.1,98.5,-1.6528938174084764,0.09670135480070685,2,18.200000762939453,-0.5087911874628093,-1.7495951722091831,https://www.sec.gov/Archives/edgar/data/1018963/000162828021000940/,wide,same_date,market,0.016337467540046183,232,2020-01-29,2020-12-28,2021-01-27,2021-02-04,1.648682906067205
ATI,0001628280-21-000940,2021-01-28,2021-01-28,2021-01-28T12:40:33.000Z,sources/earnings/ATI_0001628280-21-000940.html,sources/earnings/ATI_0001628280-21-000940_release.html,2021-01-28,2021-01-29,2021-01-28,date only; next session,"January 28, 2021",-8.85,0.41,658.3,1018.6,-1088.1,98.5,-1.6528938174084764,0.09670135480070685,2,18.200000762939453,-0.5087911874628093,-1.7495951722091831,https://www.sec.gov/Archives/edgar/data/1018963/000162828021000940/,wide,same_date,market + industries,-0.06698768977248229,232,2020-01-29,2020-12-28,2021-01-27,2021-02-04,-0.4379207206514448
ATI,0001628280-21-008035,2021-04-29,2021-04-29,2021-04-29T11:37:42.000Z,sources/earnings/ATI_0001628280-21-008035.html,sources/earnings/ATI_0001628280-21-008035_release.html,2021-04-29,2021-04-30,2021-04-29,date only; next session,"April 29, 2021",-0.06,0.16,692.5,955.5,31.8,68.4,0.04592057761732852,0.07158555729984302,2,24.040000915527344,-0.009151413960966318,-0.0256649796825145,https://www.sec.gov/Archives/edgar/data/1018963/000162828021008035/,primary,conservative,market,-0.026493150070043887,232,2020-04-30,2021-03-31,2021-04-29,2021-05-03,1.955769545999065
ATI,0001628280-21-008035,2021-04-29,2021-04-29,2021-04-29T11:37:42.000Z,sources/earnings/ATI_0001628280-21-008035.html,sources/earnings/ATI_0001628280-21-008035_release.html,2021-04-29,2021-04-30,2021-04-29,date only; next session,"April 29, 2021",-0.06,0.16,692.5,955.5,31.8,68.4,0.04592057761732852,0.07158555729984302,2,24.040000915527344,-0.009151413960966318,-0.0256649796825145,https://www.sec.gov/Archives/edgar/data/1018963/000162828021008035/,primary,conservative,market + industries,-0.03041923122575607,232,2020-04-30,2021-03-31,2021-04-29,2021-05-03,-0.3942074278694543
ATI,0001628280-21-008035,2021-04-29,2021-04-29,2021-04-29T11:37:42.000Z,sources/earnings/ATI_0001628280-21-008035.html,sources/earnings/ATI_0001628280-21-008035_release.html,2021-04-29,2021-04-30,2021-04-29,date only; next session,"April 29, 2021",-0.06,0.16,692.5,955.5,31.8,68.4,0.04592057761732852,0.07158555729984302,2,24.040000915527344,-0.009151413960966318,-0.0256649796825145,https://www.sec.gov/Archives/edgar/data/1018963/000162828021008035/,primary,same_date,market,-0.04663623553124389,232,2020-04-29,2021-03-30,2021-04-28,2021-04-30,2.0011719568786983
ATI,0001628280-21-008035,2021-04-29,2021-04-29,2021-04-29T11:37:42.000Z,sources/earnings/ATI_0001628280-21-008035.html,sources/earnings/ATI_0001628280-21-008035_release.html,2021-04-29,2021-04-30,2021-04-29,date only; next session,"April 29, 2021",-0.06,0.16,692.5,955.5,31.8,68.4,0.04592057761732852,0.07158555729984302,2,24.040000915527344,-0.009151413960966318,-0.0256649796825145,https://www.sec.gov/Archives/edgar/data/1018963/000162828021008035/,primary,same_date,market + industries,-0.03861379637848602,232,2020-04-29,2021-03-30,2021-04-28,2021-04-30,-0.39852805937772656
ATI,0001628280-21-008035,2021-04-29,2021-04-29,2021-04-29T11:37:42.000Z,sources/earnings/ATI_0001628280-21-008035.html,sources/earnings/ATI_0001628280-21-008035_release.html,2021-04-29,2021-04-30,2021-04-29,date only; next session,"April 29, 2021",-0.06,0.16,692.5,955.5,31.8,68.4,0.04592057761732852,0.07158555729984302,2,24.040000915527344,-0.009151413960966318,-0.0256649796825145,https://www.sec.gov/Archives/edgar/data/1018963/000162828021008035/,short,conservative,market,0.006369856495783593,232,2020-04-30,2021-03-31,2021-04-30,2021-05-03,1.955769545999065
ATI,0001628280-21-008035,2021-04-29,2021-04-29,2021-04-29T11:37:42.000Z,sources/earnings/ATI_0001628280-21-008035.html,sources/earnings/ATI_0001628280-21-008035_release.html,2021-04-29,2021-04-30,2021-04-29,date only; next session,"April 29, 2021",-0.06,0.16,692.5,955.5,31.8,68.4,0.04592057761732852,0.07158555729984302,2,24.040000915527344,-0.009151413960966318,-0.0256649796825145,https://www.sec.gov/Archives/edgar/data/1018963/000162828021008035/,short,conservative,market + industries,0.0004511346596225655,232,2020-04-30,2021-03-31,2021-04-30,2021-05-03,-0.3942074278694543
ATI,0001628280-21-008035,2021-04-29,2021-04-29,2021-04-29T11:37:42.000Z,sources/earnings/ATI_0001628280-21-008035.html,sources/earnings/ATI_0001628280-21-008035_release.html,2021-04-29,2021-04-30,2021-04-29,date only; next session,"April 29, 2021",-0.06,0.16,692.5,955.5,31.8,68.4,0.04592057761732852,0.07158555729984302,2,24.040000915527344,-0.009151413960966318,-0.0256649796825145,https://www.sec.gov/Archives/edgar/data/1018963/000162828021008035/,short,same_date,market,-0.037018053800949795,232,2020-04-29,2021-03-30,2021-04-29,2021-04-30,2.0011719568786983
ATI,0001628280-21-008035,2021-04-29,2021-04-29,2021-04-29T11:37:42.000Z,sources/earnings/ATI_0001628280-21-008035.html,sources/earnings/ATI_0001628280-21-008035_release.html,2021-04-29,2021-04-30,2021-04-29,date only; next session,"April 29, 2021",-0.06,0.16,692.5,955.5,31.8,68.4,0.04592057761732852,0.07158555729984302,2,24.040000915527344,-0.009151413960966318,-0.0256649796825145,https://www.sec.gov/Archives/edgar/data/1018963/000162828021008035/,short,same_date,market + industries,-0.039715162804283236,232,2020-04-29,2021-03-30,2021-04-29,2021-04-30,-0.39852805937772656
ATI,0001628280-21-008035,2021-04-29,2021-04-29,2021-04-29T11:37:42.000Z,sources/earnings/ATI_0001628280-21-008035.html,sources/earnings/ATI_0001628280-21-008035_release.html,2021-04-29,2021-04-30,2021-04-29,date only; next session,"April 29, 2021",-0.06,0.16,692.5,955.5,31.8,68.4,0.04592057761732852,0.07158555729984302,2,24.040000915527344,-0.009151413960966318,-0.0256649796825145,https://www.sec.gov/Archives/edgar/data/1018963/000162828021008035/,wide,conservative,market,-0.03012335709174739,232,2020-04-30,2021-03-31,2021-04-29,2021-05-07,1.955769545999065
ATI,0001628280-21-008035,2021-04-29,2021-04-29,2021-04-29T11:37:42.000Z,sources/earnings/ATI_0001628280-21-008035.html,sources/earnings/ATI_0001628280-21-008035_release.html,2021-04-29,2021-04-30,2021-04-29,date only; next session,"April 29, 2021",-0.06,0.16,692.5,955.5,31.8,68.4,0.04592057761732852,0.07158555729984302,2,24.040000915527344,-0.009151413960966318,-0.0256649796825145,https://www.sec.gov/Archives/edgar/data/1018963/000162828021008035/,wide,conservative,market + industries,-0.02698465239799098,232,2020-04-30,2021-03-31,2021-04-29,2021-05-07,-0.3942074278694543
ATI,0001628280-21-008035,2021-04-29,2021-04-29,2021-04-29T11:37:42.000Z,sources/earnings/ATI_0001628280-21-008035.html,sources/earnings/ATI_0001628280-21-008035_release.html,2021-04-29,2021-04-30,2021-04-29,date only; next session,"April 29, 2021",-0.06,0.16,692.5,955.5,31.8,68.4,0.04592057761732852,0.07158555729984302,2,24.040000915527344,-0.009151413960966318,-0.0256649796825145,https://www.sec.gov/Archives/edgar/data/1018963/000162828021008035/,wide,same_date,market,-0.0020901657837720695,232,2020-04-29,2021-03-30,2021-04-28,2021-05-06,2.0011719568786983
ATI,0001628280-21-008035,2021-04-29,2021-04-29,2021-04-29T11:37:42.000Z,sources/earnings/ATI_0001628280-21-008035.html,sources/earnings/ATI_0001628280-21-008035_release.html,2021-04-29,2021-04-30,2021-04-29,date only; next session,"April 29, 2021",-0.06,0.16,692.5,955.5,31.8,68.4,0.04592057761732852,0.07158555729984302,2,24.040000915527344,-0.009151413960966318,-0.0256649796825145,https://www.sec.gov/Archives/edgar/data/1018963/000162828021008035/,wide,same_date,market + industries,0.025024700345761684,232,2020-04-29,2021-03-30,2021-04-28,2021-05-06,-0.39852805937772656
ATI,0001628280-21-015240,2021-08-03,2021-08-03,2021-08-03T11:35:07.000Z,sources/earnings/ATI_0001628280-21-015240.html,sources/earnings/ATI_0001628280-21-015240_release.html,2021-08-03,2021-08-04,2021-08-03,date only; next session,"August 3, 2021",-0.39,-3.34,616.2,770.3,-11.3,-273.4,-0.018338201882505678,-0.35492665195378426,2,19.75,0.14936708860759493,0.3365884500712786,https://www.sec.gov/Archives/edgar/data/1018963/000162828021015240/,primary,conservative,market,-0.042973261136000564,232,2020-08-04,2021-07-06,2021-08-03,2021-08-05,1.4471297417236464
ATI,0001628280-21-015240,2021-08-03,2021-08-03,2021-08-03T11:35:07.000Z,sources/earnings/ATI_0001628280-21-015240.html,sources/earnings/ATI_0001628280-21-015240_release.html,2021-08-03,2021-08-04,2021-08-03,date only; next session,"August 3, 2021",-0.39,-3.34,616.2,770.3,-11.3,-273.4,-0.018338201882505678,-0.35492665195378426,2,19.75,0.14936708860759493,0.3365884500712786,https://www.sec.gov/Archives/edgar/data/1018963/000162828021015240/,primary,conservative,market + industries,-0.024685901400087147,232,2020-08-04,2021-07-06,2021-08-03,2021-08-05,-0.5318479385136716
ATI,0001628280-21-015240,2021-08-03,2021-08-03,2021-08-03T11:35:07.000Z,sources/earnings/ATI_0001628280-21-015240.html,sources/earnings/ATI_0001628280-21-015240_release.html,2021-08-03,2021-08-04,2021-08-03,date only; next session,"August 3, 2021",-0.39,-3.34,616.2,770.3,-11.3,-273.4,-0.018338201882505678,-0.35492665195378426,2,19.75,0.14936708860759493,0.3365884500712786,https://www.sec.gov/Archives/edgar/data/1018963/000162828021015240/,primary,same_date,market,-0.10975592045118274,232,2020-08-03,2021-07-02,2021-08-02,2021-08-04,1.4459124061616626
ATI,0001628280-21-015240,2021-08-03,2021-08-03,2021-08-03T11:35:07.000Z,sources/earnings/ATI_0001628280-21-015240.html,sources/earnings/ATI_0001628280-21-015240_release.html,2021-08-03,2021-08-04,2021-08-03,date only; next session,"August 3, 2021",-0.39,-3.34,616.2,770.3,-11.3,-273.4,-0.018338201882505678,-0.35492665195378426,2,19.75,0.14936708860759493,0.3365884500712786,https://www.sec.gov/Archives/edgar/data/1018963/000162828021015240/,primary,same_date,market + industries,-0.08510328299785655,232,2020-08-03,2021-07-02,2021-08-02,2021-08-04,-0.5296593231161002
ATI,0001628280-21-015240,2021-08-03,2021-08-03,2021-08-03T11:35:07.000Z,sources/earnings/ATI_0001628280-21-015240.html,sources/earnings/ATI_0001628280-21-015240_release.html,2021-08-03,2021-08-04,2021-08-03,date only; next session,"August 3, 2021",-0.39,-3.34,616.2,770.3,-11.3,-273.4,-0.018338201882505678,-0.35492665195378426,2,19.75,0.14936708860759493,0.3365884500712786,https://www.sec.gov/Archives/edgar/data/1018963/000162828021015240/,short,conservative,market,-0.035989146343223165,232,2020-08-04,2021-07-06,2021-08-04,2021-08-05,1.4471297417236464
ATI,0001628280-21-015240,2021-08-03,2021-08-03,2021-08-03T11:35:07.000Z,sources/earnings/ATI_0001628280-21-015240.html,sources/earnings/ATI_0001628280-21-015240_release.html,2021-08-03,2021-08-04,2021-08-03,date only; next session,"August 3, 2021",-0.39,-3.34,616.2,770.3,-11.3,-273.4,-0.018338201882505678,-0.35492665195378426,2,19.75,0.14936708860759493,0.3365884500712786,https://www.sec.gov/Archives/edgar/data/1018963/000162828021015240/,short,conservative,market + industries,-0.018644693615265134,232,2020-08-04,2021-07-06,2021-08-04,2021-08-05,-0.5318479385136716
ATI,0001628280-21-015240,2021-08-03,2021-08-03,2021-08-03T11:35:07.000Z,sources/earnings/ATI_0001628280-21-015240.html,sources/earnings/ATI_0001628280-21-015240_release.html,2021-08-03,2021-08-04,2021-08-03,date only; next session,"August 3, 2021",-0.39,-3.34,616.2,770.3,-11.3,-273.4,-0.018338201882505678,-0.35492665195378426,2,19.75,0.14936708860759493,0.3365884500712786,https://www.sec.gov/Archives/edgar/data/1018963/000162828021015240/,short,same_date,market,-0.07234646240961999,232,2020-08-03,2021-07-02,2021-08-03,2021-08-04,1.4459124061616626
ATI,0001628280-21-015240,2021-08-03,2021-08-03,2021-08-03T11:35:07.000Z,sources/earnings/ATI_0001628280-21-015240.html,sources/earnings/ATI_0001628280-21-015240_release.html,2021-08-03,2021-08-04,2021-08-03,date only; next session,"August 3, 2021",-0.39,-3.34,616.2,770.3,-11.3,-273.4,-0.018338201882505678,-0.35492665195378426,2,19.75,0.14936708860759493,0.3365884500712786,https://www.sec.gov/Archives/edgar/data/1018963/000162828021015240/,short,same_date,market + industries,-0.047772560688901906,232,2020-08-03,2021-07-02,2021-08-03,2021-08-04,-0.5296593231161002
ATI,0001628280-21-015240,2021-08-03,2021-08-03,2021-08-03T11:35:07.000Z,sources/earnings/ATI_0001628280-21-015240.html,sources/earnings/ATI_0001628280-21-015240_release.html,2021-08-03,2021-08-04,2021-08-03,date only; next session,"August 3, 2021",-0.39,-3.34,616.2,770.3,-11.3,-273.4,-0.018338201882505678,-0.35492665195378426,2,19.75,0.14936708860759493,0.3365884500712786,https://www.sec.gov/Archives/edgar/data/1018963/000162828021015240/,wide,conservative,market,-0.0017671660025709943,232,2020-08-04,2021-07-06,2021-08-03,2021-08-11,1.4471297417236464
ATI,0001628280-21-015240,2021-08-03,2021-08-03,2021-08-03T11:35:07.000Z,sources/earnings/ATI_0001628280-21-015240.html,sources/earnings/ATI_0001628280-21-015240_release.html,2021-08-03,2021-08-04,2021-08-03,date only; next session,"August 3, 2021",-0.39,-3.34,616.2,770.3,-11.3,-273.4,-0.018338201882505678,-0.35492665195378426,2,19.75,0.14936708860759493,0.3365884500712786,https://www.sec.gov/Archives/edgar/data/1018963/000162828021015240/,wide,conservative,market + industries,-0.0017713620050250657,232,2020-08-04,2021-07-06,2021-08-03,2021-08-11,-0.5318479385136716
ATI,0001628280-21-015240,2021-08-03,2021-08-03,2021-08-03T11:35:07.000Z,sources/earnings/ATI_0001628280-21-015240.html,sources/earnings/ATI_0001628280-21-015240_release.html,2021-08-03,2021-08-04,2021-08-03,date only; next session,"August 3, 2021",-0.39,-3.34,616.2,770.3,-11.3,-273.4,-0.018338201882505678,-0.35492665195378426,2,19.75,0.14936708860759493,0.3365884500712786,https://www.sec.gov/Archives/edgar/data/1018963/000162828021015240/,wide,same_date,market,-0.050129850500492526,232,2020-08-03,2021-07-02,2021-08-02,2021-08-10,1.4459124061616626
ATI,0001628280-21-015240,2021-08-03,2021-08-03,2021-08-03T11:35:07.000Z,sources/earnings/ATI_0001628280-21-015240.html,sources/earnings/ATI_0001628280-21-015240_release.html,2021-08-03,2021-08-04,2021-08-03,date only; next session,"August 3, 2021",-0.39,-3.34,616.2,770.3,-11.3,-273.4,-0.018338201882505678,-0.35492665195378426,2,19.75,0.14936708860759493,0.3365884500712786,https://www.sec.gov/Archives/edgar/data/1018963/000162828021015240/,wide,same_date,market + industries,-0.03941970974551598,232,2020-08-03,2021-07-02,2021-08-02,2021-08-10,-0.5296593231161002
ATI,0001628280-21-020694,2021-10-28,2021-10-28,2021-10-28T11:35:44.000Z,sources/earnings/ATI_0001628280-21-020694.html,sources/earnings/ATI_0001628280-21-020694_release.html,2021-10-28,2021-10-29,2021-10-28,date only; next session,"October 28, 2021",0.35,-0.4,725.7,598.0,29.9,-9.6,0.041201598456662526,-0.016053511705685617,2,14.9399995803833,0.05020080462283105,0.05725511016234815,https://www.sec.gov/Archives/edgar/data/1018963/000162828021020694/,primary,conservative,market,0.08492996630837829,232,2020-10-29,2021-09-30,2021-10-28,2021-11-01,1.9724514613942397
ATI,0001628280-21-020694,2021-10-28,2021-10-28,2021-10-28T11:35:44.000Z,sources/earnings/ATI_0001628280-21-020694.html,sources/earnings/ATI_0001628280-21-020694_release.html,2021-10-28,2021-10-29,2021-10-28,date only; next session,"October 28, 2021",0.35,-0.4,725.7,598.0,29.9,-9.6,0.041201598456662526,-0.016053511705685617,2,14.9399995803833,0.05020080462283105,0.05725511016234815,https://www.sec.gov/Archives/edgar/data/1018963/000162828021020694/,primary,conservative,market + industries,0.0954125078754553,232,2020-10-29,2021-09-30,2021-10-28,2021-11-01,0.0679712010796426
ATI,0001628280-21-020694,2021-10-28,2021-10-28,2021-10-28T11:35:44.000Z,sources/earnings/ATI_0001628280-21-020694.html,sources/earnings/ATI_0001628280-21-020694_release.html,2021-10-28,2021-10-29,2021-10-28,date only; next session,"October 28, 2021",0.35,-0.4,725.7,598.0,29.9,-9.6,0.041201598456662526,-0.016053511705685617,2,14.9399995803833,0.05020080462283105,0.05725511016234815,https://www.sec.gov/Archives/edgar/data/1018963/000162828021020694/,primary,same_date,market,0.05228100271703955,232,2020-10-28,2021-09-29,2021-10-27,2021-10-29,1.9810864226734204
ATI,0001628280-21-020694,2021-10-28,2021-10-28,2021-10-28T11:35:44.000Z,sources/earnings/ATI_0001628280-21-020694.html,sources/earnings/ATI_0001628280-21-020694_release.html,2021-10-28,2021-10-29,2021-10-28,date only; next session,"October 28, 2021",0.35,-0.4,725.7,598.0,29.9,-9.6,0.041201598456662526,-0.016053511705685617,2,14.9399995803833,0.05020080462283105,0.05725511016234815,https://www.sec.gov/Archives/edgar/data/1018963/000162828021020694/,primary,same_date,market + industries,0.08342807510082956,232,2020-10-28,2021-09-29,2021-10-27,2021-10-29,0.0920148703001572
ATI,0001628280-21-020694,2021-10-28,2021-10-28,2021-10-28T11:35:44.000Z,sources/earnings/ATI_0001628280-21-020694.html,sources/earnings/ATI_0001628280-21-020694_release.html,2021-10-28,2021-10-29,2021-10-28,date only; next session,"October 28, 2021",0.35,-0.4,725.7,598.0,29.9,-9.6,0.041201598456662526,-0.016053511705685617,2,14.9399995803833,0.05020080462283105,0.05725511016234815,https://www.sec.gov/Archives/edgar/data/1018963/000162828021020694/,short,conservative,market,-0.015456756636027462,232,2020-10-29,2021-09-30,2021-10-29,2021-11-01,1.9724514613942397
ATI,0001628280-21-020694,2021-10-28,2021-10-28,2021-10-28T11:35:44.000Z,sources/earnings/ATI_0001628280-21-020694.html,sources/earnings/ATI_0001628280-21-020694_release.html,2021-10-28,2021-10-29,2021-10-28,date only; next session,"October 28, 2021",0.35,-0.4,725.7,598.0,29.9,-9.6,0.041201598456662526,-0.016053511705685617,2,14.9399995803833,0.05020080462283105,0.05725511016234815,https://www.sec.gov/Archives/edgar/data/1018963/000162828021020694/,short,conservative,market + industries,-0.024296167620381066,232,2020-10-29,2021-09-30,2021-10-29,2021-11-01,0.0679712010796426
ATI,0001628280-21-020694,2021-10-28,2021-10-28,2021-10-28T11:35:44.000Z,sources/earnings/ATI_0001628280-21-020694.html,sources/earnings/ATI_0001628280-21-020694_release.html,2021-10-28,2021-10-29,2021-10-28,date only; next session,"October 28, 2021",0.35,-0.4,725.7,598.0,29.9,-9.6,0.041201598456662526,-0.016053511705685617,2,14.9399995803833,0.05020080462283105,0.05725511016234815,https://www.sec.gov/Archives/edgar/data/1018963/000162828021020694/,short,same_date,market,0.057080117819384955,232,2020-10-28,2021-09-29,2021-10-28,2021-10-29,1.9810864226734204
ATI,0001628280-21-020694,2021-10-28,2021-10-28,2021-10-28T11:35:44.000Z,sources/earnings/ATI_0001628280-21-020694.html,sources/earnings/ATI_0001628280-21-020694_release.html,2021-10-28,2021-10-29,2021-10-28,date only; next session,"October 28, 2021",0.35,-0.4,725.7,598.0,29.9,-9.6,0.041201598456662526,-0.016053511705685617,2,14.9399995803833,0.05020080462283105,0.05725511016234815,https://www.sec.gov/Archives/edgar/data/1018963/000162828021020694/,short,same_date,market + industries,0.07818770539216575,232,2020-10-28,2021-09-29,2021-10-28,2021-10-29,0.0920148703001572
ATI,0001628280-21-020694,2021-10-28,2021-10-28,2021-10-28T11:35:44.000Z,sources/earnings/ATI_0001628280-21-020694.html,sources/earnings/ATI_0001628280-21-020694_release.html,2021-10-28,2021-10-29,2021-10-28,date only; next session,"October 28, 2021",0.35,-0.4,725.7,598.0,29.9,-9.6,0.041201598456662526,-0.016053511705685617,2,14.9399995803833,0.05020080462283105,0.05725511016234815,https://www.sec.gov/Archives/edgar/data/1018963/000162828021020694/,wide,conservative,market,0.11245791581757986,232,2020-10-29,2021-09-30,2021-10-28,2021-11-05,1.9724514613942397
ATI,0001628280-21-020694,2021-10-28,2021-10-28,2021-10-28T11:35:44.000Z,sources/earnings/ATI_0001628280-21-020694.html,sources/earnings/ATI_0001628280-21-020694_release.html,2021-10-28,2021-10-29,2021-10-28,date only; next session,"October 28, 2021",0.35,-0.4,725.7,598.0,29.9,-9.6,0.041201598456662526,-0.016053511705685617,2,14.9399995803833,0.05020080462283105,0.05725511016234815,https://www.sec.gov/Archives/edgar/data/1018963/000162828021020694/,wide,conservative,market + industries,0.09988451163557951,232,2020-10-29,2021-09-30,2021-10-28,2021-11-05,0.0679712010796426
ATI,0001628280-21-020694,2021-10-28,2021-10-28,2021-10-28T11:35:44.000Z,sources/earnings/ATI_0001628280-21-020694.html,sources/earnings/ATI_0001628280-21-020694_release.html,2021-10-28,2021-10-29,2021-10-28,date only; next session,"October 28, 2021",0.35,-0.4,725.7,598.0,29.9,-9.6,0.041201598456662526,-0.016053511705685617,2,14.9399995803833,0.05020080462283105,0.05725511016234815,https://www.sec.gov/Archives/edgar/data/1018963/000162828021020694/,wide,same_date,market,0.046280341871643774,232,2020-10-28,2021-09-29,2021-10-27,2021-11-04,1.9810864226734204
ATI,0001628280-21-020694,2021-10-28,2021-10-28,2021-10-28T11:35:44.000Z,sources/earnings/ATI_0001628280-21-020694.html,sources/earnings/ATI_0001628280-21-020694_release.html,2021-10-28,2021-10-29,2021-10-28,date only; next session,"October 28, 2021",0.35,-0.4,725.7,598.0,29.9,-9.6,0.041201598456662526,-0.016053511705685617,2,14.9399995803833,0.05020080462283105,0.05725511016234815,https://www.sec.gov/Archives/edgar/data/1018963/000162828021020694/,wide,same_date,market + industries,0.093445096732836,232,2020-10-28,2021-09-29,2021-10-27,2021-11-04,0.0920148703001572
ATI,0001628280-22-001628,2022-02-02,2022-02-02,2022-02-02T12:51:39.000Z,sources/earnings/ATI_0001628280-22-001628.html,sources/earnings/ATI_0001628280-22-001628_release.html,2022-02-02,2022-02-03,2022-02-02,date only; next session,"February 2, 2022",-0.23,-8.85,765.4,658.3,67.2,-1088.1,0.08779723020642802,-1.6528938174084764,2,18.809999465942383,0.45826689233072426,1.7406910476149045,https://www.sec.gov/Archives/edgar/data/1018963/000162828022001628/,primary,conservative,market,0.22235440349234073,232,2021-02-04,2022-01-04,2022-02-02,2022-02-04,1.6958354034402943
ATI,0001628280-22-001628,2022-02-02,2022-02-02,2022-02-02T12:51:39.000Z,sources/earnings/ATI_0001628280-22-001628.html,sources/earnings/ATI_0001628280-22-001628_release.html,2022-02-02,2022-02-03,2022-02-02,date only; next session,"February 2, 2022",-0.23,-8.85,765.4,658.3,67.2,-1088.1,0.08779723020642802,-1.6528938174084764,2,18.809999465942383,0.45826689233072426,1.7406910476149045,https://www.sec.gov/Archives/edgar/data/1018963/000162828022001628/,primary,conservative,market + industries,0.20536744223180148,232,2021-02-04,2022-01-04,2022-02-02,2022-02-04,0.0010554401843209105
ATI,0001628280-22-001628,2022-02-02,2022-02-02,2022-02-02T12:51:39.000Z,sources/earnings/ATI_0001628280-22-001628.html,sources/earnings/ATI_0001628280-22-001628_release.html,2022-02-02,2022-02-03,2022-02-02,date only; next session,"February 2, 2022",-0.23,-8.85,765.4,658.3,67.2,-1088.1,0.08779723020642802,-1.6528938174084764,2,18.809999465942383,0.45826689233072426,1.7406910476149045,https://www.sec.gov/Archives/edgar/data/1018963/000162828022001628/,primary,same_date,market,0.23668884632335704,232,2021-02-03,2022-01-03,2022-02-01,2022-02-03,1.6991189245553364
ATI,0001628280-22-001628,2022-02-02,2022-02-02,2022-02-02T12:51:39.000Z,sources/earnings/ATI_0001628280-22-001628.html,sources/earnings/ATI_0001628280-22-001628_release.html,2022-02-02,2022-02-03,2022-02-02,date only; next session,"February 2, 2022",-0.23,-8.85,765.4,658.3,67.2,-1088.1,0.08779723020642802,-1.6528938174084764,2,18.809999465942383,0.45826689233072426,1.7406910476149045,https://www.sec.gov/Archives/edgar/data/1018963/000162828022001628/,primary,same_date,market + industries,0.20868325296735418,232,2021-02-03,2022-01-03,2022-02-01,2022-02-03,-0.003561462282873129
ATI,0001628280-22-001628,2022-02-02,2022-02-02,2022-02-02T12:51:39.000Z,sources/earnings/ATI_0001628280-22-001628.html,sources/earnings/ATI_0001628280-22-001628_release.html,2022-02-02,2022-02-03,2022-02-02,date only; next session,"February 2, 2022",-0.23,-8.85,765.4,658.3,67.2,-1088.1,0.08779723020642802,-1.6528938174084764,2,18.809999465942383,0.45826689233072426,1.7406910476149045,https://www.sec.gov/Archives/edgar/data/1018963/000162828022001628/,short,conservative,market,0.0664491806186736,232,2021-02-04,2022-01-04,2022-02-03,2022-02-04,1.6958354034402943
ATI,0001628280-22-001628,2022-02-02,2022-02-02,2022-02-02T12:51:39.000Z,sources/earnings/ATI_0001628280-22-001628.html,sources/earnings/ATI_0001628280-22-001628_release.html,2022-02-02,2022-02-03,2022-02-02,date only; next session,"February 2, 2022",-0.23,-8.85,765.4,658.3,67.2,-1088.1,0.08779723020642802,-1.6528938174084764,2,18.809999465942383,0.45826689233072426,1.7406910476149045,https://www.sec.gov/Archives/edgar/data/1018963/000162828022001628/,short,conservative,market + industries,0.04521783243270294,232,2021-02-04,2022-01-04,2022-02-03,2022-02-04,0.0010554401843209105
ATI,0001628280-22-001628,2022-02-02,2022-02-02,2022-02-02T12:51:39.000Z,sources/earnings/ATI_0001628280-22-001628.html,sources/earnings/ATI_0001628280-22-001628_release.html,2022-02-02,2022-02-03,2022-02-02,date only; next session,"February 2, 2022",-0.23,-8.85,765.4,658.3,67.2,-1088.1,0.08779723020642802,-1.6528938174084764,2,18.809999465942383,0.45826689233072426,1.7406910476149045,https://www.sec.gov/Archives/edgar/data/1018963/000162828022001628/,short,same_date,market,0.21784873573099306,232,2021-02-03,2022-01-03,2022-02-02,2022-02-03,1.6991189245553364
ATI,0001628280-22-001628,2022-02-02,2022-02-02,2022-02-02T12:51:39.000Z,sources/earnings/ATI_0001628280-22-001628.html,sources/earnings/ATI_0001628280-22-001628_release.html,2022-02-02,2022-02-03,2022-02-02,date only; next session,"February 2, 2022",-0.23,-8.85,765.4,658.3,67.2,-1088.1,0.08779723020642802,-1.6528938174084764,2,18.809999465942383,0.45826689233072426,1.7406910476149045,https://www.sec.gov/Archives/edgar/data/1018963/000162828022001628/,short,same_date,market + industries,0.19592266500757716,232,2021-02-03,2022-01-03,2022-02-02,2022-02-03,-0.003561462282873129
ATI,0001628280-22-001628,2022-02-02,2022-02-02,2022-02-02T12:51:39.000Z,sources/earnings/ATI_0001628280-22-001628.html,sources/earnings/ATI_0001628280-22-001628_release.html,2022-02-02,2022-02-03,2022-02-02,date only; next session,"February 2, 2022",-0.23,-8.85,765.4,658.3,67.2,-1088.1,0.08779723020642802,-1.6528938174084764,2,18.809999465942383,0.45826689233072426,1.7406910476149045,https://www.sec.gov/Archives/edgar/data/1018963/000162828022001628/,wide,conservative,market,0.26411200829323755,232,2021-02-04,2022-01-04,2022-02-02,2022-02-10,1.6958354034402943
ATI,0001628280-22-001628,2022-02-02,2022-02-02,2022-02-02T12:51:39.000Z,sources/earnings/ATI_0001628280-22-001628.html,sources/earnings/ATI_0001628280-22-001628_release.html,2022-02-02,2022-02-03,2022-02-02,date only; next session,"February 2, 2022",-0.23,-8.85,765.4,658.3,67.2,-1088.1,0.08779723020642802,-1.6528938174084764,2,18.809999465942383,0.45826689233072426,1.7406910476149045,https://www.sec.gov/Archives/edgar/data/1018963/000162828022001628/,wide,conservative,market + industries,0.2035529283129663,232,2021-02-04,2022-01-04,2022-02-02,2022-02-10,0.0010554401843209105
ATI,0001628280-22-001628,2022-02-02,2022-02-02,2022-02-02T12:51:39.000Z,sources/earnings/ATI_0001628280-22-001628.html,sources/earnings/ATI_0001628280-22-001628_release.html,2022-02-02,2022-02-03,2022-02-02,date only; next session,"February 2, 2022",-0.23,-8.85,765.4,658.3,67.2,-1088.1,0.08779723020642802,-1.6528938174084764,2,18.809999465942383,0.45826689233072426,1.7406910476149045,https://www.sec.gov/Archives/edgar/data/1018963/000162828022001628/,wide,same_date,market,0.2638720312019769,232,2021-02-03,2022-01-03,2022-02-01,2022-02-09,1.6991189245553364
ATI,0001628280-22-001628,2022-02-02,2022-02-02,2022-02-02T12:51:39.000Z,sources/earnings/ATI_0001628280-22-001628.html,sources/earnings/ATI_0001628280-22-001628_release.html,2022-02-02,2022-02-03,2022-02-02,date only; next session,"February 2, 2022",-0.23,-8.85,765.4,658.3,67.2,-1088.1,0.08779723020642802,-1.6528938174084764,2,18.809999465942383,0.45826689233072426,1.7406910476149045,https://www.sec.gov/Archives/edgar/data/1018963/000162828022001628/,wide,same_date,market + industries,0.21425007687910452,232,2021-02-03,2022-01-03,2022-02-01,2022-02-09,-0.003561462282873129
ATI,0001628280-22-012142,2022-05-04,2022-05-04,2022-05-04T11:39:23.000Z,sources/earnings/ATI_0001628280-22-012142.html,sources/earnings/ATI_0001628280-22-012142_release.html,2022-05-04,2022-05-05,2022-05-04,date only; next session,"May 4, 2022",0.23,-0.06,834.1,692.5,77.0,31.8,0.09231507013547537,0.04592057761732852,2,27.920000076293945,0.010386819455857758,0.04639449251814685,https://www.sec.gov/Archives/edgar/data/1018963/000162828022012142/,primary,conservative,market,-0.032305848417648685,232,2021-05-06,2022-04-05,2022-05-04,2022-05-06,0.9162831648488514
ATI,0001628280-22-012142,2022-05-04,2022-05-04,2022-05-04T11:39:23.000Z,sources/earnings/ATI_0001628280-22-012142.html,sources/earnings/ATI_0001628280-22-012142_release.html,2022-05-04,2022-05-05,2022-05-04,date only; next session,"May 4, 2022",0.23,-0.06,834.1,692.5,77.0,31.8,0.09231507013547537,0.04592057761732852,2,27.920000076293945,0.010386819455857758,0.04639449251814685,https://www.sec.gov/Archives/edgar/data/1018963/000162828022012142/,primary,conservative,market + industries,-0.03968041807329775,232,2021-05-06,2022-04-05,2022-05-04,2022-05-06,-0.2742257562809537
ATI,0001628280-22-012142,2022-05-04,2022-05-04,2022-05-04T11:39:23.000Z,sources/earnings/ATI_0001628280-22-012142.html,sources/earnings/ATI_0001628280-22-012142_release.html,2022-05-04,2022-05-05,2022-05-04,date only; next session,"May 4, 2022",0.23,-0.06,834.1,692.5,77.0,31.8,0.09231507013547537,0.04592057761732852,2,27.920000076293945,0.010386819455857758,0.04639449251814685,https://www.sec.gov/Archives/edgar/data/1018963/000162828022012142/,primary,same_date,market,-0.01709805350901026,232,2021-05-05,2022-04-04,2022-05-03,2022-05-05,0.920020917561535
ATI,0001628280-22-012142,2022-05-04,2022-05-04,2022-05-04T11:39:23.000Z,sources/earnings/ATI_0001628280-22-012142.html,sources/earnings/ATI_0001628280-22-012142_release.html,2022-05-04,2022-05-05,2022-05-04,date only; next session,"May 4, 2022",0.23,-0.06,834.1,692.5,77.0,31.8,0.09231507013547537,0.04592057761732852,2,27.920000076293945,0.010386819455857758,0.04639449251814685,https://www.sec.gov/Archives/edgar/data/1018963/000162828022012142/,primary,same_date,market + industries,-0.031637991521637474,232,2021-05-05,2022-04-04,2022-05-03,2022-05-05,-0.2767139280504699
ATI,0001628280-22-012142,2022-05-04,2022-05-04,2022-05-04T11:39:23.000Z,sources/earnings/ATI_0001628280-22-012142.html,sources/earnings/ATI_0001628280-22-012142_release.html,2022-05-04,2022-05-05,2022-05-04,date only; next session,"May 4, 2022",0.23,-0.06,834.1,692.5,77.0,31.8,0.09231507013547537,0.04592057761732852,2,27.920000076293945,0.010386819455857758,0.04639449251814685,https://www.sec.gov/Archives/edgar/data/1018963/000162828022012142/,short,conservative,market,-0.043900392352482075,232,2021-05-06,2022-04-05,2022-05-05,2022-05-06,0.9162831648488514
ATI,0001628280-22-012142,2022-05-04,2022-05-04,2022-05-04T11:39:23.000Z,sources/earnings/ATI_0001628280-22-012142.html,sources/earnings/ATI_0001628280-22-012142_release.html,2022-05-04,2022-05-05,2022-05-04,date only; next session,"May 4, 2022",0.23,-0.06,834.1,692.5,77.0,31.8,0.09231507013547537,0.04592057761732852,2,27.920000076293945,0.010386819455857758,0.04639449251814685,https://www.sec.gov/Archives/edgar/data/1018963/000162828022012142/,short,conservative,market + industries,-0.05181387633020318,232,2021-05-06,2022-04-05,2022-05-05,2022-05-06,-0.2742257562809537
ATI,0001628280-22-012142,2022-05-04,2022-05-04,2022-05-04T11:39:23.000Z,sources/earnings/ATI_0001628280-22-012142.html,sources/earnings/ATI_0001628280-22-012142_release.html,2022-05-04,2022-05-05,2022-05-04,date only; next session,"May 4, 2022",0.23,-0.06,834.1,692.5,77.0,31.8,0.09231507013547537,0.04592057761732852,2,27.920000076293945,0.010386819455857758,0.04639449251814685,https://www.sec.gov/Archives/edgar/data/1018963/000162828022012142/,short,same_date,market,-0.039835041171930485,232,2021-05-05,2022-04-04,2022-05-04,2022-05-05,0.920020917561535
ATI,0001628280-22-012142,2022-05-04,2022-05-04,2022-05-04T11:39:23.000Z,sources/earnings/ATI_0001628280-22-012142.html,sources/earnings/ATI_0001628280-22-012142_release.html,2022-05-04,2022-05-05,2022-05-04,date only; next session,"May 4, 2022",0.23,-0.06,834.1,692.5,77.0,31.8,0.09231507013547537,0.04592057761732852,2,27.920000076293945,0.010386819455857758,0.04639449251814685,https://www.sec.gov/Archives/edgar/data/1018963/000162828022012142/,short,same_date,market + industries,-0.04895516174534423,232,2021-05-05,2022-04-04,2022-05-04,2022-05-05,-0.2767139280504699
ATI,0001628280-22-012142,2022-05-04,2022-05-04,2022-05-04T11:39:23.000Z,sources/earnings/ATI_0001628280-22-012142.html,sources/earnings/ATI_0001628280-22-012142_release.html,2022-05-04,2022-05-05,2022-05-04,date only; next session,"May 4, 2022",0.23,-0.06,834.1,692.5,77.0,31.8,0.09231507013547537,0.04592057761732852,2,27.920000076293945,0.010386819455857758,0.04639449251814685,https://www.sec.gov/Archives/edgar/data/1018963/000162828022012142/,wide,conservative,market,-0.026267117498970434,232,2021-05-06,2022-04-05,2022-05-04,2022-05-12,0.9162831648488514
ATI,0001628280-22-012142,2022-05-04,2022-05-04,2022-05-04T11:39:23.000Z,sources/earnings/ATI_0001628280-22-012142.html,sources/earnings/ATI_0001628280-22-012142_release.html,2022-05-04,2022-05-05,2022-05-04,date only; next session,"May 4, 2022",0.23,-0.06,834.1,692.5,77.0,31.8,0.09231507013547537,0.04592057761732852,2,27.920000076293945,0.010386819455857758,0.04639449251814685,https://www.sec.gov/Archives/edgar/data/1018963/000162828022012142/,wide,conservative,market + industries,-0.009025149617162598,232,2021-05-06,2022-04-05,2022-05-04,2022-05-12,-0.2742257562809537
ATI,0001628280-22-012142,2022-05-04,2022-05-04,2022-05-04T11:39:23.000Z,sources/earnings/ATI_0001628280-22-012142.html,sources/earnings/ATI_0001628280-22-012142_release.html,2022-05-04,2022-05-05,2022-05-04,date only; next session,"May 4, 2022",0.23,-0.06,834.1,692.5,77.0,31.8,0.09231507013547537,0.04592057761732852,2,27.920000076293945,0.010386819455857758,0.04639449251814685,https://www.sec.gov/Archives/edgar/data/1018963/000162828022012142/,wide,same_date,market,-0.004244559400990253,232,2021-05-05,2022-04-04,2022-05-03,2022-05-11,0.920020917561535
ATI,0001628280-22-012142,2022-05-04,2022-05-04,2022-05-04T11:39:23.000Z,sources/earnings/ATI_0001628280-22-012142.html,sources/earnings/ATI_0001628280-22-012142_release.html,2022-05-04,2022-05-05,2022-05-04,date only; next session,"May 4, 2022",0.23,-0.06,834.1,692.5,77.0,31.8,0.09231507013547537,0.04592057761732852,2,27.920000076293945,0.010386819455857758,0.04639449251814685,https://www.sec.gov/Archives/edgar/data/1018963/000162828022012142/,wide,same_date,market + industries,-0.0002442998254099677,232,2021-05-05,2022-04-04,2022-05-03,2022-05-11,-0.2767139280504699
ATI,0001628280-22-020867,2022-08-04,2022-08-04,2022-08-04T11:40:26.000Z,sources/earnings/ATI_0001628280-22-020867.html,sources/earnings/ATI_0001628280-22-020867_release.html,2022-08-04,2022-08-05,2022-08-04,date only; next session,"August 4, 2022",-0.31,-0.39,959.5,616.2,-11.6,-11.3,-0.012089630015633141,-0.018338201882505678,2,25.350000381469727,0.0031558184929448047,0.006248571866872537,https://www.sec.gov/Archives/edgar/data/1018963/000162828022020867/,primary,conservative,market,0.1351755450420624,232,2021-08-05,2022-07-07,2022-08-04,2022-08-08,0.9188116710610392
ATI,0001628280-22-020867,2022-08-04,2022-08-04,2022-08-04T11:40:26.000Z,sources/earnings/ATI_0001628280-22-020867.html,sources/earnings/ATI_0001628280-22-020867_release.html,2022-08-04,2022-08-05,2022-08-04,date only; next session,"August 4, 2022",-0.31,-0.39,959.5,616.2,-11.6,-11.3,-0.012089630015633141,-0.018338201882505678,2,25.350000381469727,0.0031558184929448047,0.006248571866872537,https://www.sec.gov/Archives/edgar/data/1018963/000162828022020867/,primary,conservative,market + industries,0.14907367295139876,232,2021-08-05,2022-07-07,2022-08-04,2022-08-08,-0.21031800953616459
ATI,0001628280-22-020867,2022-08-04,2022-08-04,2022-08-04T11:40:26.000Z,sources/earnings/ATI_0001628280-22-020867.html,sources/earnings/ATI_0001628280-22-020867_release.html,2022-08-04,2022-08-05,2022-08-04,date only; next session,"August 4, 2022",-0.31,-0.39,959.5,616.2,-11.6,-11.3,-0.012089630015633141,-0.018338201882505678,2,25.350000381469727,0.0031558184929448047,0.006248571866872537,https://www.sec.gov/Archives/edgar/data/1018963/000162828022020867/,primary,same_date,market,0.13691216722323157,232,2021-08-04,2022-07-06,2022-08-03,2022-08-05,0.9207756030817905
ATI,0001628280-22-020867,2022-08-04,2022-08-04,2022-08-04T11:40:26.000Z,sources/earnings/ATI_0001628280-22-020867.html,sources/earnings/ATI_0001628280-22-020867_release.html,2022-08-04,2022-08-05,2022-08-04,date only; next session,"August 4, 2022",-0.31,-0.39,959.5,616.2,-11.6,-11.3,-0.012089630015633141,-0.018338201882505678,2,25.350000381469727,0.0031558184929448047,0.006248571866872537,https://www.sec.gov/Archives/edgar/data/1018963/000162828022020867/,primary,same_date,market + industries,0.15452865365898072,232,2021-08-04,2022-07-06,2022-08-03,2022-08-05,-0.1858496889045199
ATI,0001628280-22-020867,2022-08-04,2022-08-04,2022-08-04T11:40:26.000Z,sources/earnings/ATI_0001628280-22-020867.html,sources/earnings/ATI_0001628280-22-020867_release.html,2022-08-04,2022-08-05,2022-08-04,date only; next session,"August 4, 2022",-0.31,-0.39,959.5,616.2,-11.6,-11.3,-0.012089630015633141,-0.018338201882505678,2,25.350000381469727,0.0031558184929448047,0.006248571866872537,https://www.sec.gov/Archives/edgar/data/1018963/000162828022020867/,short,conservative,market,0.0551090128757453,232,2021-08-05,2022-07-07,2022-08-05,2022-08-08,0.9188116710610392
ATI,0001628280-22-020867,2022-08-04,2022-08-04,2022-08-04T11:40:26.000Z,sources/earnings/ATI_0001628280-22-020867.html,sources/earnings/ATI_0001628280-22-020867_release.html,2022-08-04,2022-08-05,2022-08-04,date only; next session,"August 4, 2022",-0.31,-0.39,959.5,616.2,-11.6,-11.3,-0.012089630015633141,-0.018338201882505678,2,25.350000381469727,0.0031558184929448047,0.006248571866872537,https://www.sec.gov/Archives/edgar/data/1018963/000162828022020867/,short,conservative,market + industries,0.06218981697068252,232,2021-08-05,2022-07-07,2022-08-05,2022-08-08,-0.21031800953616459
ATI,0001628280-22-020867,2022-08-04,2022-08-04,2022-08-04T11:40:26.000Z,sources/earnings/ATI_0001628280-22-020867.html,sources/earnings/ATI_0001628280-22-020867_release.html,2022-08-04,2022-08-05,2022-08-04,date only; next session,"August 4, 2022",-0.31,-0.39,959.5,616.2,-11.6,-11.3,-0.012089630015633141,-0.018338201882505678,2,25.350000381469727,0.0031558184929448047,0.006248571866872537,https://www.sec.gov/Archives/edgar/data/1018963/000162828022020867/,short,same_date,market,0.14002411317271507,232,2021-08-04,2022-07-06,2022-08-04,2022-08-05,0.9207756030817905
ATI,0001628280-22-020867,2022-08-04,2022-08-04,2022-08-04T11:40:26.000Z,sources/earnings/ATI_0001628280-22-020867.html,sources/earnings/ATI_0001628280-22-020867_release.html,2022-08-04,2022-08-05,2022-08-04,date only; next session,"August 4, 2022",-0.31,-0.39,959.5,616.2,-11.6,-11.3,-0.012089630015633141,-0.018338201882505678,2,25.350000381469727,0.0031558184929448047,0.006248571866872537,https://www.sec.gov/Archives/edgar/data/1018963/000162828022020867/,short,same_date,market + industries,0.148137583813289,232,2021-08-04,2022-07-06,2022-08-04,2022-08-05,-0.1858496889045199
ATI,0001628280-22-020867,2022-08-04,2022-08-04,2022-08-04T11:40:26.000Z,sources/earnings/ATI_0001628280-22-020867.html,sources/earnings/ATI_0001628280-22-020867_release.html,2022-08-04,2022-08-05,2022-08-04,date only; next session,"August 4, 2022",-0.31,-0.39,959.5,616.2,-11.6,-11.3,-0.012089630015633141,-0.018338201882505678,2,25.350000381469727,0.0031558184929448047,0.006248571866872537,https://www.sec.gov/Archives/edgar/data/1018963/000162828022020867/,wide,conservative,market,0.18237224102841712,232,2021-08-05,2022-07-07,2022-08-04,2022-08-12,0.9188116710610392
ATI,0001628280-22-020867,2022-08-04,2022-08-04,2022-08-04T11:40:26.000Z,sources/earnings/ATI_0001628280-22-020867.html,sources/earnings/ATI_0001628280-22-020867_release.html,2022-08-04,2022-08-05,2022-08-04,date only; next session,"August 4, 2022",-0.31,-0.39,959.5,616.2,-11.6,-11.3,-0.012089630015633141,-0.018338201882505678,2,25.350000381469727,0.0031558184929448047,0.006248571866872537,https://www.sec.gov/Archives/edgar/data/1018963/000162828022020867/,wide,conservative,market + industries,0.18752965233996802,232,2021-08-05,2022-07-07,2022-08-04,2022-08-12,-0.21031800953616459
ATI,0001628280-22-020867,2022-08-04,2022-08-04,2022-08-04T11:40:26.000Z,sources/earnings/ATI_0001628280-22-020867.html,sources/earnings/ATI_0001628280-22-020867_release.html,2022-08-04,2022-08-05,2022-08-04,date only; next session,"August 4, 2022",-0.31,-0.39,959.5,616.2,-11.6,-11.3,-0.012089630015633141,-0.018338201882505678,2,25.350000381469727,0.0031558184929448047,0.006248571866872537,https://www.sec.gov/Archives/edgar/data/1018963/000162828022020867/,wide,same_date,market,0.19446953561248037,232,2021-08-04,2022-07-06,2022-08-03,2022-08-11,0.9207756030817905
ATI,0001628280-22-020867,2022-08-04,2022-08-04,2022-08-04T11:40:26.000Z,sources/earnings/ATI_0001628280-22-020867.html,sources/earnings/ATI_0001628280-22-020867_release.html,2022-08-04,2022-08-05,2022-08-04,date only; next session,"August 4, 2022",-0.31,-0.39,959.5,616.2,-11.6,-11.3,-0.012089630015633141,-0.018338201882505678,2,25.350000381469727,0.0031558184929448047,0.006248571866872537,https://www.sec.gov/Archives/edgar/data/1018963/000162828022020867/,wide,same_date,market + industries,0.2145535053690797,232,2021-08-04,2022-07-06,2022-08-03,2022-08-11,-0.1858496889045199
ATI,0001628280-22-027662,2022-11-02,2022-11-02,2022-11-02T11:35:47.000Z,sources/earnings/ATI_0001628280-22-027662.html,sources/earnings/ATI_0001628280-22-027662_release.html,2022-11-02,2022-11-03,2022-11-02,date only; next session,"November 2, 2022",0.42,0.35,1032.0,725.7,113.2,29.9,0.10968992248062016,0.041201598456662526,2,31.09000015258789,0.002251527811400583,0.06848832402395763,https://www.sec.gov/Archives/edgar/data/1018963/000162828022027662/,primary,conservative,market,-0.049378388608862026,232,2021-11-03,2022-10-05,2022-11-02,2022-11-04,0.9400292624667546
ATI,0001628280-22-027662,2022-11-02,2022-11-02,2022-11-02T11:35:47.000Z,sources/earnings/ATI_0001628280-22-027662.html,sources/earnings/ATI_0001628280-22-027662_release.html,2022-11-02,2022-11-03,2022-11-02,date only; next session,"November 2, 2022",0.42,0.35,1032.0,725.7,113.2,29.9,0.10968992248062016,0.041201598456662526,2,31.09000015258789,0.002251527811400583,0.06848832402395763,https://www.sec.gov/Archives/edgar/data/1018963/000162828022027662/,primary,conservative,market + industries,-0.06740286611377569,232,2021-11-03,2022-10-05,2022-11-02,2022-11-04,-0.0486781389559226
ATI,0001628280-22-027662,2022-11-02,2022-11-02,2022-11-02T11:35:47.000Z,sources/earnings/ATI_0001628280-22-027662.html,sources/earnings/ATI_0001628280-22-027662_release.html,2022-11-02,2022-11-03,2022-11-02,date only; next session,"November 2, 2022",0.42,0.35,1032.0,725.7,113.2,29.9,0.10968992248062016,0.041201598456662526,2,31.09000015258789,0.002251527811400583,0.06848832402395763,https://www.sec.gov/Archives/edgar/data/1018963/000162828022027662/,primary,same_date,market,-0.043748575419550045,232,2021-11-02,2022-10-04,2022-11-01,2022-11-03,0.9362748927618088
ATI,0001628280-22-027662,2022-11-02,2022-11-02,2022-11-02T11:35:47.000Z,sources/earnings/ATI_0001628280-22-027662.html,sources/earnings/ATI_0001628280-22-027662_release.html,2022-11-02,2022-11-03,2022-11-02,date only; next session,"November 2, 2022",0.42,0.35,1032.0,725.7,113.2,29.9,0.10968992248062016,0.041201598456662526,2,31.09000015258789,0.002251527811400583,0.06848832402395763,https://www.sec.gov/Archives/edgar/data/1018963/000162828022027662/,primary,same_date,market + industries,-0.07329131535428024,232,2021-11-02,2022-10-04,2022-11-01,2022-11-03,-0.0596371972859045
ATI,0001628280-22-027662,2022-11-02,2022-11-02,2022-11-02T11:35:47.000Z,sources/earnings/ATI_0001628280-22-027662.html,sources/earnings/ATI_0001628280-22-027662_release.html,2022-11-02,2022-11-03,2022-11-02,date only; next session,"November 2, 2022",0.42,0.35,1032.0,725.7,113.2,29.9,0.10968992248062016,0.041201598456662526,2,31.09000015258789,0.002251527811400583,0.06848832402395763,https://www.sec.gov/Archives/edgar/data/1018963/000162828022027662/,short,conservative,market,0.08370406125981981,232,2021-11-03,2022-10-05,2022-11-03,2022-11-04,0.9400292624667546
ATI,0001628280-22-027662,2022-11-02,2022-11-02,2022-11-02T11:35:47.000Z,sources/earnings/ATI_0001628280-22-027662.html,sources/earnings/ATI_0001628280-22-027662_release.html,2022-11-02,2022-11-03,2022-11-02,date only; next session,"November 2, 2022",0.42,0.35,1032.0,725.7,113.2,29.9,0.10968992248062016,0.041201598456662526,2,31.09000015258789,0.002251527811400583,0.06848832402395763,https://www.sec.gov/Archives/edgar/data/1018963/000162828022027662/,short,conservative,market + industries,0.07254970848487902,232,2021-11-03,2022-10-05,2022-11-03,2022-11-04,-0.0486781389559226
ATI,0001628280-22-027662,2022-11-02,2022-11-02,2022-11-02T11:35:47.000Z,sources/earnings/ATI_0001628280-22-027662.html,sources/earnings/ATI_0001628280-22-027662_release.html,2022-11-02,2022-11-03,2022-11-02,date only; next session,"November 2, 2022",0.42,0.35,1032.0,725.7,113.2,29.9,0.10968992248062016,0.041201598456662526,2,31.09000015258789,0.002251527811400583,0.06848832402395763,https://www.sec.gov/Archives/edgar/data/1018963/000162828022027662/,short,same_date,market,-0.08901986469605311,232,2021-11-02,2022-10-04,2022-11-02,2022-11-03,0.9362748927618088
ATI,0001628280-22-027662,2022-11-02,2022-11-02,2022-11-02T11:35:47.000Z,sources/earnings/ATI_0001628280-22-027662.html,sources/earnings/ATI_0001628280-22-027662_release.html,2022-11-02,2022-11-03,2022-11-02,date only; next session,"November 2, 2022",0.42,0.35,1032.0,725.7,113.2,29.9,0.10968992248062016,0.041201598456662526,2,31.09000015258789,0.002251527811400583,0.06848832402395763,https://www.sec.gov/Archives/edgar/data/1018963/000162828022027662/,short,same_date,market + industries,-0.11279540991645765,232,2021-11-02,2022-10-04,2022-11-02,2022-11-03,-0.0596371972859045
ATI,0001628280-22-027662,2022-11-02,2022-11-02,2022-11-02T11:35:47.000Z,sources/earnings/ATI_0001628280-22-027662.html,sources/earnings/ATI_0001628280-22-027662_release.html,2022-11-02,2022-11-03,2022-11-02,date only; next session,"November 2, 2022",0.42,0.35,1032.0,725.7,113.2,29.9,0.10968992248062016,0.041201598456662526,2,31.09000015258789,0.002251527811400583,0.06848832402395763,https://www.sec.gov/Archives/edgar/data/1018963/000162828022027662/,wide,conservative,market,-0.07267930896153263,232,2021-11-03,2022-10-05,2022-11-02,2022-11-10,0.9400292624667546
ATI,0001628280-22-027662,2022-11-02,2022-11-02,2022-11-02T11:35:47.000Z,sources/earnings/ATI_0001628280-22-027662.html,sources/earnings/ATI_0001628280-22-027662_release.html,2022-11-02,2022-11-03,2022-11-02,date only; next session,"November 2, 2022",0.42,0.35,1032.0,725.7,113.2,29.9,0.10968992248062016,0.041201598456662526,2,31.09000015258789,0.002251527811400583,0.06848832402395763,https://www.sec.gov/Archives/edgar/data/1018963/000162828022027662/,wide,conservative,market + industries,-0.1009937056194945,232,2021-11-03,2022-10-05,2022-11-02,2022-11-10,-0.0486781389559226
ATI,0001628280-22-027662,2022-11-02,2022-11-02,2022-11-02T11:35:47.000Z,sources/earnings/ATI_0001628280-22-027662.html,sources/earnings/ATI_0001628280-22-027662_release.html,2022-11-02,2022-11-03,2022-11-02,date only; next session,"November 2, 2022",0.42,0.35,1032.0,725.7,113.2,29.9,0.10968992248062016,0.041201598456662526,2,31.09000015258789,0.002251527811400583,0.06848832402395763,https://www.sec.gov/Archives/edgar/data/1018963/000162828022027662/,wide,same_date,market,0.013482199061628333,232,2021-11-02,2022-10-04,2022-11-01,2022-11-09,0.9362748927618088
ATI,0001628280-22-027662,2022-11-02,2022-11-02,2022-11-02T11:35:47.000Z,sources/earnings/ATI_0001628280-22-027662.html,sources/earnings/ATI_0001628280-22-027662_release.html,2022-11-02,2022-11-03,2022-11-02,date only; next session,"November 2, 2022",0.42,0.35,1032.0,725.7,113.2,29.9,0.10968992248062016,0.041201598456662526,2,31.09000015258789,0.002251527811400583,0.06848832402395763,https://www.sec.gov/Archives/edgar/data/1018963/000162828022027662/,wide,same_date,market + industries,-0.03247671407343475,232,2021-11-02,2022-10-04,2022-11-01,2022-11-09,-0.0596371972859045
ATI,0001628280-23-001965,2023-02-02,2023-02-02,2023-02-02T12:34:40.000Z,sources/earnings/ATI_0001628280-23-001965.html,sources/earnings/ATI_0001628280-23-001965_release.html,2023-02-02,2023-02-03,2023-02-02,date only; next session,"February 2, 2023",0.53,-0.23,1010.4,765.4,108.7,67.2,0.10758115597783056,0.08779723020642802,2,36.7400016784668,0.020685899980386602,0.019783925771402547,https://www.sec.gov/Archives/edgar/data/1018963/000162828023001965/,primary,conservative,market,0.06108183280484884,232,2022-02-02,2023-01-04,2023-02-02,2023-02-06,1.0224371678455273
ATI,0001628280-23-001965,2023-02-02,2023-02-02,2023-02-02T12:34:40.000Z,sources/earnings/ATI_0001628280-23-001965.html,sources/earnings/ATI_0001628280-23-001965_release.html,2023-02-02,2023-02-03,2023-02-02,date only; next session,"February 2, 2023",0.53,-0.23,1010.4,765.4,108.7,67.2,0.10758115597783056,0.08779723020642802,2,36.7400016784668,0.020685899980386602,0.019783925771402547,https://www.sec.gov/Archives/edgar/data/1018963/000162828023001965/,primary,conservative,market + industries,0.06604467061658612,232,2022-02-02,2023-01-04,2023-02-02,2023-02-06,0.3089226451970776
ATI,0001628280-23-001965,2023-02-02,2023-02-02,2023-02-02T12:34:40.000Z,sources/earnings/ATI_0001628280-23-001965.html,sources/earnings/ATI_0001628280-23-001965_release.html,2023-02-02,2023-02-03,2023-02-02,date only; next session,"February 2, 2023",0.53,-0.23,1010.4,765.4,108.7,67.2,0.10758115597783056,0.08779723020642802,2,36.7400016784668,0.020685899980386602,0.019783925771402547,https://www.sec.gov/Archives/edgar/data/1018963/000162828023001965/,primary,same_date,market,0.07509860017092684,232,2022-02-01,2023-01-03,2023-02-01,2023-02-03,1.0191057053376318
ATI,0001628280-23-001965,2023-02-02,2023-02-02,2023-02-02T12:34:40.000Z,sources/earnings/ATI_0001628280-23-001965.html,sources/earnings/ATI_0001628280-23-001965_release.html,2023-02-02,2023-02-03,2023-02-02,date only; next session,"February 2, 2023",0.53,-0.23,1010.4,765.4,108.7,67.2,0.10758115597783056,0.08779723020642802,2,36.7400016784668,0.020685899980386602,0.019783925771402547,https://www.sec.gov/Archives/edgar/data/1018963/000162828023001965/,primary,same_date,market + industries,0.09643703510773413,232,2022-02-01,2023-01-03,2023-02-01,2023-02-03,0.3282769747616167
ATI,0001628280-23-001965,2023-02-02,2023-02-02,2023-02-02T12:34:40.000Z,sources/earnings/ATI_0001628280-23-001965.html,sources/earnings/ATI_0001628280-23-001965_release.html,2023-02-02,2023-02-03,2023-02-02,date only; next session,"February 2, 2023",0.53,-0.23,1010.4,765.4,108.7,67.2,0.10758115597783056,0.08779723020642802,2,36.7400016784668,0.020685899980386602,0.019783925771402547,https://www.sec.gov/Archives/edgar/data/1018963/000162828023001965/,short,conservative,market,0.02253179042762561,232,2022-02-02,2023-01-04,2023-02-03,2023-02-06,1.0224371678455273
ATI,0001628280-23-001965,2023-02-02,2023-02-02,2023-02-02T12:34:40.000Z,sources/earnings/ATI_0001628280-23-001965.html,sources/earnings/ATI_0001628280-23-001965_release.html,2023-02-02,2023-02-03,2023-02-02,date only; next session,"February 2, 2023",0.53,-0.23,1010.4,765.4,108.7,67.2,0.10758115597783056,0.08779723020642802,2,36.7400016784668,0.020685899980386602,0.019783925771402547,https://www.sec.gov/Archives/edgar/data/1018963/000162828023001965/,short,conservative,market + industries,0.01185881561130149,232,2022-02-02,2023-01-04,2023-02-03,2023-02-06,0.3089226451970776
ATI,0001628280-23-001965,2023-02-02,2023-02-02,2023-02-02T12:34:40.000Z,sources/earnings/ATI_0001628280-23-001965.html,sources/earnings/ATI_0001628280-23-001965_release.html,2023-02-02,2023-02-03,2023-02-02,date only; next session,"February 2, 2023",0.53,-0.23,1010.4,765.4,108.7,67.2,0.10758115597783056,0.08779723020642802,2,36.7400016784668,0.020685899980386602,0.019783925771402547,https://www.sec.gov/Archives/edgar/data/1018963/000162828023001965/,short,same_date,market,0.07940200984881764,232,2022-02-01,2023-01-03,2023-02-02,2023-02-03,1.0191057053376318
ATI,0001628280-23-001965,2023-02-02,2023-02-02,2023-02-02T12:34:40.000Z,sources/earnings/ATI_0001628280-23-001965.html,sources/earnings/ATI_0001628280-23-001965_release.html,2023-02-02,2023-02-03,2023-02-02,date only; next session,"February 2, 2023",0.53,-0.23,1010.4,765.4,108.7,67.2,0.10758115597783056,0.08779723020642802,2,36.7400016784668,0.020685899980386602,0.019783925771402547,https://www.sec.gov/Archives/edgar/data/1018963/000162828023001965/,short,same_date,market + industries,0.09358304797667338,232,2022-02-01,2023-01-03,2023-02-02,2023-02-03,0.3282769747616167
ATI,0001628280-23-001965,2023-02-02,2023-02-02,2023-02-02T12:34:40.000Z,sources/earnings/ATI_0001628280-23-001965.html,sources/earnings/ATI_0001628280-23-001965_release.html,2023-02-02,2023-02-03,2023-02-02,date only; next session,"February 2, 2023",0.53,-0.23,1010.4,765.4,108.7,67.2,0.10758115597783056,0.08779723020642802,2,36.7400016784668,0.020685899980386602,0.019783925771402547,https://www.sec.gov/Archives/edgar/data/1018963/000162828023001965/,wide,conservative,market,0.03657092228775596,232,2022-02-02,2023-01-04,2023-02-02,2023-02-10,1.0224371678455273
ATI,0001628280-23-001965,2023-02-02,2023-02-02,2023-02-02T12:34:40.000Z,sources/earnings/ATI_0001628280-23-001965.html,sources/earnings/ATI_0001628280-23-001965_release.html,2023-02-02,2023-02-03,2023-02-02,date only; next session,"February 2, 2023",0.53,-0.23,1010.4,765.4,108.7,67.2,0.10758115597783056,0.08779723020642802,2,36.7400016784668,0.020685899980386602,0.019783925771402547,https://www.sec.gov/Archives/edgar/data/1018963/000162828023001965/,wide,conservative,market + industries,0.03186618786120446,232,2022-02-02,2023-01-04,2023-02-02,2023-02-10,0.3089226451970776
ATI,0001628280-23-001965,2023-02-02,2023-02-02,2023-02-02T12:34:40.000Z,sources/earnings/ATI_0001628280-23-001965.html,sources/earnings/ATI_0001628280-23-001965_release.html,2023-02-02,2023-02-03,2023-02-02,date only; next session,"February 2, 2023",0.53,-0.23,1010.4,765.4,108.7,67.2,0.10758115597783056,0.08779723020642802,2,36.7400016784668,0.020685899980386602,0.019783925771402547,https://www.sec.gov/Archives/edgar/data/1018963/000162828023001965/,wide,same_date,market,0.036524322996555586,232,2022-02-01,2023-01-03,2023-02-01,2023-02-09,1.0191057053376318
ATI,0001628280-23-001965,2023-02-02,2023-02-02,2023-02-02T12:34:40.000Z,sources/earnings/ATI_0001628280-23-001965.html,sources/earnings/ATI_0001628280-23-001965_release.html,2023-02-02,2023-02-03,2023-02-02,date only; next session,"February 2, 2023",0.53,-0.23,1010.4,765.4,108.7,67.2,0.10758115597783056,0.08779723020642802,2,36.7400016784668,0.020685899980386602,0.019783925771402547,https://www.sec.gov/Archives/edgar/data/1018963/000162828023001965/,wide,same_date,market + industries,0.047658073732379486,232,2022-02-01,2023-01-03,2023-02-01,2023-02-09,0.3282769747616167
ATI,0001628280-23-015453,2023-05-04,2023-05-04,2023-05-04T11:32:46.000Z,sources/earnings/ATI_0001628280-23-015453.html,sources/earnings/ATI_0001628280-23-015453_release.html,2023-05-04,2023-05-05,2023-05-04,date only; next session,"May 4, 2023",0.48,0.23,1038.1,834.1,112.6,77.0,0.10846739235141123,0.09231507013547537,2,38.0,0.006578947368421052,0.016152322215935863,https://www.sec.gov/Archives/edgar/data/1018963/000162828023015453/,primary,conservative,market,-0.022150750711891935,232,2022-05-04,2023-04-05,2023-05-04,2023-05-08,1.1858472387660213
ATI,0001628280-23-015453,2023-05-04,2023-05-04,2023-05-04T11:32:46.000Z,sources/earnings/ATI_0001628280-23-015453.html,sources/earnings/ATI_0001628280-23-015453_release.html,2023-05-04,2023-05-05,2023-05-04,date only; next session,"May 4, 2023",0.48,0.23,1038.1,834.1,112.6,77.0,0.10846739235141123,0.09231507013547537,2,38.0,0.006578947368421052,0.016152322215935863,https://www.sec.gov/Archives/edgar/data/1018963/000162828023015453/,primary,conservative,market + industries,-0.005570823433128855,232,2022-05-04,2023-04-05,2023-05-04,2023-05-08,0.3333683441432769
ATI,0001628280-23-015453,2023-05-04,2023-05-04,2023-05-04T11:32:46.000Z,sources/earnings/ATI_0001628280-23-015453.html,sources/earnings/ATI_0001628280-23-015453_release.html,2023-05-04,2023-05-05,2023-05-04,date only; next session,"May 4, 2023",0.48,0.23,1038.1,834.1,112.6,77.0,0.10846739235141123,0.09231507013547537,2,38.0,0.006578947368421052,0.016152322215935863,https://www.sec.gov/Archives/edgar/data/1018963/000162828023015453/,primary,same_date,market,-0.04646442748602157,232,2022-05-03,2023-04-04,2023-05-03,2023-05-05,1.1866420161915834
ATI,0001628280-23-015453,2023-05-04,2023-05-04,2023-05-04T11:32:46.000Z,sources/earnings/ATI_0001628280-23-015453.html,sources/earnings/ATI_0001628280-23-015453_release.html,2023-05-04,2023-05-05,2023-05-04,date only; next session,"May 4, 2023",0.48,0.23,1038.1,834.1,112.6,77.0,0.10846739235141123,0.09231507013547537,2,38.0,0.006578947368421052,0.016152322215935863,https://www.sec.gov/Archives/edgar/data/1018963/000162828023015453/,primary,same_date,market + industries,-0.02866258470497802,232,2022-05-03,2023-04-04,2023-05-03,2023-05-05,0.3431330082510654
ATI,0001628280-23-015453,2023-05-04,2023-05-04,2023-05-04T11:32:46.000Z,sources/earnings/ATI_0001628280-23-015453.html,sources/earnings/ATI_0001628280-23-015453_release.html,2023-05-04,2023-05-05,2023-05-04,date only; next session,"May 4, 2023",0.48,0.23,1038.1,834.1,112.6,77.0,0.10846739235141123,0.09231507013547537,2,38.0,0.006578947368421052,0.016152322215935863,https://www.sec.gov/Archives/edgar/data/1018963/000162828023015453/,short,conservative,market,0.040530564833371,232,2022-05-04,2023-04-05,2023-05-05,2023-05-08,1.1858472387660213
ATI,0001628280-23-015453,2023-05-04,2023-05-04,2023-05-04T11:32:46.000Z,sources/earnings/ATI_0001628280-23-015453.html,sources/earnings/ATI_0001628280-23-015453_release.html,2023-05-04,2023-05-05,2023-05-04,date only; next session,"May 4, 2023",0.48,0.23,1038.1,834.1,112.6,77.0,0.10846739235141123,0.09231507013547537,2,38.0,0.006578947368421052,0.016152322215935863,https://www.sec.gov/Archives/edgar/data/1018963/000162828023015453/,short,conservative,market + industries,0.0505144404120557,232,2022-05-04,2023-04-05,2023-05-05,2023-05-08,0.3333683441432769
ATI,0001628280-23-015453,2023-05-04,2023-05-04,2023-05-04T11:32:46.000Z,sources/earnings/ATI_0001628280-23-015453.html,sources/earnings/ATI_0001628280-23-015453_release.html,2023-05-04,2023-05-05,2023-05-04,date only; next session,"May 4, 2023",0.48,0.23,1038.1,834.1,112.6,77.0,0.10846739235141123,0.09231507013547537,2,38.0,0.006578947368421052,0.016152322215935863,https://www.sec.gov/Archives/edgar/data/1018963/000162828023015453/,short,same_date,market,-0.04473885397695787,232,2022-05-03,2023-04-04,2023-05-04,2023-05-05,1.1866420161915834
ATI,0001628280-23-015453,2023-05-04,2023-05-04,2023-05-04T11:32:46.000Z,sources/earnings/ATI_0001628280-23-015453.html,sources/earnings/ATI_0001628280-23-015453_release.html,2023-05-04,2023-05-05,2023-05-04,date only; next session,"May 4, 2023",0.48,0.23,1038.1,834.1,112.6,77.0,0.10846739235141123,0.09231507013547537,2,38.0,0.006578947368421052,0.016152322215935863,https://www.sec.gov/Archives/edgar/data/1018963/000162828023015453/,short,same_date,market + industries,-0.03253544170234967,232,2022-05-03,2023-04-04,2023-05-04,2023-05-05,0.3431330082510654
ATI,0001628280-23-015453,2023-05-04,2023-05-04,2023-05-04T11:32:46.000Z,sources/earnings/ATI_0001628280-23-015453.html,sources/earnings/ATI_0001628280-23-015453_release.html,2023-05-04,2023-05-05,2023-05-04,date only; next session,"May 4, 2023",0.48,0.23,1038.1,834.1,112.6,77.0,0.10846739235141123,0.09231507013547537,2,38.0,0.006578947368421052,0.016152322215935863,https://www.sec.gov/Archives/edgar/data/1018963/000162828023015453/,wide,conservative,market,-0.09544352834835106,232,2022-05-04,2023-04-05,2023-05-04,2023-05-12,1.1858472387660213
ATI,0001628280-23-015453,2023-05-04,2023-05-04,2023-05-04T11:32:46.000Z,sources/earnings/ATI_0001628280-23-015453.html,sources/earnings/ATI_0001628280-23-015453_release.html,2023-05-04,2023-05-05,2023-05-04,date only; next session,"May 4, 2023",0.48,0.23,1038.1,834.1,112.6,77.0,0.10846739235141123,0.09231507013547537,2,38.0,0.006578947368421052,0.016152322215935863,https://www.sec.gov/Archives/edgar/data/1018963/000162828023015453/,wide,conservative,market + industries,-0.07562639699632626,232,2022-05-04,2023-04-05,2023-05-04,2023-05-12,0.3333683441432769
ATI,0001628280-23-015453,2023-05-04,2023-05-04,2023-05-04T11:32:46.000Z,sources/earnings/ATI_0001628280-23-015453.html,sources/earnings/ATI_0001628280-23-015453_release.html,2023-05-04,2023-05-05,2023-05-04,date only; next session,"May 4, 2023",0.48,0.23,1038.1,834.1,112.6,77.0,0.10846739235141123,0.09231507013547537,2,38.0,0.006578947368421052,0.016152322215935863,https://www.sec.gov/Archives/edgar/data/1018963/000162828023015453/,wide,same_date,market,-0.06672385192250449,232,2022-05-03,2023-04-04,2023-05-03,2023-05-11,1.1866420161915834
ATI,0001628280-23-015453,2023-05-04,2023-05-04,2023-05-04T11:32:46.000Z,sources/earnings/ATI_0001628280-23-015453.html,sources/earnings/ATI_0001628280-23-015453_release.html,2023-05-04,2023-05-05,2023-05-04,date only; next session,"May 4, 2023",0.48,0.23,1038.1,834.1,112.6,77.0,0.10846739235141123,0.09231507013547537,2,38.0,0.006578947368421052,0.016152322215935863,https://www.sec.gov/Archives/edgar/data/1018963/000162828023015453/,wide,same_date,market + industries,-0.04230374885498498,232,2022-05-03,2023-04-04,2023-05-03,2023-05-11,0.3431330082510654
ATI,0001628280-23-026573,2023-08-02,2023-08-02,2023-08-02T11:37:44.000Z,sources/earnings/ATI_0001628280-23-026573.html,sources/earnings/ATI_0001628280-23-026573_release.html,2023-08-02,2023-08-03,2023-08-02,date only; next session,"August 2, 2023",0.52,-0.31,1046.0,959.5,120.3,-11.6,0.1150095602294455,-0.012089630015633141,2,46.91999816894531,0.01768968525982057,0.12709919024507865,https://www.sec.gov/Archives/edgar/data/1018963/000162828023026573/,primary,conservative,market,-0.05174404082458378,232,2022-08-02,2023-07-05,2023-08-02,2023-08-04,1.2334911800218118
ATI,0001628280-23-026573,2023-08-02,2023-08-02,2023-08-02T11:37:44.000Z,sources/earnings/ATI_0001628280-23-026573.html,sources/earnings/ATI_0001628280-23-026573_release.html,2023-08-02,2023-08-03,2023-08-02,date only; next session,"August 2, 2023",0.52,-0.31,1046.0,959.5,120.3,-11.6,0.1150095602294455,-0.012089630015633141,2,46.91999816894531,0.01768968525982057,0.12709919024507865,https://www.sec.gov/Archives/edgar/data/1018963/000162828023026573/,primary,conservative,market + industries,-0.050307436162090796,232,2022-08-02,2023-07-05,2023-08-02,2023-08-04,0.6306329972040526
ATI,0001628280-23-026573,2023-08-02,2023-08-02,2023-08-02T11:37:44.000Z,sources/earnings/ATI_0001628280-23-026573.html,sources/earnings/ATI_0001628280-23-026573_release.html,2023-08-02,2023-08-03,2023-08-02,date only; next session,"August 2, 2023",0.52,-0.31,1046.0,959.5,120.3,-11.6,0.1150095602294455,-0.012089630015633141,2,46.91999816894531,0.01768968525982057,0.12709919024507865,https://www.sec.gov/Archives/edgar/data/1018963/000162828023026573/,primary,same_date,market,-0.05830867533858819,232,2022-08-01,2023-07-03,2023-08-01,2023-08-03,1.2317484317147802
ATI,0001628280-23-026573,2023-08-02,2023-08-02,2023-08-02T11:37:44.000Z,sources/earnings/ATI_0001628280-23-026573.html,sources/earnings/ATI_0001628280-23-026573_release.html,2023-08-02,2023-08-03,2023-08-02,date only; next session,"August 2, 2023",0.52,-0.31,1046.0,959.5,120.3,-11.6,0.1150095602294455,-0.012089630015633141,2,46.91999816894531,0.01768968525982057,0.12709919024507865,https://www.sec.gov/Archives/edgar/data/1018963/000162828023026573/,primary,same_date,market + industries,-0.05127973426745493,232,2022-08-01,2023-07-03,2023-08-01,2023-08-03,0.6472328302362478
ATI,0001628280-23-026573,2023-08-02,2023-08-02,2023-08-02T11:37:44.000Z,sources/earnings/ATI_0001628280-23-026573.html,sources/earnings/ATI_0001628280-23-026573_release.html,2023-08-02,2023-08-03,2023-08-02,date only; next session,"August 2, 2023",0.52,-0.31,1046.0,959.5,120.3,-11.6,0.1150095602294455,-0.012089630015633141,2,46.91999816894531,0.01768968525982057,0.12709919024507865,https://www.sec.gov/Archives/edgar/data/1018963/000162828023026573/,short,conservative,market,-0.027266683963703325,232,2022-08-02,2023-07-05,2023-08-03,2023-08-04,1.2334911800218118
ATI,0001628280-23-026573,2023-08-02,2023-08-02,2023-08-02T11:37:44.000Z,sources/earnings/ATI_0001628280-23-026573.html,sources/earnings/ATI_0001628280-23-026573_release.html,2023-08-02,2023-08-03,2023-08-02,date only; next session,"August 2, 2023",0.52,-0.31,1046.0,959.5,120.3,-11.6,0.1150095602294455,-0.012089630015633141,2,46.91999816894531,0.01768968525982057,0.12709919024507865,https://www.sec.gov/Archives/edgar/data/1018963/000162828023026573/,short,conservative,market + industries,-0.03412845623972108,232,2022-08-02,2023-07-05,2023-08-03,2023-08-04,0.6306329972040526
ATI,0001628280-23-026573,2023-08-02,2023-08-02,2023-08-02T11:37:44.000Z,sources/earnings/ATI_0001628280-23-026573.html,sources/earnings/ATI_0001628280-23-026573_release.html,2023-08-02,2023-08-03,2023-08-02,date only; next session,"August 2, 2023",0.52,-0.31,1046.0,959.5,120.3,-11.6,0.1150095602294455,-0.012089630015633141,2,46.91999816894531,0.01768968525982057,0.12709919024507865,https://www.sec.gov/Archives/edgar/data/1018963/000162828023026573/,short,same_date,market,-0.043580877949804565,232,2022-08-01,2023-07-03,2023-08-02,2023-08-03,1.2317484317147802
ATI,0001628280-23-026573,2023-08-02,2023-08-02,2023-08-02T11:37:44.000Z,sources/earnings/ATI_0001628280-23-026573.html,sources/earnings/ATI_0001628280-23-026573_release.html,2023-08-02,2023-08-03,2023-08-02,date only; next session,"August 2, 2023",0.52,-0.31,1046.0,959.5,120.3,-11.6,0.1150095602294455,-0.012089630015633141,2,46.91999816894531,0.01768968525982057,0.12709919024507865,https://www.sec.gov/Archives/edgar/data/1018963/000162828023026573/,short,same_date,market + industries,-0.03512705193469736,232,2022-08-01,2023-07-03,2023-08-02,2023-08-03,0.6472328302362478
ATI,0001628280-23-026573,2023-08-02,2023-08-02,2023-08-02T11:37:44.000Z,sources/earnings/ATI_0001628280-23-026573.html,sources/earnings/ATI_0001628280-23-026573_release.html,2023-08-02,2023-08-03,2023-08-02,date only; next session,"August 2, 2023",0.52,-0.31,1046.0,959.5,120.3,-11.6,0.1150095602294455,-0.012089630015633141,2,46.91999816894531,0.01768968525982057,0.12709919024507865,https://www.sec.gov/Archives/edgar/data/1018963/000162828023026573/,wide,conservative,market,-0.04570771913506891,232,2022-08-02,2023-07-05,2023-08-02,2023-08-10,1.2334911800218118
ATI,0001628280-23-026573,2023-08-02,2023-08-02,2023-08-02T11:37:44.000Z,sources/earnings/ATI_0001628280-23-026573.html,sources/earnings/ATI_0001628280-23-026573_release.html,2023-08-02,2023-08-03,2023-08-02,date only; next session,"August 2, 2023",0.52,-0.31,1046.0,959.5,120.3,-11.6,0.1150095602294455,-0.012089630015633141,2,46.91999816894531,0.01768968525982057,0.12709919024507865,https://www.sec.gov/Archives/edgar/data/1018963/000162828023026573/,wide,conservative,market + industries,-0.05518555816735223,232,2022-08-02,2023-07-05,2023-08-02,2023-08-10,0.6306329972040526
ATI,0001628280-23-026573,2023-08-02,2023-08-02,2023-08-02T11:37:44.000Z,sources/earnings/ATI_0001628280-23-026573.html,sources/earnings/ATI_0001628280-23-026573_release.html,2023-08-02,2023-08-03,2023-08-02,date only; next session,"August 2, 2023",0.52,-0.31,1046.0,959.5,120.3,-11.6,0.1150095602294455,-0.012089630015633141,2,46.91999816894531,0.01768968525982057,0.12709919024507865,https://www.sec.gov/Archives/edgar/data/1018963/000162828023026573/,wide,same_date,market,-0.07879371193676572,232,2022-08-01,2023-07-03,2023-08-01,2023-08-09,1.2317484317147802
ATI,0001628280-23-026573,2023-08-02,2023-08-02,2023-08-02T11:37:44.000Z,sources/earnings/ATI_0001628280-23-026573.html,sources/earnings/ATI_0001628280-23-026573_release.html,2023-08-02,2023-08-03,2023-08-02,date only; next session,"August 2, 2023",0.52,-0.31,1046.0,959.5,120.3,-11.6,0.1150095602294455,-0.012089630015633141,2,46.91999816894531,0.01768968525982057,0.12709919024507865,https://www.sec.gov/Archives/edgar/data/1018963/000162828023026573/,wide,same_date,market + industries,-0.094275018313138,232,2022-08-01,2023-07-03,2023-08-01,2023-08-09,0.6472328302362478
ATI,0001628280-23-036216,2023-11-02,2023-11-02,2023-11-02T11:56:59.000Z,sources/earnings/ATI_0001628280-23-036216.html,sources/earnings/ATI_0001628280-23-036216_release.html,2023-11-02,2023-11-03,2023-11-02,date only; next session,"November 2, 2023",0.52,0.42,1025.6,1032.0,125.2,113.2,0.12207488299531982,0.10968992248062016,2,37.33000183105469,0.00267881047669305,0.012384960514699658,https://www.sec.gov/Archives/edgar/data/1018963/000162828023036216/,primary,conservative,market,0.08959634284090404,232,2022-11-02,2023-10-05,2023-11-02,2023-11-06,1.333155021128787
ATI,0001628280-23-036216,2023-11-02,2023-11-02,2023-11-02T11:56:59.000Z,sources/earnings/ATI_0001628280-23-036216.html,sources/earnings/ATI_0001628280-23-036216_release.html,2023-11-02,2023-11-03,2023-11-02,date only; next session,"November 2, 2023",0.52,0.42,1025.6,1032.0,125.2,113.2,0.12207488299531982,0.10968992248062016,2,37.33000183105469,0.00267881047669305,0.012384960514699658,https://www.sec.gov/Archives/edgar/data/1018963/000162828023036216/,primary,conservative,market + industries,0.08534359236667509,232,2022-11-02,2023-10-05,2023-11-02,2023-11-06,0.6998007276165521
ATI,0001628280-23-036216,2023-11-02,2023-11-02,2023-11-02T11:56:59.000Z,sources/earnings/ATI_0001628280-23-036216.html,sources/earnings/ATI_0001628280-23-036216_release.html,2023-11-02,2023-11-03,2023-11-02,date only; next session,"November 2, 2023",0.52,0.42,1025.6,1032.0,125.2,113.2,0.12207488299531982,0.10968992248062016,2,37.33000183105469,0.00267881047669305,0.012384960514699658,https://www.sec.gov/Archives/edgar/data/1018963/000162828023036216/,primary,same_date,market,0.04890035538948297,232,2022-11-01,2023-10-04,2023-11-01,2023-11-03,1.3217988280541062
ATI,0001628280-23-036216,2023-11-02,2023-11-02,2023-11-02T11:56:59.000Z,sources/earnings/ATI_0001628280-23-036216.html,sources/earnings/ATI_0001628280-23-036216_release.html,2023-11-02,2023-11-03,2023-11-02,date only; next session,"November 2, 2023",0.52,0.42,1025.6,1032.0,125.2,113.2,0.12207488299531982,0.10968992248062016,2,37.33000183105469,0.00267881047669305,0.012384960514699658,https://www.sec.gov/Archives/edgar/data/1018963/000162828023036216/,primary,same_date,market + industries,0.04098300046731392,232,2022-11-01,2023-10-04,2023-11-01,2023-11-03,0.6432563482981488
ATI,0001628280-23-036216,2023-11-02,2023-11-02,2023-11-02T11:56:59.000Z,sources/earnings/ATI_0001628280-23-036216.html,sources/earnings/ATI_0001628280-23-036216_release.html,2023-11-02,2023-11-03,2023-11-02,date only; next session,"November 2, 2023",0.52,0.42,1025.6,1032.0,125.2,113.2,0.12207488299531982,0.10968992248062016,2,37.33000183105469,0.00267881047669305,0.012384960514699658,https://www.sec.gov/Archives/edgar/data/1018963/000162828023036216/,short,conservative,market,0.02684144323749138,232,2022-11-02,2023-10-05,2023-11-03,2023-11-06,1.333155021128787
ATI,0001628280-23-036216,2023-11-02,2023-11-02,2023-11-02T11:56:59.000Z,sources/earnings/ATI_0001628280-23-036216.html,sources/earnings/ATI_0001628280-23-036216_release.html,2023-11-02,2023-11-03,2023-11-02,date only; next session,"November 2, 2023",0.52,0.42,1025.6,1032.0,125.2,113.2,0.12207488299531982,0.10968992248062016,2,37.33000183105469,0.00267881047669305,0.012384960514699658,https://www.sec.gov/Archives/edgar/data/1018963/000162828023036216/,short,conservative,market + industries,0.03079628790852856,232,2022-11-02,2023-10-05,2023-11-03,2023-11-06,0.6998007276165521
ATI,0001628280-23-036216,2023-11-02,2023-11-02,2023-11-02T11:56:59.000Z,sources/earnings/ATI_0001628280-23-036216.html,sources/earnings/ATI_0001628280-23-036216_release.html,2023-11-02,2023-11-03,2023-11-02,date only; next session,"November 2, 2023",0.52,0.42,1025.6,1032.0,125.2,113.2,0.12207488299531982,0.10968992248062016,2,37.33000183105469,0.00267881047669305,0.012384960514699658,https://www.sec.gov/Archives/edgar/data/1018963/000162828023036216/,short,same_date,market,0.0755563549316596,232,2022-11-01,2023-10-04,2023-11-02,2023-11-03,1.3217988280541062
ATI,0001628280-23-036216,2023-11-02,2023-11-02,2023-11-02T11:56:59.000Z,sources/earnings/ATI_0001628280-23-036216.html,sources/earnings/ATI_0001628280-23-036216_release.html,2023-11-02,2023-11-03,2023-11-02,date only; next session,"November 2, 2023",0.52,0.42,1025.6,1032.0,125.2,113.2,0.12207488299531982,0.10968992248062016,2,37.33000183105469,0.00267881047669305,0.012384960514699658,https://www.sec.gov/Archives/edgar/data/1018963/000162828023036216/,short,same_date,market + industries,0.06760440647537691,232,2022-11-01,2023-10-04,2023-11-02,2023-11-03,0.6432563482981488
ATI,0001628280-23-036216,2023-11-02,2023-11-02,2023-11-02T11:56:59.000Z,sources/earnings/ATI_0001628280-23-036216.html,sources/earnings/ATI_0001628280-23-036216_release.html,2023-11-02,2023-11-03,2023-11-02,date only; next session,"November 2, 2023",0.52,0.42,1025.6,1032.0,125.2,113.2,0.12207488299531982,0.10968992248062016,2,37.33000183105469,0.00267881047669305,0.012384960514699658,https://www.sec.gov/Archives/edgar/data/1018963/000162828023036216/,wide,conservative,market,0.10175780123609758,232,2022-11-02,2023-10-05,2023-11-02,2023-11-10,1.333155021128787
ATI,0001628280-23-036216,2023-11-02,2023-11-02,2023-11-02T11:56:59.000Z,sources/earnings/ATI_0001628280-23-036216.html,sources/earnings/ATI_0001628280-23-036216_release.html,2023-11-02,2023-11-03,2023-11-02,date only; next session,"November 2, 2023",0.52,0.42,1025.6,1032.0,125.2,113.2,0.12207488299531982,0.10968992248062016,2,37.33000183105469,0.00267881047669305,0.012384960514699658,https://www.sec.gov/Archives/edgar/data/1018963/000162828023036216/,wide,conservative,market + industries,0.09588528691398082,232,2022-11-02,2023-10-05,2023-11-02,2023-11-10,0.6998007276165521
ATI,0001628280-23-036216,2023-11-02,2023-11-02,2023-11-02T11:56:59.000Z,sources/earnings/ATI_0001628280-23-036216.html,sources/earnings/ATI_0001628280-23-036216_release.html,2023-11-02,2023-11-03,2023-11-02,date only; next session,"November 2, 2023",0.52,0.42,1025.6,1032.0,125.2,113.2,0.12207488299531982,0.10968992248062016,2,37.33000183105469,0.00267881047669305,0.012384960514699658,https://www.sec.gov/Archives/edgar/data/1018963/000162828023036216/,wide,same_date,market,0.07102889673744282,232,2022-11-01,2023-10-04,2023-11-01,2023-11-09,1.3217988280541062
ATI,0001628280-23-036216,2023-11-02,2023-11-02,2023-11-02T11:56:59.000Z,sources/earnings/ATI_0001628280-23-036216.html,sources/earnings/ATI_0001628280-23-036216_release.html,2023-11-02,2023-11-03,2023-11-02,date only; next session,"November 2, 2023",0.52,0.42,1025.6,1032.0,125.2,113.2,0.12207488299531982,0.10968992248062016,2,37.33000183105469,0.00267881047669305,0.012384960514699658,https://www.sec.gov/Archives/edgar/data/1018963/000162828023036216/,wide,same_date,market + industries,0.06597556463208021,232,2022-11-01,2023-10-04,2023-11-01,2023-11-09,0.6432563482981488
ATI,0001628280-24-002807,2024-02-01,2024-02-01,2024-02-01T12:36:51.000Z,sources/earnings/ATI_0001628280-24-002807.html,sources/earnings/ATI_0001628280-24-002807_release.html,2024-02-01,2024-02-02,2024-02-01,date only; next session,"February 1, 2024",0.99,1.3,1064.0,1010.4,108.3,108.7,0.10178571428571428,0.10758115597783056,2,40.869998931884766,-0.007585025889446581,-0.005795441692116279,https://www.sec.gov/Archives/edgar/data/1018963/000162828024002807/,primary,conservative,market,-0.08372203945105675,232,2023-02-01,2024-01-03,2024-02-01,2024-02-05,1.467177741801868
ATI,0001628280-24-002807,2024-02-01,2024-02-01,2024-02-01T12:36:51.000Z,sources/earnings/ATI_0001628280-24-002807.html,sources/earnings/ATI_0001628280-24-002807_release.html,2024-02-01,2024-02-02,2024-02-01,date only; next session,"February 1, 2024",0.99,1.3,1064.0,1010.4,108.3,108.7,0.10178571428571428,0.10758115597783056,2,40.869998931884766,-0.007585025889446581,-0.005795441692116279,https://www.sec.gov/Archives/edgar/data/1018963/000162828024002807/,primary,conservative,market + industries,-0.07393905778285377,232,2023-02-01,2024-01-03,2024-02-01,2024-02-05,0.5976784504223742
ATI,0001628280-24-002807,2024-02-01,2024-02-01,2024-02-01T12:36:51.000Z,sources/earnings/ATI_0001628280-24-002807.html,sources/earnings/ATI_0001628280-24-002807_release.html,2024-02-01,2024-02-02,2024-02-01,date only; next session,"February 1, 2024",0.99,1.3,1064.0,1010.4,108.3,108.7,0.10178571428571428,0.10758115597783056,2,40.869998931884766,-0.007585025889446581,-0.005795441692116279,https://www.sec.gov/Archives/edgar/data/1018963/000162828024002807/,primary,same_date,market,-0.06317163218374304,232,2023-01-31,2024-01-02,2024-01-31,2024-02-02,1.4397773759964327
ATI,0001628280-24-002807,2024-02-01,2024-02-01,2024-02-01T12:36:51.000Z,sources/earnings/ATI_0001628280-24-002807.html,sources/earnings/ATI_0001628280-24-002807_release.html,2024-02-01,2024-02-02,2024-02-01,date only; next session,"February 1, 2024",0.99,1.3,1064.0,1010.4,108.3,108.7,0.10178571428571428,0.10758115597783056,2,40.869998931884766,-0.007585025889446581,-0.005795441692116279,https://www.sec.gov/Archives/edgar/data/1018963/000162828024002807/,primary,same_date,market + industries,-0.0694245755334019,232,2023-01-31,2024-01-02,2024-01-31,2024-02-02,0.5870251623019738
ATI,0001628280-24-002807,2024-02-01,2024-02-01,2024-02-01T12:36:51.000Z,sources/earnings/ATI_0001628280-24-002807.html,sources/earnings/ATI_0001628280-24-002807_release.html,2024-02-01,2024-02-02,2024-02-01,date only; next session,"February 1, 2024",0.99,1.3,1064.0,1010.4,108.3,108.7,0.10178571428571428,0.10758115597783056,2,40.869998931884766,-0.007585025889446581,-0.005795441692116279,https://www.sec.gov/Archives/edgar/data/1018963/000162828024002807/,short,conservative,market,-0.00786144240725002,232,2023-02-01,2024-01-03,2024-02-02,2024-02-05,1.467177741801868
ATI,0001628280-24-002807,2024-02-01,2024-02-01,2024-02-01T12:36:51.000Z,sources/earnings/ATI_0001628280-24-002807.html,sources/earnings/ATI_0001628280-24-002807_release.html,2024-02-01,2024-02-02,2024-02-01,date only; next session,"February 1, 2024",0.99,1.3,1064.0,1010.4,108.3,108.7,0.10178571428571428,0.10758115597783056,2,40.869998931884766,-0.007585025889446581,-0.005795441692116279,https://www.sec.gov/Archives/edgar/data/1018963/000162828024002807/,short,conservative,market + industries,-0.0005526860352770991,232,2023-02-01,2024-01-03,2024-02-02,2024-02-05,0.5976784504223742
ATI,0001628280-24-002807,2024-02-01,2024-02-01,2024-02-01T12:36:51.000Z,sources/earnings/ATI_0001628280-24-002807.html,sources/earnings/ATI_0001628280-24-002807_release.html,2024-02-01,2024-02-02,2024-02-01,date only; next session,"February 1, 2024",0.99,1.3,1064.0,1010.4,108.3,108.7,0.10178571428571428,0.10758115597783056,2,40.869998931884766,-0.007585025889446581,-0.005795441692116279,https://www.sec.gov/Archives/edgar/data/1018963/000162828024002807/,short,same_date,market,-0.07510538183594029,232,2023-01-31,2024-01-02,2024-02-01,2024-02-02,1.4397773759964327
ATI,0001628280-24-002807,2024-02-01,2024-02-01,2024-02-01T12:36:51.000Z,sources/earnings/ATI_0001628280-24-002807.html,sources/earnings/ATI_0001628280-24-002807_release.html,2024-02-01,2024-02-02,2024-02-01,date only; next session,"February 1, 2024",0.99,1.3,1064.0,1010.4,108.3,108.7,0.10178571428571428,0.10758115597783056,2,40.869998931884766,-0.007585025889446581,-0.005795441692116279,https://www.sec.gov/Archives/edgar/data/1018963/000162828024002807/,short,same_date,market + industries,-0.06442419878858954,232,2023-01-31,2024-01-02,2024-02-01,2024-02-02,0.5870251623019738
ATI,0001628280-24-002807,2024-02-01,2024-02-01,2024-02-01T12:36:51.000Z,sources/earnings/ATI_0001628280-24-002807.html,sources/earnings/ATI_0001628280-24-002807_release.html,2024-02-01,2024-02-02,2024-02-01,date only; next session,"February 1, 2024",0.99,1.3,1064.0,1010.4,108.3,108.7,0.10178571428571428,0.10758115597783056,2,40.869998931884766,-0.007585025889446581,-0.005795441692116279,https://www.sec.gov/Archives/edgar/data/1018963/000162828024002807/,wide,conservative,market,-0.017861129761707444,232,2023-02-01,2024-01-03,2024-02-01,2024-02-09,1.467177741801868
ATI,0001628280-24-002807,2024-02-01,2024-02-01,2024-02-01T12:36:51.000Z,sources/earnings/ATI_0001628280-24-002807.html,sources/earnings/ATI_0001628280-24-002807_release.html,2024-02-01,2024-02-02,2024-02-01,date only; next session,"February 1, 2024",0.99,1.3,1064.0,1010.4,108.3,108.7,0.10178571428571428,0.10758115597783056,2,40.869998931884766,-0.007585025889446581,-0.005795441692116279,https://www.sec.gov/Archives/edgar/data/1018963/000162828024002807/,wide,conservative,market + industries,-0.008944028532116389,232,2023-02-01,2024-01-03,2024-02-01,2024-02-09,0.5976784504223742
ATI,0001628280-24-002807,2024-02-01,2024-02-01,2024-02-01T12:36:51.000Z,sources/earnings/ATI_0001628280-24-002807.html,sources/earnings/ATI_0001628280-24-002807_release.html,2024-02-01,2024-02-02,2024-02-01,date only; next session,"February 1, 2024",0.99,1.3,1064.0,1010.4,108.3,108.7,0.10178571428571428,0.10758115597783056,2,40.869998931884766,-0.007585025889446581,-0.005795441692116279,https://www.sec.gov/Archives/edgar/data/1018963/000162828024002807/,wide,same_date,market,-0.03385311522778684,232,2023-01-31,2024-01-02,2024-01-31,2024-02-08,1.4397773759964327
ATI,0001628280-24-002807,2024-02-01,2024-02-01,2024-02-01T12:36:51.000Z,sources/earnings/ATI_0001628280-24-002807.html,sources/earnings/ATI_0001628280-24-002807_release.html,2024-02-01,2024-02-02,2024-02-01,date only; next session,"February 1, 2024",0.99,1.3,1064.0,1010.4,108.3,108.7,0.10178571428571428,0.10758115597783056,2,40.869998931884766,-0.007585025889446581,-0.005795441692116279,https://www.sec.gov/Archives/edgar/data/1018963/000162828024002807/,wide,same_date,market + industries,-0.04311499345322619,232,2023-01-31,2024-01-02,2024-01-31,2024-02-08,0.5870251623019738
ATI,0001628280-24-019185,2024-04-30,2024-04-30,2024-04-30T11:34:12.000Z,sources/earnings/ATI_0001628280-24-019185.html,sources/earnings/ATI_0001628280-24-019185_release.html,2024-04-30,2024-05-01,2024-04-30,date only; next session,"April 30, 2024",0.46,0.58,1042.9,1038.1,115.2,112.6,0.1104612139227155,0.10846739235141123,2,51.900001525878906,-0.0023121386603459793,0.0019938215713042745,https://www.sec.gov/Archives/edgar/data/1018963/000162828024019185/,primary,conservative,market,0.13513527642086204,232,2023-05-01,2024-04-02,2024-04-30,2024-05-02,1.3155749842273556
ATI,0001628280-24-019185,2024-04-30,2024-04-30,2024-04-30T11:34:12.000Z,sources/earnings/ATI_0001628280-24-019185.html,sources/earnings/ATI_0001628280-24-019185_release.html,2024-04-30,2024-05-01,2024-04-30,date only; next session,"April 30, 2024",0.46,0.58,1042.9,1038.1,115.2,112.6,0.1104612139227155,0.10846739235141123,2,51.900001525878906,-0.0023121386603459793,0.0019938215713042745,https://www.sec.gov/Archives/edgar/data/1018963/000162828024019185/,primary,conservative,market + industries,0.12345478411896366,232,2023-05-01,2024-04-02,2024-04-30,2024-05-02,0.4009273424591868
ATI,0001628280-24-019185,2024-04-30,2024-04-30,2024-04-30T11:34:12.000Z,sources/earnings/ATI_0001628280-24-019185.html,sources/earnings/ATI_0001628280-24-019185_release.html,2024-04-30,2024-05-01,2024-04-30,date only; next session,"April 30, 2024",0.46,0.58,1042.9,1038.1,115.2,112.6,0.1104612139227155,0.10846739235141123,2,51.900001525878906,-0.0023121386603459793,0.0019938215713042745,https://www.sec.gov/Archives/edgar/data/1018963/000162828024019185/,primary,same_date,market,0.15931012285086457,232,2023-04-28,2024-04-01,2024-04-29,2024-05-01,1.3135639896976816
ATI,0001628280-24-019185,2024-04-30,2024-04-30,2024-04-30T11:34:12.000Z,sources/earnings/ATI_0001628280-24-019185.html,sources/earnings/ATI_0001628280-24-019185_release.html,2024-04-30,2024-05-01,2024-04-30,date only; next session,"April 30, 2024",0.46,0.58,1042.9,1038.1,115.2,112.6,0.1104612139227155,0.10846739235141123,2,51.900001525878906,-0.0023121386603459793,0.0019938215713042745,https://www.sec.gov/Archives/edgar/data/1018963/000162828024019185/,primary,same_date,market + industries,0.1471885890000955,232,2023-04-28,2024-04-01,2024-04-29,2024-05-01,0.39996449016299185
ATI,0001628280-24-019185,2024-04-30,2024-04-30,2024-04-30T11:34:12.000Z,sources/earnings/ATI_0001628280-24-019185.html,sources/earnings/ATI_0001628280-24-019185_release.html,2024-04-30,2024-05-01,2024-04-30,date only; next session,"April 30, 2024",0.46,0.58,1042.9,1038.1,115.2,112.6,0.1104612139227155,0.10846739235141123,2,51.900001525878906,-0.0023121386603459793,0.0019938215713042745,https://www.sec.gov/Archives/edgar/data/1018963/000162828024019185/,short,conservative,market,-0.035951108612867495,232,2023-05-01,2024-04-02,2024-05-01,2024-05-02,1.3155749842273556
ATI,0001628280-24-019185,2024-04-30,2024-04-30,2024-04-30T11:34:12.000Z,sources/earnings/ATI_0001628280-24-019185.html,sources/earnings/ATI_0001628280-24-019185_release.html,2024-04-30,2024-05-01,2024-04-30,date only; next session,"April 30, 2024",0.46,0.58,1042.9,1038.1,115.2,112.6,0.1104612139227155,0.10846739235141123,2,51.900001525878906,-0.0023121386603459793,0.0019938215713042745,https://www.sec.gov/Archives/edgar/data/1018963/000162828024019185/,short,conservative,market + industries,-0.04627701454481594,232,2023-05-01,2024-04-02,2024-05-01,2024-05-02,0.4009273424591868
ATI,0001628280-24-019185,2024-04-30,2024-04-30,2024-04-30T11:34:12.000Z,sources/earnings/ATI_0001628280-24-019185.html,sources/earnings/ATI_0001628280-24-019185_release.html,2024-04-30,2024-05-01,2024-04-30,date only; next session,"April 30, 2024",0.46,0.58,1042.9,1038.1,115.2,112.6,0.1104612139227155,0.10846739235141123,2,51.900001525878906,-0.0023121386603459793,0.0019938215713042745,https://www.sec.gov/Archives/edgar/data/1018963/000162828024019185/,short,same_date,market,0.16108392317103315,232,2023-04-28,2024-04-01,2024-04-30,2024-05-01,1.3135639896976816
ATI,0001628280-24-019185,2024-04-30,2024-04-30,2024-04-30T11:34:12.000Z,sources/earnings/ATI_0001628280-24-019185.html,sources/earnings/ATI_0001628280-24-019185_release.html,2024-04-30,2024-05-01,2024-04-30,date only; next session,"April 30, 2024",0.46,0.58,1042.9,1038.1,115.2,112.6,0.1104612139227155,0.10846739235141123,2,51.900001525878906,-0.0023121386603459793,0.0019938215713042745,https://www.sec.gov/Archives/edgar/data/1018963/000162828024019185/,short,same_date,market + industries,0.15956901738127902,232,2023-04-28,2024-04-01,2024-04-30,2024-05-01,0.39996449016299185
ATI,0001628280-24-019185,2024-04-30,2024-04-30,2024-04-30T11:34:12.000Z,sources/earnings/ATI_0001628280-24-019185.html,sources/earnings/ATI_0001628280-24-019185_release.html,2024-04-30,2024-05-01,2024-04-30,date only; next session,"April 30, 2024",0.46,0.58,1042.9,1038.1,115.2,112.6,0.1104612139227155,0.10846739235141123,2,51.900001525878906,-0.0023121386603459793,0.0019938215713042745,https://www.sec.gov/Archives/edgar/data/1018963/000162828024019185/,wide,conservative,market,0.14008153288749242,232,2023-05-01,2024-04-02,2024-04-30,2024-05-08,1.3155749842273556
ATI,0001628280-24-019185,2024-04-30,2024-04-30,2024-04-30T11:34:12.000Z,sources/earnings/ATI_0001628280-24-019185.html,sources/earnings/ATI_0001628280-24-019185_release.html,2024-04-30,2024-05-01,2024-04-30,date only; next session,"April 30, 2024",0.46,0.58,1042.9,1038.1,115.2,112.6,0.1104612139227155,0.10846739235141123,2,51.900001525878906,-0.0023121386603459793,0.0019938215713042745,https://www.sec.gov/Archives/edgar/data/1018963/000162828024019185/,wide,conservative,market + industries,0.12961367482093109,232,2023-05-01,2024-04-02,2024-04-30,2024-05-08,0.4009273424591868
ATI,0001628280-24-019185,2024-04-30,2024-04-30,2024-04-30T11:34:12.000Z,sources/earnings/ATI_0001628280-24-019185.html,sources/earnings/ATI_0001628280-24-019185_release.html,2024-04-30,2024-05-01,2024-04-30,date only; next session,"April 30, 2024",0.46,0.58,1042.9,1038.1,115.2,112.6,0.1104612139227155,0.10846739235141123,2,51.900001525878906,-0.0023121386603459793,0.0019938215713042745,https://www.sec.gov/Archives/edgar/data/1018963/000162828024019185/,wide,same_date,market,0.13212131466377938,232,2023-04-28,2024-04-01,2024-04-29,2024-05-07,1.3135639896976816
ATI,0001628280-24-019185,2024-04-30,2024-04-30,2024-04-30T11:34:12.000Z,sources/earnings/ATI_0001628280-24-019185.html,sources/earnings/ATI_0001628280-24-019185_release.html,2024-04-30,2024-05-01,2024-04-30,date only; next session,"April 30, 2024",0.46,0.58,1042.9,1038.1,115.2,112.6,0.1104612139227155,0.10846739235141123,2,51.900001525878906,-0.0023121386603459793,0.0019938215713042745,https://www.sec.gov/Archives/edgar/data/1018963/000162828024019185/,wide,same_date,market + industries,0.11607970033213874,232,2023-04-28,2024-04-01,2024-04-29,2024-05-07,0.39996449016299185
ATI,0001628280-24-034973,2024-08-06,2024-08-06,2024-08-06T11:35:15.000Z,sources/earnings/ATI_0001628280-24-034973.html,sources/earnings/ATI_0001628280-24-034973_release.html,2024-08-06,2024-08-07,2024-08-06,date only; next session,"August 6, 2024",0.58,0.62,1095.3,1046.0,142.6,120.3,0.13019264128549257,0.1150095602294455,2,60.970001220703125,-0.0006560603444176665,0.01518308105604707,https://www.sec.gov/Archives/edgar/data/1018963/000162828024034973/,primary,conservative,market,-0.006112654339219856,232,2023-08-07,2024-07-09,2024-08-06,2024-08-08,0.909362652545347
ATI,0001628280-24-034973,2024-08-06,2024-08-06,2024-08-06T11:35:15.000Z,sources/earnings/ATI_0001628280-24-034973.html,sources/earnings/ATI_0001628280-24-034973_release.html,2024-08-06,2024-08-07,2024-08-06,date only; next session,"August 6, 2024",0.58,0.62,1095.3,1046.0,142.6,120.3,0.13019264128549257,0.1150095602294455,2,60.970001220703125,-0.0006560603444176665,0.01518308105604707,https://www.sec.gov/Archives/edgar/data/1018963/000162828024034973/,primary,conservative,market + industries,-0.022527026455750256,232,2023-08-07,2024-07-09,2024-08-06,2024-08-08,-0.2787427901355438
ATI,0001628280-24-034973,2024-08-06,2024-08-06,2024-08-06T11:35:15.000Z,sources/earnings/ATI_0001628280-24-034973.html,sources/earnings/ATI_0001628280-24-034973_release.html,2024-08-06,2024-08-07,2024-08-06,date only; next session,"August 6, 2024",0.58,0.62,1095.3,1046.0,142.6,120.3,0.13019264128549257,0.1150095602294455,2,60.970001220703125,-0.0006560603444176665,0.01518308105604707,https://www.sec.gov/Archives/edgar/data/1018963/000162828024034973/,primary,same_date,market,-0.023607448962592446,232,2023-08-04,2024-07-08,2024-08-05,2024-08-07,0.913235363712397
ATI,0001628280-24-034973,2024-08-06,2024-08-06,2024-08-06T11:35:15.000Z,sources/earnings/ATI_0001628280-24-034973.html,sources/earnings/ATI_0001628280-24-034973_release.html,2024-08-06,2024-08-07,2024-08-06,date only; next session,"August 6, 2024",0.58,0.62,1095.3,1046.0,142.6,120.3,0.13019264128549257,0.1150095602294455,2,60.970001220703125,-0.0006560603444176665,0.01518308105604707,https://www.sec.gov/Archives/edgar/data/1018963/000162828024034973/,primary,same_date,market + industries,-0.036701031678224125,232,2023-08-04,2024-07-08,2024-08-05,2024-08-07,-0.24851179110564375
ATI,0001628280-24-034973,2024-08-06,2024-08-06,2024-08-06T11:35:15.000Z,sources/earnings/ATI_0001628280-24-034973.html,sources/earnings/ATI_0001628280-24-034973_release.html,2024-08-06,2024-08-07,2024-08-06,date only; next session,"August 6, 2024",0.58,0.62,1095.3,1046.0,142.6,120.3,0.13019264128549257,0.1150095602294455,2,60.970001220703125,-0.0006560603444176665,0.01518308105604707,https://www.sec.gov/Archives/edgar/data/1018963/000162828024034973/,short,conservative,market,0.020985285209698952,232,2023-08-07,2024-07-09,2024-08-07,2024-08-08,0.909362652545347
ATI,0001628280-24-034973,2024-08-06,2024-08-06,2024-08-06T11:35:15.000Z,sources/earnings/ATI_0001628280-24-034973.html,sources/earnings/ATI_0001628280-24-034973_release.html,2024-08-06,2024-08-07,2024-08-06,date only; next session,"August 6, 2024",0.58,0.62,1095.3,1046.0,142.6,120.3,0.13019264128549257,0.1150095602294455,2,60.970001220703125,-0.0006560603444176665,0.01518308105604707,https://www.sec.gov/Archives/edgar/data/1018963/000162828024034973/,short,conservative,market + industries,0.001829379820671129,232,2023-08-07,2024-07-09,2024-08-07,2024-08-08,-0.2787427901355438
ATI,0001628280-24-034973,2024-08-06,2024-08-06,2024-08-06T11:35:15.000Z,sources/earnings/ATI_0001628280-24-034973.html,sources/earnings/ATI_0001628280-24-034973_release.html,2024-08-06,2024-08-07,2024-08-06,date only; next session,"August 6, 2024",0.58,0.62,1095.3,1046.0,142.6,120.3,0.13019264128549257,0.1150095602294455,2,60.970001220703125,-0.0006560603444176665,0.01518308105604707,https://www.sec.gov/Archives/edgar/data/1018963/000162828024034973/,short,same_date,market,-0.02958952043137851,232,2023-08-04,2024-07-08,2024-08-06,2024-08-07,0.913235363712397
ATI,0001628280-24-034973,2024-08-06,2024-08-06,2024-08-06T11:35:15.000Z,sources/earnings/ATI_0001628280-24-034973.html,sources/earnings/ATI_0001628280-24-034973_release.html,2024-08-06,2024-08-07,2024-08-06,date only; next session,"August 6, 2024",0.58,0.62,1095.3,1046.0,142.6,120.3,0.13019264128549257,0.1150095602294455,2,60.970001220703125,-0.0006560603444176665,0.01518308105604707,https://www.sec.gov/Archives/edgar/data/1018963/000162828024034973/,short,same_date,market + industries,-0.028717014772900958,232,2023-08-04,2024-07-08,2024-08-06,2024-08-07,-0.24851179110564375
ATI,0001628280-24-034973,2024-08-06,2024-08-06,2024-08-06T11:35:15.000Z,sources/earnings/ATI_0001628280-24-034973.html,sources/earnings/ATI_0001628280-24-034973_release.html,2024-08-06,2024-08-07,2024-08-06,date only; next session,"August 6, 2024",0.58,0.62,1095.3,1046.0,142.6,120.3,0.13019264128549257,0.1150095602294455,2,60.970001220703125,-0.0006560603444176665,0.01518308105604707,https://www.sec.gov/Archives/edgar/data/1018963/000162828024034973/,wide,conservative,market,-0.007831306647029796,232,2023-08-07,2024-07-09,2024-08-06,2024-08-14,0.909362652545347
ATI,0001628280-24-034973,2024-08-06,2024-08-06,2024-08-06T11:35:15.000Z,sources/earnings/ATI_0001628280-24-034973.html,sources/earnings/ATI_0001628280-24-034973_release.html,2024-08-06,2024-08-07,2024-08-06,date only; next session,"August 6, 2024",0.58,0.62,1095.3,1046.0,142.6,120.3,0.13019264128549257,0.1150095602294455,2,60.970001220703125,-0.0006560603444176665,0.01518308105604707,https://www.sec.gov/Archives/edgar/data/1018963/000162828024034973/,wide,conservative,market + industries,-0.020217320045841387,232,2023-08-07,2024-07-09,2024-08-06,2024-08-14,-0.2787427901355438
ATI,0001628280-24-034973,2024-08-06,2024-08-06,2024-08-06T11:35:15.000Z,sources/earnings/ATI_0001628280-24-034973.html,sources/earnings/ATI_0001628280-24-034973_release.html,2024-08-06,2024-08-07,2024-08-06,date only; next session,"August 6, 2024",0.58,0.62,1095.3,1046.0,142.6,120.3,0.13019264128549257,0.1150095602294455,2,60.970001220703125,-0.0006560603444176665,0.01518308105604707,https://www.sec.gov/Archives/edgar/data/1018963/000162828024034973/,wide,same_date,market,-0.0065350804849566915,232,2023-08-04,2024-07-08,2024-08-05,2024-08-13,0.913235363712397
ATI,0001628280-24-034973,2024-08-06,2024-08-06,2024-08-06T11:35:15.000Z,sources/earnings/ATI_0001628280-24-034973.html,sources/earnings/ATI_0001628280-24-034973_release.html,2024-08-06,2024-08-07,2024-08-06,date only; next session,"August 6, 2024",0.58,0.62,1095.3,1046.0,142.6,120.3,0.13019264128549257,0.1150095602294455,2,60.970001220703125,-0.0006560603444176665,0.01518308105604707,https://www.sec.gov/Archives/edgar/data/1018963/000162828024034973/,wide,same_date,market + industries,-0.03480846797900604,232,2023-08-04,2024-07-08,2024-08-05,2024-08-13,-0.24851179110564375
ATI,0001628280-24-044003,2024-10-29,2024-10-29,2024-10-29T11:36:33.000Z,sources/earnings/ATI_0001628280-24-044003.html,sources/earnings/ATI_0001628280-24-044003_release.html,2024-10-29,2024-10-30,2024-10-29,date only; next session,"October 29, 2024",0.57,0.62,1051.2,1025.6,142.2,125.2,0.1352739726027397,0.12207488299531982,2,63.220001220703125,-0.0007908889439190041,0.01319908960741989,https://www.sec.gov/Archives/edgar/data/1018963/000162828024044003/,primary,conservative,market,-0.1538426597843025,232,2023-10-30,2024-10-01,2024-10-29,2024-10-31,1.1425592546029768
ATI,0001628280-24-044003,2024-10-29,2024-10-29,2024-10-29T11:36:33.000Z,sources/earnings/ATI_0001628280-24-044003.html,sources/earnings/ATI_0001628280-24-044003_release.html,2024-10-29,2024-10-30,2024-10-29,date only; next session,"October 29, 2024",0.57,0.62,1051.2,1025.6,142.2,125.2,0.1352739726027397,0.12207488299531982,2,63.220001220703125,-0.0007908889439190041,0.01319908960741989,https://www.sec.gov/Archives/edgar/data/1018963/000162828024044003/,primary,conservative,market + industries,-0.1335235976237925,232,2023-10-30,2024-10-01,2024-10-29,2024-10-31,-0.40390184731448026
ATI,0001628280-24-044003,2024-10-29,2024-10-29,2024-10-29T11:36:33.000Z,sources/earnings/ATI_0001628280-24-044003.html,sources/earnings/ATI_0001628280-24-044003_release.html,2024-10-29,2024-10-30,2024-10-29,date only; next session,"October 29, 2024",0.57,0.62,1051.2,1025.6,142.2,125.2,0.1352739726027397,0.12207488299531982,2,63.220001220703125,-0.0007908889439190041,0.01319908960741989,https://www.sec.gov/Archives/edgar/data/1018963/000162828024044003/,primary,same_date,market,-0.12221432118074696,232,2023-10-27,2024-09-30,2024-10-28,2024-10-30,1.1383548886306412
ATI,0001628280-24-044003,2024-10-29,2024-10-29,2024-10-29T11:36:33.000Z,sources/earnings/ATI_0001628280-24-044003.html,sources/earnings/ATI_0001628280-24-044003_release.html,2024-10-29,2024-10-30,2024-10-29,date only; next session,"October 29, 2024",0.57,0.62,1051.2,1025.6,142.2,125.2,0.1352739726027397,0.12207488299531982,2,63.220001220703125,-0.0007908889439190041,0.01319908960741989,https://www.sec.gov/Archives/edgar/data/1018963/000162828024044003/,primary,same_date,market + industries,-0.09649795814194881,232,2023-10-27,2024-09-30,2024-10-28,2024-10-30,-0.43645186377834866
ATI,0001628280-24-044003,2024-10-29,2024-10-29,2024-10-29T11:36:33.000Z,sources/earnings/ATI_0001628280-24-044003.html,sources/earnings/ATI_0001628280-24-044003_release.html,2024-10-29,2024-10-30,2024-10-29,date only; next session,"October 29, 2024",0.57,0.62,1051.2,1025.6,142.2,125.2,0.1352739726027397,0.12207488299531982,2,63.220001220703125,-0.0007908889439190041,0.01319908960741989,https://www.sec.gov/Archives/edgar/data/1018963/000162828024044003/,short,conservative,market,-0.04975669003486939,232,2023-10-30,2024-10-01,2024-10-30,2024-10-31,1.1425592546029768
ATI,0001628280-24-044003,2024-10-29,2024-10-29,2024-10-29T11:36:33.000Z,sources/earnings/ATI_0001628280-24-044003.html,sources/earnings/ATI_0001628280-24-044003_release.html,2024-10-29,2024-10-30,2024-10-29,date only; next session,"October 29, 2024",0.57,0.62,1051.2,1025.6,142.2,125.2,0.1352739726027397,0.12207488299531982,2,63.220001220703125,-0.0007908889439190041,0.01319908960741989,https://www.sec.gov/Archives/edgar/data/1018963/000162828024044003/,short,conservative,market + industries,-0.03323576130022717,232,2023-10-30,2024-10-01,2024-10-30,2024-10-31,-0.40390184731448026
ATI,0001628280-24-044003,2024-10-29,2024-10-29,2024-10-29T11:36:33.000Z,sources/earnings/ATI_0001628280-24-044003.html,sources/earnings/ATI_0001628280-24-044003_release.html,2024-10-29,2024-10-30,2024-10-29,date only; next session,"October 29, 2024",0.57,0.62,1051.2,1025.6,142.2,125.2,0.1352739726027397,0.12207488299531982,2,63.220001220703125,-0.0007908889439190041,0.01319908960741989,https://www.sec.gov/Archives/edgar/data/1018963/000162828024044003/,short,same_date,market,-0.14763716624902104,232,2023-10-27,2024-09-30,2024-10-29,2024-10-30,1.1383548886306412
ATI,0001628280-24-044003,2024-10-29,2024-10-29,2024-10-29T11:36:33.000Z,sources/earnings/ATI_0001628280-24-044003.html,sources/earnings/ATI_0001628280-24-044003_release.html,2024-10-29,2024-10-30,2024-10-29,date only; next session,"October 29, 2024",0.57,0.62,1051.2,1025.6,142.2,125.2,0.1352739726027397,0.12207488299531982,2,63.220001220703125,-0.0007908889439190041,0.01319908960741989,https://www.sec.gov/Archives/edgar/data/1018963/000162828024044003/,short,same_date,market + industries,-0.13441662797870976,232,2023-10-27,2024-09-30,2024-10-29,2024-10-30,-0.43645186377834866
ATI,0001628280-24-044003,2024-10-29,2024-10-29,2024-10-29T11:36:33.000Z,sources/earnings/ATI_0001628280-24-044003.html,sources/earnings/ATI_0001628280-24-044003_release.html,2024-10-29,2024-10-30,2024-10-29,date only; next session,"October 29, 2024",0.57,0.62,1051.2,1025.6,142.2,125.2,0.1352739726027397,0.12207488299531982,2,63.220001220703125,-0.0007908889439190041,0.01319908960741989,https://www.sec.gov/Archives/edgar/data/1018963/000162828024044003/,wide,conservative,market,-0.10203191667379224,232,2023-10-30,2024-10-01,2024-10-29,2024-11-06,1.1425592546029768
ATI,0001628280-24-044003,2024-10-29,2024-10-29,2024-10-29T11:36:33.000Z,sources/earnings/ATI_0001628280-24-044003.html,sources/earnings/ATI_0001628280-24-044003_release.html,2024-10-29,2024-10-30,2024-10-29,date only; next session,"October 29, 2024",0.57,0.62,1051.2,1025.6,142.2,125.2,0.1352739726027397,0.12207488299531982,2,63.220001220703125,-0.0007908889439190041,0.01319908960741989,https://www.sec.gov/Archives/edgar/data/1018963/000162828024044003/,wide,conservative,market + industries,-0.09161923789165956,232,2023-10-30,2024-10-01,2024-10-29,2024-11-06,-0.40390184731448026
ATI,0001628280-24-044003,2024-10-29,2024-10-29,2024-10-29T11:36:33.000Z,sources/earnings/ATI_0001628280-24-044003.html,sources/earnings/ATI_0001628280-24-044003_release.html,2024-10-29,2024-10-30,2024-10-29,date only; next session,"October 29, 2024",0.57,0.62,1051.2,1025.6,142.2,125.2,0.1352739726027397,0.12207488299531982,2,63.220001220703125,-0.0007908889439190041,0.01319908960741989,https://www.sec.gov/Archives/edgar/data/1018963/000162828024044003/,wide,same_date,market,-0.12332843408634017,232,2023-10-27,2024-09-30,2024-10-28,2024-11-05,1.1383548886306412
ATI,0001628280-24-044003,2024-10-29,2024-10-29,2024-10-29T11:36:33.000Z,sources/earnings/ATI_0001628280-24-044003.html,sources/earnings/ATI_0001628280-24-044003_release.html,2024-10-29,2024-10-30,2024-10-29,date only; next session,"October 29, 2024",0.57,0.62,1051.2,1025.6,142.2,125.2,0.1352739726027397,0.12207488299531982,2,63.220001220703125,-0.0007908889439190041,0.01319908960741989,https://www.sec.gov/Archives/edgar/data/1018963/000162828024044003/,wide,same_date,market + industries,-0.09085274278966395,232,2023-10-27,2024-09-30,2024-10-28,2024-11-05,-0.43645186377834866
ATI,0001628280-25-003579,2025-02-04,2025-02-04,2025-02-04T12:36:45.000Z,sources/earnings/ATI_0001628280-25-003579.html,sources/earnings/ATI_0001628280-25-003579_release.html,2025-02-04,2025-02-05,2025-02-04,date only; next session,"February 4, 2025",0.94,0.99,1172.7,1064.0,208.9,108.3,0.1781359256416816,0.10178571428571428,2,57.959999084472656,-0.0008626639197686759,0.07635021135596731,https://www.sec.gov/Archives/edgar/data/1018963/000162828025003579/,primary,conservative,market,0.07800967602240645,232,2024-02-02,2025-01-03,2025-02-04,2025-02-06,1.1806721989321234
ATI,0001628280-25-003579,2025-02-04,2025-02-04,2025-02-04T12:36:45.000Z,sources/earnings/ATI_0001628280-25-003579.html,sources/earnings/ATI_0001628280-25-003579_release.html,2025-02-04,2025-02-05,2025-02-04,date only; next session,"February 4, 2025",0.94,0.99,1172.7,1064.0,208.9,108.3,0.1781359256416816,0.10178571428571428,2,57.959999084472656,-0.0008626639197686759,0.07635021135596731,https://www.sec.gov/Archives/edgar/data/1018963/000162828025003579/,primary,conservative,market + industries,0.08847588093924773,232,2024-02-02,2025-01-03,2025-02-04,2025-02-06,-0.2525430537382802
ATI,0001628280-25-003579,2025-02-04,2025-02-04,2025-02-04T12:36:45.000Z,sources/earnings/ATI_0001628280-25-003579.html,sources/earnings/ATI_0001628280-25-003579_release.html,2025-02-04,2025-02-05,2025-02-04,date only; next session,"February 4, 2025",0.94,0.99,1172.7,1064.0,208.9,108.3,0.1781359256416816,0.10178571428571428,2,57.959999084472656,-0.0008626639197686759,0.07635021135596731,https://www.sec.gov/Archives/edgar/data/1018963/000162828025003579/,primary,same_date,market,0.1420587208723833,232,2024-02-01,2025-01-02,2025-02-03,2025-02-05,1.1172235873194638
ATI,0001628280-25-003579,2025-02-04,2025-02-04,2025-02-04T12:36:45.000Z,sources/earnings/ATI_0001628280-25-003579.html,sources/earnings/ATI_0001628280-25-003579_release.html,2025-02-04,2025-02-05,2025-02-04,date only; next session,"February 4, 2025",0.94,0.99,1172.7,1064.0,208.9,108.3,0.1781359256416816,0.10178571428571428,2,57.959999084472656,-0.0008626639197686759,0.07635021135596731,https://www.sec.gov/Archives/edgar/data/1018963/000162828025003579/,primary,same_date,market + industries,0.1384526258737529,232,2024-02-01,2025-01-02,2025-02-03,2025-02-05,-0.40519827635345296
ATI,0001628280-25-003579,2025-02-04,2025-02-04,2025-02-04T12:36:45.000Z,sources/earnings/ATI_0001628280-25-003579.html,sources/earnings/ATI_0001628280-25-003579_release.html,2025-02-04,2025-02-05,2025-02-04,date only; next session,"February 4, 2025",0.94,0.99,1172.7,1064.0,208.9,108.3,0.1781359256416816,0.10178571428571428,2,57.959999084472656,-0.0008626639197686759,0.07635021135596731,https://www.sec.gov/Archives/edgar/data/1018963/000162828025003579/,short,conservative,market,-0.012628580344147215,232,2024-02-02,2025-01-03,2025-02-05,2025-02-06,1.1806721989321234
ATI,0001628280-25-003579,2025-02-04,2025-02-04,2025-02-04T12:36:45.000Z,sources/earnings/ATI_0001628280-25-003579.html,sources/earnings/ATI_0001628280-25-003579_release.html,2025-02-04,2025-02-05,2025-02-04,date only; next session,"February 4, 2025",0.94,0.99,1172.7,1064.0,208.9,108.3,0.1781359256416816,0.10178571428571428,2,57.959999084472656,-0.0008626639197686759,0.07635021135596731,https://www.sec.gov/Archives/edgar/data/1018963/000162828025003579/,short,conservative,market + industries,-0.015682828612292917,232,2024-02-02,2025-01-03,2025-02-05,2025-02-06,-0.2525430537382802
ATI,0001628280-25-003579,2025-02-04,2025-02-04,2025-02-04T12:36:45.000Z,sources/earnings/ATI_0001628280-25-003579.html,sources/earnings/ATI_0001628280-25-003579_release.html,2025-02-04,2025-02-05,2025-02-04,date only; next session,"February 4, 2025",0.94,0.99,1172.7,1064.0,208.9,108.3,0.1781359256416816,0.10178571428571428,2,57.959999084472656,-0.0008626639197686759,0.07635021135596731,https://www.sec.gov/Archives/edgar/data/1018963/000162828025003579/,short,same_date,market,0.11984701867132758,232,2024-02-01,2025-01-02,2025-02-04,2025-02-05,1.1172235873194638
ATI,0001628280-25-003579,2025-02-04,2025-02-04,2025-02-04T12:36:45.000Z,sources/earnings/ATI_0001628280-25-003579.html,sources/earnings/ATI_0001628280-25-003579_release.html,2025-02-04,2025-02-05,2025-02-04,date only; next session,"February 4, 2025",0.94,0.99,1172.7,1064.0,208.9,108.3,0.1781359256416816,0.10178571428571428,2,57.959999084472656,-0.0008626639197686759,0.07635021135596731,https://www.sec.gov/Archives/edgar/data/1018963/000162828025003579/,short,same_date,market + industries,0.12274776479167793,232,2024-02-01,2025-01-02,2025-02-04,2025-02-05,-0.40519827635345296
ATI,0001628280-25-003579,2025-02-04,2025-02-04,2025-02-04T12:36:45.000Z,sources/earnings/ATI_0001628280-25-003579.html,sources/earnings/ATI_0001628280-25-003579_release.html,2025-02-04,2025-02-05,2025-02-04,date only; next session,"February 4, 2025",0.94,0.99,1172.7,1064.0,208.9,108.3,0.1781359256416816,0.10178571428571428,2,57.959999084472656,-0.0008626639197686759,0.07635021135596731,https://www.sec.gov/Archives/edgar/data/1018963/000162828025003579/,wide,conservative,market,0.0369682124515705,232,2024-02-02,2025-01-03,2025-02-04,2025-02-12,1.1806721989321234
ATI,0001628280-25-003579,2025-02-04,2025-02-04,2025-02-04T12:36:45.000Z,sources/earnings/ATI_0001628280-25-003579.html,sources/earnings/ATI_0001628280-25-003579_release.html,2025-02-04,2025-02-05,2025-02-04,date only; next session,"February 4, 2025",0.94,0.99,1172.7,1064.0,208.9,108.3,0.1781359256416816,0.10178571428571428,2,57.959999084472656,-0.0008626639197686759,0.07635021135596731,https://www.sec.gov/Archives/edgar/data/1018963/000162828025003579/,wide,conservative,market + industries,0.04431332303164282,232,2024-02-02,2025-01-03,2025-02-04,2025-02-12,-0.2525430537382802
ATI,0001628280-25-003579,2025-02-04,2025-02-04,2025-02-04T12:36:45.000Z,sources/earnings/ATI_0001628280-25-003579.html,sources/earnings/ATI_0001628280-25-003579_release.html,2025-02-04,2025-02-05,2025-02-04,date only; next session,"February 4, 2025",0.94,0.99,1172.7,1064.0,208.9,108.3,0.1781359256416816,0.10178571428571428,2,57.959999084472656,-0.0008626639197686759,0.07635021135596731,https://www.sec.gov/Archives/edgar/data/1018963/000162828025003579/,wide,same_date,market,0.07610355878355622,232,2024-02-01,2025-01-02,2025-02-03,2025-02-11,1.1172235873194638
ATI,0001628280-25-003579,2025-02-04,2025-02-04,2025-02-04T12:36:45.000Z,sources/earnings/ATI_0001628280-25-003579.html,sources/earnings/ATI_0001628280-25-003579_release.html,2025-02-04,2025-02-05,2025-02-04,date only; next session,"February 4, 2025",0.94,0.99,1172.7,1064.0,208.9,108.3,0.1781359256416816,0.10178571428571428,2,57.959999084472656,-0.0008626639197686759,0.07635021135596731,https://www.sec.gov/Archives/edgar/data/1018963/000162828025003579/,wide,same_date,market + industries,0.07405659390132505,232,2024-02-01,2025-01-02,2025-02-03,2025-02-11,-0.40519827635345296
ATI,0001628280-25-021324,2025-05-01,2025-05-01,2025-05-01T11:34:26.000Z,sources/earnings/ATI_0001628280-25-021324.html,sources/earnings/ATI_0001628280-25-021324_release.html,2025-05-01,2025-05-02,2025-05-01,date only; next session,"May 1, 2025",0.67,0.46,1144.4,1042.9,146.9,115.2,0.12836420831876966,0.1104612139227155,2,54.380001068115234,0.003861713789541094,0.017902994396054153,https://www.sec.gov/Archives/edgar/data/1018963/000162828025021324/,primary,conservative,market,0.20621733541477658,232,2024-04-30,2025-04-02,2025-05-01,2025-05-05,1.2746742972808878
ATI,0001628280-25-021324,2025-05-01,2025-05-01,2025-05-01T11:34:26.000Z,sources/earnings/ATI_0001628280-25-021324.html,sources/earnings/ATI_0001628280-25-021324_release.html,2025-05-01,2025-05-02,2025-05-01,date only; next session,"May 1, 2025",0.67,0.46,1144.4,1042.9,146.9,115.2,0.12836420831876966,0.1104612139227155,2,54.380001068115234,0.003861713789541094,0.017902994396054153,https://www.sec.gov/Archives/edgar/data/1018963/000162828025021324/,primary,conservative,market + industries,0.1950524973040384,232,2024-04-30,2025-04-02,2025-05-01,2025-05-05,0.21365646344172162
ATI,0001628280-25-021324,2025-05-01,2025-05-01,2025-05-01T11:34:26.000Z,sources/earnings/ATI_0001628280-25-021324.html,sources/earnings/ATI_0001628280-25-021324_release.html,2025-05-01,2025-05-02,2025-05-01,date only; next session,"May 1, 2025",0.67,0.46,1144.4,1042.9,146.9,115.2,0.12836420831876966,0.1104612139227155,2,54.380001068115234,0.003861713789541094,0.017902994396054153,https://www.sec.gov/Archives/edgar/data/1018963/000162828025021324/,primary,same_date,market,0.19795592789740374,232,2024-04-29,2025-04-01,2025-04-30,2025-05-02,1.2686013959654563
ATI,0001628280-25-021324,2025-05-01,2025-05-01,2025-05-01T11:34:26.000Z,sources/earnings/ATI_0001628280-25-021324.html,sources/earnings/ATI_0001628280-25-021324_release.html,2025-05-01,2025-05-02,2025-05-01,date only; next session,"May 1, 2025",0.67,0.46,1144.4,1042.9,146.9,115.2,0.12836420831876966,0.1104612139227155,2,54.380001068115234,0.003861713789541094,0.017902994396054153,https://www.sec.gov/Archives/edgar/data/1018963/000162828025021324/,primary,same_date,market + industries,0.1878052333715975,232,2024-04-29,2025-04-01,2025-04-30,2025-05-02,0.20316887869025324
ATI,0001628280-25-021324,2025-05-01,2025-05-01,2025-05-01T11:34:26.000Z,sources/earnings/ATI_0001628280-25-021324.html,sources/earnings/ATI_0001628280-25-021324_release.html,2025-05-01,2025-05-02,2025-05-01,date only; next session,"May 1, 2025",0.67,0.46,1144.4,1042.9,146.9,115.2,0.12836420831876966,0.1104612139227155,2,54.380001068115234,0.003861713789541094,0.017902994396054153,https://www.sec.gov/Archives/edgar/data/1018963/000162828025021324/,short,conservative,market,0.07051648596308915,232,2024-04-30,2025-04-02,2025-05-02,2025-05-05,1.2746742972808878
ATI,0001628280-25-021324,2025-05-01,2025-05-01,2025-05-01T11:34:26.000Z,sources/earnings/ATI_0001628280-25-021324.html,sources/earnings/ATI_0001628280-25-021324_release.html,2025-05-01,2025-05-02,2025-05-01,date only; next session,"May 1, 2025",0.67,0.46,1144.4,1042.9,146.9,115.2,0.12836420831876966,0.1104612139227155,2,54.380001068115234,0.003861713789541094,0.017902994396054153,https://www.sec.gov/Archives/edgar/data/1018963/000162828025021324/,short,conservative,market + industries,0.06085751479235694,232,2024-04-30,2025-04-02,2025-05-02,2025-05-05,0.21365646344172162
ATI,0001628280-25-021324,2025-05-01,2025-05-01,2025-05-01T11:34:26.000Z,sources/earnings/ATI_0001628280-25-021324.html,sources/earnings/ATI_0001628280-25-021324_release.html,2025-05-01,2025-05-02,2025-05-01,date only; next session,"May 1, 2025",0.67,0.46,1144.4,1042.9,146.9,115.2,0.12836420831876966,0.1104612139227155,2,54.380001068115234,0.003861713789541094,0.017902994396054153,https://www.sec.gov/Archives/edgar/data/1018963/000162828025021324/,short,same_date,market,0.18683873393607425,232,2024-04-29,2025-04-01,2025-05-01,2025-05-02,1.2686013959654563
ATI,0001628280-25-021324,2025-05-01,2025-05-01,2025-05-01T11:34:26.000Z,sources/earnings/ATI_0001628280-25-021324.html,sources/earnings/ATI_0001628280-25-021324_release.html,2025-05-01,2025-05-02,2025-05-01,date only; next session,"May 1, 2025",0.67,0.46,1144.4,1042.9,146.9,115.2,0.12836420831876966,0.1104612139227155,2,54.380001068115234,0.003861713789541094,0.017902994396054153,https://www.sec.gov/Archives/edgar/data/1018963/000162828025021324/,short,same_date,market + industries,0.18000657246456053,232,2024-04-29,2025-04-01,2025-05-01,2025-05-02,0.20316887869025324
ATI,0001628280-25-021324,2025-05-01,2025-05-01,2025-05-01T11:34:26.000Z,sources/earnings/ATI_0001628280-25-021324.html,sources/earnings/ATI_0001628280-25-021324_release.html,2025-05-01,2025-05-02,2025-05-01,date only; next session,"May 1, 2025",0.67,0.46,1144.4,1042.9,146.9,115.2,0.12836420831876966,0.1104612139227155,2,54.380001068115234,0.003861713789541094,0.017902994396054153,https://www.sec.gov/Archives/edgar/data/1018963/000162828025021324/,wide,conservative,market,0.264328758039253,232,2024-04-30,2025-04-02,2025-05-01,2025-05-09,1.2746742972808878
ATI,0001628280-25-021324,2025-05-01,2025-05-01,2025-05-01T11:34:26.000Z,sources/earnings/ATI_0001628280-25-021324.html,sources/earnings/ATI_0001628280-25-021324_release.html,2025-05-01,2025-05-02,2025-05-01,date only; next session,"May 1, 2025",0.67,0.46,1144.4,1042.9,146.9,115.2,0.12836420831876966,0.1104612139227155,2,54.380001068115234,0.003861713789541094,0.017902994396054153,https://www.sec.gov/Archives/edgar/data/1018963/000162828025021324/,wide,conservative,market + industries,0.23913688090469454,232,2024-04-30,2025-04-02,2025-05-01,2025-05-09,0.21365646344172162
ATI,0001628280-25-021324,2025-05-01,2025-05-01,2025-05-01T11:34:26.000Z,sources/earnings/ATI_0001628280-25-021324.html,sources/earnings/ATI_0001628280-25-021324_release.html,2025-05-01,2025-05-02,2025-05-01,date only; next session,"May 1, 2025",0.67,0.46,1144.4,1042.9,146.9,115.2,0.12836420831876966,0.1104612139227155,2,54.380001068115234,0.003861713789541094,0.017902994396054153,https://www.sec.gov/Archives/edgar/data/1018963/000162828025021324/,wide,same_date,market,0.2685953326793662,232,2024-04-29,2025-04-01,2025-04-30,2025-05-08,1.2686013959654563
ATI,0001628280-25-021324,2025-05-01,2025-05-01,2025-05-01T11:34:26.000Z,sources/earnings/ATI_0001628280-25-021324.html,sources/earnings/ATI_0001628280-25-021324_release.html,2025-05-01,2025-05-02,2025-05-01,date only; next session,"May 1, 2025",0.67,0.46,1144.4,1042.9,146.9,115.2,0.12836420831876966,0.1104612139227155,2,54.380001068115234,0.003861713789541094,0.017902994396054153,https://www.sec.gov/Archives/edgar/data/1018963/000162828025021324/,wide,same_date,market + industries,0.24286941995343322,232,2024-04-29,2025-04-01,2025-04-30,2025-05-08,0.20316887869025324
ATI,0001628280-25-036845,2025-07-31,2025-07-31,2025-07-31T11:36:16.000Z,sources/earnings/ATI_0001628280-25-036845.html,sources/earnings/ATI_0001628280-25-036845_release.html,2025-07-31,2025-08-01,2025-07-31,date only; next session,"July 31, 2025",0.7,0.58,1140.4,1095.3,161.0,142.6,0.1411785338477727,0.13019264128549257,2,94.23999786376952,0.001273344680816614,0.010985892562280136,https://www.sec.gov/Archives/edgar/data/1018963/000162828025036845/,primary,conservative,market,-0.19452042198115743,232,2024-07-30,2025-07-02,2025-07-31,2025-08-04,1.5380035519228386
ATI,0001628280-25-036845,2025-07-31,2025-07-31,2025-07-31T11:36:16.000Z,sources/earnings/ATI_0001628280-25-036845.html,sources/earnings/ATI_0001628280-25-036845_release.html,2025-07-31,2025-08-01,2025-07-31,date only; next session,"July 31, 2025",0.7,0.58,1140.4,1095.3,161.0,142.6,0.1411785338477727,0.13019264128549257,2,94.23999786376952,0.001273344680816614,0.010985892562280136,https://www.sec.gov/Archives/edgar/data/1018963/000162828025036845/,primary,conservative,market + industries,-0.19206754034775586,232,2024-07-30,2025-07-02,2025-07-31,2025-08-04,0.7658058445551853
ATI,0001628280-25-036845,2025-07-31,2025-07-31,2025-07-31T11:36:16.000Z,sources/earnings/ATI_0001628280-25-036845.html,sources/earnings/ATI_0001628280-25-036845_release.html,2025-07-31,2025-08-01,2025-07-31,date only; next session,"July 31, 2025",0.7,0.58,1140.4,1095.3,161.0,142.6,0.1411785338477727,0.13019264128549257,2,94.23999786376952,0.001273344680816614,0.010985892562280136,https://www.sec.gov/Archives/edgar/data/1018963/000162828025036845/,primary,same_date,market,-0.15345427286820656,232,2024-07-29,2025-07-01,2025-07-30,2025-08-01,1.5367794844055755
ATI,0001628280-25-036845,2025-07-31,2025-07-31,2025-07-31T11:36:16.000Z,sources/earnings/ATI_0001628280-25-036845.html,sources/earnings/ATI_0001628280-25-036845_release.html,2025-07-31,2025-08-01,2025-07-31,date only; next session,"July 31, 2025",0.7,0.58,1140.4,1095.3,161.0,142.6,0.1411785338477727,0.13019264128549257,2,94.23999786376952,0.001273344680816614,0.010985892562280136,https://www.sec.gov/Archives/edgar/data/1018963/000162828025036845/,primary,same_date,market + industries,-0.16040246904315125,232,2024-07-29,2025-07-01,2025-07-30,2025-08-01,0.7655315168056542
ATI,0001628280-25-036845,2025-07-31,2025-07-31,2025-07-31T11:36:16.000Z,sources/earnings/ATI_0001628280-25-036845.html,sources/earnings/ATI_0001628280-25-036845_release.html,2025-07-31,2025-08-01,2025-07-31,date only; next session,"July 31, 2025",0.7,0.58,1140.4,1095.3,161.0,142.6,0.1411785338477727,0.13019264128549257,2,94.23999786376952,0.001273344680816614,0.010985892562280136,https://www.sec.gov/Archives/edgar/data/1018963/000162828025036845/,short,conservative,market,-0.01617903514116286,232,2024-07-30,2025-07-02,2025-08-01,2025-08-04,1.5380035519228386
ATI,0001628280-25-036845,2025-07-31,2025-07-31,2025-07-31T11:36:16.000Z,sources/earnings/ATI_0001628280-25-036845.html,sources/earnings/ATI_0001628280-25-036845_release.html,2025-07-31,2025-08-01,2025-07-31,date only; next session,"July 31, 2025",0.7,0.58,1140.4,1095.3,161.0,142.6,0.1411785338477727,0.13019264128549257,2,94.23999786376952,0.001273344680816614,0.010985892562280136,https://www.sec.gov/Archives/edgar/data/1018963/000162828025036845/,short,conservative,market + industries,-0.021433273239883758,232,2024-07-30,2025-07-02,2025-08-01,2025-08-04,0.7658058445551853
ATI,0001628280-25-036845,2025-07-31,2025-07-31,2025-07-31T11:36:16.000Z,sources/earnings/ATI_0001628280-25-036845.html,sources/earnings/ATI_0001628280-25-036845_release.html,2025-07-31,2025-08-01,2025-07-31,date only; next session,"July 31, 2025",0.7,0.58,1140.4,1095.3,161.0,142.6,0.1411785338477727,0.13019264128549257,2,94.23999786376952,0.001273344680816614,0.010985892562280136,https://www.sec.gov/Archives/edgar/data/1018963/000162828025036845/,short,same_date,market,-0.15634050470822086,232,2024-07-29,2025-07-01,2025-07-31,2025-08-01,1.5367794844055755
ATI,0001628280-25-036845,2025-07-31,2025-07-31,2025-07-31T11:36:16.000Z,sources/earnings/ATI_0001628280-25-036845.html,sources/earnings/ATI_0001628280-25-036845_release.html,2025-07-31,2025-08-01,2025-07-31,date only; next session,"July 31, 2025",0.7,0.58,1140.4,1095.3,161.0,142.6,0.1411785338477727,0.13019264128549257,2,94.23999786376952,0.001273344680816614,0.010985892562280136,https://www.sec.gov/Archives/edgar/data/1018963/000162828025036845/,short,same_date,market + industries,-0.1567668436117881,232,2024-07-29,2025-07-01,2025-07-31,2025-08-01,0.7655315168056542
ATI,0001628280-25-036845,2025-07-31,2025-07-31,2025-07-31T11:36:16.000Z,sources/earnings/ATI_0001628280-25-036845.html,sources/earnings/ATI_0001628280-25-036845_release.html,2025-07-31,2025-08-01,2025-07-31,date only; next session,"July 31, 2025",0.7,0.58,1140.4,1095.3,161.0,142.6,0.1411785338477727,0.13019264128549257,2,94.23999786376952,0.001273344680816614,0.010985892562280136,https://www.sec.gov/Archives/edgar/data/1018963/000162828025036845/,wide,conservative,market,-0.246119402212016,232,2024-07-30,2025-07-02,2025-07-31,2025-08-08,1.5380035519228386
ATI,0001628280-25-036845,2025-07-31,2025-07-31,2025-07-31T11:36:16.000Z,sources/earnings/ATI_0001628280-25-036845.html,sources/earnings/ATI_0001628280-25-036845_release.html,2025-07-31,2025-08-01,2025-07-31,date only; next session,"July 31, 2025",0.7,0.58,1140.4,1095.3,161.0,142.6,0.1411785338477727,0.13019264128549257,2,94.23999786376952,0.001273344680816614,0.010985892562280136,https://www.sec.gov/Archives/edgar/data/1018963/000162828025036845/,wide,conservative,market + industries,-0.2289877474083134,232,2024-07-30,2025-07-02,2025-07-31,2025-08-08,0.7658058445551853
ATI,0001628280-25-036845,2025-07-31,2025-07-31,2025-07-31T11:36:16.000Z,sources/earnings/ATI_0001628280-25-036845.html,sources/earnings/ATI_0001628280-25-036845_release.html,2025-07-31,2025-08-01,2025-07-31,date only; next session,"July 31, 2025",0.7,0.58,1140.4,1095.3,161.0,142.6,0.1411785338477727,0.13019264128549257,2,94.23999786376952,0.001273344680816614,0.010985892562280136,https://www.sec.gov/Archives/edgar/data/1018963/000162828025036845/,wide,same_date,market,-0.22057483304484554,232,2024-07-29,2025-07-01,2025-07-30,2025-08-07,1.5367794844055755
ATI,0001628280-25-036845,2025-07-31,2025-07-31,2025-07-31T11:36:16.000Z,sources/earnings/ATI_0001628280-25-036845.html,sources/earnings/ATI_0001628280-25-036845_release.html,2025-07-31,2025-08-01,2025-07-31,date only; next session,"July 31, 2025",0.7,0.58,1140.4,1095.3,161.0,142.6,0.1411785338477727,0.13019264128549257,2,94.23999786376952,0.001273344680816614,0.010985892562280136,https://www.sec.gov/Archives/edgar/data/1018963/000162828025036845/,wide,same_date,market + industries,-0.21799045651800497,232,2024-07-29,2025-07-01,2025-07-30,2025-08-07,0.7655315168056542
ATI,0001628280-25-046559,2025-10-28,2025-10-28,2025-10-28T11:45:06.000Z,sources/earnings/ATI_0001628280-25-046559.html,sources/earnings/ATI_0001628280-25-046559_release.html,2025-10-28,2025-10-29,2025-10-28,date only; next session,"October 28, 2025",0.78,0.57,1125.5,1051.2,162.4,142.2,0.1442914260328743,0.1352739726027397,2,91.70999908447266,0.002289826650271497,0.009017453430134575,https://www.sec.gov/Archives/edgar/data/1018963/000162828025046559/,primary,conservative,market,0.11255895623820952,232,2024-10-25,2025-09-30,2025-10-28,2025-10-30,1.5509857888993248
ATI,0001628280-25-046559,2025-10-28,2025-10-28,2025-10-28T11:45:06.000Z,sources/earnings/ATI_0001628280-25-046559.html,sources/earnings/ATI_0001628280-25-046559_release.html,2025-10-28,2025-10-29,2025-10-28,date only; next session,"October 28, 2025",0.78,0.57,1125.5,1051.2,162.4,142.2,0.1442914260328743,0.1352739726027397,2,91.70999908447266,0.002289826650271497,0.009017453430134575,https://www.sec.gov/Archives/edgar/data/1018963/000162828025046559/,primary,conservative,market + industries,0.12140049653228709,232,2024-10-25,2025-09-30,2025-10-28,2025-10-30,0.3054896578112558
ATI,0001628280-25-046559,2025-10-28,2025-10-28,2025-10-28T11:45:06.000Z,sources/earnings/ATI_0001628280-25-046559.html,sources/earnings/ATI_0001628280-25-046559_release.html,2025-10-28,2025-10-29,2025-10-28,date only; next session,"October 28, 2025",0.78,0.57,1125.5,1051.2,162.4,142.2,0.1442914260328743,0.1352739726027397,2,91.70999908447266,0.002289826650271497,0.009017453430134575,https://www.sec.gov/Archives/edgar/data/1018963/000162828025046559/,primary,same_date,market,0.12305878189618977,232,2024-10-24,2025-09-29,2025-10-27,2025-10-29,1.5483466200836338
ATI,0001628280-25-046559,2025-10-28,2025-10-28,2025-10-28T11:45:06.000Z,sources/earnings/ATI_0001628280-25-046559.html,sources/earnings/ATI_0001628280-25-046559_release.html,2025-10-28,2025-10-29,2025-10-28,date only; next session,"October 28, 2025",0.78,0.57,1125.5,1051.2,162.4,142.2,0.1442914260328743,0.1352739726027397,2,91.70999908447266,0.002289826650271497,0.009017453430134575,https://www.sec.gov/Archives/edgar/data/1018963/000162828025046559/,primary,same_date,market + industries,0.13078990423119832,232,2024-10-24,2025-09-29,2025-10-27,2025-10-29,0.3010127263996021
ATI,0001628280-25-046559,2025-10-28,2025-10-28,2025-10-28T11:45:06.000Z,sources/earnings/ATI_0001628280-25-046559.html,sources/earnings/ATI_0001628280-25-046559_release.html,2025-10-28,2025-10-29,2025-10-28,date only; next session,"October 28, 2025",0.78,0.57,1125.5,1051.2,162.4,142.2,0.1442914260328743,0.1352739726027397,2,91.70999908447266,0.002289826650271497,0.009017453430134575,https://www.sec.gov/Archives/edgar/data/1018963/000162828025046559/,short,conservative,market,0.042878966074404556,232,2024-10-25,2025-09-30,2025-10-29,2025-10-30,1.5509857888993248
ATI,0001628280-25-046559,2025-10-28,2025-10-28,2025-10-28T11:45:06.000Z,sources/earnings/ATI_0001628280-25-046559.html,sources/earnings/ATI_0001628280-25-046559_release.html,2025-10-28,2025-10-29,2025-10-28,date only; next session,"October 28, 2025",0.78,0.57,1125.5,1051.2,162.4,142.2,0.1442914260328743,0.1352739726027397,2,91.70999908447266,0.002289826650271497,0.009017453430134575,https://www.sec.gov/Archives/edgar/data/1018963/000162828025046559/,short,conservative,market + industries,0.041389778698441126,232,2024-10-25,2025-09-30,2025-10-29,2025-10-30,0.3054896578112558
ATI,0001628280-25-046559,2025-10-28,2025-10-28,2025-10-28T11:45:06.000Z,sources/earnings/ATI_0001628280-25-046559.html,sources/earnings/ATI_0001628280-25-046559_release.html,2025-10-28,2025-10-29,2025-10-28,date only; next session,"October 28, 2025",0.78,0.57,1125.5,1051.2,162.4,142.2,0.1442914260328743,0.1352739726027397,2,91.70999908447266,0.002289826650271497,0.009017453430134575,https://www.sec.gov/Archives/edgar/data/1018963/000162828025046559/,short,same_date,market,0.11413354343729284,232,2024-10-24,2025-09-29,2025-10-28,2025-10-29,1.5483466200836338
ATI,0001628280-25-046559,2025-10-28,2025-10-28,2025-10-28T11:45:06.000Z,sources/earnings/ATI_0001628280-25-046559.html,sources/earnings/ATI_0001628280-25-046559_release.html,2025-10-28,2025-10-29,2025-10-28,date only; next session,"October 28, 2025",0.78,0.57,1125.5,1051.2,162.4,142.2,0.1442914260328743,0.1352739726027397,2,91.70999908447266,0.002289826650271497,0.009017453430134575,https://www.sec.gov/Archives/edgar/data/1018963/000162828025046559/,short,same_date,market + industries,0.1223560432972472,232,2024-10-24,2025-09-29,2025-10-28,2025-10-29,0.3010127263996021
ATI,0001628280-25-046559,2025-10-28,2025-10-28,2025-10-28T11:45:06.000Z,sources/earnings/ATI_0001628280-25-046559.html,sources/earnings/ATI_0001628280-25-046559_release.html,2025-10-28,2025-10-29,2025-10-28,date only; next session,"October 28, 2025",0.78,0.57,1125.5,1051.2,162.4,142.2,0.1442914260328743,0.1352739726027397,2,91.70999908447266,0.002289826650271497,0.009017453430134575,https://www.sec.gov/Archives/edgar/data/1018963/000162828025046559/,wide,conservative,market,0.06845920450188869,232,2024-10-25,2025-09-30,2025-10-28,2025-11-05,1.5509857888993248
ATI,0001628280-25-046559,2025-10-28,2025-10-28,2025-10-28T11:45:06.000Z,sources/earnings/ATI_0001628280-25-046559.html,sources/earnings/ATI_0001628280-25-046559_release.html,2025-10-28,2025-10-29,2025-10-28,date only; next session,"October 28, 2025",0.78,0.57,1125.5,1051.2,162.4,142.2,0.1442914260328743,0.1352739726027397,2,91.70999908447266,0.002289826650271497,0.009017453430134575,https://www.sec.gov/Archives/edgar/data/1018963/000162828025046559/,wide,conservative,market + industries,0.10466327683659496,232,2024-10-25,2025-09-30,2025-10-28,2025-11-05,0.3054896578112558
ATI,0001628280-25-046559,2025-10-28,2025-10-28,2025-10-28T11:45:06.000Z,sources/earnings/ATI_0001628280-25-046559.html,sources/earnings/ATI_0001628280-25-046559_release.html,2025-10-28,2025-10-29,2025-10-28,date only; next session,"October 28, 2025",0.78,0.57,1125.5,1051.2,162.4,142.2,0.1442914260328743,0.1352739726027397,2,91.70999908447266,0.002289826650271497,0.009017453430134575,https://www.sec.gov/Archives/edgar/data/1018963/000162828025046559/,wide,same_date,market,0.07955799249562298,232,2024-10-24,2025-09-29,2025-10-27,2025-11-04,1.5483466200836338
ATI,0001628280-25-046559,2025-10-28,2025-10-28,2025-10-28T11:45:06.000Z,sources/earnings/ATI_0001628280-25-046559.html,sources/earnings/ATI_0001628280-25-046559_release.html,2025-10-28,2025-10-29,2025-10-28,date only; next session,"October 28, 2025",0.78,0.57,1125.5,1051.2,162.4,142.2,0.1442914260328743,0.1352739726027397,2,91.70999908447266,0.002289826650271497,0.009017453430134575,https://www.sec.gov/Archives/edgar/data/1018963/000162828025046559/,wide,same_date,market + industries,0.10555947551154525,232,2024-10-24,2025-09-29,2025-10-27,2025-11-04,0.3010127263996021
ATI,0001628280-26-004793,2026-02-03,2026-02-03,2026-02-03T12:37:29.000Z,sources/earnings/ATI_0001628280-26-004793.html,sources/earnings/ATI_0001628280-26-004793_release.html,2026-02-03,2026-02-04,2026-02-03,date only; next session,"February 3, 2026",0.69,0.94,1177.1,1172.7,170.6,208.9,0.1449324611332937,0.1781359256416816,2,121.7699966430664,-0.0020530508901367784,-0.0332034645083879,https://www.sec.gov/Archives/edgar/data/1018963/000162828026004793/,primary,conservative,market,0.08967324715441269,232,2025-02-03,2026-01-05,2026-02-03,2026-02-05,1.5838124062865049
ATI,0001628280-26-004793,2026-02-03,2026-02-03,2026-02-03T12:37:29.000Z,sources/earnings/ATI_0001628280-26-004793.html,sources/earnings/ATI_0001628280-26-004793_release.html,2026-02-03,2026-02-04,2026-02-03,date only; next session,"February 3, 2026",0.69,0.94,1177.1,1172.7,170.6,208.9,0.1449324611332937,0.1781359256416816,2,121.7699966430664,-0.0020530508901367784,-0.0332034645083879,https://www.sec.gov/Archives/edgar/data/1018963/000162828026004793/,primary,conservative,market + industries,0.09680993469880873,232,2025-02-03,2026-01-05,2026-02-03,2026-02-05,0.31028884669729995
ATI,0001628280-26-004793,2026-02-03,2026-02-03,2026-02-03T12:37:29.000Z,sources/earnings/ATI_0001628280-26-004793.html,sources/earnings/ATI_0001628280-26-004793_release.html,2026-02-03,2026-02-04,2026-02-03,date only; next session,"February 3, 2026",0.69,0.94,1177.1,1172.7,170.6,208.9,0.1449324611332937,0.1781359256416816,2,121.7699966430664,-0.0020530508901367784,-0.0332034645083879,https://www.sec.gov/Archives/edgar/data/1018963/000162828026004793/,primary,same_date,market,0.06507217216764716,232,2025-01-31,2026-01-02,2026-02-02,2026-02-04,1.586059454689506
ATI,0001628280-26-004793,2026-02-03,2026-02-03,2026-02-03T12:37:29.000Z,sources/earnings/ATI_0001628280-26-004793.html,sources/earnings/ATI_0001628280-26-004793_release.html,2026-02-03,2026-02-04,2026-02-03,date only; next session,"February 3, 2026",0.69,0.94,1177.1,1172.7,170.6,208.9,0.1449324611332937,0.1781359256416816,2,121.7699966430664,-0.0020530508901367784,-0.0332034645083879,https://www.sec.gov/Archives/edgar/data/1018963/000162828026004793/,primary,same_date,market + industries,0.08797537123859539,232,2025-01-31,2026-01-02,2026-02-02,2026-02-04,0.3017126728493287
ATI,0001628280-26-004793,2026-02-03,2026-02-03,2026-02-03T12:37:29.000Z,sources/earnings/ATI_0001628280-26-004793.html,sources/earnings/ATI_0001628280-26-004793_release.html,2026-02-03,2026-02-04,2026-02-03,date only; next session,"February 3, 2026",0.69,0.94,1177.1,1172.7,170.6,208.9,0.1449324611332937,0.1781359256416816,2,121.7699966430664,-0.0020530508901367784,-0.0332034645083879,https://www.sec.gov/Archives/edgar/data/1018963/000162828026004793/,short,conservative,market,0.024912917110542897,232,2025-02-03,2026-01-05,2026-02-04,2026-02-05,1.5838124062865049
ATI,0001628280-26-004793,2026-02-03,2026-02-03,2026-02-03T12:37:29.000Z,sources/earnings/ATI_0001628280-26-004793.html,sources/earnings/ATI_0001628280-26-004793_release.html,2026-02-03,2026-02-04,2026-02-03,date only; next session,"February 3, 2026",0.69,0.94,1177.1,1172.7,170.6,208.9,0.1449324611332937,0.1781359256416816,2,121.7699966430664,-0.0020530508901367784,-0.0332034645083879,https://www.sec.gov/Archives/edgar/data/1018963/000162828026004793/,short,conservative,market + industries,0.05246950245099373,232,2025-02-03,2026-01-05,2026-02-04,2026-02-05,0.31028884669729995
ATI,0001628280-26-004793,2026-02-03,2026-02-03,2026-02-03T12:37:29.000Z,sources/earnings/ATI_0001628280-26-004793.html,sources/earnings/ATI_0001628280-26-004793_release.html,2026-02-03,2026-02-04,2026-02-03,date only; next session,"February 3, 2026",0.69,0.94,1177.1,1172.7,170.6,208.9,0.1449324611332937,0.1781359256416816,2,121.7699966430664,-0.0020530508901367784,-0.0332034645083879,https://www.sec.gov/Archives/edgar/data/1018963/000162828026004793/,short,same_date,market,0.06332572815854827,232,2025-01-31,2026-01-02,2026-02-03,2026-02-04,1.586059454689506
ATI,0001628280-26-004793,2026-02-03,2026-02-03,2026-02-03T12:37:29.000Z,sources/earnings/ATI_0001628280-26-004793.html,sources/earnings/ATI_0001628280-26-004793_release.html,2026-02-03,2026-02-04,2026-02-03,date only; next session,"February 3, 2026",0.69,0.94,1177.1,1172.7,170.6,208.9,0.1449324611332937,0.1781359256416816,2,121.7699966430664,-0.0020530508901367784,-0.0332034645083879,https://www.sec.gov/Archives/edgar/data/1018963/000162828026004793/,short,same_date,market + industries,0.07684171764899989,232,2025-01-31,2026-01-02,2026-02-03,2026-02-04,0.3017126728493287
ATI,0001628280-26-004793,2026-02-03,2026-02-03,2026-02-03T12:37:29.000Z,sources/earnings/ATI_0001628280-26-004793.html,sources/earnings/ATI_0001628280-26-004793_release.html,2026-02-03,2026-02-04,2026-02-03,date only; next session,"February 3, 2026",0.69,0.94,1177.1,1172.7,170.6,208.9,0.1449324611332937,0.1781359256416816,2,121.7699966430664,-0.0020530508901367784,-0.0332034645083879,https://www.sec.gov/Archives/edgar/data/1018963/000162828026004793/,wide,conservative,market,0.12201279841961665,232,2025-02-03,2026-01-05,2026-02-03,2026-02-11,1.5838124062865049
ATI,0001628280-26-004793,2026-02-03,2026-02-03,2026-02-03T12:37:29.000Z,sources/earnings/ATI_0001628280-26-004793.html,sources/earnings/ATI_0001628280-26-004793_release.html,2026-02-03,2026-02-04,2026-02-03,date only; next session,"February 3, 2026",0.69,0.94,1177.1,1172.7,170.6,208.9,0.1449324611332937,0.1781359256416816,2,121.7699966430664,-0.0020530508901367784,-0.0332034645083879,https://www.sec.gov/Archives/edgar/data/1018963/000162828026004793/,wide,conservative,market + industries,0.1200908690966556,232,2025-02-03,2026-01-05,2026-02-03,2026-02-11,0.31028884669729995
ATI,0001628280-26-004793,2026-02-03,2026-02-03,2026-02-03T12:37:29.000Z,sources/earnings/ATI_0001628280-26-004793.html,sources/earnings/ATI_0001628280-26-004793_release.html,2026-02-03,2026-02-04,2026-02-03,date only; next session,"February 3, 2026",0.69,0.94,1177.1,1172.7,170.6,208.9,0.1449324611332937,0.1781359256416816,2,121.7699966430664,-0.0020530508901367784,-0.0332034645083879,https://www.sec.gov/Archives/edgar/data/1018963/000162828026004793/,wide,same_date,market,0.11371241593987139,232,2025-01-31,2026-01-02,2026-02-02,2026-02-10,1.586059454689506
ATI,0001628280-26-004793,2026-02-03,2026-02-03,2026-02-03T12:37:29.000Z,sources/earnings/ATI_0001628280-26-004793.html,sources/earnings/ATI_0001628280-26-004793_release.html,2026-02-03,2026-02-04,2026-02-03,date only; next session,"February 3, 2026",0.69,0.94,1177.1,1172.7,170.6,208.9,0.1449324611332937,0.1781359256416816,2,121.7699966430664,-0.0020530508901367784,-0.0332034645083879,https://www.sec.gov/Archives/edgar/data/1018963/000162828026004793/,wide,same_date,market + industries,0.11473345002327495,232,2025-01-31,2026-01-02,2026-02-02,2026-02-10,0.3017126728493287
ATI,0001628280-26-028589,2026-04-30,2026-04-30,2026-04-30T11:33:57.000Z,sources/earnings/ATI_0001628280-26-028589.html,sources/earnings/ATI_0001628280-26-028589_release.html,2026-04-30,2026-05-01,2026-04-30,date only; next session,"April 30, 2026",0.85,0.67,1151.5,1144.4,163.8,146.9,0.14224924012158055,0.12836420831876966,2,146.22999572753906,0.0012309376000761319,0.013885031802810893,https://www.sec.gov/Archives/edgar/data/1018963/000162828026028589/,primary,conservative,market,0.028155462621758734,232,2025-04-30,2026-04-01,2026-04-30,2026-05-04,1.5554169140789575
ATI,0001628280-26-028589,2026-04-30,2026-04-30,2026-04-30T11:33:57.000Z,sources/earnings/ATI_0001628280-26-028589.html,sources/earnings/ATI_0001628280-26-028589_release.html,2026-04-30,2026-05-01,2026-04-30,date only; next session,"April 30, 2026",0.85,0.67,1151.5,1144.4,163.8,146.9,0.14224924012158055,0.12836420831876966,2,146.22999572753906,0.0012309376000761319,0.013885031802810893,https://www.sec.gov/Archives/edgar/data/1018963/000162828026028589/,primary,conservative,market + industries,0.03212845734528847,232,2025-04-30,2026-04-01,2026-04-30,2026-05-04,-0.0009717166911233921
ATI,0001628280-26-028589,2026-04-30,2026-04-30,2026-04-30T11:33:57.000Z,sources/earnings/ATI_0001628280-26-028589.html,sources/earnings/ATI_0001628280-26-028589_release.html,2026-04-30,2026-05-01,2026-04-30,date only; next session,"April 30, 2026",0.85,0.67,1151.5,1144.4,163.8,146.9,0.14224924012158055,0.12836420831876966,2,146.22999572753906,0.0012309376000761319,0.013885031802810893,https://www.sec.gov/Archives/edgar/data/1018963/000162828026028589/,primary,same_date,market,-0.003849090569827459,232,2025-04-29,2026-03-31,2026-04-29,2026-05-01,1.537921371159698
ATI,0001628280-26-028589,2026-04-30,2026-04-30,2026-04-30T11:33:57.000Z,sources/earnings/ATI_0001628280-26-028589.html,sources/earnings/ATI_0001628280-26-028589_release.html,2026-04-30,2026-05-01,2026-04-30,date only; next session,"April 30, 2026",0.85,0.67,1151.5,1144.4,163.8,146.9,0.14224924012158055,0.12836420831876966,2,146.22999572753906,0.0012309376000761319,0.013885031802810893,https://www.sec.gov/Archives/edgar/data/1018963/000162828026028589/,primary,same_date,market + industries,0.000919292640383337,232,2025-04-29,2026-03-31,2026-04-29,2026-05-01,-0.0066958301918099705
ATI,0001628280-26-028589,2026-04-30,2026-04-30,2026-04-30T11:33:57.000Z,sources/earnings/ATI_0001628280-26-028589.html,sources/earnings/ATI_0001628280-26-028589_release.html,2026-04-30,2026-05-01,2026-04-30,date only; next session,"April 30, 2026",0.85,0.67,1151.5,1144.4,163.8,146.9,0.14224924012158055,0.12836420831876966,2,146.22999572753906,0.0012309376000761319,0.013885031802810893,https://www.sec.gov/Archives/edgar/data/1018963/000162828026028589/,short,conservative,market,-0.015898770452400558,232,2025-04-30,2026-04-01,2026-05-01,2026-05-04,1.5554169140789575
ATI,0001628280-26-028589,2026-04-30,2026-04-30,2026-04-30T11:33:57.000Z,sources/earnings/ATI_0001628280-26-028589.html,sources/earnings/ATI_0001628280-26-028589_release.html,2026-04-30,2026-05-01,2026-04-30,date only; next session,"April 30, 2026",0.85,0.67,1151.5,1144.4,163.8,146.9,0.14224924012158055,0.12836420831876966,2,146.22999572753906,0.0012309376000761319,0.013885031802810893,https://www.sec.gov/Archives/edgar/data/1018963/000162828026028589/,short,conservative,market + industries,0.005947545513135468,232,2025-04-30,2026-04-01,2026-05-01,2026-05-04,-0.0009717166911233921
ATI,0001628280-26-028589,2026-04-30,2026-04-30,2026-04-30T11:33:57.000Z,sources/earnings/ATI_0001628280-26-028589.html,sources/earnings/ATI_0001628280-26-028589_release.html,2026-04-30,2026-05-01,2026-04-30,date only; next session,"April 30, 2026",0.85,0.67,1151.5,1144.4,163.8,146.9,0.14224924012158055,0.12836420831876966,2,146.22999572753906,0.0012309376000761319,0.013885031802810893,https://www.sec.gov/Archives/edgar/data/1018963/000162828026028589/,short,same_date,market,0.03540501152580541,232,2025-04-29,2026-03-31,2026-04-30,2026-05-01,1.537921371159698
ATI,0001628280-26-028589,2026-04-30,2026-04-30,2026-04-30T11:33:57.000Z,sources/earnings/ATI_0001628280-26-028589.html,sources/earnings/ATI_0001628280-26-028589_release.html,2026-04-30,2026-05-01,2026-04-30,date only; next session,"April 30, 2026",0.85,0.67,1151.5,1144.4,163.8,146.9,0.14224924012158055,0.12836420831876966,2,146.22999572753906,0.0012309376000761319,0.013885031802810893,https://www.sec.gov/Archives/edgar/data/1018963/000162828026028589/,short,same_date,market + industries,0.03138201305270696,232,2025-04-29,2026-03-31,2026-04-30,2026-05-01,-0.0066958301918099705
ATI,0001628280-26-028589,2026-04-30,2026-04-30,2026-04-30T11:33:57.000Z,sources/earnings/ATI_0001628280-26-028589.html,sources/earnings/ATI_0001628280-26-028589_release.html,2026-04-30,2026-05-01,2026-04-30,date only; next session,"April 30, 2026",0.85,0.67,1151.5,1144.4,163.8,146.9,0.14224924012158055,0.12836420831876966,2,146.22999572753906,0.0012309376000761319,0.013885031802810893,https://www.sec.gov/Archives/edgar/data/1018963/000162828026028589/,wide,conservative,market,0.0028362913735301906,232,2025-04-30,2026-04-01,2026-04-30,2026-05-08,1.5554169140789575
ATI,0001628280-26-028589,2026-04-30,2026-04-30,2026-04-30T11:33:57.000Z,sources/earnings/ATI_0001628280-26-028589.html,sources/earnings/ATI_0001628280-26-028589_release.html,2026-04-30,2026-05-01,2026-04-30,date only; next session,"April 30, 2026",0.85,0.67,1151.5,1144.4,163.8,146.9,0.14224924012158055,0.12836420831876966,2,146.22999572753906,0.0012309376000761319,0.013885031802810893,https://www.sec.gov/Archives/edgar/data/1018963/000162828026028589/,wide,conservative,market + industries,-0.026803203426228665,232,2025-04-30,2026-04-01,2026-04-30,2026-05-08,-0.0009717166911233921
ATI,0001628280-26-028589,2026-04-30,2026-04-30,2026-04-30T11:33:57.000Z,sources/earnings/ATI_0001628280-26-028589.html,sources/earnings/ATI_0001628280-26-028589_release.html,2026-04-30,2026-05-01,2026-04-30,date only; next session,"April 30, 2026",0.85,0.67,1151.5,1144.4,163.8,146.9,0.14224924012158055,0.12836420831876966,2,146.22999572753906,0.0012309376000761319,0.013885031802810893,https://www.sec.gov/Archives/edgar/data/1018963/000162828026028589/,wide,same_date,market,0.007687564117113844,232,2025-04-29,2026-03-31,2026-04-29,2026-05-07,1.537921371159698
ATI,0001628280-26-028589,2026-04-30,2026-04-30,2026-04-30T11:33:57.000Z,sources/earnings/ATI_0001628280-26-028589.html,sources/earnings/ATI_0001628280-26-028589_release.html,2026-04-30,2026-05-01,2026-04-30,date only; next session,"April 30, 2026",0.85,0.67,1151.5,1144.4,163.8,146.9,0.14224924012158055,0.12836420831876966,2,146.22999572753906,0.0012309376000761319,0.013885031802810893,https://www.sec.gov/Archives/edgar/data/1018963/000162828026028589/,wide,same_date,market + industries,-0.007345852510556826,232,2025-04-29,2026-03-31,2026-04-29,2026-05-07,-0.0066958301918099705
ATI,0001628280-26-053856,2026-08-06,2026-08-06,2026-08-06T11:40:01.000Z,sources/earnings/ATI_0001628280-26-053856.html,sources/earnings/ATI_0001628280-26-053856_release.html,2026-08-06,2026-08-07,2026-08-06,date only; next session,"August 6, 2026",1.09,0.7,1261.1,1140.4,220.0,161.0,0.17445087621917374,0.1411785338477727,2,205.1100006103516,0.001901418745256039,0.03327234237140103,https://www.sec.gov/Archives/edgar/data/1018963/000162828026053856/,primary,conservative,market,0.09499981331903293,232,2025-08-06,2026-07-09,2026-08-06,2026-08-10,1.5966441564083529
ATI,0001628280-26-053856,2026-08-06,2026-08-06,2026-08-06T11:40:01.000Z,sources/earnings/ATI_0001628280-26-053856.html,sources/earnings/ATI_0001628280-26-053856_release.html,2026-08-06,2026-08-07,2026-08-06,date only; next session,"August 6, 2026",1.09,0.7,1261.1,1140.4,220.0,161.0,0.17445087621917374,0.1411785338477727,2,205.1100006103516,0.001901418745256039,0.03327234237140103,https://www.sec.gov/Archives/edgar/data/1018963/000162828026053856/,primary,conservative,market + industries,0.10883292483239393,232,2025-08-06,2026-07-09,2026-08-06,2026-08-10,-0.0796299928621153
ATI,0001628280-26-053856,2026-08-06,2026-08-06,2026-08-06T11:40:01.000Z,sources/earnings/ATI_0001628280-26-053856.html,sources/earnings/ATI_0001628280-26-053856_release.html,2026-08-06,2026-08-07,2026-08-06,date only; next session,"August 6, 2026",1.09,0.7,1261.1,1140.4,220.0,161.0,0.17445087621917374,0.1411785338477727,2,205.1100006103516,0.001901418745256039,0.03327234237140103,https://www.sec.gov/Archives/edgar/data/1018963/000162828026053856/,primary,same_date,market,0.12107018378514664,232,2025-08-05,2026-07-08,2026-08-05,2026-08-07,1.6015236029002726
ATI,0001628280-26-053856,2026-08-06,2026-08-06,2026-08-06T11:40:01.000Z,sources/earnings/ATI_0001628280-26-053856.html,sources/earnings/ATI_0001628280-26-053856_release.html,2026-08-06,2026-08-07,2026-08-06,date only; next session,"August 6, 2026",1.09,0.7,1261.1,1140.4,220.0,161.0,0.17445087621917374,0.1411785338477727,2,205.1100006103516,0.001901418745256039,0.03327234237140103,https://www.sec.gov/Archives/edgar/data/1018963/000162828026053856/,primary,same_date,market + industries,0.12624214877753956,232,2025-08-05,2026-07-08,2026-08-05,2026-08-07,-0.07184720944863177
ATI,0001628280-26-053856,2026-08-06,2026-08-06,2026-08-06T11:40:01.000Z,sources/earnings/ATI_0001628280-26-053856.html,sources/earnings/ATI_0001628280-26-053856_release.html,2026-08-06,2026-08-07,2026-08-06,date only; next session,"August 6, 2026",1.09,0.7,1261.1,1140.4,220.0,161.0,0.17445087621917374,0.1411785338477727,2,205.1100006103516,0.001901418745256039,0.03327234237140103,https://www.sec.gov/Archives/edgar/data/1018963/000162828026053856/,short,conservative,market,0.006082145638590234,232,2025-08-06,2026-07-09,2026-08-07,2026-08-10,1.5966441564083529
ATI,0001628280-26-053856,2026-08-06,2026-08-06,2026-08-06T11:40:01.000Z,sources/earnings/ATI_0001628280-26-053856.html,sources/earnings/ATI_0001628280-26-053856_release.html,2026-08-06,2026-08-07,2026-08-06,date only; next session,"August 6, 2026",1.09,0.7,1261.1,1140.4,220.0,161.0,0.17445087621917374,0.1411785338477727,2,205.1100006103516,0.001901418745256039,0.03327234237140103,https://www.sec.gov/Archives/edgar/data/1018963/000162828026053856/,short,conservative,market + industries,0.014320764543517125,232,2025-08-06,2026-07-09,2026-08-07,2026-08-10,-0.0796299928621153
ATI,0001628280-26-053856,2026-08-06,2026-08-06,2026-08-06T11:40:01.000Z,sources/earnings/ATI_0001628280-26-053856.html,sources/earnings/ATI_0001628280-26-053856_release.html,2026-08-06,2026-08-07,2026-08-06,date only; next session,"August 6, 2026",1.09,0.7,1261.1,1140.4,220.0,161.0,0.17445087621917374,0.1411785338477727,2,205.1100006103516,0.001901418745256039,0.03327234237140103,https://www.sec.gov/Archives/edgar/data/1018963/000162828026053856/,short,same_date,market,0.09600103342110355,232,2025-08-05,2026-07-08,2026-08-06,2026-08-07,1.6015236029002726
ATI,0001628280-26-053856,2026-08-06,2026-08-06,2026-08-06T11:40:01.000Z,sources/earnings/ATI_0001628280-26-053856.html,sources/earnings/ATI_0001628280-26-053856_release.html,2026-08-06,2026-08-07,2026-08-06,date only; next session,"August 6, 2026",1.09,0.7,1261.1,1140.4,220.0,161.0,0.17445087621917374,0.1411785338477727,2,205.1100006103516,0.001901418745256039,0.03327234237140103,https://www.sec.gov/Archives/edgar/data/1018963/000162828026053856/,short,same_date,market + industries,0.10408404338302071,232,2025-08-05,2026-07-08,2026-08-06,2026-08-07,-0.07184720944863177
ATI,0001628280-26-053856,2026-08-06,2026-08-06,2026-08-06T11:40:01.000Z,sources/earnings/ATI_0001628280-26-053856.html,sources/earnings/ATI_0001628280-26-053856_release.html,2026-08-06,2026-08-07,2026-08-06,date only; next session,"August 6, 2026",1.09,0.7,1261.1,1140.4,220.0,161.0,0.17445087621917374,0.1411785338477727,2,205.1100006103516,0.001901418745256039,0.03327234237140103,https://www.sec.gov/Archives/edgar/data/1018963/000162828026053856/,wide,conservative,market,0.07773595556010969,232,2025-08-06,2026-07-09,2026-08-06,2026-08-14,1.5966441564083529
ATI,0001628280-26-053856,2026-08-06,2026-08-06,2026-08-06T11:40:01.000Z,sources/earnings/ATI_0001628280-26-053856.html,sources/earnings/ATI_0001628280-26-053856_release.html,2026-08-06,2026-08-07,2026-08-06,date only; next session,"August 6, 2026",1.09,0.7,1261.1,1140.4,220.0,161.0,0.17445087621917374,0.1411785338477727,2,205.1100006103516,0.001901418745256039,0.03327234237140103,https://www.sec.gov/Archives/edgar/data/1018963/000162828026053856/,wide,conservative,market + industries,0.0824753943849839,232,2025-08-06,2026-07-09,2026-08-06,2026-08-14,-0.0796299928621153
ATI,0001628280-26-053856,2026-08-06,2026-08-06,2026-08-06T11:40:01.000Z,sources/earnings/ATI_0001628280-26-053856.html,sources/earnings/ATI_0001628280-26-053856_release.html,2026-08-06,2026-08-07,2026-08-06,date only; next session,"August 6, 2026",1.09,0.7,1261.1,1140.4,220.0,161.0,0.17445087621917374,0.1411785338477727,2,205.1100006103516,0.001901418745256039,0.03327234237140103,https://www.sec.gov/Archives/edgar/data/1018963/000162828026053856/,wide,same_date,market,0.09724801996698715,232,2025-08-05,2026-07-08,2026-08-05,2026-08-13,1.6015236029002726
ATI,0001628280-26-053856,2026-08-06,2026-08-06,2026-08-06T11:40:01.000Z,sources/earnings/ATI_0001628280-26-053856.html,sources/earnings/ATI_0001628280-26-053856_release.html,2026-08-06,2026-08-07,2026-08-06,date only; next session,"August 6, 2026",1.09,0.7,1261.1,1140.4,220.0,161.0,0.17445087621917374,0.1411785338477727,2,205.1100006103516,0.001901418745256039,0.03327234237140103,https://www.sec.gov/Archives/edgar/data/1018963/000162828026053856/,wide,same_date,market + industries,0.1151790788149332,232,2025-08-05,2026-07-08,2026-08-05,2026-08-13,-0.07184720944863177
CRS,0001193125-21-022687,2021-01-29,2021-01-28,2021-01-29T21:30:43.000Z,sources/earnings/CRS_0001193125-21-022687.html,sources/earnings/CRS_0001193125-21-022687_release.html,2021-01-28,2021-01-29,2021-01-28,date only; next session,"January 28, 2021",-1.76,0.79,348.8,573.0,-89.0,55.0,-0.2551605504587156,0.09598603839441536,1,34.380001068115234,-0.07417102736407201,-0.351146588853131,https://www.sec.gov/Archives/edgar/data/17843/000119312521022687/,primary,conservative,market,-0.090089559007941,232,2020-01-30,2020-12-29,2021-01-28,2021-02-01,1.7244803409944138
CRS,0001193125-21-022687,2021-01-29,2021-01-28,2021-01-29T21:30:43.000Z,sources/earnings/CRS_0001193125-21-022687.html,sources/earnings/CRS_0001193125-21-022687_release.html,2021-01-28,2021-01-29,2021-01-28,date only; next session,"January 28, 2021",-1.76,0.79,348.8,573.0,-89.0,55.0,-0.2551605504587156,0.09598603839441536,1,34.380001068115234,-0.07417102736407201,-0.351146588853131,https://www.sec.gov/Archives/edgar/data/17843/000119312521022687/,primary,conservative,market + industries,-0.1155905388235309,232,2020-01-30,2020-12-29,2021-01-28,2021-02-01,-0.500909133206052
CRS,0001193125-21-022687,2021-01-29,2021-01-28,2021-01-29T21:30:43.000Z,sources/earnings/CRS_0001193125-21-022687.html,sources/earnings/CRS_0001193125-21-022687_release.html,2021-01-28,2021-01-29,2021-01-28,date only; next session,"January 28, 2021",-1.76,0.79,348.8,573.0,-89.0,55.0,-0.2551605504587156,0.09598603839441536,1,34.380001068115234,-0.07417102736407201,-0.351146588853131,https://www.sec.gov/Archives/edgar/data/17843/000119312521022687/,primary,same_date,market,-0.03725111105580419,232,2020-01-29,2020-12-28,2021-01-27,2021-01-29,1.7235634896540768
CRS,0001193125-21-022687,2021-01-29,2021-01-28,2021-01-29T21:30:43.000Z,sources/earnings/CRS_0001193125-21-022687.html,sources/earnings/CRS_0001193125-21-022687_release.html,2021-01-28,2021-01-29,2021-01-28,date only; next session,"January 28, 2021",-1.76,0.79,348.8,573.0,-89.0,55.0,-0.2551605504587156,0.09598603839441536,1,34.380001068115234,-0.07417102736407201,-0.351146588853131,https://www.sec.gov/Archives/edgar/data/17843/000119312521022687/,primary,same_date,market + industries,-0.05092620909385913,232,2020-01-29,2020-12-28,2021-01-27,2021-01-29,-0.4805330785598799
CRS,0001193125-21-022687,2021-01-29,2021-01-28,2021-01-29T21:30:43.000Z,sources/earnings/CRS_0001193125-21-022687.html,sources/earnings/CRS_0001193125-21-022687_release.html,2021-01-28,2021-01-29,2021-01-28,date only; next session,"January 28, 2021",-1.76,0.79,348.8,573.0,-89.0,55.0,-0.2551605504587156,0.09598603839441536,1,34.380001068115234,-0.07417102736407201,-0.351146588853131,https://www.sec.gov/Archives/edgar/data/17843/000119312521022687/,short,conservative,market,-0.037285460709914654,232,2020-01-30,2020-12-29,2021-01-29,2021-02-01,1.7244803409944138
CRS,0001193125-21-022687,2021-01-29,2021-01-28,2021-01-29T21:30:43.000Z,sources/earnings/CRS_0001193125-21-022687.html,sources/earnings/CRS_0001193125-21-022687_release.html,2021-01-28,2021-01-29,2021-01-28,date only; next session,"January 28, 2021",-1.76,0.79,348.8,573.0,-89.0,55.0,-0.2551605504587156,0.09598603839441536,1,34.380001068115234,-0.07417102736407201,-0.351146588853131,https://www.sec.gov/Archives/edgar/data/17843/000119312521022687/,short,conservative,market + industries,-0.0564726883639628,232,2020-01-30,2020-12-29,2021-01-29,2021-02-01,-0.500909133206052
CRS,0001193125-21-022687,2021-01-29,2021-01-28,2021-01-29T21:30:43.000Z,sources/earnings/CRS_0001193125-21-022687.html,sources/earnings/CRS_0001193125-21-022687_release.html,2021-01-28,2021-01-29,2021-01-28,date only; next session,"January 28, 2021",-1.76,0.79,348.8,573.0,-89.0,55.0,-0.2551605504587156,0.09598603839441536,1,34.380001068115234,-0.07417102736407201,-0.351146588853131,https://www.sec.gov/Archives/edgar/data/17843/000119312521022687/,short,same_date,market,-0.0704146011984575,232,2020-01-29,2020-12-28,2021-01-28,2021-01-29,1.7235634896540768
CRS,0001193125-21-022687,2021-01-29,2021-01-28,2021-01-29T21:30:43.000Z,sources/earnings/CRS_0001193125-21-022687.html,sources/earnings/CRS_0001193125-21-022687_release.html,2021-01-28,2021-01-29,2021-01-28,date only; next session,"January 28, 2021",-1.76,0.79,348.8,573.0,-89.0,55.0,-0.2551605504587156,0.09598603839441536,1,34.380001068115234,-0.07417102736407201,-0.351146588853131,https://www.sec.gov/Archives/edgar/data/17843/000119312521022687/,short,same_date,market + industries,-0.0879896232347723,232,2020-01-29,2020-12-28,2021-01-28,2021-01-29,-0.4805330785598799
CRS,0001193125-21-022687,2021-01-29,2021-01-28,2021-01-29T21:30:43.000Z,sources/earnings/CRS_0001193125-21-022687.html,sources/earnings/CRS_0001193125-21-022687_release.html,2021-01-28,2021-01-29,2021-01-28,date only; next session,"January 28, 2021",-1.76,0.79,348.8,573.0,-89.0,55.0,-0.2551605504587156,0.09598603839441536,1,34.380001068115234,-0.07417102736407201,-0.351146588853131,https://www.sec.gov/Archives/edgar/data/17843/000119312521022687/,wide,conservative,market,-0.0825990447561699,232,2020-01-30,2020-12-29,2021-01-28,2021-02-05,1.7244803409944138
CRS,0001193125-21-022687,2021-01-29,2021-01-28,2021-01-29T21:30:43.000Z,sources/earnings/CRS_0001193125-21-022687.html,sources/earnings/CRS_0001193125-21-022687_release.html,2021-01-28,2021-01-29,2021-01-28,date only; next session,"January 28, 2021",-1.76,0.79,348.8,573.0,-89.0,55.0,-0.2551605504587156,0.09598603839441536,1,34.380001068115234,-0.07417102736407201,-0.351146588853131,https://www.sec.gov/Archives/edgar/data/17843/000119312521022687/,wide,conservative,market + industries,-0.12184454262175771,232,2020-01-30,2020-12-29,2021-01-28,2021-02-05,-0.500909133206052
CRS,0001193125-21-022687,2021-01-29,2021-01-28,2021-01-29T21:30:43.000Z,sources/earnings/CRS_0001193125-21-022687.html,sources/earnings/CRS_0001193125-21-022687_release.html,2021-01-28,2021-01-29,2021-01-28,date only; next session,"January 28, 2021",-1.76,0.79,348.8,573.0,-89.0,55.0,-0.2551605504587156,0.09598603839441536,1,34.380001068115234,-0.07417102736407201,-0.351146588853131,https://www.sec.gov/Archives/edgar/data/17843/000119312521022687/,wide,same_date,market,-0.04380927049172231,232,2020-01-29,2020-12-28,2021-01-27,2021-02-04,1.7235634896540768
CRS,0001193125-21-022687,2021-01-29,2021-01-28,2021-01-29T21:30:43.000Z,sources/earnings/CRS_0001193125-21-022687.html,sources/earnings/CRS_0001193125-21-022687_release.html,2021-01-28,2021-01-29,2021-01-28,date only; next session,"January 28, 2021",-1.76,0.79,348.8,573.0,-89.0,55.0,-0.2551605504587156,0.09598603839441536,1,34.380001068115234,-0.07417102736407201,-0.351146588853131,https://www.sec.gov/Archives/edgar/data/17843/000119312521022687/,wide,same_date,market + industries,-0.095214159785806,232,2020-01-29,2020-12-28,2021-01-27,2021-02-04,-0.4805330785598799
CRS,0001193125-21-143405,2021-04-30,2021-04-29,2021-04-30T15:14:54.000Z,sources/earnings/CRS_0001193125-21-143405.html,sources/earnings/CRS_0001193125-21-143405_release.html,2021-04-29,2021-04-30,2021-04-29,date only; next session,"April 29, 2021",-0.84,0.82,351.9,585.4,-40.0,58.7,-0.11366865586814437,0.10027331738981894,1,42.5,-0.039058823529411764,-0.21394197325796332,https://www.sec.gov/Archives/edgar/data/17843/000119312521143405/,primary,conservative,market,-0.05948256428337117,232,2020-04-30,2021-03-31,2021-04-29,2021-05-03,2.0920439075838053
CRS,0001193125-21-143405,2021-04-30,2021-04-29,2021-04-30T15:14:54.000Z,sources/earnings/CRS_0001193125-21-143405.html,sources/earnings/CRS_0001193125-21-143405_release.html,2021-04-29,2021-04-30,2021-04-29,date only; next session,"April 29, 2021",-0.84,0.82,351.9,585.4,-40.0,58.7,-0.11366865586814437,0.10027331738981894,1,42.5,-0.039058823529411764,-0.21394197325796332,https://www.sec.gov/Archives/edgar/data/17843/000119312521143405/,primary,conservative,market + industries,-0.0662367941889224,232,2020-04-30,2021-03-31,2021-04-29,2021-05-03,0.2264011522445103
CRS,0001193125-21-143405,2021-04-30,2021-04-29,2021-04-30T15:14:54.000Z,sources/earnings/CRS_0001193125-21-143405.html,sources/earnings/CRS_0001193125-21-143405_release.html,2021-04-29,2021-04-30,2021-04-29,date only; next session,"April 29, 2021",-0.84,0.82,351.9,585.4,-40.0,58.7,-0.11366865586814437,0.10027331738981894,1,42.5,-0.039058823529411764,-0.21394197325796332,https://www.sec.gov/Archives/edgar/data/17843/000119312521143405/,primary,same_date,market,-0.08877635325646158,232,2020-04-29,2021-03-30,2021-04-28,2021-04-30,2.1510364460824802
CRS,0001193125-21-143405,2021-04-30,2021-04-29,2021-04-30T15:14:54.000Z,sources/earnings/CRS_0001193125-21-143405.html,sources/earnings/CRS_0001193125-21-143405_release.html,2021-04-29,2021-04-30,2021-04-29,date only; next session,"April 29, 2021",-0.84,0.82,351.9,585.4,-40.0,58.7,-0.11366865586814437,0.10027331738981894,1,42.5,-0.039058823529411764,-0.21394197325796332,https://www.sec.gov/Archives/edgar/data/17843/000119312521143405/,primary,same_date,market + industries,-0.08520253524906757,232,2020-04-29,2021-03-30,2021-04-28,2021-04-30,0.22866133732488503
CRS,0001193125-21-143405,2021-04-30,2021-04-29,2021-04-30T15:14:54.000Z,sources/earnings/CRS_0001193125-21-143405.html,sources/earnings/CRS_0001193125-21-143405_release.html,2021-04-29,2021-04-30,2021-04-29,date only; next session,"April 29, 2021",-0.84,0.82,351.9,585.4,-40.0,58.7,-0.11366865586814437,0.10027331738981894,1,42.5,-0.039058823529411764,-0.21394197325796332,https://www.sec.gov/Archives/edgar/data/17843/000119312521143405/,short,conservative,market,0.018026764576556116,232,2020-04-30,2021-03-31,2021-04-30,2021-05-03,2.0920439075838053
CRS,0001193125-21-143405,2021-04-30,2021-04-29,2021-04-30T15:14:54.000Z,sources/earnings/CRS_0001193125-21-143405.html,sources/earnings/CRS_0001193125-21-143405_release.html,2021-04-29,2021-04-30,2021-04-29,date only; next session,"April 29, 2021",-0.84,0.82,351.9,585.4,-40.0,58.7,-0.11366865586814437,0.10027331738981894,1,42.5,-0.039058823529411764,-0.21394197325796332,https://www.sec.gov/Archives/edgar/data/17843/000119312521143405/,short,conservative,market + industries,0.009863334521021581,232,2020-04-30,2021-03-31,2021-04-30,2021-05-03,0.2264011522445103
CRS,0001193125-21-143405,2021-04-30,2021-04-29,2021-04-30T15:14:54.000Z,sources/earnings/CRS_0001193125-21-143405.html,sources/earnings/CRS_0001193125-21-143405_release.html,2021-04-29,2021-04-30,2021-04-29,date only; next session,"April 29, 2021",-0.84,0.82,351.9,585.4,-40.0,58.7,-0.11366865586814437,0.10027331738981894,1,42.5,-0.039058823529411764,-0.21394197325796332,https://www.sec.gov/Archives/edgar/data/17843/000119312521143405/,short,same_date,market,-0.11302285470559431,232,2020-04-29,2021-03-30,2021-04-29,2021-04-30,2.1510364460824802
CRS,0001193125-21-143405,2021-04-30,2021-04-29,2021-04-30T15:14:54.000Z,sources/earnings/CRS_0001193125-21-143405.html,sources/earnings/CRS_0001193125-21-143405_release.html,2021-04-29,2021-04-30,2021-04-29,date only; next session,"April 29, 2021",-0.84,0.82,351.9,585.4,-40.0,58.7,-0.11366865586814437,0.10027331738981894,1,42.5,-0.039058823529411764,-0.21394197325796332,https://www.sec.gov/Archives/edgar/data/17843/000119312521143405/,short,same_date,market + industries,-0.11724659590167344,232,2020-04-29,2021-03-30,2021-04-29,2021-04-30,0.22866133732488503
CRS,0001193125-21-143405,2021-04-30,2021-04-29,2021-04-30T15:14:54.000Z,sources/earnings/CRS_0001193125-21-143405.html,sources/earnings/CRS_0001193125-21-143405_release.html,2021-04-29,2021-04-30,2021-04-29,date only; next session,"April 29, 2021",-0.84,0.82,351.9,585.4,-40.0,58.7,-0.11366865586814437,0.10027331738981894,1,42.5,-0.039058823529411764,-0.21394197325796332,https://www.sec.gov/Archives/edgar/data/17843/000119312521143405/,wide,conservative,market,-0.04349263653223867,232,2020-04-30,2021-03-31,2021-04-29,2021-05-07,2.0920439075838053
CRS,0001193125-21-143405,2021-04-30,2021-04-29,2021-04-30T15:14:54.000Z,sources/earnings/CRS_0001193125-21-143405.html,sources/earnings/CRS_0001193125-21-143405_release.html,2021-04-29,2021-04-30,2021-04-29,date only; next session,"April 29, 2021",-0.84,0.82,351.9,585.4,-40.0,58.7,-0.11366865586814437,0.10027331738981894,1,42.5,-0.039058823529411764,-0.21394197325796332,https://www.sec.gov/Archives/edgar/data/17843/000119312521143405/,wide,conservative,market + industries,-0.04465319824617818,232,2020-04-30,2021-03-31,2021-04-29,2021-05-07,0.2264011522445103
CRS,0001193125-21-143405,2021-04-30,2021-04-29,2021-04-30T15:14:54.000Z,sources/earnings/CRS_0001193125-21-143405.html,sources/earnings/CRS_0001193125-21-143405_release.html,2021-04-29,2021-04-30,2021-04-29,date only; next session,"April 29, 2021",-0.84,0.82,351.9,585.4,-40.0,58.7,-0.11366865586814437,0.10027331738981894,1,42.5,-0.039058823529411764,-0.21394197325796332,https://www.sec.gov/Archives/edgar/data/17843/000119312521143405/,wide,same_date,market,-0.005906808756554409,232,2020-04-29,2021-03-30,2021-04-28,2021-05-06,2.1510364460824802
CRS,0001193125-21-143405,2021-04-30,2021-04-29,2021-04-30T15:14:54.000Z,sources/earnings/CRS_0001193125-21-143405.html,sources/earnings/CRS_0001193125-21-143405_release.html,2021-04-29,2021-04-30,2021-04-29,date only; next session,"April 29, 2021",-0.84,0.82,351.9,585.4,-40.0,58.7,-0.11366865586814437,0.10027331738981894,1,42.5,-0.039058823529411764,-0.21394197325796332,https://www.sec.gov/Archives/edgar/data/17843/000119312521143405/,wide,same_date,market + industries,0.012090575314282448,232,2020-04-29,2021-03-30,2021-04-28,2021-05-06,0.22866133732488503
CRS,0001193125-21-230646,2021-07-30,2021-07-30,2021-07-30T16:58:32.000Z,sources/earnings/CRS_0001193125-21-230646.html,sources/earnings/CRS_0001193125-21-230646_release.html,2021-07-29,2021-07-30,2021-07-29,date only; next session,"July 29, 2021",-1.18,-2.46,421.6,437.3,-70.7,-148.2,-0.1676944971537002,-0.33889778184312824,1,38.130001068115234,0.03356936701138336,0.17120328468942805,https://www.sec.gov/Archives/edgar/data/17843/000119312521230646/,primary,conservative,market,-0.0009580491946519394,232,2020-07-30,2021-06-30,2021-07-29,2021-08-02,1.5465260149635984
CRS,0001193125-21-230646,2021-07-30,2021-07-30,2021-07-30T16:58:32.000Z,sources/earnings/CRS_0001193125-21-230646.html,sources/earnings/CRS_0001193125-21-230646_release.html,2021-07-29,2021-07-30,2021-07-29,date only; next session,"July 29, 2021",-1.18,-2.46,421.6,437.3,-70.7,-148.2,-0.1676944971537002,-0.33889778184312824,1,38.130001068115234,0.03356936701138336,0.17120328468942805,https://www.sec.gov/Archives/edgar/data/17843/000119312521230646/,primary,conservative,market + industries,0.011800525256078186,232,2020-07-30,2021-06-30,2021-07-29,2021-08-02,-0.08496122938076656
CRS,0001193125-21-230646,2021-07-30,2021-07-30,2021-07-30T16:58:32.000Z,sources/earnings/CRS_0001193125-21-230646.html,sources/earnings/CRS_0001193125-21-230646_release.html,2021-07-29,2021-07-30,2021-07-29,date only; next session,"July 29, 2021",-1.18,-2.46,421.6,437.3,-70.7,-148.2,-0.1676944971537002,-0.33889778184312824,1,38.130001068115234,0.03356936701138336,0.17120328468942805,https://www.sec.gov/Archives/edgar/data/17843/000119312521230646/,primary,same_date,market,0.005402526219001738,232,2020-07-29,2021-06-29,2021-07-28,2021-07-30,1.5713264299921994
CRS,0001193125-21-230646,2021-07-30,2021-07-30,2021-07-30T16:58:32.000Z,sources/earnings/CRS_0001193125-21-230646.html,sources/earnings/CRS_0001193125-21-230646_release.html,2021-07-29,2021-07-30,2021-07-29,date only; next session,"July 29, 2021",-1.18,-2.46,421.6,437.3,-70.7,-148.2,-0.1676944971537002,-0.33889778184312824,1,38.130001068115234,0.03356936701138336,0.17120328468942805,https://www.sec.gov/Archives/edgar/data/17843/000119312521230646/,primary,same_date,market + industries,0.00027934742971013823,232,2020-07-29,2021-06-29,2021-07-28,2021-07-30,0.02197063869783611
CRS,0001193125-21-230646,2021-07-30,2021-07-30,2021-07-30T16:58:32.000Z,sources/earnings/CRS_0001193125-21-230646.html,sources/earnings/CRS_0001193125-21-230646_release.html,2021-07-29,2021-07-30,2021-07-29,date only; next session,"July 29, 2021",-1.18,-2.46,421.6,437.3,-70.7,-148.2,-0.1676944971537002,-0.33889778184312824,1,38.130001068115234,0.03356936701138336,0.17120328468942805,https://www.sec.gov/Archives/edgar/data/17843/000119312521230646/,short,conservative,market,-0.035406087639387476,232,2020-07-30,2021-06-30,2021-07-30,2021-08-02,1.5465260149635984
CRS,0001193125-21-230646,2021-07-30,2021-07-30,2021-07-30T16:58:32.000Z,sources/earnings/CRS_0001193125-21-230646.html,sources/earnings/CRS_0001193125-21-230646_release.html,2021-07-29,2021-07-30,2021-07-29,date only; next session,"July 29, 2021",-1.18,-2.46,421.6,437.3,-70.7,-148.2,-0.1676944971537002,-0.33889778184312824,1,38.130001068115234,0.03356936701138336,0.17120328468942805,https://www.sec.gov/Archives/edgar/data/17843/000119312521230646/,short,conservative,market + industries,-0.024094011156959867,232,2020-07-30,2021-06-30,2021-07-30,2021-08-02,-0.08496122938076656
CRS,0001193125-21-230646,2021-07-30,2021-07-30,2021-07-30T16:58:32.000Z,sources/earnings/CRS_0001193125-21-230646.html,sources/earnings/CRS_0001193125-21-230646_release.html,2021-07-29,2021-07-30,2021-07-29,date only; next session,"July 29, 2021",-1.18,-2.46,421.6,437.3,-70.7,-148.2,-0.1676944971537002,-0.33889778184312824,1,38.130001068115234,0.03356936701138336,0.17120328468942805,https://www.sec.gov/Archives/edgar/data/17843/000119312521230646/,short,same_date,market,0.0009354972887951826,232,2020-07-29,2021-06-29,2021-07-29,2021-07-30,1.5713264299921994
CRS,0001193125-21-230646,2021-07-30,2021-07-30,2021-07-30T16:58:32.000Z,sources/earnings/CRS_0001193125-21-230646.html,sources/earnings/CRS_0001193125-21-230646_release.html,2021-07-29,2021-07-30,2021-07-29,date only; next session,"July 29, 2021",-1.18,-2.46,421.6,437.3,-70.7,-148.2,-0.1676944971537002,-0.33889778184312824,1,38.130001068115234,0.03356936701138336,0.17120328468942805,https://www.sec.gov/Archives/edgar/data/17843/000119312521230646/,short,same_date,market + industries,0.011840542626990806,232,2020-07-29,2021-06-29,2021-07-29,2021-07-30,0.02197063869783611
CRS,0001193125-21-230646,2021-07-30,2021-07-30,2021-07-30T16:58:32.000Z,sources/earnings/CRS_0001193125-21-230646.html,sources/earnings/CRS_0001193125-21-230646_release.html,2021-07-29,2021-07-30,2021-07-29,date only; next session,"July 29, 2021",-1.18,-2.46,421.6,437.3,-70.7,-148.2,-0.1676944971537002,-0.33889778184312824,1,38.130001068115234,0.03356936701138336,0.17120328468942805,https://www.sec.gov/Archives/edgar/data/17843/000119312521230646/,wide,conservative,market,-0.04288995497523587,232,2020-07-30,2021-06-30,2021-07-29,2021-08-06,1.5465260149635984
CRS,0001193125-21-230646,2021-07-30,2021-07-30,2021-07-30T16:58:32.000Z,sources/earnings/CRS_0001193125-21-230646.html,sources/earnings/CRS_0001193125-21-230646_release.html,2021-07-29,2021-07-30,2021-07-29,date only; next session,"July 29, 2021",-1.18,-2.46,421.6,437.3,-70.7,-148.2,-0.1676944971537002,-0.33889778184312824,1,38.130001068115234,0.03356936701138336,0.17120328468942805,https://www.sec.gov/Archives/edgar/data/17843/000119312521230646/,wide,conservative,market + industries,-0.0230148963339769,232,2020-07-30,2021-06-30,2021-07-29,2021-08-06,-0.08496122938076656
CRS,0001193125-21-230646,2021-07-30,2021-07-30,2021-07-30T16:58:32.000Z,sources/earnings/CRS_0001193125-21-230646.html,sources/earnings/CRS_0001193125-21-230646_release.html,2021-07-29,2021-07-30,2021-07-29,date only; next session,"July 29, 2021",-1.18,-2.46,421.6,437.3,-70.7,-148.2,-0.1676944971537002,-0.33889778184312824,1,38.130001068115234,0.03356936701138336,0.17120328468942805,https://www.sec.gov/Archives/edgar/data/17843/000119312521230646/,wide,same_date,market,-0.057479166470143755,232,2020-07-29,2021-06-29,2021-07-28,2021-08-05,1.5713264299921994
CRS,0001193125-21-230646,2021-07-30,2021-07-30,2021-07-30T16:58:32.000Z,sources/earnings/CRS_0001193125-21-230646.html,sources/earnings/CRS_0001193125-21-230646_release.html,2021-07-29,2021-07-30,2021-07-29,date only; next session,"July 29, 2021",-1.18,-2.46,421.6,437.3,-70.7,-148.2,-0.1676944971537002,-0.33889778184312824,1,38.130001068115234,0.03356936701138336,0.17120328468942805,https://www.sec.gov/Archives/edgar/data/17843/000119312521230646/,wide,same_date,market + industries,-0.04505688840500928,232,2020-07-29,2021-06-29,2021-07-28,2021-08-05,0.02197063869783611
CRS,0001193125-21-311248,2021-10-28,2021-10-28,2021-10-28T19:54:07.000Z,sources/earnings/CRS_0001193125-21-311248.html,sources/earnings/CRS_0001193125-21-311248_release.html,2021-10-28,2021-10-29,2021-10-28,date only; next session,"October 28, 2021",-0.31,-0.98,387.6,353.3,-19.1,-48.8,-0.049277605779153764,-0.1381262383243702,1,30.40999984741211,0.022032226351918805,0.08884863254521644,https://www.sec.gov/Archives/edgar/data/17843/000119312521311248/,primary,conservative,market,0.023951557285119798,232,2020-10-29,2021-09-30,2021-10-28,2021-11-01,1.88935859416906
CRS,0001193125-21-311248,2021-10-28,2021-10-28,2021-10-28T19:54:07.000Z,sources/earnings/CRS_0001193125-21-311248.html,sources/earnings/CRS_0001193125-21-311248_release.html,2021-10-28,2021-10-29,2021-10-28,date only; next session,"October 28, 2021",-0.31,-0.98,387.6,353.3,-19.1,-48.8,-0.049277605779153764,-0.1381262383243702,1,30.40999984741211,0.022032226351918805,0.08884863254521644,https://www.sec.gov/Archives/edgar/data/17843/000119312521311248/,primary,conservative,market + industries,0.03609579449554802,232,2020-10-29,2021-09-30,2021-10-28,2021-11-01,-0.09346679562397142
CRS,0001193125-21-311248,2021-10-28,2021-10-28,2021-10-28T19:54:07.000Z,sources/earnings/CRS_0001193125-21-311248.html,sources/earnings/CRS_0001193125-21-311248_release.html,2021-10-28,2021-10-29,2021-10-28,date only; next session,"October 28, 2021",-0.31,-0.98,387.6,353.3,-19.1,-48.8,-0.049277605779153764,-0.1381262383243702,1,30.40999984741211,0.022032226351918805,0.08884863254521644,https://www.sec.gov/Archives/edgar/data/17843/000119312521311248/,primary,same_date,market,-0.018925478518889975,232,2020-10-28,2021-09-29,2021-10-27,2021-10-29,1.935183239861662
CRS,0001193125-21-311248,2021-10-28,2021-10-28,2021-10-28T19:54:07.000Z,sources/earnings/CRS_0001193125-21-311248.html,sources/earnings/CRS_0001193125-21-311248_release.html,2021-10-28,2021-10-29,2021-10-28,date only; next session,"October 28, 2021",-0.31,-0.98,387.6,353.3,-19.1,-48.8,-0.049277605779153764,-0.1381262383243702,1,30.40999984741211,0.022032226351918805,0.08884863254521644,https://www.sec.gov/Archives/edgar/data/17843/000119312521311248/,primary,same_date,market + industries,0.014972701381536332,232,2020-10-28,2021-09-29,2021-10-27,2021-10-29,-0.00924706623091287
CRS,0001193125-21-311248,2021-10-28,2021-10-28,2021-10-28T19:54:07.000Z,sources/earnings/CRS_0001193125-21-311248.html,sources/earnings/CRS_0001193125-21-311248_release.html,2021-10-28,2021-10-29,2021-10-28,date only; next session,"October 28, 2021",-0.31,-0.98,387.6,353.3,-19.1,-48.8,-0.049277605779153764,-0.1381262383243702,1,30.40999984741211,0.022032226351918805,0.08884863254521644,https://www.sec.gov/Archives/edgar/data/17843/000119312521311248/,short,conservative,market,0.008039812856074663,232,2020-10-29,2021-09-30,2021-10-29,2021-11-01,1.88935859416906
CRS,0001193125-21-311248,2021-10-28,2021-10-28,2021-10-28T19:54:07.000Z,sources/earnings/CRS_0001193125-21-311248.html,sources/earnings/CRS_0001193125-21-311248_release.html,2021-10-28,2021-10-29,2021-10-28,date only; next session,"October 28, 2021",-0.31,-0.98,387.6,353.3,-19.1,-48.8,-0.049277605779153764,-0.1381262383243702,1,30.40999984741211,0.022032226351918805,0.08884863254521644,https://www.sec.gov/Archives/edgar/data/17843/000119312521311248/,short,conservative,market + industries,-0.0008771243444371281,232,2020-10-29,2021-09-30,2021-10-29,2021-11-01,-0.09346679562397142
CRS,0001193125-21-311248,2021-10-28,2021-10-28,2021-10-28T19:54:07.000Z,sources/earnings/CRS_0001193125-21-311248.html,sources/earnings/CRS_0001193125-21-311248_release.html,2021-10-28,2021-10-29,2021-10-28,date only; next session,"October 28, 2021",-0.31,-0.98,387.6,353.3,-19.1,-48.8,-0.049277605779153764,-0.1381262383243702,1,30.40999984741211,0.022032226351918805,0.08884863254521644,https://www.sec.gov/Archives/edgar/data/17843/000119312521311248/,short,same_date,market,-0.008852610300579121,232,2020-10-28,2021-09-29,2021-10-28,2021-10-29,1.935183239861662
CRS,0001193125-21-311248,2021-10-28,2021-10-28,2021-10-28T19:54:07.000Z,sources/earnings/CRS_0001193125-21-311248.html,sources/earnings/CRS_0001193125-21-311248_release.html,2021-10-28,2021-10-29,2021-10-28,date only; next session,"October 28, 2021",-0.31,-0.98,387.6,353.3,-19.1,-48.8,-0.049277605779153764,-0.1381262383243702,1,30.40999984741211,0.022032226351918805,0.08884863254521644,https://www.sec.gov/Archives/edgar/data/17843/000119312521311248/,short,same_date,market + industries,0.014245578240848659,232,2020-10-28,2021-09-29,2021-10-28,2021-10-29,-0.00924706623091287
CRS,0001193125-21-311248,2021-10-28,2021-10-28,2021-10-28T19:54:07.000Z,sources/earnings/CRS_0001193125-21-311248.html,sources/earnings/CRS_0001193125-21-311248_release.html,2021-10-28,2021-10-29,2021-10-28,date only; next session,"October 28, 2021",-0.31,-0.98,387.6,353.3,-19.1,-48.8,-0.049277605779153764,-0.1381262383243702,1,30.40999984741211,0.022032226351918805,0.08884863254521644,https://www.sec.gov/Archives/edgar/data/17843/000119312521311248/,wide,conservative,market,0.008358777737057281,232,2020-10-29,2021-09-30,2021-10-28,2021-11-05,1.88935859416906
CRS,0001193125-21-311248,2021-10-28,2021-10-28,2021-10-28T19:54:07.000Z,sources/earnings/CRS_0001193125-21-311248.html,sources/earnings/CRS_0001193125-21-311248_release.html,2021-10-28,2021-10-29,2021-10-28,date only; next session,"October 28, 2021",-0.31,-0.98,387.6,353.3,-19.1,-48.8,-0.049277605779153764,-0.1381262383243702,1,30.40999984741211,0.022032226351918805,0.08884863254521644,https://www.sec.gov/Archives/edgar/data/17843/000119312521311248/,wide,conservative,market + industries,-0.0027608618751176137,232,2020-10-29,2021-09-30,2021-10-28,2021-11-05,-0.09346679562397142
CRS,0001193125-21-311248,2021-10-28,2021-10-28,2021-10-28T19:54:07.000Z,sources/earnings/CRS_0001193125-21-311248.html,sources/earnings/CRS_0001193125-21-311248_release.html,2021-10-28,2021-10-29,2021-10-28,date only; next session,"October 28, 2021",-0.31,-0.98,387.6,353.3,-19.1,-48.8,-0.049277605779153764,-0.1381262383243702,1,30.40999984741211,0.022032226351918805,0.08884863254521644,https://www.sec.gov/Archives/edgar/data/17843/000119312521311248/,wide,same_date,market,-0.045044662839548166,232,2020-10-28,2021-09-29,2021-10-27,2021-11-04,1.935183239861662
CRS,0001193125-21-311248,2021-10-28,2021-10-28,2021-10-28T19:54:07.000Z,sources/earnings/CRS_0001193125-21-311248.html,sources/earnings/CRS_0001193125-21-311248_release.html,2021-10-28,2021-10-29,2021-10-28,date only; next session,"October 28, 2021",-0.31,-0.98,387.6,353.3,-19.1,-48.8,-0.049277605779153764,-0.1381262383243702,1,30.40999984741211,0.022032226351918805,0.08884863254521644,https://www.sec.gov/Archives/edgar/data/17843/000119312521311248/,wide,same_date,market + industries,0.008509958556397386,232,2020-10-28,2021-09-29,2021-10-27,2021-11-04,-0.00924706623091287
CRS,0001193125-22-027079,2022-02-03,2022-02-02,2022-02-03T21:51:04.000Z,sources/earnings/CRS_0001193125-22-027079.html,sources/earnings/CRS_0001193125-22-027079_release.html,2022-02-02,2022-02-03,2022-02-02,date only; next session,"February 2, 2022",-0.61,-1.76,396.0,348.8,-31.5,-89.0,-0.07954545454545454,-0.2551605504587156,1,29.8799991607666,0.03848728354417047,0.17561509591326108,https://www.sec.gov/Archives/edgar/data/17843/000119312522027079/,primary,conservative,market,-0.012285572180996539,232,2021-02-04,2022-01-04,2022-02-02,2022-02-04,1.6544816952080108
CRS,0001193125-22-027079,2022-02-03,2022-02-02,2022-02-03T21:51:04.000Z,sources/earnings/CRS_0001193125-22-027079.html,sources/earnings/CRS_0001193125-22-027079_release.html,2022-02-02,2022-02-03,2022-02-02,date only; next session,"February 2, 2022",-0.61,-1.76,396.0,348.8,-31.5,-89.0,-0.07954545454545454,-0.2551605504587156,1,29.8799991607666,0.03848728354417047,0.17561509591326108,https://www.sec.gov/Archives/edgar/data/17843/000119312522027079/,primary,conservative,market + industries,-0.03137029555863397,232,2021-02-04,2022-01-04,2022-02-02,2022-02-04,-0.17328301560417003
CRS,0001193125-22-027079,2022-02-03,2022-02-02,2022-02-03T21:51:04.000Z,sources/earnings/CRS_0001193125-22-027079.html,sources/earnings/CRS_0001193125-22-027079_release.html,2022-02-02,2022-02-03,2022-02-02,date only; next session,"February 2, 2022",-0.61,-1.76,396.0,348.8,-31.5,-89.0,-0.07954545454545454,-0.2551605504587156,1,29.8799991607666,0.03848728354417047,0.17561509591326108,https://www.sec.gov/Archives/edgar/data/17843/000119312522027079/,primary,same_date,market,0.045677934950231446,232,2021-02-03,2022-01-03,2022-02-01,2022-02-03,1.6588007673638894
CRS,0001193125-22-027079,2022-02-03,2022-02-02,2022-02-03T21:51:04.000Z,sources/earnings/CRS_0001193125-22-027079.html,sources/earnings/CRS_0001193125-22-027079_release.html,2022-02-02,2022-02-03,2022-02-02,date only; next session,"February 2, 2022",-0.61,-1.76,396.0,348.8,-31.5,-89.0,-0.07954545454545454,-0.2551605504587156,1,29.8799991607666,0.03848728354417047,0.17561509591326108,https://www.sec.gov/Archives/edgar/data/17843/000119312522027079/,primary,same_date,market + industries,0.01415574872197839,232,2021-02-03,2022-01-03,2022-02-01,2022-02-03,-0.16673617523608575
CRS,0001193125-22-027079,2022-02-03,2022-02-02,2022-02-03T21:51:04.000Z,sources/earnings/CRS_0001193125-22-027079.html,sources/earnings/CRS_0001193125-22-027079_release.html,2022-02-02,2022-02-03,2022-02-02,date only; next session,"February 2, 2022",-0.61,-1.76,396.0,348.8,-31.5,-89.0,-0.07954545454545454,-0.2551605504587156,1,29.8799991607666,0.03848728354417047,0.17561509591326108,https://www.sec.gov/Archives/edgar/data/17843/000119312522027079/,short,conservative,market,-0.03054664524760846,232,2021-02-04,2022-01-04,2022-02-03,2022-02-04,1.6544816952080108
CRS,0001193125-22-027079,2022-02-03,2022-02-02,2022-02-03T21:51:04.000Z,sources/earnings/CRS_0001193125-22-027079.html,sources/earnings/CRS_0001193125-22-027079_release.html,2022-02-02,2022-02-03,2022-02-02,date only; next session,"February 2, 2022",-0.61,-1.76,396.0,348.8,-31.5,-89.0,-0.07954545454545454,-0.2551605504587156,1,29.8799991607666,0.03848728354417047,0.17561509591326108,https://www.sec.gov/Archives/edgar/data/17843/000119312522027079/,short,conservative,market + industries,-0.054950433364034074,232,2021-02-04,2022-01-04,2022-02-03,2022-02-04,-0.17328301560417003
CRS,0001193125-22-027079,2022-02-03,2022-02-02,2022-02-03T21:51:04.000Z,sources/earnings/CRS_0001193125-22-027079.html,sources/earnings/CRS_0001193125-22-027079_release.html,2022-02-02,2022-02-03,2022-02-02,date only; next session,"February 2, 2022",-0.61,-1.76,396.0,348.8,-31.5,-89.0,-0.07954545454545454,-0.2551605504587156,1,29.8799991607666,0.03848728354417047,0.17561509591326108,https://www.sec.gov/Archives/edgar/data/17843/000119312522027079/,short,same_date,market,0.015090043112069185,232,2021-02-03,2022-01-03,2022-02-02,2022-02-03,1.6588007673638894
CRS,0001193125-22-027079,2022-02-03,2022-02-02,2022-02-03T21:51:04.000Z,sources/earnings/CRS_0001193125-22-027079.html,sources/earnings/CRS_0001193125-22-027079_release.html,2022-02-02,2022-02-03,2022-02-02,date only; next session,"February 2, 2022",-0.61,-1.76,396.0,348.8,-31.5,-89.0,-0.07954545454545454,-0.2551605504587156,1,29.8799991607666,0.03848728354417047,0.17561509591326108,https://www.sec.gov/Archives/edgar/data/17843/000119312522027079/,short,same_date,market + industries,-0.00934761774245196,232,2021-02-03,2022-01-03,2022-02-02,2022-02-03,-0.16673617523608575
CRS,0001193125-22-027079,2022-02-03,2022-02-02,2022-02-03T21:51:04.000Z,sources/earnings/CRS_0001193125-22-027079.html,sources/earnings/CRS_0001193125-22-027079_release.html,2022-02-02,2022-02-03,2022-02-02,date only; next session,"February 2, 2022",-0.61,-1.76,396.0,348.8,-31.5,-89.0,-0.07954545454545454,-0.2551605504587156,1,29.8799991607666,0.03848728354417047,0.17561509591326108,https://www.sec.gov/Archives/edgar/data/17843/000119312522027079/,wide,conservative,market,0.1311940708653263,232,2021-02-04,2022-01-04,2022-02-02,2022-02-10,1.6544816952080108
CRS,0001193125-22-027079,2022-02-03,2022-02-02,2022-02-03T21:51:04.000Z,sources/earnings/CRS_0001193125-22-027079.html,sources/earnings/CRS_0001193125-22-027079_release.html,2022-02-02,2022-02-03,2022-02-02,date only; next session,"February 2, 2022",-0.61,-1.76,396.0,348.8,-31.5,-89.0,-0.07954545454545454,-0.2551605504587156,1,29.8799991607666,0.03848728354417047,0.17561509591326108,https://www.sec.gov/Archives/edgar/data/17843/000119312522027079/,wide,conservative,market + industries,0.06389816398087078,232,2021-02-04,2022-01-04,2022-02-02,2022-02-10,-0.17328301560417003
CRS,0001193125-22-027079,2022-02-03,2022-02-02,2022-02-03T21:51:04.000Z,sources/earnings/CRS_0001193125-22-027079.html,sources/earnings/CRS_0001193125-22-027079_release.html,2022-02-02,2022-02-03,2022-02-02,date only; next session,"February 2, 2022",-0.61,-1.76,396.0,348.8,-31.5,-89.0,-0.07954545454545454,-0.2551605504587156,1,29.8799991607666,0.03848728354417047,0.17561509591326108,https://www.sec.gov/Archives/edgar/data/17843/000119312522027079/,wide,same_date,market,0.07369247181878488,232,2021-02-03,2022-01-03,2022-02-01,2022-02-09,1.6588007673638894
CRS,0001193125-22-027079,2022-02-03,2022-02-02,2022-02-03T21:51:04.000Z,sources/earnings/CRS_0001193125-22-027079.html,sources/earnings/CRS_0001193125-22-027079_release.html,2022-02-02,2022-02-03,2022-02-02,date only; next session,"February 2, 2022",-0.61,-1.76,396.0,348.8,-31.5,-89.0,-0.07954545454545454,-0.2551605504587156,1,29.8799991607666,0.03848728354417047,0.17561509591326108,https://www.sec.gov/Archives/edgar/data/17843/000119312522027079/,wide,same_date,market + industries,0.01893858076255648,232,2021-02-03,2022-01-03,2022-02-01,2022-02-09,-0.16673617523608575
CRS,0001193125-22-133041,2022-04-29,2022-04-28,2022-04-29T18:50:55.000Z,sources/earnings/CRS_0001193125-22-133041.html,sources/earnings/CRS_0001193125-22-133041_release.html,2022-04-28,2022-04-29,2022-04-28,date only; next session,"April 28, 2022",-0.16,-0.84,489.0,351.9,1.1,-40.0,0.0022494887525562374,-0.11366865586814437,1,37.18999862670898,0.018284485751812855,0.1159181446207006,https://www.sec.gov/Archives/edgar/data/17843/000119312522133041/,primary,conservative,market,0.03290743476071715,232,2021-04-30,2022-03-30,2022-04-28,2022-05-02,1.068936186187395
CRS,0001193125-22-133041,2022-04-29,2022-04-28,2022-04-29T18:50:55.000Z,sources/earnings/CRS_0001193125-22-133041.html,sources/earnings/CRS_0001193125-22-133041_release.html,2022-04-28,2022-04-29,2022-04-28,date only; next session,"April 28, 2022",-0.16,-0.84,489.0,351.9,1.1,-40.0,0.0022494887525562374,-0.11366865586814437,1,37.18999862670898,0.018284485751812855,0.1159181446207006,https://www.sec.gov/Archives/edgar/data/17843/000119312522133041/,primary,conservative,market + industries,0.05731670088429882,232,2021-04-30,2022-03-30,2022-04-28,2022-05-02,-0.1654486414664714
CRS,0001193125-22-133041,2022-04-29,2022-04-28,2022-04-29T18:50:55.000Z,sources/earnings/CRS_0001193125-22-133041.html,sources/earnings/CRS_0001193125-22-133041_release.html,2022-04-28,2022-04-29,2022-04-28,date only; next session,"April 28, 2022",-0.16,-0.84,489.0,351.9,1.1,-40.0,0.0022494887525562374,-0.11366865586814437,1,37.18999862670898,0.018284485751812855,0.1159181446207006,https://www.sec.gov/Archives/edgar/data/17843/000119312522133041/,primary,same_date,market,0.026465344563115965,232,2021-04-29,2022-03-29,2022-04-27,2022-04-29,1.0551078437532802
CRS,0001193125-22-133041,2022-04-29,2022-04-28,2022-04-29T18:50:55.000Z,sources/earnings/CRS_0001193125-22-133041.html,sources/earnings/CRS_0001193125-22-133041_release.html,2022-04-28,2022-04-29,2022-04-28,date only; next session,"April 28, 2022",-0.16,-0.84,489.0,351.9,1.1,-40.0,0.0022494887525562374,-0.11366865586814437,1,37.18999862670898,0.018284485751812855,0.1159181446207006,https://www.sec.gov/Archives/edgar/data/17843/000119312522133041/,primary,same_date,market + industries,0.05835402443378052,232,2021-04-29,2022-03-29,2022-04-27,2022-04-29,-0.20694258363274443
CRS,0001193125-22-133041,2022-04-29,2022-04-28,2022-04-29T18:50:55.000Z,sources/earnings/CRS_0001193125-22-133041.html,sources/earnings/CRS_0001193125-22-133041_release.html,2022-04-28,2022-04-29,2022-04-28,date only; next session,"April 28, 2022",-0.16,-0.84,489.0,351.9,1.1,-40.0,0.0022494887525562374,-0.11366865586814437,1,37.18999862670898,0.018284485751812855,0.1159181446207006,https://www.sec.gov/Archives/edgar/data/17843/000119312522133041/,short,conservative,market,-0.03494512056307108,232,2021-04-30,2022-03-30,2022-04-29,2022-05-02,1.068936186187395
CRS,0001193125-22-133041,2022-04-29,2022-04-28,2022-04-29T18:50:55.000Z,sources/earnings/CRS_0001193125-22-133041.html,sources/earnings/CRS_0001193125-22-133041_release.html,2022-04-28,2022-04-29,2022-04-28,date only; next session,"April 28, 2022",-0.16,-0.84,489.0,351.9,1.1,-40.0,0.0022494887525562374,-0.11366865586814437,1,37.18999862670898,0.018284485751812855,0.1159181446207006,https://www.sec.gov/Archives/edgar/data/17843/000119312522133041/,short,conservative,market + industries,-0.034071138537342456,232,2021-04-30,2022-03-30,2022-04-29,2022-05-02,-0.1654486414664714
CRS,0001193125-22-133041,2022-04-29,2022-04-28,2022-04-29T18:50:55.000Z,sources/earnings/CRS_0001193125-22-133041.html,sources/earnings/CRS_0001193125-22-133041_release.html,2022-04-28,2022-04-29,2022-04-28,date only; next session,"April 28, 2022",-0.16,-0.84,489.0,351.9,1.1,-40.0,0.0022494887525562374,-0.11366865586814437,1,37.18999862670898,0.018284485751812855,0.1159181446207006,https://www.sec.gov/Archives/edgar/data/17843/000119312522133041/,short,same_date,market,0.0450061642688052,232,2021-04-29,2022-03-29,2022-04-28,2022-04-29,1.0551078437532802
CRS,0001193125-22-133041,2022-04-29,2022-04-28,2022-04-29T18:50:55.000Z,sources/earnings/CRS_0001193125-22-133041.html,sources/earnings/CRS_0001193125-22-133041_release.html,2022-04-28,2022-04-29,2022-04-28,date only; next session,"April 28, 2022",-0.16,-0.84,489.0,351.9,1.1,-40.0,0.0022494887525562374,-0.11366865586814437,1,37.18999862670898,0.018284485751812855,0.1159181446207006,https://www.sec.gov/Archives/edgar/data/17843/000119312522133041/,short,same_date,market + industries,0.06206657359527513,232,2021-04-29,2022-03-29,2022-04-28,2022-04-29,-0.20694258363274443
CRS,0001193125-22-133041,2022-04-29,2022-04-28,2022-04-29T18:50:55.000Z,sources/earnings/CRS_0001193125-22-133041.html,sources/earnings/CRS_0001193125-22-133041_release.html,2022-04-28,2022-04-29,2022-04-28,date only; next session,"April 28, 2022",-0.16,-0.84,489.0,351.9,1.1,-40.0,0.0022494887525562374,-0.11366865586814437,1,37.18999862670898,0.018284485751812855,0.1159181446207006,https://www.sec.gov/Archives/edgar/data/17843/000119312522133041/,wide,conservative,market,-0.03836576064143716,232,2021-04-30,2022-03-30,2022-04-28,2022-05-06,1.068936186187395
CRS,0001193125-22-133041,2022-04-29,2022-04-28,2022-04-29T18:50:55.000Z,sources/earnings/CRS_0001193125-22-133041.html,sources/earnings/CRS_0001193125-22-133041_release.html,2022-04-28,2022-04-29,2022-04-28,date only; next session,"April 28, 2022",-0.16,-0.84,489.0,351.9,1.1,-40.0,0.0022494887525562374,-0.11366865586814437,1,37.18999862670898,0.018284485751812855,0.1159181446207006,https://www.sec.gov/Archives/edgar/data/17843/000119312522133041/,wide,conservative,market + industries,-0.02744969743890695,232,2021-04-30,2022-03-30,2022-04-28,2022-05-06,-0.1654486414664714
CRS,0001193125-22-133041,2022-04-29,2022-04-28,2022-04-29T18:50:55.000Z,sources/earnings/CRS_0001193125-22-133041.html,sources/earnings/CRS_0001193125-22-133041_release.html,2022-04-28,2022-04-29,2022-04-28,date only; next session,"April 28, 2022",-0.16,-0.84,489.0,351.9,1.1,-40.0,0.0022494887525562374,-0.11366865586814437,1,37.18999862670898,0.018284485751812855,0.1159181446207006,https://www.sec.gov/Archives/edgar/data/17843/000119312522133041/,wide,same_date,market,-0.027427528931639276,232,2021-04-29,2022-03-29,2022-04-27,2022-05-05,1.0551078437532802
CRS,0001193125-22-133041,2022-04-29,2022-04-28,2022-04-29T18:50:55.000Z,sources/earnings/CRS_0001193125-22-133041.html,sources/earnings/CRS_0001193125-22-133041_release.html,2022-04-28,2022-04-29,2022-04-28,date only; next session,"April 28, 2022",-0.16,-0.84,489.0,351.9,1.1,-40.0,0.0022494887525562374,-0.11366865586814437,1,37.18999862670898,0.018284485751812855,0.1159181446207006,https://www.sec.gov/Archives/edgar/data/17843/000119312522133041/,wide,same_date,market + industries,-0.004659772128662476,232,2021-04-29,2022-03-29,2022-04-27,2022-05-05,-0.20694258363274443
CRS,0001193125-22-209798,2022-08-02,2022-07-28,2022-08-02T16:39:32.000Z,sources/earnings/CRS_0001193125-22-209798.html,sources/earnings/CRS_0001193125-22-209798_release.html,2022-07-28,2022-07-29,2022-07-28,date only; next session,"July 28, 2022",0.05,-1.18,563.8,421.6,24.6,-70.7,0.043632493792124874,-0.1676944971537002,1,29.670000076293945,0.04145601607135682,0.21132699094582508,https://www.sec.gov/Archives/edgar/data/17843/000119312522209798/,primary,conservative,market,0.08069058404984462,232,2021-07-29,2022-06-29,2022-07-28,2022-08-01,1.1869150381140199
CRS,0001193125-22-209798,2022-08-02,2022-07-28,2022-08-02T16:39:32.000Z,sources/earnings/CRS_0001193125-22-209798.html,sources/earnings/CRS_0001193125-22-209798_release.html,2022-07-28,2022-07-29,2022-07-28,date only; next session,"July 28, 2022",0.05,-1.18,563.8,421.6,24.6,-70.7,0.043632493792124874,-0.1676944971537002,1,29.670000076293945,0.04145601607135682,0.21132699094582508,https://www.sec.gov/Archives/edgar/data/17843/000119312522209798/,primary,conservative,market + industries,0.04448471491800933,232,2021-07-29,2022-06-29,2022-07-28,2022-08-01,0.03136840719857681
CRS,0001193125-22-209798,2022-08-02,2022-07-28,2022-08-02T16:39:32.000Z,sources/earnings/CRS_0001193125-22-209798.html,sources/earnings/CRS_0001193125-22-209798_release.html,2022-07-28,2022-07-29,2022-07-28,date only; next session,"July 28, 2022",0.05,-1.18,563.8,421.6,24.6,-70.7,0.043632493792124874,-0.1676944971537002,1,29.670000076293945,0.04145601607135682,0.21132699094582508,https://www.sec.gov/Archives/edgar/data/17843/000119312522209798/,primary,same_date,market,0.04678127521707772,232,2021-07-28,2022-06-28,2022-07-27,2022-07-29,1.1865654384108848
CRS,0001193125-22-209798,2022-08-02,2022-07-28,2022-08-02T16:39:32.000Z,sources/earnings/CRS_0001193125-22-209798.html,sources/earnings/CRS_0001193125-22-209798_release.html,2022-07-28,2022-07-29,2022-07-28,date only; next session,"July 28, 2022",0.05,-1.18,563.8,421.6,24.6,-70.7,0.043632493792124874,-0.1676944971537002,1,29.670000076293945,0.04145601607135682,0.21132699094582508,https://www.sec.gov/Archives/edgar/data/17843/000119312522209798/,primary,same_date,market + industries,0.040200003065468504,232,2021-07-28,2022-06-28,2022-07-27,2022-07-29,0.09360713887544247
CRS,0001193125-22-209798,2022-08-02,2022-07-28,2022-08-02T16:39:32.000Z,sources/earnings/CRS_0001193125-22-209798.html,sources/earnings/CRS_0001193125-22-209798_release.html,2022-07-28,2022-07-29,2022-07-28,date only; next session,"July 28, 2022",0.05,-1.18,563.8,421.6,24.6,-70.7,0.043632493792124874,-0.1676944971537002,1,29.670000076293945,0.04145601607135682,0.21132699094582508,https://www.sec.gov/Archives/edgar/data/17843/000119312522209798/,short,conservative,market,0.04648997109404379,232,2021-07-29,2022-06-29,2022-07-29,2022-08-01,1.1869150381140199
CRS,0001193125-22-209798,2022-08-02,2022-07-28,2022-08-02T16:39:32.000Z,sources/earnings/CRS_0001193125-22-209798.html,sources/earnings/CRS_0001193125-22-209798_release.html,2022-07-28,2022-07-29,2022-07-28,date only; next session,"July 28, 2022",0.05,-1.18,563.8,421.6,24.6,-70.7,0.043632493792124874,-0.1676944971537002,1,29.670000076293945,0.04145601607135682,0.21132699094582508,https://www.sec.gov/Archives/edgar/data/17843/000119312522209798/,short,conservative,market + industries,0.023936907733189964,232,2021-07-29,2022-06-29,2022-07-29,2022-08-01,0.03136840719857681
CRS,0001193125-22-209798,2022-08-02,2022-07-28,2022-08-02T16:39:32.000Z,sources/earnings/CRS_0001193125-22-209798.html,sources/earnings/CRS_0001193125-22-209798_release.html,2022-07-28,2022-07-29,2022-07-28,date only; next session,"July 28, 2022",0.05,-1.18,563.8,421.6,24.6,-70.7,0.043632493792124874,-0.1676944971537002,1,29.670000076293945,0.04145601607135682,0.21132699094582508,https://www.sec.gov/Archives/edgar/data/17843/000119312522209798/,short,same_date,market,0.04950575454625975,232,2021-07-28,2022-06-28,2022-07-28,2022-07-29,1.1865654384108848
CRS,0001193125-22-209798,2022-08-02,2022-07-28,2022-08-02T16:39:32.000Z,sources/earnings/CRS_0001193125-22-209798.html,sources/earnings/CRS_0001193125-22-209798_release.html,2022-07-28,2022-07-29,2022-07-28,date only; next session,"July 28, 2022",0.05,-1.18,563.8,421.6,24.6,-70.7,0.043632493792124874,-0.1676944971537002,1,29.670000076293945,0.04145601607135682,0.21132699094582508,https://www.sec.gov/Archives/edgar/data/17843/000119312522209798/,short,same_date,market + industries,0.026380972569708276,232,2021-07-28,2022-06-28,2022-07-28,2022-07-29,0.09360713887544247
CRS,0001193125-22-209798,2022-08-02,2022-07-28,2022-08-02T16:39:32.000Z,sources/earnings/CRS_0001193125-22-209798.html,sources/earnings/CRS_0001193125-22-209798_release.html,2022-07-28,2022-07-29,2022-07-28,date only; next session,"July 28, 2022",0.05,-1.18,563.8,421.6,24.6,-70.7,0.043632493792124874,-0.1676944971537002,1,29.670000076293945,0.04145601607135682,0.21132699094582508,https://www.sec.gov/Archives/edgar/data/17843/000119312522209798/,wide,conservative,market,0.10521213660418063,232,2021-07-29,2022-06-29,2022-07-28,2022-08-05,1.1869150381140199
CRS,0001193125-22-209798,2022-08-02,2022-07-28,2022-08-02T16:39:32.000Z,sources/earnings/CRS_0001193125-22-209798.html,sources/earnings/CRS_0001193125-22-209798_release.html,2022-07-28,2022-07-29,2022-07-28,date only; next session,"July 28, 2022",0.05,-1.18,563.8,421.6,24.6,-70.7,0.043632493792124874,-0.1676944971537002,1,29.670000076293945,0.04145601607135682,0.21132699094582508,https://www.sec.gov/Archives/edgar/data/17843/000119312522209798/,wide,conservative,market + industries,0.0787351223006915,232,2021-07-29,2022-06-29,2022-07-28,2022-08-05,0.03136840719857681
CRS,0001193125-22-209798,2022-08-02,2022-07-28,2022-08-02T16:39:32.000Z,sources/earnings/CRS_0001193125-22-209798.html,sources/earnings/CRS_0001193125-22-209798_release.html,2022-07-28,2022-07-29,2022-07-28,date only; next session,"July 28, 2022",0.05,-1.18,563.8,421.6,24.6,-70.7,0.043632493792124874,-0.1676944971537002,1,29.670000076293945,0.04145601607135682,0.21132699094582508,https://www.sec.gov/Archives/edgar/data/17843/000119312522209798/,wide,same_date,market,0.08901223775122918,232,2021-07-28,2022-06-28,2022-07-27,2022-08-04,1.1865654384108848
CRS,0001193125-22-209798,2022-08-02,2022-07-28,2022-08-02T16:39:32.000Z,sources/earnings/CRS_0001193125-22-209798.html,sources/earnings/CRS_0001193125-22-209798_release.html,2022-07-28,2022-07-29,2022-07-28,date only; next session,"July 28, 2022",0.05,-1.18,563.8,421.6,24.6,-70.7,0.043632493792124874,-0.1676944971537002,1,29.670000076293945,0.04145601607135682,0.21132699094582508,https://www.sec.gov/Archives/edgar/data/17843/000119312522209798/,wide,same_date,market + industries,0.07928233867125666,232,2021-07-28,2022-06-28,2022-07-27,2022-08-04,0.09360713887544247
CRS,0001193125-22-275056,2022-11-01,2022-10-27,2022-11-01T21:15:56.000Z,sources/earnings/CRS_0001193125-22-275056.html,sources/earnings/CRS_0001193125-22-275056_release.html,2022-10-27,2022-10-28,2022-10-27,date only; next session,"October 27, 2022",-0.14,-0.31,522.9,387.6,8.3,-19.1,0.015873015873015876,-0.049277605779153764,1,37.02000045776367,0.004592112314908098,0.06515062165216964,https://www.sec.gov/Archives/edgar/data/17843/000119312522275056/,primary,conservative,market,-0.007973561692828673,232,2021-10-28,2022-09-29,2022-10-27,2022-10-31,1.2294436015601244
CRS,0001193125-22-275056,2022-11-01,2022-10-27,2022-11-01T21:15:56.000Z,sources/earnings/CRS_0001193125-22-275056.html,sources/earnings/CRS_0001193125-22-275056_release.html,2022-10-27,2022-10-28,2022-10-27,date only; next session,"October 27, 2022",-0.14,-0.31,522.9,387.6,8.3,-19.1,0.015873015873015876,-0.049277605779153764,1,37.02000045776367,0.004592112314908098,0.06515062165216964,https://www.sec.gov/Archives/edgar/data/17843/000119312522275056/,primary,conservative,market + industries,-0.03736213395626063,232,2021-10-28,2022-09-29,2022-10-27,2022-10-31,0.21213728073298777
CRS,0001193125-22-275056,2022-11-01,2022-10-27,2022-11-01T21:15:56.000Z,sources/earnings/CRS_0001193125-22-275056.html,sources/earnings/CRS_0001193125-22-275056_release.html,2022-10-27,2022-10-28,2022-10-27,date only; next session,"October 27, 2022",-0.14,-0.31,522.9,387.6,8.3,-19.1,0.015873015873015876,-0.049277605779153764,1,37.02000045776367,0.004592112314908098,0.06515062165216964,https://www.sec.gov/Archives/edgar/data/17843/000119312522275056/,primary,same_date,market,-0.04207737340373441,232,2021-10-27,2022-09-28,2022-10-26,2022-10-28,1.220382952794495
CRS,0001193125-22-275056,2022-11-01,2022-10-27,2022-11-01T21:15:56.000Z,sources/earnings/CRS_0001193125-22-275056.html,sources/earnings/CRS_0001193125-22-275056_release.html,2022-10-27,2022-10-28,2022-10-27,date only; next session,"October 27, 2022",-0.14,-0.31,522.9,387.6,8.3,-19.1,0.015873015873015876,-0.049277605779153764,1,37.02000045776367,0.004592112314908098,0.06515062165216964,https://www.sec.gov/Archives/edgar/data/17843/000119312522275056/,primary,same_date,market + industries,-0.0722712167416529,232,2021-10-27,2022-09-28,2022-10-26,2022-10-28,0.20618179990135277
CRS,0001193125-22-275056,2022-11-01,2022-10-27,2022-11-01T21:15:56.000Z,sources/earnings/CRS_0001193125-22-275056.html,sources/earnings/CRS_0001193125-22-275056_release.html,2022-10-27,2022-10-28,2022-10-27,date only; next session,"October 27, 2022",-0.14,-0.31,522.9,387.6,8.3,-19.1,0.015873015873015876,-0.049277605779153764,1,37.02000045776367,0.004592112314908098,0.06515062165216964,https://www.sec.gov/Archives/edgar/data/17843/000119312522275056/,short,conservative,market,0.019479773001488142,232,2021-10-28,2022-09-29,2022-10-28,2022-10-31,1.2294436015601244
CRS,0001193125-22-275056,2022-11-01,2022-10-27,2022-11-01T21:15:56.000Z,sources/earnings/CRS_0001193125-22-275056.html,sources/earnings/CRS_0001193125-22-275056_release.html,2022-10-27,2022-10-28,2022-10-27,date only; next session,"October 27, 2022",-0.14,-0.31,522.9,387.6,8.3,-19.1,0.015873015873015876,-0.049277605779153764,1,37.02000045776367,0.004592112314908098,0.06515062165216964,https://www.sec.gov/Archives/edgar/data/17843/000119312522275056/,short,conservative,market + industries,0.010968622687327761,232,2021-10-28,2022-09-29,2022-10-28,2022-10-31,0.21213728073298777
CRS,0001193125-22-275056,2022-11-01,2022-10-27,2022-11-01T21:15:56.000Z,sources/earnings/CRS_0001193125-22-275056.html,sources/earnings/CRS_0001193125-22-275056_release.html,2022-10-27,2022-10-28,2022-10-27,date only; next session,"October 27, 2022",-0.14,-0.31,522.9,387.6,8.3,-19.1,0.015873015873015876,-0.049277605779153764,1,37.02000045776367,0.004592112314908098,0.06515062165216964,https://www.sec.gov/Archives/edgar/data/17843/000119312522275056/,short,same_date,market,-0.052616129797628045,232,2021-10-27,2022-09-28,2022-10-27,2022-10-28,1.220382952794495
CRS,0001193125-22-275056,2022-11-01,2022-10-27,2022-11-01T21:15:56.000Z,sources/earnings/CRS_0001193125-22-275056.html,sources/earnings/CRS_0001193125-22-275056_release.html,2022-10-27,2022-10-28,2022-10-27,date only; next session,"October 27, 2022",-0.14,-0.31,522.9,387.6,8.3,-19.1,0.015873015873015876,-0.049277605779153764,1,37.02000045776367,0.004592112314908098,0.06515062165216964,https://www.sec.gov/Archives/edgar/data/17843/000119312522275056/,short,same_date,market + industries,-0.08080217203741463,232,2021-10-27,2022-09-28,2022-10-27,2022-10-28,0.20618179990135277
CRS,0001193125-22-275056,2022-11-01,2022-10-27,2022-11-01T21:15:56.000Z,sources/earnings/CRS_0001193125-22-275056.html,sources/earnings/CRS_0001193125-22-275056_release.html,2022-10-27,2022-10-28,2022-10-27,date only; next session,"October 27, 2022",-0.14,-0.31,522.9,387.6,8.3,-19.1,0.015873015873015876,-0.049277605779153764,1,37.02000045776367,0.004592112314908098,0.06515062165216964,https://www.sec.gov/Archives/edgar/data/17843/000119312522275056/,wide,conservative,market,0.05704292702760273,232,2021-10-28,2022-09-29,2022-10-27,2022-11-04,1.2294436015601244
CRS,0001193125-22-275056,2022-11-01,2022-10-27,2022-11-01T21:15:56.000Z,sources/earnings/CRS_0001193125-22-275056.html,sources/earnings/CRS_0001193125-22-275056_release.html,2022-10-27,2022-10-28,2022-10-27,date only; next session,"October 27, 2022",-0.14,-0.31,522.9,387.6,8.3,-19.1,0.015873015873015876,-0.049277605779153764,1,37.02000045776367,0.004592112314908098,0.06515062165216964,https://www.sec.gov/Archives/edgar/data/17843/000119312522275056/,wide,conservative,market + industries,0.002179232151783006,232,2021-10-28,2022-09-29,2022-10-27,2022-11-04,0.21213728073298777
CRS,0001193125-22-275056,2022-11-01,2022-10-27,2022-11-01T21:15:56.000Z,sources/earnings/CRS_0001193125-22-275056.html,sources/earnings/CRS_0001193125-22-275056_release.html,2022-10-27,2022-10-28,2022-10-27,date only; next session,"October 27, 2022",-0.14,-0.31,522.9,387.6,8.3,-19.1,0.015873015873015876,-0.049277605779153764,1,37.02000045776367,0.004592112314908098,0.06515062165216964,https://www.sec.gov/Archives/edgar/data/17843/000119312522275056/,wide,same_date,market,0.01599234243256891,232,2021-10-27,2022-09-28,2022-10-26,2022-11-03,1.220382952794495
CRS,0001193125-22-275056,2022-11-01,2022-10-27,2022-11-01T21:15:56.000Z,sources/earnings/CRS_0001193125-22-275056.html,sources/earnings/CRS_0001193125-22-275056_release.html,2022-10-27,2022-10-28,2022-10-27,date only; next session,"October 27, 2022",-0.14,-0.31,522.9,387.6,8.3,-19.1,0.015873015873015876,-0.049277605779153764,1,37.02000045776367,0.004592112314908098,0.06515062165216964,https://www.sec.gov/Archives/edgar/data/17843/000119312522275056/,wide,same_date,market + industries,-0.04458758857506748,232,2021-10-27,2022-09-28,2022-10-26,2022-11-03,0.20618179990135277
CRS,0001193125-23-017576,2023-01-27,2023-01-26,2023-01-27T21:20:07.000Z,sources/earnings/CRS_0001193125-23-017576.html,sources/earnings/CRS_0001193125-23-017576_release.html,2023-01-26,2023-01-27,2023-01-26,date only; next session,"January 26, 2023",0.13,-0.61,579.1,396.0,22.6,-31.5,0.039026074943878435,-0.07954545454545454,1,43.93999862670898,0.016841147545011304,0.11857152948933297,https://www.sec.gov/Archives/edgar/data/17843/000119312523017576/,primary,conservative,market,0.09673119792743506,232,2022-01-26,2022-12-27,2023-01-26,2023-01-30,1.2296420787325637
CRS,0001193125-23-017576,2023-01-27,2023-01-26,2023-01-27T21:20:07.000Z,sources/earnings/CRS_0001193125-23-017576.html,sources/earnings/CRS_0001193125-23-017576_release.html,2023-01-26,2023-01-27,2023-01-26,date only; next session,"January 26, 2023",0.13,-0.61,579.1,396.0,22.6,-31.5,0.039026074943878435,-0.07954545454545454,1,43.93999862670898,0.016841147545011304,0.11857152948933297,https://www.sec.gov/Archives/edgar/data/17843/000119312523017576/,primary,conservative,market + industries,0.09575762308131314,232,2022-01-26,2022-12-27,2023-01-26,2023-01-30,0.5161745040825855
CRS,0001193125-23-017576,2023-01-27,2023-01-26,2023-01-27T21:20:07.000Z,sources/earnings/CRS_0001193125-23-017576.html,sources/earnings/CRS_0001193125-23-017576_release.html,2023-01-26,2023-01-27,2023-01-26,date only; next session,"January 26, 2023",0.13,-0.61,579.1,396.0,22.6,-31.5,0.039026074943878435,-0.07954545454545454,1,43.93999862670898,0.016841147545011304,0.11857152948933297,https://www.sec.gov/Archives/edgar/data/17843/000119312523017576/,primary,same_date,market,0.11605142046347991,232,2022-01-25,2022-12-23,2023-01-25,2023-01-27,1.2279881340638237
CRS,0001193125-23-017576,2023-01-27,2023-01-26,2023-01-27T21:20:07.000Z,sources/earnings/CRS_0001193125-23-017576.html,sources/earnings/CRS_0001193125-23-017576_release.html,2023-01-26,2023-01-27,2023-01-26,date only; next session,"January 26, 2023",0.13,-0.61,579.1,396.0,22.6,-31.5,0.039026074943878435,-0.07954545454545454,1,43.93999862670898,0.016841147545011304,0.11857152948933297,https://www.sec.gov/Archives/edgar/data/17843/000119312523017576/,primary,same_date,market + industries,0.11584595029056179,232,2022-01-25,2022-12-23,2023-01-25,2023-01-27,0.5178087357251381
CRS,0001193125-23-017576,2023-01-27,2023-01-26,2023-01-27T21:20:07.000Z,sources/earnings/CRS_0001193125-23-017576.html,sources/earnings/CRS_0001193125-23-017576_release.html,2023-01-26,2023-01-27,2023-01-26,date only; next session,"January 26, 2023",0.13,-0.61,579.1,396.0,22.6,-31.5,0.039026074943878435,-0.07954545454545454,1,43.93999862670898,0.016841147545011304,0.11857152948933297,https://www.sec.gov/Archives/edgar/data/17843/000119312523017576/,short,conservative,market,0.05449069654795696,232,2022-01-26,2022-12-27,2023-01-27,2023-01-30,1.2296420787325637
CRS,0001193125-23-017576,2023-01-27,2023-01-26,2023-01-27T21:20:07.000Z,sources/earnings/CRS_0001193125-23-017576.html,sources/earnings/CRS_0001193125-23-017576_release.html,2023-01-26,2023-01-27,2023-01-26,date only; next session,"January 26, 2023",0.13,-0.61,579.1,396.0,22.6,-31.5,0.039026074943878435,-0.07954545454545454,1,43.93999862670898,0.016841147545011304,0.11857152948933297,https://www.sec.gov/Archives/edgar/data/17843/000119312523017576/,short,conservative,market + industries,0.05287700385709297,232,2022-01-26,2022-12-27,2023-01-27,2023-01-30,0.5161745040825855
CRS,0001193125-23-017576,2023-01-27,2023-01-26,2023-01-27T21:20:07.000Z,sources/earnings/CRS_0001193125-23-017576.html,sources/earnings/CRS_0001193125-23-017576_release.html,2023-01-26,2023-01-27,2023-01-26,date only; next session,"January 26, 2023",0.13,-0.61,579.1,396.0,22.6,-31.5,0.039026074943878435,-0.07954545454545454,1,43.93999862670898,0.016841147545011304,0.11857152948933297,https://www.sec.gov/Archives/edgar/data/17843/000119312523017576/,short,same_date,market,0.09457776560542802,232,2022-01-25,2022-12-23,2023-01-26,2023-01-27,1.2279881340638237
CRS,0001193125-23-017576,2023-01-27,2023-01-26,2023-01-27T21:20:07.000Z,sources/earnings/CRS_0001193125-23-017576.html,sources/earnings/CRS_0001193125-23-017576_release.html,2023-01-26,2023-01-27,2023-01-26,date only; next session,"January 26, 2023",0.13,-0.61,579.1,396.0,22.6,-31.5,0.039026074943878435,-0.07954545454545454,1,43.93999862670898,0.016841147545011304,0.11857152948933297,https://www.sec.gov/Archives/edgar/data/17843/000119312523017576/,short,same_date,market + industries,0.0971465471903721,232,2022-01-25,2022-12-23,2023-01-26,2023-01-27,0.5178087357251381
CRS,0001193125-23-017576,2023-01-27,2023-01-26,2023-01-27T21:20:07.000Z,sources/earnings/CRS_0001193125-23-017576.html,sources/earnings/CRS_0001193125-23-017576_release.html,2023-01-26,2023-01-27,2023-01-26,date only; next session,"January 26, 2023",0.13,-0.61,579.1,396.0,22.6,-31.5,0.039026074943878435,-0.07954545454545454,1,43.93999862670898,0.016841147545011304,0.11857152948933297,https://www.sec.gov/Archives/edgar/data/17843/000119312523017576/,wide,conservative,market,0.10478164368819669,232,2022-01-26,2022-12-27,2023-01-26,2023-02-03,1.2296420787325637
CRS,0001193125-23-017576,2023-01-27,2023-01-26,2023-01-27T21:20:07.000Z,sources/earnings/CRS_0001193125-23-017576.html,sources/earnings/CRS_0001193125-23-017576_release.html,2023-01-26,2023-01-27,2023-01-26,date only; next session,"January 26, 2023",0.13,-0.61,579.1,396.0,22.6,-31.5,0.039026074943878435,-0.07954545454545454,1,43.93999862670898,0.016841147545011304,0.11857152948933297,https://www.sec.gov/Archives/edgar/data/17843/000119312523017576/,wide,conservative,market + industries,0.12286350986698386,232,2022-01-26,2022-12-27,2023-01-26,2023-02-03,0.5161745040825855
CRS,0001193125-23-017576,2023-01-27,2023-01-26,2023-01-27T21:20:07.000Z,sources/earnings/CRS_0001193125-23-017576.html,sources/earnings/CRS_0001193125-23-017576_release.html,2023-01-26,2023-01-27,2023-01-26,date only; next session,"January 26, 2023",0.13,-0.61,579.1,396.0,22.6,-31.5,0.039026074943878435,-0.07954545454545454,1,43.93999862670898,0.016841147545011304,0.11857152948933297,https://www.sec.gov/Archives/edgar/data/17843/000119312523017576/,wide,same_date,market,0.11184527485541337,232,2022-01-25,2022-12-23,2023-01-25,2023-02-02,1.2279881340638237
CRS,0001193125-23-017576,2023-01-27,2023-01-26,2023-01-27T21:20:07.000Z,sources/earnings/CRS_0001193125-23-017576.html,sources/earnings/CRS_0001193125-23-017576_release.html,2023-01-26,2023-01-27,2023-01-26,date only; next session,"January 26, 2023",0.13,-0.61,579.1,396.0,22.6,-31.5,0.039026074943878435,-0.07954545454545454,1,43.93999862670898,0.016841147545011304,0.11857152948933297,https://www.sec.gov/Archives/edgar/data/17843/000119312523017576/,wide,same_date,market + industries,0.12881964002246293,232,2022-01-25,2022-12-23,2023-01-25,2023-02-02,0.5178087357251381
CRS,0001193125-23-130465,2023-05-01,2023-04-27,2023-05-01T20:16:02.000Z,sources/earnings/CRS_0001193125-23-130465.html,sources/earnings/CRS_0001193125-23-130465_release.html,2023-04-27,2023-04-28,2023-04-27,date only; next session,"April 27, 2023",0.38,-0.16,690.1,489.0,39.3,1.1,0.056948268366903344,0.0022494887525562374,1,48.2400016784668,0.011194029461260226,0.054698779614347104,https://www.sec.gov/Archives/edgar/data/17843/000119312523130465/,primary,conservative,market,0.03548741831381192,232,2022-04-27,2023-03-29,2023-04-27,2023-05-01,1.4283516310646462
CRS,0001193125-23-130465,2023-05-01,2023-04-27,2023-05-01T20:16:02.000Z,sources/earnings/CRS_0001193125-23-130465.html,sources/earnings/CRS_0001193125-23-130465_release.html,2023-04-27,2023-04-28,2023-04-27,date only; next session,"April 27, 2023",0.38,-0.16,690.1,489.0,39.3,1.1,0.056948268366903344,0.0022494887525562374,1,48.2400016784668,0.011194029461260226,0.054698779614347104,https://www.sec.gov/Archives/edgar/data/17843/000119312523130465/,primary,conservative,market + industries,0.039347437394447515,232,2022-04-27,2023-03-29,2023-04-27,2023-05-01,0.5650460014457188
CRS,0001193125-23-130465,2023-05-01,2023-04-27,2023-05-01T20:16:02.000Z,sources/earnings/CRS_0001193125-23-130465.html,sources/earnings/CRS_0001193125-23-130465_release.html,2023-04-27,2023-04-28,2023-04-27,date only; next session,"April 27, 2023",0.38,-0.16,690.1,489.0,39.3,1.1,0.056948268366903344,0.0022494887525562374,1,48.2400016784668,0.011194029461260226,0.054698779614347104,https://www.sec.gov/Archives/edgar/data/17843/000119312523130465/,primary,same_date,market,0.06454021034126692,232,2022-04-26,2023-03-28,2023-04-26,2023-04-28,1.4238344028581407
CRS,0001193125-23-130465,2023-05-01,2023-04-27,2023-05-01T20:16:02.000Z,sources/earnings/CRS_0001193125-23-130465.html,sources/earnings/CRS_0001193125-23-130465_release.html,2023-04-27,2023-04-28,2023-04-27,date only; next session,"April 27, 2023",0.38,-0.16,690.1,489.0,39.3,1.1,0.056948268366903344,0.0022494887525562374,1,48.2400016784668,0.011194029461260226,0.054698779614347104,https://www.sec.gov/Archives/edgar/data/17843/000119312523130465/,primary,same_date,market + industries,0.08348720019435363,232,2022-04-26,2023-03-28,2023-04-26,2023-04-28,0.56573548919066
CRS,0001193125-23-130465,2023-05-01,2023-04-27,2023-05-01T20:16:02.000Z,sources/earnings/CRS_0001193125-23-130465.html,sources/earnings/CRS_0001193125-23-130465_release.html,2023-04-27,2023-04-28,2023-04-27,date only; next session,"April 27, 2023",0.38,-0.16,690.1,489.0,39.3,1.1,0.056948268366903344,0.0022494887525562374,1,48.2400016784668,0.011194029461260226,0.054698779614347104,https://www.sec.gov/Archives/edgar/data/17843/000119312523130465/,short,conservative,market,-0.05292123101268025,232,2022-04-27,2023-03-29,2023-04-28,2023-05-01,1.4283516310646462
CRS,0001193125-23-130465,2023-05-01,2023-04-27,2023-05-01T20:16:02.000Z,sources/earnings/CRS_0001193125-23-130465.html,sources/earnings/CRS_0001193125-23-130465_release.html,2023-04-27,2023-04-28,2023-04-27,date only; next session,"April 27, 2023",0.38,-0.16,690.1,489.0,39.3,1.1,0.056948268366903344,0.0022494887525562374,1,48.2400016784668,0.011194029461260226,0.054698779614347104,https://www.sec.gov/Archives/edgar/data/17843/000119312523130465/,short,conservative,market + industries,-0.05502279212173197,232,2022-04-27,2023-03-29,2023-04-28,2023-05-01,0.5650460014457188
CRS,0001193125-23-130465,2023-05-01,2023-04-27,2023-05-01T20:16:02.000Z,sources/earnings/CRS_0001193125-23-130465.html,sources/earnings/CRS_0001193125-23-130465_release.html,2023-04-27,2023-04-28,2023-04-27,date only; next session,"April 27, 2023",0.38,-0.16,690.1,489.0,39.3,1.1,0.056948268366903344,0.0022494887525562374,1,48.2400016784668,0.011194029461260226,0.054698779614347104,https://www.sec.gov/Archives/edgar/data/17843/000119312523130465/,short,same_date,market,0.05315724295399298,232,2022-04-26,2023-03-28,2023-04-27,2023-04-28,1.4238344028581407
CRS,0001193125-23-130465,2023-05-01,2023-04-27,2023-05-01T20:16:02.000Z,sources/earnings/CRS_0001193125-23-130465.html,sources/earnings/CRS_0001193125-23-130465_release.html,2023-04-27,2023-04-28,2023-04-27,date only; next session,"April 27, 2023",0.38,-0.16,690.1,489.0,39.3,1.1,0.056948268366903344,0.0022494887525562374,1,48.2400016784668,0.011194029461260226,0.054698779614347104,https://www.sec.gov/Archives/edgar/data/17843/000119312523130465/,short,same_date,market + industries,0.06088947952436118,232,2022-04-26,2023-03-28,2023-04-27,2023-04-28,0.56573548919066
CRS,0001193125-23-130465,2023-05-01,2023-04-27,2023-05-01T20:16:02.000Z,sources/earnings/CRS_0001193125-23-130465.html,sources/earnings/CRS_0001193125-23-130465_release.html,2023-04-27,2023-04-28,2023-04-27,date only; next session,"April 27, 2023",0.38,-0.16,690.1,489.0,39.3,1.1,0.056948268366903344,0.0022494887525562374,1,48.2400016784668,0.011194029461260226,0.054698779614347104,https://www.sec.gov/Archives/edgar/data/17843/000119312523130465/,wide,conservative,market,0.01785146041888675,232,2022-04-27,2023-03-29,2023-04-27,2023-05-05,1.4283516310646462
CRS,0001193125-23-130465,2023-05-01,2023-04-27,2023-05-01T20:16:02.000Z,sources/earnings/CRS_0001193125-23-130465.html,sources/earnings/CRS_0001193125-23-130465_release.html,2023-04-27,2023-04-28,2023-04-27,date only; next session,"April 27, 2023",0.38,-0.16,690.1,489.0,39.3,1.1,0.056948268366903344,0.0022494887525562374,1,48.2400016784668,0.011194029461260226,0.054698779614347104,https://www.sec.gov/Archives/edgar/data/17843/000119312523130465/,wide,conservative,market + industries,0.034273779454562094,232,2022-04-27,2023-03-29,2023-04-27,2023-05-05,0.5650460014457188
CRS,0001193125-23-130465,2023-05-01,2023-04-27,2023-05-01T20:16:02.000Z,sources/earnings/CRS_0001193125-23-130465.html,sources/earnings/CRS_0001193125-23-130465_release.html,2023-04-27,2023-04-28,2023-04-27,date only; next session,"April 27, 2023",0.38,-0.16,690.1,489.0,39.3,1.1,0.056948268366903344,0.0022494887525562374,1,48.2400016784668,0.011194029461260226,0.054698779614347104,https://www.sec.gov/Archives/edgar/data/17843/000119312523130465/,wide,same_date,market,0.0456866019833312,232,2022-04-26,2023-03-28,2023-04-26,2023-05-04,1.4238344028581407
CRS,0001193125-23-130465,2023-05-01,2023-04-27,2023-05-01T20:16:02.000Z,sources/earnings/CRS_0001193125-23-130465.html,sources/earnings/CRS_0001193125-23-130465_release.html,2023-04-27,2023-04-28,2023-04-27,date only; next session,"April 27, 2023",0.38,-0.16,690.1,489.0,39.3,1.1,0.056948268366903344,0.0022494887525562374,1,48.2400016784668,0.011194029461260226,0.054698779614347104,https://www.sec.gov/Archives/edgar/data/17843/000119312523130465/,wide,same_date,market + industries,0.06803201115049252,232,2022-04-26,2023-03-28,2023-04-26,2023-05-04,0.56573548919066
CRS,0001193125-23-199106,2023-07-31,2023-07-27,2023-07-31T20:04:53.000Z,sources/earnings/CRS_0001193125-23-199106.html,sources/earnings/CRS_0001193125-23-199106_release.html,2023-07-27,2023-07-28,2023-07-27,date only; next session,"July 27, 2023",0.78,0.05,758.1,563.8,62.9,24.6,0.0829705843556259,0.043632493792124874,1,57.18000030517578,0.012766701575794192,0.03933809056350103,https://www.sec.gov/Archives/edgar/data/17843/000119312523199106/,primary,conservative,market,0.03184411068978077,232,2022-07-27,2023-06-28,2023-07-27,2023-07-31,1.5307771069354268
CRS,0001193125-23-199106,2023-07-31,2023-07-27,2023-07-31T20:04:53.000Z,sources/earnings/CRS_0001193125-23-199106.html,sources/earnings/CRS_0001193125-23-199106_release.html,2023-07-27,2023-07-28,2023-07-27,date only; next session,"July 27, 2023",0.78,0.05,758.1,563.8,62.9,24.6,0.0829705843556259,0.043632493792124874,1,57.18000030517578,0.012766701575794192,0.03933809056350103,https://www.sec.gov/Archives/edgar/data/17843/000119312523199106/,primary,conservative,market + industries,0.029142972335452814,232,2022-07-27,2023-06-28,2023-07-27,2023-07-31,1.0470854719881673
CRS,0001193125-23-199106,2023-07-31,2023-07-27,2023-07-31T20:04:53.000Z,sources/earnings/CRS_0001193125-23-199106.html,sources/earnings/CRS_0001193125-23-199106_release.html,2023-07-27,2023-07-28,2023-07-27,date only; next session,"July 27, 2023",0.78,0.05,758.1,563.8,62.9,24.6,0.0829705843556259,0.043632493792124874,1,57.18000030517578,0.012766701575794192,0.03933809056350103,https://www.sec.gov/Archives/edgar/data/17843/000119312523199106/,primary,same_date,market,0.02019610961845115,232,2022-07-26,2023-06-27,2023-07-26,2023-07-28,1.5264670148338029
CRS,0001193125-23-199106,2023-07-31,2023-07-27,2023-07-31T20:04:53.000Z,sources/earnings/CRS_0001193125-23-199106.html,sources/earnings/CRS_0001193125-23-199106_release.html,2023-07-27,2023-07-28,2023-07-27,date only; next session,"July 27, 2023",0.78,0.05,758.1,563.8,62.9,24.6,0.0829705843556259,0.043632493792124874,1,57.18000030517578,0.012766701575794192,0.03933809056350103,https://www.sec.gov/Archives/edgar/data/17843/000119312523199106/,primary,same_date,market + industries,0.007367929534284723,232,2022-07-26,2023-06-27,2023-07-26,2023-07-28,1.0322626492216505
CRS,0001193125-23-199106,2023-07-31,2023-07-27,2023-07-31T20:04:53.000Z,sources/earnings/CRS_0001193125-23-199106.html,sources/earnings/CRS_0001193125-23-199106_release.html,2023-07-27,2023-07-28,2023-07-27,date only; next session,"July 27, 2023",0.78,0.05,758.1,563.8,62.9,24.6,0.0829705843556259,0.043632493792124874,1,57.18000030517578,0.012766701575794192,0.03933809056350103,https://www.sec.gov/Archives/edgar/data/17843/000119312523199106/,short,conservative,market,-0.00575357763893306,232,2022-07-27,2023-06-28,2023-07-28,2023-07-31,1.5307771069354268
CRS,0001193125-23-199106,2023-07-31,2023-07-27,2023-07-31T20:04:53.000Z,sources/earnings/CRS_0001193125-23-199106.html,sources/earnings/CRS_0001193125-23-199106_release.html,2023-07-27,2023-07-28,2023-07-27,date only; next session,"July 27, 2023",0.78,0.05,758.1,563.8,62.9,24.6,0.0829705843556259,0.043632493792124874,1,57.18000030517578,0.012766701575794192,0.03933809056350103,https://www.sec.gov/Archives/edgar/data/17843/000119312523199106/,short,conservative,market + industries,-0.01086635602677527,232,2022-07-27,2023-06-28,2023-07-28,2023-07-31,1.0470854719881673
CRS,0001193125-23-199106,2023-07-31,2023-07-27,2023-07-31T20:04:53.000Z,sources/earnings/CRS_0001193125-23-199106.html,sources/earnings/CRS_0001193125-23-199106_release.html,2023-07-27,2023-07-28,2023-07-27,date only; next session,"July 27, 2023",0.78,0.05,758.1,563.8,62.9,24.6,0.0829705843556259,0.043632493792124874,1,57.18000030517578,0.012766701575794192,0.03933809056350103,https://www.sec.gov/Archives/edgar/data/17843/000119312523199106/,short,same_date,market,0.017038584604984152,232,2022-07-26,2023-06-27,2023-07-27,2023-07-28,1.5264670148338029
CRS,0001193125-23-199106,2023-07-31,2023-07-27,2023-07-31T20:04:53.000Z,sources/earnings/CRS_0001193125-23-199106.html,sources/earnings/CRS_0001193125-23-199106_release.html,2023-07-27,2023-07-28,2023-07-27,date only; next session,"July 27, 2023",0.78,0.05,758.1,563.8,62.9,24.6,0.0829705843556259,0.043632493792124874,1,57.18000030517578,0.012766701575794192,0.03933809056350103,https://www.sec.gov/Archives/edgar/data/17843/000119312523199106/,short,same_date,market + industries,0.01836269527494959,232,2022-07-26,2023-06-27,2023-07-27,2023-07-28,1.0322626492216505
CRS,0001193125-23-199106,2023-07-31,2023-07-27,2023-07-31T20:04:53.000Z,sources/earnings/CRS_0001193125-23-199106.html,sources/earnings/CRS_0001193125-23-199106_release.html,2023-07-27,2023-07-28,2023-07-27,date only; next session,"July 27, 2023",0.78,0.05,758.1,563.8,62.9,24.6,0.0829705843556259,0.043632493792124874,1,57.18000030517578,0.012766701575794192,0.03933809056350103,https://www.sec.gov/Archives/edgar/data/17843/000119312523199106/,wide,conservative,market,0.029594248532887654,232,2022-07-27,2023-06-28,2023-07-27,2023-08-04,1.5307771069354268
CRS,0001193125-23-199106,2023-07-31,2023-07-27,2023-07-31T20:04:53.000Z,sources/earnings/CRS_0001193125-23-199106.html,sources/earnings/CRS_0001193125-23-199106_release.html,2023-07-27,2023-07-28,2023-07-27,date only; next session,"July 27, 2023",0.78,0.05,758.1,563.8,62.9,24.6,0.0829705843556259,0.043632493792124874,1,57.18000030517578,0.012766701575794192,0.03933809056350103,https://www.sec.gov/Archives/edgar/data/17843/000119312523199106/,wide,conservative,market + industries,0.0266149267193954,232,2022-07-27,2023-06-28,2023-07-27,2023-08-04,1.0470854719881673
CRS,0001193125-23-199106,2023-07-31,2023-07-27,2023-07-31T20:04:53.000Z,sources/earnings/CRS_0001193125-23-199106.html,sources/earnings/CRS_0001193125-23-199106_release.html,2023-07-27,2023-07-28,2023-07-27,date only; next session,"July 27, 2023",0.78,0.05,758.1,563.8,62.9,24.6,0.0829705843556259,0.043632493792124874,1,57.18000030517578,0.012766701575794192,0.03933809056350103,https://www.sec.gov/Archives/edgar/data/17843/000119312523199106/,wide,same_date,market,0.02191233351940499,232,2022-07-26,2023-06-27,2023-07-26,2023-08-03,1.5264670148338029
CRS,0001193125-23-199106,2023-07-31,2023-07-27,2023-07-31T20:04:53.000Z,sources/earnings/CRS_0001193125-23-199106.html,sources/earnings/CRS_0001193125-23-199106_release.html,2023-07-27,2023-07-28,2023-07-27,date only; next session,"July 27, 2023",0.78,0.05,758.1,563.8,62.9,24.6,0.0829705843556259,0.043632493792124874,1,57.18000030517578,0.012766701575794192,0.03933809056350103,https://www.sec.gov/Archives/edgar/data/17843/000119312523199106/,wide,same_date,market + industries,0.01114214010796279,232,2022-07-26,2023-06-27,2023-07-26,2023-08-03,1.0322626492216505
CRS,0001193125-23-267222,2023-10-31,2023-10-26,2023-10-31T20:24:00.000Z,sources/earnings/CRS_0001193125-23-267222.html,sources/earnings/CRS_0001193125-23-267222_release.html,2023-10-26,2023-10-27,2023-10-26,date only; next session,"October 26, 2023",0.88,-0.14,651.9,522.9,69.0,8.3,0.1058444546709618,0.015873015873015876,1,60.5099983215332,0.016856718365451034,0.08997143879794593,https://www.sec.gov/Archives/edgar/data/17843/000119312523267222/,primary,conservative,market,0.04349946261996962,232,2022-10-26,2023-09-28,2023-10-26,2023-10-30,1.4548143945553256
CRS,0001193125-23-267222,2023-10-31,2023-10-26,2023-10-31T20:24:00.000Z,sources/earnings/CRS_0001193125-23-267222.html,sources/earnings/CRS_0001193125-23-267222_release.html,2023-10-26,2023-10-27,2023-10-26,date only; next session,"October 26, 2023",0.88,-0.14,651.9,522.9,69.0,8.3,0.1058444546709618,0.015873015873015876,1,60.5099983215332,0.016856718365451034,0.08997143879794593,https://www.sec.gov/Archives/edgar/data/17843/000119312523267222/,primary,conservative,market + industries,0.04043852181774195,232,2022-10-26,2023-09-28,2023-10-26,2023-10-30,1.0005780403416198
CRS,0001193125-23-267222,2023-10-31,2023-10-26,2023-10-31T20:24:00.000Z,sources/earnings/CRS_0001193125-23-267222.html,sources/earnings/CRS_0001193125-23-267222_release.html,2023-10-26,2023-10-27,2023-10-26,date only; next session,"October 26, 2023",0.88,-0.14,651.9,522.9,69.0,8.3,0.1058444546709618,0.015873015873015876,1,60.5099983215332,0.016856718365451034,0.08997143879794593,https://www.sec.gov/Archives/edgar/data/17843/000119312523267222/,primary,same_date,market,0.05434637729286704,232,2022-10-25,2023-09-27,2023-10-25,2023-10-27,1.4551341092951338
CRS,0001193125-23-267222,2023-10-31,2023-10-26,2023-10-31T20:24:00.000Z,sources/earnings/CRS_0001193125-23-267222.html,sources/earnings/CRS_0001193125-23-267222_release.html,2023-10-26,2023-10-27,2023-10-26,date only; next session,"October 26, 2023",0.88,-0.14,651.9,522.9,69.0,8.3,0.1058444546709618,0.015873015873015876,1,60.5099983215332,0.016856718365451034,0.08997143879794593,https://www.sec.gov/Archives/edgar/data/17843/000119312523267222/,primary,same_date,market + industries,0.04318371628493681,232,2022-10-25,2023-09-27,2023-10-25,2023-10-27,1.0029198723959358
CRS,0001193125-23-267222,2023-10-31,2023-10-26,2023-10-31T20:24:00.000Z,sources/earnings/CRS_0001193125-23-267222.html,sources/earnings/CRS_0001193125-23-267222_release.html,2023-10-26,2023-10-27,2023-10-26,date only; next session,"October 26, 2023",0.88,-0.14,651.9,522.9,69.0,8.3,0.1058444546709618,0.015873015873015876,1,60.5099983215332,0.016856718365451034,0.08997143879794593,https://www.sec.gov/Archives/edgar/data/17843/000119312523267222/,short,conservative,market,-0.0384819245155307,232,2022-10-26,2023-09-28,2023-10-27,2023-10-30,1.4548143945553256
CRS,0001193125-23-267222,2023-10-31,2023-10-26,2023-10-31T20:24:00.000Z,sources/earnings/CRS_0001193125-23-267222.html,sources/earnings/CRS_0001193125-23-267222_release.html,2023-10-26,2023-10-27,2023-10-26,date only; next session,"October 26, 2023",0.88,-0.14,651.9,522.9,69.0,8.3,0.1058444546709618,0.015873015873015876,1,60.5099983215332,0.016856718365451034,0.08997143879794593,https://www.sec.gov/Archives/edgar/data/17843/000119312523267222/,short,conservative,market + industries,-0.033179441605065266,232,2022-10-26,2023-09-28,2023-10-27,2023-10-30,1.0005780403416198
CRS,0001193125-23-267222,2023-10-31,2023-10-26,2023-10-31T20:24:00.000Z,sources/earnings/CRS_0001193125-23-267222.html,sources/earnings/CRS_0001193125-23-267222_release.html,2023-10-26,2023-10-27,2023-10-26,date only; next session,"October 26, 2023",0.88,-0.14,651.9,522.9,69.0,8.3,0.1058444546709618,0.015873015873015876,1,60.5099983215332,0.016856718365451034,0.08997143879794593,https://www.sec.gov/Archives/edgar/data/17843/000119312523267222/,short,same_date,market,0.054366092147482864,232,2022-10-25,2023-09-27,2023-10-26,2023-10-27,1.4551341092951338
CRS,0001193125-23-267222,2023-10-31,2023-10-26,2023-10-31T20:24:00.000Z,sources/earnings/CRS_0001193125-23-267222.html,sources/earnings/CRS_0001193125-23-267222_release.html,2023-10-26,2023-10-27,2023-10-26,date only; next session,"October 26, 2023",0.88,-0.14,651.9,522.9,69.0,8.3,0.1058444546709618,0.015873015873015876,1,60.5099983215332,0.016856718365451034,0.08997143879794593,https://www.sec.gov/Archives/edgar/data/17843/000119312523267222/,short,same_date,market + industries,0.050360858781990564,232,2022-10-25,2023-09-27,2023-10-26,2023-10-27,1.0029198723959358
CRS,0001193125-23-267222,2023-10-31,2023-10-26,2023-10-31T20:24:00.000Z,sources/earnings/CRS_0001193125-23-267222.html,sources/earnings/CRS_0001193125-23-267222_release.html,2023-10-26,2023-10-27,2023-10-26,date only; next session,"October 26, 2023",0.88,-0.14,651.9,522.9,69.0,8.3,0.1058444546709618,0.015873015873015876,1,60.5099983215332,0.016856718365451034,0.08997143879794593,https://www.sec.gov/Archives/edgar/data/17843/000119312523267222/,wide,conservative,market,0.02604823759136503,232,2022-10-26,2023-09-28,2023-10-26,2023-11-03,1.4548143945553256
CRS,0001193125-23-267222,2023-10-31,2023-10-26,2023-10-31T20:24:00.000Z,sources/earnings/CRS_0001193125-23-267222.html,sources/earnings/CRS_0001193125-23-267222_release.html,2023-10-26,2023-10-27,2023-10-26,date only; next session,"October 26, 2023",0.88,-0.14,651.9,522.9,69.0,8.3,0.1058444546709618,0.015873015873015876,1,60.5099983215332,0.016856718365451034,0.08997143879794593,https://www.sec.gov/Archives/edgar/data/17843/000119312523267222/,wide,conservative,market + industries,0.004455264084171795,232,2022-10-26,2023-09-28,2023-10-26,2023-11-03,1.0005780403416198
CRS,0001193125-23-267222,2023-10-31,2023-10-26,2023-10-31T20:24:00.000Z,sources/earnings/CRS_0001193125-23-267222.html,sources/earnings/CRS_0001193125-23-267222_release.html,2023-10-26,2023-10-27,2023-10-26,date only; next session,"October 26, 2023",0.88,-0.14,651.9,522.9,69.0,8.3,0.1058444546709618,0.015873015873015876,1,60.5099983215332,0.016856718365451034,0.08997143879794593,https://www.sec.gov/Archives/edgar/data/17843/000119312523267222/,wide,same_date,market,0.05012945688486623,232,2022-10-25,2023-09-27,2023-10-25,2023-11-02,1.4551341092951338
CRS,0001193125-23-267222,2023-10-31,2023-10-26,2023-10-31T20:24:00.000Z,sources/earnings/CRS_0001193125-23-267222.html,sources/earnings/CRS_0001193125-23-267222_release.html,2023-10-26,2023-10-27,2023-10-26,date only; next session,"October 26, 2023",0.88,-0.14,651.9,522.9,69.0,8.3,0.1058444546709618,0.015873015873015876,1,60.5099983215332,0.016856718365451034,0.08997143879794593,https://www.sec.gov/Archives/edgar/data/17843/000119312523267222/,wide,same_date,market + industries,0.020545175973578186,232,2022-10-25,2023-09-27,2023-10-25,2023-11-02,1.0029198723959358
CRS,0001193125-24-018111,2024-01-29,2024-01-25,2024-01-29T21:08:35.000Z,sources/earnings/CRS_0001193125-24-018111.html,sources/earnings/CRS_0001193125-24-018111_release.html,2024-01-25,2024-01-26,2024-01-25,date only; next session,"January 25, 2024",0.85,0.13,624.2,579.1,69.8,22.6,0.1118231336110221,0.039026074943878435,1,66.0199966430664,0.010905786679945496,0.07279705866714367,https://www.sec.gov/Archives/edgar/data/17843/000119312524018111/,primary,conservative,market,-0.033219369219616,232,2023-01-25,2023-12-26,2024-01-25,2024-01-29,1.6116656499334239
CRS,0001193125-24-018111,2024-01-29,2024-01-25,2024-01-29T21:08:35.000Z,sources/earnings/CRS_0001193125-24-018111.html,sources/earnings/CRS_0001193125-24-018111_release.html,2024-01-25,2024-01-26,2024-01-25,date only; next session,"January 25, 2024",0.85,0.13,624.2,579.1,69.8,22.6,0.1118231336110221,0.039026074943878435,1,66.0199966430664,0.010905786679945496,0.07279705866714367,https://www.sec.gov/Archives/edgar/data/17843/000119312524018111/,primary,conservative,market + industries,-0.021540859414358467,232,2023-01-25,2023-12-26,2024-01-25,2024-01-29,0.9392731665698495
CRS,0001193125-24-018111,2024-01-29,2024-01-25,2024-01-29T21:08:35.000Z,sources/earnings/CRS_0001193125-24-018111.html,sources/earnings/CRS_0001193125-24-018111_release.html,2024-01-25,2024-01-26,2024-01-25,date only; next session,"January 25, 2024",0.85,0.13,624.2,579.1,69.8,22.6,0.1118231336110221,0.039026074943878435,1,66.0199966430664,0.010905786679945496,0.07279705866714367,https://www.sec.gov/Archives/edgar/data/17843/000119312524018111/,primary,same_date,market,-0.06967005798856726,232,2023-01-24,2023-12-22,2024-01-24,2024-01-26,1.6158020950767027
CRS,0001193125-24-018111,2024-01-29,2024-01-25,2024-01-29T21:08:35.000Z,sources/earnings/CRS_0001193125-24-018111.html,sources/earnings/CRS_0001193125-24-018111_release.html,2024-01-25,2024-01-26,2024-01-25,date only; next session,"January 25, 2024",0.85,0.13,624.2,579.1,69.8,22.6,0.1118231336110221,0.039026074943878435,1,66.0199966430664,0.010905786679945496,0.07279705866714367,https://www.sec.gov/Archives/edgar/data/17843/000119312524018111/,primary,same_date,market + industries,-0.06353352163985057,232,2023-01-24,2023-12-22,2024-01-24,2024-01-26,0.9759888216023332
CRS,0001193125-24-018111,2024-01-29,2024-01-25,2024-01-29T21:08:35.000Z,sources/earnings/CRS_0001193125-24-018111.html,sources/earnings/CRS_0001193125-24-018111_release.html,2024-01-25,2024-01-26,2024-01-25,date only; next session,"January 25, 2024",0.85,0.13,624.2,579.1,69.8,22.6,0.1118231336110221,0.039026074943878435,1,66.0199966430664,0.010905786679945496,0.07279705866714367,https://www.sec.gov/Archives/edgar/data/17843/000119312524018111/,short,conservative,market,0.0401317332131222,232,2023-01-25,2023-12-26,2024-01-26,2024-01-29,1.6116656499334239
CRS,0001193125-24-018111,2024-01-29,2024-01-25,2024-01-29T21:08:35.000Z,sources/earnings/CRS_0001193125-24-018111.html,sources/earnings/CRS_0001193125-24-018111_release.html,2024-01-25,2024-01-26,2024-01-25,date only; next session,"January 25, 2024",0.85,0.13,624.2,579.1,69.8,22.6,0.1118231336110221,0.039026074943878435,1,66.0199966430664,0.010905786679945496,0.07279705866714367,https://www.sec.gov/Archives/edgar/data/17843/000119312524018111/,short,conservative,market + industries,0.03927003791244654,232,2023-01-25,2023-12-26,2024-01-26,2024-01-29,0.9392731665698495
CRS,0001193125-24-018111,2024-01-29,2024-01-25,2024-01-29T21:08:35.000Z,sources/earnings/CRS_0001193125-24-018111.html,sources/earnings/CRS_0001193125-24-018111_release.html,2024-01-25,2024-01-26,2024-01-25,date only; next session,"January 25, 2024",0.85,0.13,624.2,579.1,69.8,22.6,0.1118231336110221,0.039026074943878435,1,66.0199966430664,0.010905786679945496,0.07279705866714367,https://www.sec.gov/Archives/edgar/data/17843/000119312524018111/,short,same_date,market,-0.046991263596319534,232,2023-01-24,2023-12-22,2024-01-25,2024-01-26,1.6158020950767027
CRS,0001193125-24-018111,2024-01-29,2024-01-25,2024-01-29T21:08:35.000Z,sources/earnings/CRS_0001193125-24-018111.html,sources/earnings/CRS_0001193125-24-018111_release.html,2024-01-25,2024-01-26,2024-01-25,date only; next session,"January 25, 2024",0.85,0.13,624.2,579.1,69.8,22.6,0.1118231336110221,0.039026074943878435,1,66.0199966430664,0.010905786679945496,0.07279705866714367,https://www.sec.gov/Archives/edgar/data/17843/000119312524018111/,short,same_date,market + industries,-0.03932937287889168,232,2023-01-24,2023-12-22,2024-01-25,2024-01-26,0.9759888216023332
CRS,0001193125-24-018111,2024-01-29,2024-01-25,2024-01-29T21:08:35.000Z,sources/earnings/CRS_0001193125-24-018111.html,sources/earnings/CRS_0001193125-24-018111_release.html,2024-01-25,2024-01-26,2024-01-25,date only; next session,"January 25, 2024",0.85,0.13,624.2,579.1,69.8,22.6,0.1118231336110221,0.039026074943878435,1,66.0199966430664,0.010905786679945496,0.07279705866714367,https://www.sec.gov/Archives/edgar/data/17843/000119312524018111/,wide,conservative,market,-0.11154401878242284,232,2023-01-25,2023-12-26,2024-01-25,2024-02-02,1.6116656499334239
CRS,0001193125-24-018111,2024-01-29,2024-01-25,2024-01-29T21:08:35.000Z,sources/earnings/CRS_0001193125-24-018111.html,sources/earnings/CRS_0001193125-24-018111_release.html,2024-01-25,2024-01-26,2024-01-25,date only; next session,"January 25, 2024",0.85,0.13,624.2,579.1,69.8,22.6,0.1118231336110221,0.039026074943878435,1,66.0199966430664,0.010905786679945496,0.07279705866714367,https://www.sec.gov/Archives/edgar/data/17843/000119312524018111/,wide,conservative,market + industries,-0.1070560542946438,232,2023-01-25,2023-12-26,2024-01-25,2024-02-02,0.9392731665698495
CRS,0001193125-24-018111,2024-01-29,2024-01-25,2024-01-29T21:08:35.000Z,sources/earnings/CRS_0001193125-24-018111.html,sources/earnings/CRS_0001193125-24-018111_release.html,2024-01-25,2024-01-26,2024-01-25,date only; next session,"January 25, 2024",0.85,0.13,624.2,579.1,69.8,22.6,0.1118231336110221,0.039026074943878435,1,66.0199966430664,0.010905786679945496,0.07279705866714367,https://www.sec.gov/Archives/edgar/data/17843/000119312524018111/,wide,same_date,market,-0.11900156932939904,232,2023-01-24,2023-12-22,2024-01-24,2024-02-01,1.6158020950767027
CRS,0001193125-24-018111,2024-01-29,2024-01-25,2024-01-29T21:08:35.000Z,sources/earnings/CRS_0001193125-24-018111.html,sources/earnings/CRS_0001193125-24-018111_release.html,2024-01-25,2024-01-26,2024-01-25,date only; next session,"January 25, 2024",0.85,0.13,624.2,579.1,69.8,22.6,0.1118231336110221,0.039026074943878435,1,66.0199966430664,0.010905786679945496,0.07279705866714367,https://www.sec.gov/Archives/edgar/data/17843/000119312524018111/,wide,same_date,market + industries,-0.12340979821729489,232,2023-01-24,2023-12-22,2024-01-24,2024-02-01,0.9759888216023332
CRS,0001193125-24-130672,2024-05-03,2024-05-01,2024-05-03T20:02:35.000Z,sources/earnings/CRS_0001193125-24-130672.html,sources/earnings/CRS_0001193125-24-130672_release.html,2024-05-01,2024-05-02,2024-05-01,date only; next session,"May 1, 2024",0.12,0.38,684.9,690.1,75.9,39.3,0.11081909767849323,0.056948268366903344,1,85.69999694824219,-0.0030338390811965243,0.05387082931158988,https://www.sec.gov/Archives/edgar/data/17843/000119312524130672/,primary,conservative,market,0.17477041600484883,232,2023-05-02,2024-04-03,2024-05-01,2024-05-03,1.3325271376861718
CRS,0001193125-24-130672,2024-05-03,2024-05-01,2024-05-03T20:02:35.000Z,sources/earnings/CRS_0001193125-24-130672.html,sources/earnings/CRS_0001193125-24-130672_release.html,2024-05-01,2024-05-02,2024-05-01,date only; next session,"May 1, 2024",0.12,0.38,684.9,690.1,75.9,39.3,0.11081909767849323,0.056948268366903344,1,85.69999694824219,-0.0030338390811965243,0.05387082931158988,https://www.sec.gov/Archives/edgar/data/17843/000119312524130672/,primary,conservative,market + industries,0.1662759409949646,232,2023-05-02,2024-04-03,2024-05-01,2024-05-03,0.6148428296032669
CRS,0001193125-24-130672,2024-05-03,2024-05-01,2024-05-03T20:02:35.000Z,sources/earnings/CRS_0001193125-24-130672.html,sources/earnings/CRS_0001193125-24-130672_release.html,2024-05-01,2024-05-02,2024-05-01,date only; next session,"May 1, 2024",0.12,0.38,684.9,690.1,75.9,39.3,0.11081909767849323,0.056948268366903344,1,85.69999694824219,-0.0030338390811965243,0.05387082931158988,https://www.sec.gov/Archives/edgar/data/17843/000119312524130672/,primary,same_date,market,0.1991555516115782,232,2023-05-01,2024-04-02,2024-04-30,2024-05-02,1.3352994762328196
CRS,0001193125-24-130672,2024-05-03,2024-05-01,2024-05-03T20:02:35.000Z,sources/earnings/CRS_0001193125-24-130672.html,sources/earnings/CRS_0001193125-24-130672_release.html,2024-05-01,2024-05-02,2024-05-01,date only; next session,"May 1, 2024",0.12,0.38,684.9,690.1,75.9,39.3,0.11081909767849323,0.056948268366903344,1,85.69999694824219,-0.0030338390811965243,0.05387082931158988,https://www.sec.gov/Archives/edgar/data/17843/000119312524130672/,primary,same_date,market + industries,0.18592438132374187,232,2023-05-01,2024-04-02,2024-04-30,2024-05-02,0.6247861828918612
CRS,0001193125-24-130672,2024-05-03,2024-05-01,2024-05-03T20:02:35.000Z,sources/earnings/CRS_0001193125-24-130672.html,sources/earnings/CRS_0001193125-24-130672_release.html,2024-05-01,2024-05-02,2024-05-01,date only; next session,"May 1, 2024",0.12,0.38,684.9,690.1,75.9,39.3,0.11081909767849323,0.056948268366903344,1,85.69999694824219,-0.0030338390811965243,0.05387082931158988,https://www.sec.gov/Archives/edgar/data/17843/000119312524130672/,short,conservative,market,0.023520653160926275,232,2023-05-02,2024-04-03,2024-05-02,2024-05-03,1.3325271376861718
CRS,0001193125-24-130672,2024-05-03,2024-05-01,2024-05-03T20:02:35.000Z,sources/earnings/CRS_0001193125-24-130672.html,sources/earnings/CRS_0001193125-24-130672_release.html,2024-05-01,2024-05-02,2024-05-01,date only; next session,"May 1, 2024",0.12,0.38,684.9,690.1,75.9,39.3,0.11081909767849323,0.056948268366903344,1,85.69999694824219,-0.0030338390811965243,0.05387082931158988,https://www.sec.gov/Archives/edgar/data/17843/000119312524130672/,short,conservative,market + industries,0.018084158820136288,232,2023-05-02,2024-04-03,2024-05-02,2024-05-03,0.6148428296032669
CRS,0001193125-24-130672,2024-05-03,2024-05-01,2024-05-03T20:02:35.000Z,sources/earnings/CRS_0001193125-24-130672.html,sources/earnings/CRS_0001193125-24-130672_release.html,2024-05-01,2024-05-02,2024-05-01,date only; next session,"May 1, 2024",0.12,0.38,684.9,690.1,75.9,39.3,0.11081909767849323,0.056948268366903344,1,85.69999694824219,-0.0030338390811965243,0.05387082931158988,https://www.sec.gov/Archives/edgar/data/17843/000119312524130672/,short,same_date,market,0.15471220774887304,232,2023-05-01,2024-04-02,2024-05-01,2024-05-02,1.3352994762328196
CRS,0001193125-24-130672,2024-05-03,2024-05-01,2024-05-03T20:02:35.000Z,sources/earnings/CRS_0001193125-24-130672.html,sources/earnings/CRS_0001193125-24-130672_release.html,2024-05-01,2024-05-02,2024-05-01,date only; next session,"May 1, 2024",0.12,0.38,684.9,690.1,75.9,39.3,0.11081909767849323,0.056948268366903344,1,85.69999694824219,-0.0030338390811965243,0.05387082931158988,https://www.sec.gov/Archives/edgar/data/17843/000119312524130672/,short,same_date,market + industries,0.1420059742246515,232,2023-05-01,2024-04-02,2024-05-01,2024-05-02,0.6247861828918612
CRS,0001193125-24-130672,2024-05-03,2024-05-01,2024-05-03T20:02:35.000Z,sources/earnings/CRS_0001193125-24-130672.html,sources/earnings/CRS_0001193125-24-130672_release.html,2024-05-01,2024-05-02,2024-05-01,date only; next session,"May 1, 2024",0.12,0.38,684.9,690.1,75.9,39.3,0.11081909767849323,0.056948268366903344,1,85.69999694824219,-0.0030338390811965243,0.05387082931158988,https://www.sec.gov/Archives/edgar/data/17843/000119312524130672/,wide,conservative,market,0.1739886150902498,232,2023-05-02,2024-04-03,2024-05-01,2024-05-09,1.3325271376861718
CRS,0001193125-24-130672,2024-05-03,2024-05-01,2024-05-03T20:02:35.000Z,sources/earnings/CRS_0001193125-24-130672.html,sources/earnings/CRS_0001193125-24-130672_release.html,2024-05-01,2024-05-02,2024-05-01,date only; next session,"May 1, 2024",0.12,0.38,684.9,690.1,75.9,39.3,0.11081909767849323,0.056948268366903344,1,85.69999694824219,-0.0030338390811965243,0.05387082931158988,https://www.sec.gov/Archives/edgar/data/17843/000119312524130672/,wide,conservative,market + industries,0.15612140932152277,232,2023-05-02,2024-04-03,2024-05-01,2024-05-09,0.6148428296032669
CRS,0001193125-24-130672,2024-05-03,2024-05-01,2024-05-03T20:02:35.000Z,sources/earnings/CRS_0001193125-24-130672.html,sources/earnings/CRS_0001193125-24-130672_release.html,2024-05-01,2024-05-02,2024-05-01,date only; next session,"May 1, 2024",0.12,0.38,684.9,690.1,75.9,39.3,0.11081909767849323,0.056948268366903344,1,85.69999694824219,-0.0030338390811965243,0.05387082931158988,https://www.sec.gov/Archives/edgar/data/17843/000119312524130672/,wide,same_date,market,0.20303854511918865,232,2023-05-01,2024-04-02,2024-04-30,2024-05-08,1.3352994762328196
CRS,0001193125-24-130672,2024-05-03,2024-05-01,2024-05-03T20:02:35.000Z,sources/earnings/CRS_0001193125-24-130672.html,sources/earnings/CRS_0001193125-24-130672_release.html,2024-05-01,2024-05-02,2024-05-01,date only; next session,"May 1, 2024",0.12,0.38,684.9,690.1,75.9,39.3,0.11081909767849323,0.056948268366903344,1,85.69999694824219,-0.0030338390811965243,0.05387082931158988,https://www.sec.gov/Archives/edgar/data/17843/000119312524130672/,wide,same_date,market + industries,0.18994902835409255,232,2023-05-01,2024-04-02,2024-04-30,2024-05-08,0.6247861828918612
CRS,0001193125-24-187540,2024-07-29,2024-07-25,2024-07-29T20:01:31.000Z,sources/earnings/CRS_0001193125-24-187540.html,sources/earnings/CRS_0001193125-24-187540_release.html,2024-07-25,2024-07-26,2024-07-25,date only; next session,"July 25, 2024",1.85,0.78,798.7,758.1,108.3,62.9,0.1355953424314511,0.0829705843556259,1,121.5,0.008806584362139918,0.0526247580758252,https://www.sec.gov/Archives/edgar/data/17843/000119312524187540/,primary,conservative,market,0.13961922698852583,232,2023-07-26,2024-06-26,2024-07-25,2024-07-29,1.2075504239250296
CRS,0001193125-24-187540,2024-07-29,2024-07-25,2024-07-29T20:01:31.000Z,sources/earnings/CRS_0001193125-24-187540.html,sources/earnings/CRS_0001193125-24-187540_release.html,2024-07-25,2024-07-26,2024-07-25,date only; next session,"July 25, 2024",1.85,0.78,798.7,758.1,108.3,62.9,0.1355953424314511,0.0829705843556259,1,121.5,0.008806584362139918,0.0526247580758252,https://www.sec.gov/Archives/edgar/data/17843/000119312524187540/,primary,conservative,market + industries,0.11522690809245797,232,2023-07-26,2024-06-26,2024-07-25,2024-07-29,0.8065632779221347
CRS,0001193125-24-187540,2024-07-29,2024-07-25,2024-07-29T20:01:31.000Z,sources/earnings/CRS_0001193125-24-187540.html,sources/earnings/CRS_0001193125-24-187540_release.html,2024-07-25,2024-07-26,2024-07-25,date only; next session,"July 25, 2024",1.85,0.78,798.7,758.1,108.3,62.9,0.1355953424314511,0.0829705843556259,1,121.5,0.008806584362139918,0.0526247580758252,https://www.sec.gov/Archives/edgar/data/17843/000119312524187540/,primary,same_date,market,0.14128356312057275,232,2023-07-25,2024-06-25,2024-07-24,2024-07-26,1.2063595282844433
CRS,0001193125-24-187540,2024-07-29,2024-07-25,2024-07-29T20:01:31.000Z,sources/earnings/CRS_0001193125-24-187540.html,sources/earnings/CRS_0001193125-24-187540_release.html,2024-07-25,2024-07-26,2024-07-25,date only; next session,"July 25, 2024",1.85,0.78,798.7,758.1,108.3,62.9,0.1355953424314511,0.0829705843556259,1,121.5,0.008806584362139918,0.0526247580758252,https://www.sec.gov/Archives/edgar/data/17843/000119312524187540/,primary,same_date,market + industries,0.12496141866462208,232,2023-07-25,2024-06-25,2024-07-24,2024-07-26,0.8077953391908408
CRS,0001193125-24-187540,2024-07-29,2024-07-25,2024-07-29T20:01:31.000Z,sources/earnings/CRS_0001193125-24-187540.html,sources/earnings/CRS_0001193125-24-187540_release.html,2024-07-25,2024-07-26,2024-07-25,date only; next session,"July 25, 2024",1.85,0.78,798.7,758.1,108.3,62.9,0.1355953424314511,0.0829705843556259,1,121.5,0.008806584362139918,0.0526247580758252,https://www.sec.gov/Archives/edgar/data/17843/000119312524187540/,short,conservative,market,0.02620278020868405,232,2023-07-26,2024-06-26,2024-07-26,2024-07-29,1.2075504239250296
CRS,0001193125-24-187540,2024-07-29,2024-07-25,2024-07-29T20:01:31.000Z,sources/earnings/CRS_0001193125-24-187540.html,sources/earnings/CRS_0001193125-24-187540_release.html,2024-07-25,2024-07-26,2024-07-25,date only; next session,"July 25, 2024",1.85,0.78,798.7,758.1,108.3,62.9,0.1355953424314511,0.0829705843556259,1,121.5,0.008806584362139918,0.0526247580758252,https://www.sec.gov/Archives/edgar/data/17843/000119312524187540/,short,conservative,market + industries,0.02504788334661842,232,2023-07-26,2024-06-26,2024-07-26,2024-07-29,0.8065632779221347
CRS,0001193125-24-187540,2024-07-29,2024-07-25,2024-07-29T20:01:31.000Z,sources/earnings/CRS_0001193125-24-187540.html,sources/earnings/CRS_0001193125-24-187540_release.html,2024-07-25,2024-07-26,2024-07-25,date only; next session,"July 25, 2024",1.85,0.78,798.7,758.1,108.3,62.9,0.1355953424314511,0.0829705843556259,1,121.5,0.008806584362139918,0.0526247580758252,https://www.sec.gov/Archives/edgar/data/17843/000119312524187540/,short,same_date,market,0.1428677461817567,232,2023-07-25,2024-06-25,2024-07-25,2024-07-26,1.2063595282844433
CRS,0001193125-24-187540,2024-07-29,2024-07-25,2024-07-29T20:01:31.000Z,sources/earnings/CRS_0001193125-24-187540.html,sources/earnings/CRS_0001193125-24-187540_release.html,2024-07-25,2024-07-26,2024-07-25,date only; next session,"July 25, 2024",1.85,0.78,798.7,758.1,108.3,62.9,0.1355953424314511,0.0829705843556259,1,121.5,0.008806584362139918,0.0526247580758252,https://www.sec.gov/Archives/edgar/data/17843/000119312524187540/,short,same_date,market + industries,0.11831013716694413,232,2023-07-25,2024-06-25,2024-07-25,2024-07-26,0.8077953391908408
CRS,0001193125-24-187540,2024-07-29,2024-07-25,2024-07-29T20:01:31.000Z,sources/earnings/CRS_0001193125-24-187540.html,sources/earnings/CRS_0001193125-24-187540_release.html,2024-07-25,2024-07-26,2024-07-25,date only; next session,"July 25, 2024",1.85,0.78,798.7,758.1,108.3,62.9,0.1355953424314511,0.0829705843556259,1,121.5,0.008806584362139918,0.0526247580758252,https://www.sec.gov/Archives/edgar/data/17843/000119312524187540/,wide,conservative,market,0.12618391067452317,232,2023-07-26,2024-06-26,2024-07-25,2024-08-02,1.2075504239250296
CRS,0001193125-24-187540,2024-07-29,2024-07-25,2024-07-29T20:01:31.000Z,sources/earnings/CRS_0001193125-24-187540.html,sources/earnings/CRS_0001193125-24-187540_release.html,2024-07-25,2024-07-26,2024-07-25,date only; next session,"July 25, 2024",1.85,0.78,798.7,758.1,108.3,62.9,0.1355953424314511,0.0829705843556259,1,121.5,0.008806584362139918,0.0526247580758252,https://www.sec.gov/Archives/edgar/data/17843/000119312524187540/,wide,conservative,market + industries,0.10995614206400275,232,2023-07-26,2024-06-26,2024-07-25,2024-08-02,0.8065632779221347
CRS,0001193125-24-187540,2024-07-29,2024-07-25,2024-07-29T20:01:31.000Z,sources/earnings/CRS_0001193125-24-187540.html,sources/earnings/CRS_0001193125-24-187540_release.html,2024-07-25,2024-07-26,2024-07-25,date only; next session,"July 25, 2024",1.85,0.78,798.7,758.1,108.3,62.9,0.1355953424314511,0.0829705843556259,1,121.5,0.008806584362139918,0.0526247580758252,https://www.sec.gov/Archives/edgar/data/17843/000119312524187540/,wide,same_date,market,0.15952243990730167,232,2023-07-25,2024-06-25,2024-07-24,2024-08-01,1.2063595282844433
CRS,0001193125-24-187540,2024-07-29,2024-07-25,2024-07-29T20:01:31.000Z,sources/earnings/CRS_0001193125-24-187540.html,sources/earnings/CRS_0001193125-24-187540_release.html,2024-07-25,2024-07-26,2024-07-25,date only; next session,"July 25, 2024",1.85,0.78,798.7,758.1,108.3,62.9,0.1355953424314511,0.0829705843556259,1,121.5,0.008806584362139918,0.0526247580758252,https://www.sec.gov/Archives/edgar/data/17843/000119312524187540/,wide,same_date,market + industries,0.13832721852498595,232,2023-07-25,2024-06-25,2024-07-24,2024-08-01,0.8077953391908408
CRS,0001193125-24-246614,2024-10-29,2024-10-24,2024-10-29T20:48:30.000Z,sources/earnings/CRS_0001193125-24-246614.html,sources/earnings/CRS_0001193125-24-246614_release.html,2024-10-24,2024-10-25,2024-10-24,date only; next session,"October 24, 2024",1.67,0.88,717.6,651.9,113.6,69.0,0.15830546265328874,0.1058444546709618,1,156.75999450683594,0.005039551082438637,0.05246100798232693,https://www.sec.gov/Archives/edgar/data/17843/000119312524246614/,primary,conservative,market,0.04577194675728318,232,2023-10-25,2024-09-26,2024-10-24,2024-10-28,1.2044867274096682
CRS,0001193125-24-246614,2024-10-29,2024-10-24,2024-10-29T20:48:30.000Z,sources/earnings/CRS_0001193125-24-246614.html,sources/earnings/CRS_0001193125-24-246614_release.html,2024-10-24,2024-10-25,2024-10-24,date only; next session,"October 24, 2024",1.67,0.88,717.6,651.9,113.6,69.0,0.15830546265328874,0.1058444546709618,1,156.75999450683594,0.005039551082438637,0.05246100798232693,https://www.sec.gov/Archives/edgar/data/17843/000119312524246614/,primary,conservative,market + industries,0.07512732941571253,232,2023-10-25,2024-09-26,2024-10-24,2024-10-28,0.30960781348646627
CRS,0001193125-24-246614,2024-10-29,2024-10-24,2024-10-29T20:48:30.000Z,sources/earnings/CRS_0001193125-24-246614.html,sources/earnings/CRS_0001193125-24-246614_release.html,2024-10-24,2024-10-25,2024-10-24,date only; next session,"October 24, 2024",1.67,0.88,717.6,651.9,113.6,69.0,0.15830546265328874,0.1058444546709618,1,156.75999450683594,0.005039551082438637,0.05246100798232693,https://www.sec.gov/Archives/edgar/data/17843/000119312524246614/,primary,same_date,market,-0.0025360103882795335,232,2023-10-24,2024-09-25,2024-10-23,2024-10-25,1.2143063145754989
CRS,0001193125-24-246614,2024-10-29,2024-10-24,2024-10-29T20:48:30.000Z,sources/earnings/CRS_0001193125-24-246614.html,sources/earnings/CRS_0001193125-24-246614_release.html,2024-10-24,2024-10-25,2024-10-24,date only; next session,"October 24, 2024",1.67,0.88,717.6,651.9,113.6,69.0,0.15830546265328874,0.1058444546709618,1,156.75999450683594,0.005039551082438637,0.05246100798232693,https://www.sec.gov/Archives/edgar/data/17843/000119312524246614/,primary,same_date,market + industries,0.0018507414693830168,232,2023-10-24,2024-09-25,2024-10-23,2024-10-25,0.2823264982692596
CRS,0001193125-24-246614,2024-10-29,2024-10-24,2024-10-29T20:48:30.000Z,sources/earnings/CRS_0001193125-24-246614.html,sources/earnings/CRS_0001193125-24-246614_release.html,2024-10-24,2024-10-25,2024-10-24,date only; next session,"October 24, 2024",1.67,0.88,717.6,651.9,113.6,69.0,0.15830546265328874,0.1058444546709618,1,156.75999450683594,0.005039551082438637,0.05246100798232693,https://www.sec.gov/Archives/edgar/data/17843/000119312524246614/,short,conservative,market,0.06635075574027059,232,2023-10-25,2024-09-26,2024-10-25,2024-10-28,1.2044867274096682
CRS,0001193125-24-246614,2024-10-29,2024-10-24,2024-10-29T20:48:30.000Z,sources/earnings/CRS_0001193125-24-246614.html,sources/earnings/CRS_0001193125-24-246614_release.html,2024-10-24,2024-10-25,2024-10-24,date only; next session,"October 24, 2024",1.67,0.88,717.6,651.9,113.6,69.0,0.15830546265328874,0.1058444546709618,1,156.75999450683594,0.005039551082438637,0.05246100798232693,https://www.sec.gov/Archives/edgar/data/17843/000119312524246614/,short,conservative,market + industries,0.07739052602841444,232,2023-10-25,2024-09-26,2024-10-25,2024-10-28,0.30960781348646627
CRS,0001193125-24-246614,2024-10-29,2024-10-24,2024-10-29T20:48:30.000Z,sources/earnings/CRS_0001193125-24-246614.html,sources/earnings/CRS_0001193125-24-246614_release.html,2024-10-24,2024-10-25,2024-10-24,date only; next session,"October 24, 2024",1.67,0.88,717.6,651.9,113.6,69.0,0.15830546265328874,0.1058444546709618,1,156.75999450683594,0.005039551082438637,0.05246100798232693,https://www.sec.gov/Archives/edgar/data/17843/000119312524246614/,short,same_date,market,-0.01616454432893296,232,2023-10-24,2024-09-25,2024-10-24,2024-10-25,1.2143063145754989
CRS,0001193125-24-246614,2024-10-29,2024-10-24,2024-10-29T20:48:30.000Z,sources/earnings/CRS_0001193125-24-246614.html,sources/earnings/CRS_0001193125-24-246614_release.html,2024-10-24,2024-10-25,2024-10-24,date only; next session,"October 24, 2024",1.67,0.88,717.6,651.9,113.6,69.0,0.15830546265328874,0.1058444546709618,1,156.75999450683594,0.005039551082438637,0.05246100798232693,https://www.sec.gov/Archives/edgar/data/17843/000119312524246614/,short,same_date,market + industries,0.00020755584478469175,232,2023-10-24,2024-09-25,2024-10-24,2024-10-25,0.2823264982692596
CRS,0001193125-24-246614,2024-10-29,2024-10-24,2024-10-29T20:48:30.000Z,sources/earnings/CRS_0001193125-24-246614.html,sources/earnings/CRS_0001193125-24-246614_release.html,2024-10-24,2024-10-25,2024-10-24,date only; next session,"October 24, 2024",1.67,0.88,717.6,651.9,113.6,69.0,0.15830546265328874,0.1058444546709618,1,156.75999450683594,0.005039551082438637,0.05246100798232693,https://www.sec.gov/Archives/edgar/data/17843/000119312524246614/,wide,conservative,market,-0.008178226309725603,232,2023-10-25,2024-09-26,2024-10-24,2024-11-01,1.2044867274096682
CRS,0001193125-24-246614,2024-10-29,2024-10-24,2024-10-29T20:48:30.000Z,sources/earnings/CRS_0001193125-24-246614.html,sources/earnings/CRS_0001193125-24-246614_release.html,2024-10-24,2024-10-25,2024-10-24,date only; next session,"October 24, 2024",1.67,0.88,717.6,651.9,113.6,69.0,0.15830546265328874,0.1058444546709618,1,156.75999450683594,0.005039551082438637,0.05246100798232693,https://www.sec.gov/Archives/edgar/data/17843/000119312524246614/,wide,conservative,market + industries,0.05036447514854977,232,2023-10-25,2024-09-26,2024-10-24,2024-11-01,0.30960781348646627
CRS,0001193125-24-246614,2024-10-29,2024-10-24,2024-10-29T20:48:30.000Z,sources/earnings/CRS_0001193125-24-246614.html,sources/earnings/CRS_0001193125-24-246614_release.html,2024-10-24,2024-10-25,2024-10-24,date only; next session,"October 24, 2024",1.67,0.88,717.6,651.9,113.6,69.0,0.15830546265328874,0.1058444546709618,1,156.75999450683594,0.005039551082438637,0.05246100798232693,https://www.sec.gov/Archives/edgar/data/17843/000119312524246614/,wide,same_date,market,-0.026925438081002527,232,2023-10-24,2024-09-25,2024-10-23,2024-10-31,1.2143063145754989
CRS,0001193125-24-246614,2024-10-29,2024-10-24,2024-10-29T20:48:30.000Z,sources/earnings/CRS_0001193125-24-246614.html,sources/earnings/CRS_0001193125-24-246614_release.html,2024-10-24,2024-10-25,2024-10-24,date only; next session,"October 24, 2024",1.67,0.88,717.6,651.9,113.6,69.0,0.15830546265328874,0.1058444546709618,1,156.75999450683594,0.005039551082438637,0.05246100798232693,https://www.sec.gov/Archives/edgar/data/17843/000119312524246614/,wide,same_date,market + industries,0.01542405945437677,232,2023-10-24,2024-09-25,2024-10-23,2024-10-31,0.2823264982692596
CRS,0001193125-25-019386,2025-02-03,2025-01-30,2025-02-03T22:24:38.000Z,sources/earnings/CRS_0001193125-25-019386.html,sources/earnings/CRS_0001193125-25-019386_release.html,2025-01-30,2025-01-31,2025-01-30,date only; next session,"January 30, 2025",1.66,0.85,676.9,624.2,118.9,69.8,0.17565371546757277,0.1118231336110221,1,209.1100006103516,0.0038735593593599866,0.06383058185655067,https://www.sec.gov/Archives/edgar/data/17843/000119312525019386/,primary,conservative,market,-0.08631266615269298,232,2024-01-30,2024-12-30,2025-01-30,2025-02-03,1.5017927266732387
CRS,0001193125-25-019386,2025-02-03,2025-01-30,2025-02-03T22:24:38.000Z,sources/earnings/CRS_0001193125-25-019386.html,sources/earnings/CRS_0001193125-25-019386_release.html,2025-01-30,2025-01-31,2025-01-30,date only; next session,"January 30, 2025",1.66,0.85,676.9,624.2,118.9,69.8,0.17565371546757277,0.1118231336110221,1,209.1100006103516,0.0038735593593599866,0.06383058185655067,https://www.sec.gov/Archives/edgar/data/17843/000119312525019386/,primary,conservative,market + industries,-0.1100444145297142,232,2024-01-30,2024-12-30,2025-01-30,2025-02-03,0.8057691789297652
CRS,0001193125-25-019386,2025-02-03,2025-01-30,2025-02-03T22:24:38.000Z,sources/earnings/CRS_0001193125-25-019386.html,sources/earnings/CRS_0001193125-25-019386_release.html,2025-01-30,2025-01-31,2025-01-30,date only; next session,"January 30, 2025",1.66,0.85,676.9,624.2,118.9,69.8,0.17565371546757277,0.1118231336110221,1,209.1100006103516,0.0038735593593599866,0.06383058185655067,https://www.sec.gov/Archives/edgar/data/17843/000119312525019386/,primary,same_date,market,-0.06576268401122003,232,2024-01-29,2024-12-27,2025-01-29,2025-01-31,1.5032105411487438
CRS,0001193125-25-019386,2025-02-03,2025-01-30,2025-02-03T22:24:38.000Z,sources/earnings/CRS_0001193125-25-019386.html,sources/earnings/CRS_0001193125-25-019386_release.html,2025-01-30,2025-01-31,2025-01-30,date only; next session,"January 30, 2025",1.66,0.85,676.9,624.2,118.9,69.8,0.17565371546757277,0.1118231336110221,1,209.1100006103516,0.0038735593593599866,0.06383058185655067,https://www.sec.gov/Archives/edgar/data/17843/000119312525019386/,primary,same_date,market + industries,-0.07853784868566573,232,2024-01-29,2024-12-27,2025-01-29,2025-01-31,0.8238351315587364
CRS,0001193125-25-019386,2025-02-03,2025-01-30,2025-02-03T22:24:38.000Z,sources/earnings/CRS_0001193125-25-019386.html,sources/earnings/CRS_0001193125-25-019386_release.html,2025-01-30,2025-01-31,2025-01-30,date only; next session,"January 30, 2025",1.66,0.85,676.9,624.2,118.9,69.8,0.17565371546757277,0.1118231336110221,1,209.1100006103516,0.0038735593593599866,0.06383058185655067,https://www.sec.gov/Archives/edgar/data/17843/000119312525019386/,short,conservative,market,-0.001160304379774961,232,2024-01-30,2024-12-30,2025-01-31,2025-02-03,1.5017927266732387
CRS,0001193125-25-019386,2025-02-03,2025-01-30,2025-02-03T22:24:38.000Z,sources/earnings/CRS_0001193125-25-019386.html,sources/earnings/CRS_0001193125-25-019386_release.html,2025-01-30,2025-01-31,2025-01-30,date only; next session,"January 30, 2025",1.66,0.85,676.9,624.2,118.9,69.8,0.17565371546757277,0.1118231336110221,1,209.1100006103516,0.0038735593593599866,0.06383058185655067,https://www.sec.gov/Archives/edgar/data/17843/000119312525019386/,short,conservative,market + industries,-0.0069281943599331115,232,2024-01-30,2024-12-30,2025-01-31,2025-02-03,0.8057691789297652
CRS,0001193125-25-019386,2025-02-03,2025-01-30,2025-02-03T22:24:38.000Z,sources/earnings/CRS_0001193125-25-019386.html,sources/earnings/CRS_0001193125-25-019386_release.html,2025-01-30,2025-01-31,2025-01-30,date only; next session,"January 30, 2025",1.66,0.85,676.9,624.2,118.9,69.8,0.17565371546757277,0.1118231336110221,1,209.1100006103516,0.0038735593593599866,0.06383058185655067,https://www.sec.gov/Archives/edgar/data/17843/000119312525019386/,short,same_date,market,-0.08352335964250673,232,2024-01-29,2024-12-27,2025-01-30,2025-01-31,1.5032105411487438
CRS,0001193125-25-019386,2025-02-03,2025-01-30,2025-02-03T22:24:38.000Z,sources/earnings/CRS_0001193125-25-019386.html,sources/earnings/CRS_0001193125-25-019386_release.html,2025-01-30,2025-01-31,2025-01-30,date only; next session,"January 30, 2025",1.66,0.85,676.9,624.2,118.9,69.8,0.17565371546757277,0.1118231336110221,1,209.1100006103516,0.0038735593593599866,0.06383058185655067,https://www.sec.gov/Archives/edgar/data/17843/000119312525019386/,short,same_date,market + industries,-0.10046185959197258,232,2024-01-29,2024-12-27,2025-01-30,2025-01-31,0.8238351315587364
CRS,0001193125-25-019386,2025-02-03,2025-01-30,2025-02-03T22:24:38.000Z,sources/earnings/CRS_0001193125-25-019386.html,sources/earnings/CRS_0001193125-25-019386_release.html,2025-01-30,2025-01-31,2025-01-30,date only; next session,"January 30, 2025",1.66,0.85,676.9,624.2,118.9,69.8,0.17565371546757277,0.1118231336110221,1,209.1100006103516,0.0038735593593599866,0.06383058185655067,https://www.sec.gov/Archives/edgar/data/17843/000119312525019386/,wide,conservative,market,-0.12334869967088244,232,2024-01-30,2024-12-30,2025-01-30,2025-02-07,1.5017927266732387
CRS,0001193125-25-019386,2025-02-03,2025-01-30,2025-02-03T22:24:38.000Z,sources/earnings/CRS_0001193125-25-019386.html,sources/earnings/CRS_0001193125-25-019386_release.html,2025-01-30,2025-01-31,2025-01-30,date only; next session,"January 30, 2025",1.66,0.85,676.9,624.2,118.9,69.8,0.17565371546757277,0.1118231336110221,1,209.1100006103516,0.0038735593593599866,0.06383058185655067,https://www.sec.gov/Archives/edgar/data/17843/000119312525019386/,wide,conservative,market + industries,-0.13959391627291598,232,2024-01-30,2024-12-30,2025-01-30,2025-02-07,0.8057691789297652
CRS,0001193125-25-019386,2025-02-03,2025-01-30,2025-02-03T22:24:38.000Z,sources/earnings/CRS_0001193125-25-019386.html,sources/earnings/CRS_0001193125-25-019386_release.html,2025-01-30,2025-01-31,2025-01-30,date only; next session,"January 30, 2025",1.66,0.85,676.9,624.2,118.9,69.8,0.17565371546757277,0.1118231336110221,1,209.1100006103516,0.0038735593593599866,0.06383058185655067,https://www.sec.gov/Archives/edgar/data/17843/000119312525019386/,wide,same_date,market,-0.10534696758313894,232,2024-01-29,2024-12-27,2025-01-29,2025-02-06,1.5032105411487438
CRS,0001193125-25-019386,2025-02-03,2025-01-30,2025-02-03T22:24:38.000Z,sources/earnings/CRS_0001193125-25-019386.html,sources/earnings/CRS_0001193125-25-019386_release.html,2025-01-30,2025-01-31,2025-01-30,date only; next session,"January 30, 2025",1.66,0.85,676.9,624.2,118.9,69.8,0.17565371546757277,0.1118231336110221,1,209.1100006103516,0.0038735593593599866,0.06383058185655067,https://www.sec.gov/Archives/edgar/data/17843/000119312525019386/,wide,same_date,market + industries,-0.11451358141669273,232,2024-01-29,2024-12-27,2025-01-29,2025-02-06,0.8238351315587364
CRS,0001193125-25-103769,2025-04-29,2025-04-24,2025-04-29T20:05:33.000Z,sources/earnings/CRS_0001193125-25-103769.html,sources/earnings/CRS_0001193125-25-103769_release.html,2025-04-24,2025-04-25,2025-04-24,date only; next session,"April 24, 2025",1.88,0.12,727.0,684.9,137.8,75.9,0.1895460797799175,0.11081909767849323,1,190.72999572753903,0.009227704291013506,0.07872698210142427,https://www.sec.gov/Archives/edgar/data/17843/000119312525103769/,primary,conservative,market,-0.01280105220660102,232,2024-04-23,2025-03-26,2025-04-24,2025-04-28,1.6333782349339192
CRS,0001193125-25-103769,2025-04-29,2025-04-24,2025-04-29T20:05:33.000Z,sources/earnings/CRS_0001193125-25-103769.html,sources/earnings/CRS_0001193125-25-103769_release.html,2025-04-24,2025-04-25,2025-04-24,date only; next session,"April 24, 2025",1.88,0.12,727.0,684.9,137.8,75.9,0.1895460797799175,0.11081909767849323,1,190.72999572753903,0.009227704291013506,0.07872698210142427,https://www.sec.gov/Archives/edgar/data/17843/000119312525103769/,primary,conservative,market + industries,-0.023877010285971396,232,2024-04-23,2025-03-26,2025-04-24,2025-04-28,0.8618736740650439
CRS,0001193125-25-103769,2025-04-29,2025-04-24,2025-04-29T20:05:33.000Z,sources/earnings/CRS_0001193125-25-103769.html,sources/earnings/CRS_0001193125-25-103769_release.html,2025-04-24,2025-04-25,2025-04-24,date only; next session,"April 24, 2025",1.88,0.12,727.0,684.9,137.8,75.9,0.1895460797799175,0.11081909767849323,1,190.72999572753903,0.009227704291013506,0.07872698210142427,https://www.sec.gov/Archives/edgar/data/17843/000119312525103769/,primary,same_date,market,0.03819515762481467,232,2024-04-22,2025-03-25,2025-04-23,2025-04-25,1.619591953858048
CRS,0001193125-25-103769,2025-04-29,2025-04-24,2025-04-29T20:05:33.000Z,sources/earnings/CRS_0001193125-25-103769.html,sources/earnings/CRS_0001193125-25-103769_release.html,2025-04-24,2025-04-25,2025-04-24,date only; next session,"April 24, 2025",1.88,0.12,727.0,684.9,137.8,75.9,0.1895460797799175,0.11081909767849323,1,190.72999572753903,0.009227704291013506,0.07872698210142427,https://www.sec.gov/Archives/edgar/data/17843/000119312525103769/,primary,same_date,market + industries,0.018069531624120755,232,2024-04-22,2025-03-25,2025-04-23,2025-04-25,0.858628023432408
CRS,0001193125-25-103769,2025-04-29,2025-04-24,2025-04-29T20:05:33.000Z,sources/earnings/CRS_0001193125-25-103769.html,sources/earnings/CRS_0001193125-25-103769_release.html,2025-04-24,2025-04-25,2025-04-24,date only; next session,"April 24, 2025",1.88,0.12,727.0,684.9,137.8,75.9,0.1895460797799175,0.11081909767849323,1,190.72999572753903,0.009227704291013506,0.07872698210142427,https://www.sec.gov/Archives/edgar/data/17843/000119312525103769/,short,conservative,market,-0.0207282683983515,232,2024-04-23,2025-03-26,2025-04-25,2025-04-28,1.6333782349339192
CRS,0001193125-25-103769,2025-04-29,2025-04-24,2025-04-29T20:05:33.000Z,sources/earnings/CRS_0001193125-25-103769.html,sources/earnings/CRS_0001193125-25-103769_release.html,2025-04-24,2025-04-25,2025-04-24,date only; next session,"April 24, 2025",1.88,0.12,727.0,684.9,137.8,75.9,0.1895460797799175,0.11081909767849323,1,190.72999572753903,0.009227704291013506,0.07872698210142427,https://www.sec.gov/Archives/edgar/data/17843/000119312525103769/,short,conservative,market + industries,-0.032090095980860975,232,2024-04-23,2025-03-26,2025-04-25,2025-04-28,0.8618736740650439
CRS,0001193125-25-103769,2025-04-29,2025-04-24,2025-04-29T20:05:33.000Z,sources/earnings/CRS_0001193125-25-103769.html,sources/earnings/CRS_0001193125-25-103769_release.html,2025-04-24,2025-04-25,2025-04-24,date only; next session,"April 24, 2025",1.88,0.12,727.0,684.9,137.8,75.9,0.1895460797799175,0.11081909767849323,1,190.72999572753903,0.009227704291013506,0.07872698210142427,https://www.sec.gov/Archives/edgar/data/17843/000119312525103769/,short,same_date,market,-0.008760793081185249,232,2024-04-22,2025-03-25,2025-04-24,2025-04-25,1.619591953858048
CRS,0001193125-25-103769,2025-04-29,2025-04-24,2025-04-29T20:05:33.000Z,sources/earnings/CRS_0001193125-25-103769.html,sources/earnings/CRS_0001193125-25-103769_release.html,2025-04-24,2025-04-25,2025-04-24,date only; next session,"April 24, 2025",1.88,0.12,727.0,684.9,137.8,75.9,0.1895460797799175,0.11081909767849323,1,190.72999572753903,0.009227704291013506,0.07872698210142427,https://www.sec.gov/Archives/edgar/data/17843/000119312525103769/,short,same_date,market + industries,-0.014413265154753191,232,2024-04-22,2025-03-25,2025-04-24,2025-04-25,0.858628023432408
CRS,0001193125-25-103769,2025-04-29,2025-04-24,2025-04-29T20:05:33.000Z,sources/earnings/CRS_0001193125-25-103769.html,sources/earnings/CRS_0001193125-25-103769_release.html,2025-04-24,2025-04-25,2025-04-24,date only; next session,"April 24, 2025",1.88,0.12,727.0,684.9,137.8,75.9,0.1895460797799175,0.11081909767849323,1,190.72999572753903,0.009227704291013506,0.07872698210142427,https://www.sec.gov/Archives/edgar/data/17843/000119312525103769/,wide,conservative,market,-0.0021251773805723434,232,2024-04-23,2025-03-26,2025-04-24,2025-05-02,1.6333782349339192
CRS,0001193125-25-103769,2025-04-29,2025-04-24,2025-04-29T20:05:33.000Z,sources/earnings/CRS_0001193125-25-103769.html,sources/earnings/CRS_0001193125-25-103769_release.html,2025-04-24,2025-04-25,2025-04-24,date only; next session,"April 24, 2025",1.88,0.12,727.0,684.9,137.8,75.9,0.1895460797799175,0.11081909767849323,1,190.72999572753903,0.009227704291013506,0.07872698210142427,https://www.sec.gov/Archives/edgar/data/17843/000119312525103769/,wide,conservative,market + industries,-0.02398810252439918,232,2024-04-23,2025-03-26,2025-04-24,2025-05-02,0.8618736740650439
CRS,0001193125-25-103769,2025-04-29,2025-04-24,2025-04-29T20:05:33.000Z,sources/earnings/CRS_0001193125-25-103769.html,sources/earnings/CRS_0001193125-25-103769_release.html,2025-04-24,2025-04-25,2025-04-24,date only; next session,"April 24, 2025",1.88,0.12,727.0,684.9,137.8,75.9,0.1895460797799175,0.11081909767849323,1,190.72999572753903,0.009227704291013506,0.07872698210142427,https://www.sec.gov/Archives/edgar/data/17843/000119312525103769/,wide,same_date,market,0.019662249486552204,232,2024-04-22,2025-03-25,2025-04-23,2025-05-01,1.619591953858048
CRS,0001193125-25-103769,2025-04-29,2025-04-24,2025-04-29T20:05:33.000Z,sources/earnings/CRS_0001193125-25-103769.html,sources/earnings/CRS_0001193125-25-103769_release.html,2025-04-24,2025-04-25,2025-04-24,date only; next session,"April 24, 2025",1.88,0.12,727.0,684.9,137.8,75.9,0.1895460797799175,0.11081909767849323,1,190.72999572753903,0.009227704291013506,0.07872698210142427,https://www.sec.gov/Archives/edgar/data/17843/000119312525103769/,wide,same_date,market + industries,-0.011782240170247083,232,2024-04-22,2025-03-25,2025-04-23,2025-05-01,0.858628023432408
CRS,0001193125-25-174450,2025-08-06,2025-07-31,2025-08-06T20:06:01.000Z,sources/earnings/CRS_0001193125-25-174450.html,sources/earnings/CRS_0001193125-25-174450_release.html,2025-07-31,2025-08-01,2025-07-31,date only; next session,"July 31, 2025",2.21,1.85,755.6,798.7,151.4,108.3,0.2003705664372684,0.1355953424314511,1,283.6300048828125,0.0012692592243501923,0.06477522400581728,https://www.sec.gov/Archives/edgar/data/17843/000119312525174450/,primary,conservative,market,-0.10436282464142152,232,2024-07-30,2025-07-02,2025-07-31,2025-08-04,1.6006926879312293
CRS,0001193125-25-174450,2025-08-06,2025-07-31,2025-08-06T20:06:01.000Z,sources/earnings/CRS_0001193125-25-174450.html,sources/earnings/CRS_0001193125-25-174450_release.html,2025-07-31,2025-08-01,2025-07-31,date only; next session,"July 31, 2025",2.21,1.85,755.6,798.7,151.4,108.3,0.2003705664372684,0.1355953424314511,1,283.6300048828125,0.0012692592243501923,0.06477522400581728,https://www.sec.gov/Archives/edgar/data/17843/000119312525174450/,primary,conservative,market + industries,-0.10046227923847126,232,2024-07-30,2025-07-02,2025-07-31,2025-08-04,0.6888390199373465
CRS,0001193125-25-174450,2025-08-06,2025-07-31,2025-08-06T20:06:01.000Z,sources/earnings/CRS_0001193125-25-174450.html,sources/earnings/CRS_0001193125-25-174450_release.html,2025-07-31,2025-08-01,2025-07-31,date only; next session,"July 31, 2025",2.21,1.85,755.6,798.7,151.4,108.3,0.2003705664372684,0.1355953424314511,1,283.6300048828125,0.0012692592243501923,0.06477522400581728,https://www.sec.gov/Archives/edgar/data/17843/000119312525174450/,primary,same_date,market,-0.029032916189329572,232,2024-07-29,2025-07-01,2025-07-30,2025-08-01,1.6004469994555255
CRS,0001193125-25-174450,2025-08-06,2025-07-31,2025-08-06T20:06:01.000Z,sources/earnings/CRS_0001193125-25-174450.html,sources/earnings/CRS_0001193125-25-174450_release.html,2025-07-31,2025-08-01,2025-07-31,date only; next session,"July 31, 2025",2.21,1.85,755.6,798.7,151.4,108.3,0.2003705664372684,0.1355953424314511,1,283.6300048828125,0.0012692592243501923,0.06477522400581728,https://www.sec.gov/Archives/edgar/data/17843/000119312525174450/,primary,same_date,market + industries,-0.03634083420122468,232,2024-07-29,2025-07-01,2025-07-30,2025-08-01,0.6893008496139916
CRS,0001193125-25-174450,2025-08-06,2025-07-31,2025-08-06T20:06:01.000Z,sources/earnings/CRS_0001193125-25-174450.html,sources/earnings/CRS_0001193125-25-174450_release.html,2025-07-31,2025-08-01,2025-07-31,date only; next session,"July 31, 2025",2.21,1.85,755.6,798.7,151.4,108.3,0.2003705664372684,0.1355953424314511,1,283.6300048828125,0.0012692592243501923,0.06477522400581728,https://www.sec.gov/Archives/edgar/data/17843/000119312525174450/,short,conservative,market,0.012583433471044507,232,2024-07-30,2025-07-02,2025-08-01,2025-08-04,1.6006926879312293
CRS,0001193125-25-174450,2025-08-06,2025-07-31,2025-08-06T20:06:01.000Z,sources/earnings/CRS_0001193125-25-174450.html,sources/earnings/CRS_0001193125-25-174450_release.html,2025-07-31,2025-08-01,2025-07-31,date only; next session,"July 31, 2025",2.21,1.85,755.6,798.7,151.4,108.3,0.2003705664372684,0.1355953424314511,1,283.6300048828125,0.0012692592243501923,0.06477522400581728,https://www.sec.gov/Archives/edgar/data/17843/000119312525174450/,short,conservative,market + industries,0.006916091255340179,232,2024-07-30,2025-07-02,2025-08-01,2025-08-04,0.6888390199373465
CRS,0001193125-25-174450,2025-08-06,2025-07-31,2025-08-06T20:06:01.000Z,sources/earnings/CRS_0001193125-25-174450.html,sources/earnings/CRS_0001193125-25-174450_release.html,2025-07-31,2025-08-01,2025-07-31,date only; next session,"July 31, 2025",2.21,1.85,755.6,798.7,151.4,108.3,0.2003705664372684,0.1355953424314511,1,283.6300048828125,0.0012692592243501923,0.06477522400581728,https://www.sec.gov/Archives/edgar/data/17843/000119312525174450/,short,same_date,market,-0.05925142383319762,232,2024-07-29,2025-07-01,2025-07-31,2025-08-01,1.6004469994555255
CRS,0001193125-25-174450,2025-08-06,2025-07-31,2025-08-06T20:06:01.000Z,sources/earnings/CRS_0001193125-25-174450.html,sources/earnings/CRS_0001193125-25-174450_release.html,2025-07-31,2025-08-01,2025-07-31,date only; next session,"July 31, 2025",2.21,1.85,755.6,798.7,151.4,108.3,0.2003705664372684,0.1355953424314511,1,283.6300048828125,0.0012692592243501923,0.06477522400581728,https://www.sec.gov/Archives/edgar/data/17843/000119312525174450/,short,same_date,market + industries,-0.059255077606905265,232,2024-07-29,2025-07-01,2025-07-31,2025-08-01,0.6893008496139916
CRS,0001193125-25-174450,2025-08-06,2025-07-31,2025-08-06T20:06:01.000Z,sources/earnings/CRS_0001193125-25-174450.html,sources/earnings/CRS_0001193125-25-174450_release.html,2025-07-31,2025-08-01,2025-07-31,date only; next session,"July 31, 2025",2.21,1.85,755.6,798.7,151.4,108.3,0.2003705664372684,0.1355953424314511,1,283.6300048828125,0.0012692592243501923,0.06477522400581728,https://www.sec.gov/Archives/edgar/data/17843/000119312525174450/,wide,conservative,market,-0.14500508972751694,232,2024-07-30,2025-07-02,2025-07-31,2025-08-08,1.6006926879312293
CRS,0001193125-25-174450,2025-08-06,2025-07-31,2025-08-06T20:06:01.000Z,sources/earnings/CRS_0001193125-25-174450.html,sources/earnings/CRS_0001193125-25-174450_release.html,2025-07-31,2025-08-01,2025-07-31,date only; next session,"July 31, 2025",2.21,1.85,755.6,798.7,151.4,108.3,0.2003705664372684,0.1355953424314511,1,283.6300048828125,0.0012692592243501923,0.06477522400581728,https://www.sec.gov/Archives/edgar/data/17843/000119312525174450/,wide,conservative,market + industries,-0.12599725491255062,232,2024-07-30,2025-07-02,2025-07-31,2025-08-08,0.6888390199373465
CRS,0001193125-25-174450,2025-08-06,2025-07-31,2025-08-06T20:06:01.000Z,sources/earnings/CRS_0001193125-25-174450.html,sources/earnings/CRS_0001193125-25-174450_release.html,2025-07-31,2025-08-01,2025-07-31,date only; next session,"July 31, 2025",2.21,1.85,755.6,798.7,151.4,108.3,0.2003705664372684,0.1355953424314511,1,283.6300048828125,0.0012692592243501923,0.06477522400581728,https://www.sec.gov/Archives/edgar/data/17843/000119312525174450/,wide,same_date,market,-0.07694212863138557,232,2024-07-29,2025-07-01,2025-07-30,2025-08-07,1.6004469994555255
CRS,0001193125-25-174450,2025-08-06,2025-07-31,2025-08-06T20:06:01.000Z,sources/earnings/CRS_0001193125-25-174450.html,sources/earnings/CRS_0001193125-25-174450_release.html,2025-07-31,2025-08-01,2025-07-31,date only; next session,"July 31, 2025",2.21,1.85,755.6,798.7,151.4,108.3,0.2003705664372684,0.1355953424314511,1,283.6300048828125,0.0012692592243501923,0.06477522400581728,https://www.sec.gov/Archives/edgar/data/17843/000119312525174450/,wide,same_date,market + industries,-0.07372782684640072,232,2024-07-29,2025-07-01,2025-07-30,2025-08-07,0.6893008496139916
CRS,0000017843-25-000031,2025-10-23,2025-10-23,2025-10-23T21:04:41.000Z,sources/earnings/CRS_0000017843-25-000031.html,sources/earnings/CRS_0000017843-25-000031_release.html,2025-10-23,2025-10-24,2025-10-23,date only; next session,"October 23, 2025",2.43,1.67,733.7,717.6,153.3,113.6,0.20894098405342784,0.15830546265328874,1,244.7899932861328,0.003104702074613169,0.050635521400139105,https://www.sec.gov/Archives/edgar/data/17843/000001784325000031/,primary,conservative,market,0.24392743504071268,232,2024-10-22,2025-09-25,2025-10-23,2025-10-27,1.5263139939466945
CRS,0000017843-25-000031,2025-10-23,2025-10-23,2025-10-23T21:04:41.000Z,sources/earnings/CRS_0000017843-25-000031.html,sources/earnings/CRS_0000017843-25-000031_release.html,2025-10-23,2025-10-24,2025-10-23,date only; next session,"October 23, 2025",2.43,1.67,733.7,717.6,153.3,113.6,0.20894098405342784,0.15830546265328874,1,244.7899932861328,0.003104702074613169,0.050635521400139105,https://www.sec.gov/Archives/edgar/data/17843/000001784325000031/,primary,conservative,market + industries,0.22082271673338705,232,2024-10-22,2025-09-25,2025-10-23,2025-10-27,0.1569424200650672
CRS,0000017843-25-000031,2025-10-23,2025-10-23,2025-10-23T21:04:41.000Z,sources/earnings/CRS_0000017843-25-000031.html,sources/earnings/CRS_0000017843-25-000031_release.html,2025-10-23,2025-10-24,2025-10-23,date only; next session,"October 23, 2025",2.43,1.67,733.7,717.6,153.3,113.6,0.20894098405342784,0.15830546265328874,1,244.7899932861328,0.003104702074613169,0.050635521400139105,https://www.sec.gov/Archives/edgar/data/17843/000001784325000031/,primary,same_date,market,0.23921039120787085,232,2024-10-21,2025-09-24,2025-10-22,2025-10-24,1.5264400967896847
CRS,0000017843-25-000031,2025-10-23,2025-10-23,2025-10-23T21:04:41.000Z,sources/earnings/CRS_0000017843-25-000031.html,sources/earnings/CRS_0000017843-25-000031_release.html,2025-10-23,2025-10-24,2025-10-23,date only; next session,"October 23, 2025",2.43,1.67,733.7,717.6,153.3,113.6,0.20894098405342784,0.15830546265328874,1,244.7899932861328,0.003104702074613169,0.050635521400139105,https://www.sec.gov/Archives/edgar/data/17843/000001784325000031/,primary,same_date,market + industries,0.23253774170505198,232,2024-10-21,2025-09-24,2025-10-22,2025-10-24,0.15815058143134364
CRS,0000017843-25-000031,2025-10-23,2025-10-23,2025-10-23T21:04:41.000Z,sources/earnings/CRS_0000017843-25-000031.html,sources/earnings/CRS_0000017843-25-000031_release.html,2025-10-23,2025-10-24,2025-10-23,date only; next session,"October 23, 2025",2.43,1.67,733.7,717.6,153.3,113.6,0.20894098405342784,0.15830546265328874,1,244.7899932861328,0.003104702074613169,0.050635521400139105,https://www.sec.gov/Archives/edgar/data/17843/000001784325000031/,short,conservative,market,0.027454399603642043,232,2024-10-22,2025-09-25,2025-10-24,2025-10-27,1.5263139939466945
CRS,0000017843-25-000031,2025-10-23,2025-10-23,2025-10-23T21:04:41.000Z,sources/earnings/CRS_0000017843-25-000031.html,sources/earnings/CRS_0000017843-25-000031_release.html,2025-10-23,2025-10-24,2025-10-23,date only; next session,"October 23, 2025",2.43,1.67,733.7,717.6,153.3,113.6,0.20894098405342784,0.15830546265328874,1,244.7899932861328,0.003104702074613169,0.050635521400139105,https://www.sec.gov/Archives/edgar/data/17843/000001784325000031/,short,conservative,market + industries,0.026496085173611773,232,2024-10-22,2025-09-25,2025-10-24,2025-10-27,0.1569424200650672
CRS,0000017843-25-000031,2025-10-23,2025-10-23,2025-10-23T21:04:41.000Z,sources/earnings/CRS_0000017843-25-000031.html,sources/earnings/CRS_0000017843-25-000031_release.html,2025-10-23,2025-10-24,2025-10-23,date only; next session,"October 23, 2025",2.43,1.67,733.7,717.6,153.3,113.6,0.20894098405342784,0.15830546265328874,1,244.7899932861328,0.003104702074613169,0.050635521400139105,https://www.sec.gov/Archives/edgar/data/17843/000001784325000031/,short,same_date,market,0.2493018980733593,232,2024-10-21,2025-09-24,2025-10-23,2025-10-24,1.5264400967896847
CRS,0000017843-25-000031,2025-10-23,2025-10-23,2025-10-23T21:04:41.000Z,sources/earnings/CRS_0000017843-25-000031.html,sources/earnings/CRS_0000017843-25-000031_release.html,2025-10-23,2025-10-24,2025-10-23,date only; next session,"October 23, 2025",2.43,1.67,733.7,717.6,153.3,113.6,0.20894098405342784,0.15830546265328874,1,244.7899932861328,0.003104702074613169,0.050635521400139105,https://www.sec.gov/Archives/edgar/data/17843/000001784325000031/,short,same_date,market + industries,0.22817530100747402,232,2024-10-21,2025-09-24,2025-10-23,2025-10-24,0.15815058143134364
CRS,0000017843-25-000031,2025-10-23,2025-10-23,2025-10-23T21:04:41.000Z,sources/earnings/CRS_0000017843-25-000031.html,sources/earnings/CRS_0000017843-25-000031_release.html,2025-10-23,2025-10-24,2025-10-23,date only; next session,"October 23, 2025",2.43,1.67,733.7,717.6,153.3,113.6,0.20894098405342784,0.15830546265328874,1,244.7899932861328,0.003104702074613169,0.050635521400139105,https://www.sec.gov/Archives/edgar/data/17843/000001784325000031/,wide,conservative,market,0.2395939226873143,232,2024-10-22,2025-09-25,2025-10-23,2025-10-31,1.5263139939466945
CRS,0000017843-25-000031,2025-10-23,2025-10-23,2025-10-23T21:04:41.000Z,sources/earnings/CRS_0000017843-25-000031.html,sources/earnings/CRS_0000017843-25-000031_release.html,2025-10-23,2025-10-24,2025-10-23,date only; next session,"October 23, 2025",2.43,1.67,733.7,717.6,153.3,113.6,0.20894098405342784,0.15830546265328874,1,244.7899932861328,0.003104702074613169,0.050635521400139105,https://www.sec.gov/Archives/edgar/data/17843/000001784325000031/,wide,conservative,market + industries,0.22221663481178186,232,2024-10-22,2025-09-25,2025-10-23,2025-10-31,0.1569424200650672
CRS,0000017843-25-000031,2025-10-23,2025-10-23,2025-10-23T21:04:41.000Z,sources/earnings/CRS_0000017843-25-000031.html,sources/earnings/CRS_0000017843-25-000031_release.html,2025-10-23,2025-10-24,2025-10-23,date only; next session,"October 23, 2025",2.43,1.67,733.7,717.6,153.3,113.6,0.20894098405342784,0.15830546265328874,1,244.7899932861328,0.003104702074613169,0.050635521400139105,https://www.sec.gov/Archives/edgar/data/17843/000001784325000031/,wide,same_date,market,0.2449365516088675,232,2024-10-21,2025-09-24,2025-10-22,2025-10-30,1.5264400967896847
CRS,0000017843-25-000031,2025-10-23,2025-10-23,2025-10-23T21:04:41.000Z,sources/earnings/CRS_0000017843-25-000031.html,sources/earnings/CRS_0000017843-25-000031_release.html,2025-10-23,2025-10-24,2025-10-23,date only; next session,"October 23, 2025",2.43,1.67,733.7,717.6,153.3,113.6,0.20894098405342784,0.15830546265328874,1,244.7899932861328,0.003104702074613169,0.050635521400139105,https://www.sec.gov/Archives/edgar/data/17843/000001784325000031/,wide,same_date,market + industries,0.2403519408470219,232,2024-10-21,2025-09-24,2025-10-22,2025-10-30,0.15815058143134364
CRS,0000017843-26-000007,2026-01-29,2026-01-29,2026-01-29T21:17:08.000Z,sources/earnings/CRS_0000017843-26-000007.html,sources/earnings/CRS_0000017843-26-000007_release.html,2026-01-29,2026-01-30,2026-01-29,date only; next session,"January 29, 2026",2.09,1.66,728.0,676.9,155.2,118.9,0.21318681318681318,0.17565371546757277,1,331.6099853515625,0.0012967040167506639,0.037533097719240405,https://www.sec.gov/Archives/edgar/data/17843/000001784326000007/,primary,conservative,market,-0.06464451198968492,232,2025-01-29,2025-12-30,2026-01-29,2026-02-02,1.4854341452733708
CRS,0000017843-26-000007,2026-01-29,2026-01-29,2026-01-29T21:17:08.000Z,sources/earnings/CRS_0000017843-26-000007.html,sources/earnings/CRS_0000017843-26-000007_release.html,2026-01-29,2026-01-30,2026-01-29,date only; next session,"January 29, 2026",2.09,1.66,728.0,676.9,155.2,118.9,0.21318681318681318,0.17565371546757277,1,331.6099853515625,0.0012967040167506639,0.037533097719240405,https://www.sec.gov/Archives/edgar/data/17843/000001784326000007/,primary,conservative,market + industries,-0.03850129360180953,232,2025-01-29,2025-12-30,2026-01-29,2026-02-02,-0.27460175028699774
CRS,0000017843-26-000007,2026-01-29,2026-01-29,2026-01-29T21:17:08.000Z,sources/earnings/CRS_0000017843-26-000007.html,sources/earnings/CRS_0000017843-26-000007_release.html,2026-01-29,2026-01-30,2026-01-29,date only; next session,"January 29, 2026",2.09,1.66,728.0,676.9,155.2,118.9,0.21318681318681318,0.17565371546757277,1,331.6099853515625,0.0012967040167506639,0.037533097719240405,https://www.sec.gov/Archives/edgar/data/17843/000001784326000007/,primary,same_date,market,-0.08697320169341576,232,2025-01-28,2025-12-29,2026-01-28,2026-01-30,1.4889419754781574
CRS,0000017843-26-000007,2026-01-29,2026-01-29,2026-01-29T21:17:08.000Z,sources/earnings/CRS_0000017843-26-000007.html,sources/earnings/CRS_0000017843-26-000007_release.html,2026-01-29,2026-01-30,2026-01-29,date only; next session,"January 29, 2026",2.09,1.66,728.0,676.9,155.2,118.9,0.21318681318681318,0.17565371546757277,1,331.6099853515625,0.0012967040167506639,0.037533097719240405,https://www.sec.gov/Archives/edgar/data/17843/000001784326000007/,primary,same_date,market + industries,-0.0637818173874267,232,2025-01-28,2025-12-29,2026-01-28,2026-01-30,-0.22540524448962818
CRS,0000017843-26-000007,2026-01-29,2026-01-29,2026-01-29T21:17:08.000Z,sources/earnings/CRS_0000017843-26-000007.html,sources/earnings/CRS_0000017843-26-000007_release.html,2026-01-29,2026-01-30,2026-01-29,date only; next session,"January 29, 2026",2.09,1.66,728.0,676.9,155.2,118.9,0.21318681318681318,0.17565371546757277,1,331.6099853515625,0.0012967040167506639,0.037533097719240405,https://www.sec.gov/Archives/edgar/data/17843/000001784326000007/,short,conservative,market,-0.0022128326491423593,232,2025-01-29,2025-12-30,2026-01-30,2026-02-02,1.4854341452733708
CRS,0000017843-26-000007,2026-01-29,2026-01-29,2026-01-29T21:17:08.000Z,sources/earnings/CRS_0000017843-26-000007.html,sources/earnings/CRS_0000017843-26-000007_release.html,2026-01-29,2026-01-30,2026-01-29,date only; next session,"January 29, 2026",2.09,1.66,728.0,676.9,155.2,118.9,0.21318681318681318,0.17565371546757277,1,331.6099853515625,0.0012967040167506639,0.037533097719240405,https://www.sec.gov/Archives/edgar/data/17843/000001784326000007/,short,conservative,market + industries,0.022272074020253343,232,2025-01-29,2025-12-30,2026-01-30,2026-02-02,-0.27460175028699774
CRS,0000017843-26-000007,2026-01-29,2026-01-29,2026-01-29T21:17:08.000Z,sources/earnings/CRS_0000017843-26-000007.html,sources/earnings/CRS_0000017843-26-000007_release.html,2026-01-29,2026-01-30,2026-01-29,date only; next session,"January 29, 2026",2.09,1.66,728.0,676.9,155.2,118.9,0.21318681318681318,0.17565371546757277,1,331.6099853515625,0.0012967040167506639,0.037533097719240405,https://www.sec.gov/Archives/edgar/data/17843/000001784326000007/,short,same_date,market,-0.03575658715264371,232,2025-01-28,2025-12-29,2026-01-29,2026-01-30,1.4889419754781574
CRS,0000017843-26-000007,2026-01-29,2026-01-29,2026-01-29T21:17:08.000Z,sources/earnings/CRS_0000017843-26-000007.html,sources/earnings/CRS_0000017843-26-000007_release.html,2026-01-29,2026-01-30,2026-01-29,date only; next session,"January 29, 2026",2.09,1.66,728.0,676.9,155.2,118.9,0.21318681318681318,0.17565371546757277,1,331.6099853515625,0.0012967040167506639,0.037533097719240405,https://www.sec.gov/Archives/edgar/data/17843/000001784326000007/,short,same_date,market + industries,-0.01834398083430941,232,2025-01-28,2025-12-29,2026-01-29,2026-01-30,-0.22540524448962818
CRS,0000017843-26-000007,2026-01-29,2026-01-29,2026-01-29T21:17:08.000Z,sources/earnings/CRS_0000017843-26-000007.html,sources/earnings/CRS_0000017843-26-000007_release.html,2026-01-29,2026-01-30,2026-01-29,date only; next session,"January 29, 2026",2.09,1.66,728.0,676.9,155.2,118.9,0.21318681318681318,0.17565371546757277,1,331.6099853515625,0.0012967040167506639,0.037533097719240405,https://www.sec.gov/Archives/edgar/data/17843/000001784326000007/,wide,conservative,market,0.1047531134992668,232,2025-01-29,2025-12-30,2026-01-29,2026-02-06,1.4854341452733708
CRS,0000017843-26-000007,2026-01-29,2026-01-29,2026-01-29T21:17:08.000Z,sources/earnings/CRS_0000017843-26-000007.html,sources/earnings/CRS_0000017843-26-000007_release.html,2026-01-29,2026-01-30,2026-01-29,date only; next session,"January 29, 2026",2.09,1.66,728.0,676.9,155.2,118.9,0.21318681318681318,0.17565371546757277,1,331.6099853515625,0.0012967040167506639,0.037533097719240405,https://www.sec.gov/Archives/edgar/data/17843/000001784326000007/,wide,conservative,market + industries,0.11408696083093134,232,2025-01-29,2025-12-30,2026-01-29,2026-02-06,-0.27460175028699774
CRS,0000017843-26-000007,2026-01-29,2026-01-29,2026-01-29T21:17:08.000Z,sources/earnings/CRS_0000017843-26-000007.html,sources/earnings/CRS_0000017843-26-000007_release.html,2026-01-29,2026-01-30,2026-01-29,date only; next session,"January 29, 2026",2.09,1.66,728.0,676.9,155.2,118.9,0.21318681318681318,0.17565371546757277,1,331.6099853515625,0.0012967040167506639,0.037533097719240405,https://www.sec.gov/Archives/edgar/data/17843/000001784326000007/,wide,same_date,market,0.03524174265418652,232,2025-01-28,2025-12-29,2026-01-28,2026-02-05,1.4889419754781574
CRS,0000017843-26-000007,2026-01-29,2026-01-29,2026-01-29T21:17:08.000Z,sources/earnings/CRS_0000017843-26-000007.html,sources/earnings/CRS_0000017843-26-000007_release.html,2026-01-29,2026-01-30,2026-01-29,date only; next session,"January 29, 2026",2.09,1.66,728.0,676.9,155.2,118.9,0.21318681318681318,0.17565371546757277,1,331.6099853515625,0.0012967040167506639,0.037533097719240405,https://www.sec.gov/Archives/edgar/data/17843/000001784326000007/,wide,same_date,market + industries,0.0774260272567327,232,2025-01-28,2025-12-29,2026-01-28,2026-02-05,-0.22540524448962818
CRS,0000017843-26-000018,2026-04-29,2026-04-29,2026-04-29T20:24:03.000Z,sources/earnings/CRS_0000017843-26-000018.html,sources/earnings/CRS_0000017843-26-000018_release.html,2026-04-29,2026-04-30,2026-04-29,date only; next session,"April 29, 2026",2.77,1.88,811.5,727.0,186.5,137.8,0.22982131854590265,0.1895460797799175,1,428.1400146484375,0.002078759213223305,0.040275238765985155,https://www.sec.gov/Archives/edgar/data/17843/000001784326000018/,primary,conservative,market,-0.017863445546525632,232,2025-04-29,2026-03-31,2026-04-29,2026-05-01,1.314950373592869
CRS,0000017843-26-000018,2026-04-29,2026-04-29,2026-04-29T20:24:03.000Z,sources/earnings/CRS_0000017843-26-000018.html,sources/earnings/CRS_0000017843-26-000018_release.html,2026-04-29,2026-04-30,2026-04-29,date only; next session,"April 29, 2026",2.77,1.88,811.5,727.0,186.5,137.8,0.22982131854590265,0.1895460797799175,1,428.1400146484375,0.002078759213223305,0.040275238765985155,https://www.sec.gov/Archives/edgar/data/17843/000001784326000018/,primary,conservative,market + industries,-0.014598111583629603,232,2025-04-29,2026-03-31,2026-04-29,2026-05-01,-0.5052176039141276
CRS,0000017843-26-000018,2026-04-29,2026-04-29,2026-04-29T20:24:03.000Z,sources/earnings/CRS_0000017843-26-000018.html,sources/earnings/CRS_0000017843-26-000018_release.html,2026-04-29,2026-04-30,2026-04-29,date only; next session,"April 29, 2026",2.77,1.88,811.5,727.0,186.5,137.8,0.22982131854590265,0.1895460797799175,1,428.1400146484375,0.002078759213223305,0.040275238765985155,https://www.sec.gov/Archives/edgar/data/17843/000001784326000018/,primary,same_date,market,-0.01041237420018725,232,2025-04-28,2026-03-30,2026-04-28,2026-04-30,1.2666444539839974
CRS,0000017843-26-000018,2026-04-29,2026-04-29,2026-04-29T20:24:03.000Z,sources/earnings/CRS_0000017843-26-000018.html,sources/earnings/CRS_0000017843-26-000018_release.html,2026-04-29,2026-04-30,2026-04-29,date only; next session,"April 29, 2026",2.77,1.88,811.5,727.0,186.5,137.8,0.22982131854590265,0.1895460797799175,1,428.1400146484375,0.002078759213223305,0.040275238765985155,https://www.sec.gov/Archives/edgar/data/17843/000001784326000018/,primary,same_date,market + industries,-0.01701209753710814,232,2025-04-28,2026-03-30,2026-04-28,2026-04-30,-0.5200975741073375
CRS,0000017843-26-000018,2026-04-29,2026-04-29,2026-04-29T20:24:03.000Z,sources/earnings/CRS_0000017843-26-000018.html,sources/earnings/CRS_0000017843-26-000018_release.html,2026-04-29,2026-04-30,2026-04-29,date only; next session,"April 29, 2026",2.77,1.88,811.5,727.0,186.5,137.8,0.22982131854590265,0.1895460797799175,1,428.1400146484375,0.002078759213223305,0.040275238765985155,https://www.sec.gov/Archives/edgar/data/17843/000001784326000018/,short,conservative,market,0.0347402659256769,232,2025-04-29,2026-03-31,2026-04-30,2026-05-01,1.314950373592869
CRS,0000017843-26-000018,2026-04-29,2026-04-29,2026-04-29T20:24:03.000Z,sources/earnings/CRS_0000017843-26-000018.html,sources/earnings/CRS_0000017843-26-000018_release.html,2026-04-29,2026-04-30,2026-04-29,date only; next session,"April 29, 2026",2.77,1.88,811.5,727.0,186.5,137.8,0.22982131854590265,0.1895460797799175,1,428.1400146484375,0.002078759213223305,0.040275238765985155,https://www.sec.gov/Archives/edgar/data/17843/000001784326000018/,short,conservative,market + industries,0.029863393167533742,232,2025-04-29,2026-03-31,2026-04-30,2026-05-01,-0.5052176039141276
CRS,0000017843-26-000018,2026-04-29,2026-04-29,2026-04-29T20:24:03.000Z,sources/earnings/CRS_0000017843-26-000018.html,sources/earnings/CRS_0000017843-26-000018_release.html,2026-04-29,2026-04-30,2026-04-29,date only; next session,"April 29, 2026",2.77,1.88,811.5,727.0,186.5,137.8,0.22982131854590265,0.1895460797799175,1,428.1400146484375,0.002078759213223305,0.040275238765985155,https://www.sec.gov/Archives/edgar/data/17843/000001784326000018/,short,same_date,market,-0.014086974858450355,232,2025-04-28,2026-03-30,2026-04-29,2026-04-30,1.2666444539839974
CRS,0000017843-26-000018,2026-04-29,2026-04-29,2026-04-29T20:24:03.000Z,sources/earnings/CRS_0000017843-26-000018.html,sources/earnings/CRS_0000017843-26-000018_release.html,2026-04-29,2026-04-30,2026-04-29,date only; next session,"April 29, 2026",2.77,1.88,811.5,727.0,186.5,137.8,0.22982131854590265,0.1895460797799175,1,428.1400146484375,0.002078759213223305,0.040275238765985155,https://www.sec.gov/Archives/edgar/data/17843/000001784326000018/,short,same_date,market + industries,-0.02644449820383043,232,2025-04-28,2026-03-30,2026-04-29,2026-04-30,-0.5200975741073375
CRS,0000017843-26-000018,2026-04-29,2026-04-29,2026-04-29T20:24:03.000Z,sources/earnings/CRS_0000017843-26-000018.html,sources/earnings/CRS_0000017843-26-000018_release.html,2026-04-29,2026-04-30,2026-04-29,date only; next session,"April 29, 2026",2.77,1.88,811.5,727.0,186.5,137.8,0.22982131854590265,0.1895460797799175,1,428.1400146484375,0.002078759213223305,0.040275238765985155,https://www.sec.gov/Archives/edgar/data/17843/000001784326000018/,wide,conservative,market,-0.009543143067135964,232,2025-04-29,2026-03-31,2026-04-29,2026-05-07,1.314950373592869
CRS,0000017843-26-000018,2026-04-29,2026-04-29,2026-04-29T20:24:03.000Z,sources/earnings/CRS_0000017843-26-000018.html,sources/earnings/CRS_0000017843-26-000018_release.html,2026-04-29,2026-04-30,2026-04-29,date only; next session,"April 29, 2026",2.77,1.88,811.5,727.0,186.5,137.8,0.22982131854590265,0.1895460797799175,1,428.1400146484375,0.002078759213223305,0.040275238765985155,https://www.sec.gov/Archives/edgar/data/17843/000001784326000018/,wide,conservative,market + industries,-0.029505392951638093,232,2025-04-29,2026-03-31,2026-04-29,2026-05-07,-0.5052176039141276
CRS,0000017843-26-000018,2026-04-29,2026-04-29,2026-04-29T20:24:03.000Z,sources/earnings/CRS_0000017843-26-000018.html,sources/earnings/CRS_0000017843-26-000018_release.html,2026-04-29,2026-04-30,2026-04-29,date only; next session,"April 29, 2026",2.77,1.88,811.5,727.0,186.5,137.8,0.22982131854590265,0.1895460797799175,1,428.1400146484375,0.002078759213223305,0.040275238765985155,https://www.sec.gov/Archives/edgar/data/17843/000001784326000018/,wide,same_date,market,0.022804519539098383,232,2025-04-28,2026-03-30,2026-04-28,2026-05-06,1.2666444539839974
CRS,0000017843-26-000018,2026-04-29,2026-04-29,2026-04-29T20:24:03.000Z,sources/earnings/CRS_0000017843-26-000018.html,sources/earnings/CRS_0000017843-26-000018_release.html,2026-04-29,2026-04-30,2026-04-29,date only; next session,"April 29, 2026",2.77,1.88,811.5,727.0,186.5,137.8,0.22982131854590265,0.1895460797799175,1,428.1400146484375,0.002078759213223305,0.040275238765985155,https://www.sec.gov/Archives/edgar/data/17843/000001784326000018/,wide,same_date,market + industries,-0.003976132005309989,232,2025-04-28,2026-03-30,2026-04-28,2026-05-06,-0.5200975741073375
CRS,0000017843-26-000030,2026-07-30,2026-07-30,2026-07-30T20:22:41.000Z,sources/earnings/CRS_0000017843-26-000030.html,sources/earnings/CRS_0000017843-26-000030_release.html,2026-07-30,2026-07-31,2026-07-30,date only; next session,"July 30, 2026",3.23,2.21,851.0,755.6,206.9,151.4,0.24312573443008226,0.2003705664372684,1,530.6199951171875,0.0019222796151410254,0.04275516799281387,https://www.sec.gov/Archives/edgar/data/17843/000001784326000030/,primary,conservative,market,-0.03619059721323127,232,2025-07-30,2026-07-01,2026-07-30,2026-08-03,1.4267595731109977
CRS,0000017843-26-000030,2026-07-30,2026-07-30,2026-07-30T20:22:41.000Z,sources/earnings/CRS_0000017843-26-000030.html,sources/earnings/CRS_0000017843-26-000030_release.html,2026-07-30,2026-07-31,2026-07-30,date only; next session,"July 30, 2026",3.23,2.21,851.0,755.6,206.9,151.4,0.24312573443008226,0.2003705664372684,1,530.6199951171875,0.0019222796151410254,0.04275516799281387,https://www.sec.gov/Archives/edgar/data/17843/000001784326000030/,primary,conservative,market + industries,-0.03525115712716952,232,2025-07-30,2026-07-01,2026-07-30,2026-08-03,-0.5128201301222113
CRS,0000017843-26-000030,2026-07-30,2026-07-30,2026-07-30T20:22:41.000Z,sources/earnings/CRS_0000017843-26-000030.html,sources/earnings/CRS_0000017843-26-000030_release.html,2026-07-30,2026-07-31,2026-07-30,date only; next session,"July 30, 2026",3.23,2.21,851.0,755.6,206.9,151.4,0.24312573443008226,0.2003705664372684,1,530.6199951171875,0.0019222796151410254,0.04275516799281387,https://www.sec.gov/Archives/edgar/data/17843/000001784326000030/,primary,same_date,market,-0.09307168613780252,232,2025-07-29,2026-06-30,2026-07-29,2026-07-31,1.4257755583696152
CRS,0000017843-26-000030,2026-07-30,2026-07-30,2026-07-30T20:22:41.000Z,sources/earnings/CRS_0000017843-26-000030.html,sources/earnings/CRS_0000017843-26-000030_release.html,2026-07-30,2026-07-31,2026-07-30,date only; next session,"July 30, 2026",3.23,2.21,851.0,755.6,206.9,151.4,0.24312573443008226,0.2003705664372684,1,530.6199951171875,0.0019222796151410254,0.04275516799281387,https://www.sec.gov/Archives/edgar/data/17843/000001784326000030/,primary,same_date,market + industries,-0.06000045105587086,232,2025-07-29,2026-06-30,2026-07-29,2026-07-31,-0.5146075043891885
CRS,0000017843-26-000030,2026-07-30,2026-07-30,2026-07-30T20:22:41.000Z,sources/earnings/CRS_0000017843-26-000030.html,sources/earnings/CRS_0000017843-26-000030_release.html,2026-07-30,2026-07-31,2026-07-30,date only; next session,"July 30, 2026",3.23,2.21,851.0,755.6,206.9,151.4,0.24312573443008226,0.2003705664372684,1,530.6199951171875,0.0019222796151410254,0.04275516799281387,https://www.sec.gov/Archives/edgar/data/17843/000001784326000030/,short,conservative,market,0.0412722966220339,232,2025-07-30,2026-07-01,2026-07-31,2026-08-03,1.4267595731109977
CRS,0000017843-26-000030,2026-07-30,2026-07-30,2026-07-30T20:22:41.000Z,sources/earnings/CRS_0000017843-26-000030.html,sources/earnings/CRS_0000017843-26-000030_release.html,2026-07-30,2026-07-31,2026-07-30,date only; next session,"July 30, 2026",3.23,2.21,851.0,755.6,206.9,151.4,0.24312573443008226,0.2003705664372684,1,530.6199951171875,0.0019222796151410254,0.04275516799281387,https://www.sec.gov/Archives/edgar/data/17843/000001784326000030/,short,conservative,market + industries,0.045834719406109746,232,2025-07-30,2026-07-01,2026-07-31,2026-08-03,-0.5128201301222113
CRS,0000017843-26-000030,2026-07-30,2026-07-30,2026-07-30T20:22:41.000Z,sources/earnings/CRS_0000017843-26-000030.html,sources/earnings/CRS_0000017843-26-000030_release.html,2026-07-30,2026-07-31,2026-07-30,date only; next session,"July 30, 2026",3.23,2.21,851.0,755.6,206.9,151.4,0.24312573443008226,0.2003705664372684,1,530.6199951171875,0.0019222796151410254,0.04275516799281387,https://www.sec.gov/Archives/edgar/data/17843/000001784326000030/,short,same_date,market,-0.058952598567665285,232,2025-07-29,2026-06-30,2026-07-30,2026-07-31,1.4257755583696152
CRS,0000017843-26-000030,2026-07-30,2026-07-30,2026-07-30T20:22:41.000Z,sources/earnings/CRS_0000017843-26-000030.html,sources/earnings/CRS_0000017843-26-000030_release.html,2026-07-30,2026-07-31,2026-07-30,date only; next session,"July 30, 2026",3.23,2.21,851.0,755.6,206.9,151.4,0.24312573443008226,0.2003705664372684,1,530.6199951171875,0.0019222796151410254,0.04275516799281387,https://www.sec.gov/Archives/edgar/data/17843/000001784326000030/,short,same_date,market + industries,-0.054909778266133205,232,2025-07-29,2026-06-30,2026-07-30,2026-07-31,-0.5146075043891885
CRS,0000017843-26-000030,2026-07-30,2026-07-30,2026-07-30T20:22:41.000Z,sources/earnings/CRS_0000017843-26-000030.html,sources/earnings/CRS_0000017843-26-000030_release.html,2026-07-30,2026-07-31,2026-07-30,date only; next session,"July 30, 2026",3.23,2.21,851.0,755.6,206.9,151.4,0.24312573443008226,0.2003705664372684,1,530.6199951171875,0.0019222796151410254,0.04275516799281387,https://www.sec.gov/Archives/edgar/data/17843/000001784326000030/,wide,conservative,market,-0.026320815976695545,232,2025-07-30,2026-07-01,2026-07-30,2026-08-07,1.4267595731109977
CRS,0000017843-26-000030,2026-07-30,2026-07-30,2026-07-30T20:22:41.000Z,sources/earnings/CRS_0000017843-26-000030.html,sources/earnings/CRS_0000017843-26-000030_release.html,2026-07-30,2026-07-31,2026-07-30,date only; next session,"July 30, 2026",3.23,2.21,851.0,755.6,206.9,151.4,0.24312573443008226,0.2003705664372684,1,530.6199951171875,0.0019222796151410254,0.04275516799281387,https://www.sec.gov/Archives/edgar/data/17843/000001784326000030/,wide,conservative,market + industries,-0.026008568722983447,232,2025-07-30,2026-07-01,2026-07-30,2026-08-07,-0.5128201301222113
CRS,0000017843-26-000030,2026-07-30,2026-07-30,2026-07-30T20:22:41.000Z,sources/earnings/CRS_0000017843-26-000030.html,sources/earnings/CRS_0000017843-26-000030_release.html,2026-07-30,2026-07-31,2026-07-30,date only; next session,"July 30, 2026",3.23,2.21,851.0,755.6,206.9,151.4,0.24312573443008226,0.2003705664372684,1,530.6199951171875,0.0019222796151410254,0.04275516799281387,https://www.sec.gov/Archives/edgar/data/17843/000001784326000030/,wide,same_date,market,-0.07315179711524684,232,2025-07-29,2026-06-30,2026-07-29,2026-08-06,1.4257755583696152
CRS,0000017843-26-000030,2026-07-30,2026-07-30,2026-07-30T20:22:41.000Z,sources/earnings/CRS_0000017843-26-000030.html,sources/earnings/CRS_0000017843-26-000030_release.html,2026-07-30,2026-07-31,2026-07-30,date only; next session,"July 30, 2026",3.23,2.21,851.0,755.6,206.9,151.4,0.24312573443008226,0.2003705664372684,1,530.6199951171875,0.0019222796151410254,0.04275516799281387,https://www.sec.gov/Archives/edgar/data/17843/000001784326000030/,wide,same_date,market + industries,-0.04634815408272341,232,2025-07-29,2026-06-30,2026-07-29,2026-08-06,-0.5146075043891885
ENTG,0001101302-21-000004,2021-02-02,2021-02-02,2021-02-02T11:06:51.000Z,sources/earnings/ENTG_0001101302-21-000004.html,sources/earnings/ENTG_0001101302-21-000004_release.html,2021-02-02,2021-02-02,2021-02-02,pre-open,"February 2, 2021; FOR RELEASE AT 6:00 AM EDT",0.63,0.42,517594.0,426998.0,113228.0,84085.0,0.21875833181992063,0.19692129705525552,1,102.04000091552734,0.0020580164456666964,0.021837034764665114,https://www.sec.gov/Archives/edgar/data/1101302/000110130221000004/,primary,conservative,market,-0.0742657013459734,232,2020-02-03,2020-12-31,2021-02-01,2021-02-03,1.2577438268525347
ENTG,0001101302-21-000004,2021-02-02,2021-02-02,2021-02-02T11:06:51.000Z,sources/earnings/ENTG_0001101302-21-000004.html,sources/earnings/ENTG_0001101302-21-000004_release.html,2021-02-02,2021-02-02,2021-02-02,pre-open,"February 2, 2021; FOR RELEASE AT 6:00 AM EDT",0.63,0.42,517594.0,426998.0,113228.0,84085.0,0.21875833181992063,0.19692129705525552,1,102.04000091552734,0.0020580164456666964,0.021837034764665114,https://www.sec.gov/Archives/edgar/data/1101302/000110130221000004/,primary,conservative,market + industries,-0.07007162766333451,232,2020-02-03,2020-12-31,2021-02-01,2021-02-03,-0.009503000337401257
ENTG,0001101302-21-000004,2021-02-02,2021-02-02,2021-02-02T11:06:51.000Z,sources/earnings/ENTG_0001101302-21-000004.html,sources/earnings/ENTG_0001101302-21-000004_release.html,2021-02-02,2021-02-02,2021-02-02,pre-open,"February 2, 2021; FOR RELEASE AT 6:00 AM EDT",0.63,0.42,517594.0,426998.0,113228.0,84085.0,0.21875833181992063,0.19692129705525552,1,102.04000091552734,0.0020580164456666964,0.021837034764665114,https://www.sec.gov/Archives/edgar/data/1101302/000110130221000004/,primary,same_date,market,-0.0742657013459734,232,2020-02-03,2020-12-31,2021-02-01,2021-02-03,1.2577438268525347
ENTG,0001101302-21-000004,2021-02-02,2021-02-02,2021-02-02T11:06:51.000Z,sources/earnings/ENTG_0001101302-21-000004.html,sources/earnings/ENTG_0001101302-21-000004_release.html,2021-02-02,2021-02-02,2021-02-02,pre-open,"February 2, 2021; FOR RELEASE AT 6:00 AM EDT",0.63,0.42,517594.0,426998.0,113228.0,84085.0,0.21875833181992063,0.19692129705525552,1,102.04000091552734,0.0020580164456666964,0.021837034764665114,https://www.sec.gov/Archives/edgar/data/1101302/000110130221000004/,primary,same_date,market + industries,-0.07007162766333451,232,2020-02-03,2020-12-31,2021-02-01,2021-02-03,-0.009503000337401257
ENTG,0001101302-21-000004,2021-02-02,2021-02-02,2021-02-02T11:06:51.000Z,sources/earnings/ENTG_0001101302-21-000004.html,sources/earnings/ENTG_0001101302-21-000004_release.html,2021-02-02,2021-02-02,2021-02-02,pre-open,"February 2, 2021; FOR RELEASE AT 6:00 AM EDT",0.63,0.42,517594.0,426998.0,113228.0,84085.0,0.21875833181992063,0.19692129705525552,1,102.04000091552734,0.0020580164456666964,0.021837034764665114,https://www.sec.gov/Archives/edgar/data/1101302/000110130221000004/,short,conservative,market,-0.08838448631143375,232,2020-02-03,2020-12-31,2021-02-02,2021-02-03,1.2577438268525347
ENTG,0001101302-21-000004,2021-02-02,2021-02-02,2021-02-02T11:06:51.000Z,sources/earnings/ENTG_0001101302-21-000004.html,sources/earnings/ENTG_0001101302-21-000004_release.html,2021-02-02,2021-02-02,2021-02-02,pre-open,"February 2, 2021; FOR RELEASE AT 6:00 AM EDT",0.63,0.42,517594.0,426998.0,113228.0,84085.0,0.21875833181992063,0.19692129705525552,1,102.04000091552734,0.0020580164456666964,0.021837034764665114,https://www.sec.gov/Archives/edgar/data/1101302/000110130221000004/,short,conservative,market + industries,-0.06749917436029532,232,2020-02-03,2020-12-31,2021-02-02,2021-02-03,-0.009503000337401257
ENTG,0001101302-21-000004,2021-02-02,2021-02-02,2021-02-02T11:06:51.000Z,sources/earnings/ENTG_0001101302-21-000004.html,sources/earnings/ENTG_0001101302-21-000004_release.html,2021-02-02,2021-02-02,2021-02-02,pre-open,"February 2, 2021; FOR RELEASE AT 6:00 AM EDT",0.63,0.42,517594.0,426998.0,113228.0,84085.0,0.21875833181992063,0.19692129705525552,1,102.04000091552734,0.0020580164456666964,0.021837034764665114,https://www.sec.gov/Archives/edgar/data/1101302/000110130221000004/,short,same_date,market,-0.08838448631143375,232,2020-02-03,2020-12-31,2021-02-02,2021-02-03,1.2577438268525347
ENTG,0001101302-21-000004,2021-02-02,2021-02-02,2021-02-02T11:06:51.000Z,sources/earnings/ENTG_0001101302-21-000004.html,sources/earnings/ENTG_0001101302-21-000004_release.html,2021-02-02,2021-02-02,2021-02-02,pre-open,"February 2, 2021; FOR RELEASE AT 6:00 AM EDT",0.63,0.42,517594.0,426998.0,113228.0,84085.0,0.21875833181992063,0.19692129705525552,1,102.04000091552734,0.0020580164456666964,0.021837034764665114,https://www.sec.gov/Archives/edgar/data/1101302/000110130221000004/,short,same_date,market + industries,-0.06749917436029532,232,2020-02-03,2020-12-31,2021-02-02,2021-02-03,-0.009503000337401257
ENTG,0001101302-21-000004,2021-02-02,2021-02-02,2021-02-02T11:06:51.000Z,sources/earnings/ENTG_0001101302-21-000004.html,sources/earnings/ENTG_0001101302-21-000004_release.html,2021-02-02,2021-02-02,2021-02-02,pre-open,"February 2, 2021; FOR RELEASE AT 6:00 AM EDT",0.63,0.42,517594.0,426998.0,113228.0,84085.0,0.21875833181992063,0.19692129705525552,1,102.04000091552734,0.0020580164456666964,0.021837034764665114,https://www.sec.gov/Archives/edgar/data/1101302/000110130221000004/,wide,conservative,market,-0.10268529196768075,232,2020-02-03,2020-12-31,2021-02-01,2021-02-09,1.2577438268525347
ENTG,0001101302-21-000004,2021-02-02,2021-02-02,2021-02-02T11:06:51.000Z,sources/earnings/ENTG_0001101302-21-000004.html,sources/earnings/ENTG_0001101302-21-000004_release.html,2021-02-02,2021-02-02,2021-02-02,pre-open,"February 2, 2021; FOR RELEASE AT 6:00 AM EDT",0.63,0.42,517594.0,426998.0,113228.0,84085.0,0.21875833181992063,0.19692129705525552,1,102.04000091552734,0.0020580164456666964,0.021837034764665114,https://www.sec.gov/Archives/edgar/data/1101302/000110130221000004/,wide,conservative,market + industries,-0.09710826040385363,232,2020-02-03,2020-12-31,2021-02-01,2021-02-09,-0.009503000337401257
ENTG,0001101302-21-000004,2021-02-02,2021-02-02,2021-02-02T11:06:51.000Z,sources/earnings/ENTG_0001101302-21-000004.html,sources/earnings/ENTG_0001101302-21-000004_release.html,2021-02-02,2021-02-02,2021-02-02,pre-open,"February 2, 2021; FOR RELEASE AT 6:00 AM EDT",0.63,0.42,517594.0,426998.0,113228.0,84085.0,0.21875833181992063,0.19692129705525552,1,102.04000091552734,0.0020580164456666964,0.021837034764665114,https://www.sec.gov/Archives/edgar/data/1101302/000110130221000004/,wide,same_date,market,-0.10268529196768075,232,2020-02-03,2020-12-31,2021-02-01,2021-02-09,1.2577438268525347
ENTG,0001101302-21-000004,2021-02-02,2021-02-02,2021-02-02T11:06:51.000Z,sources/earnings/ENTG_0001101302-21-000004.html,sources/earnings/ENTG_0001101302-21-000004_release.html,2021-02-02,2021-02-02,2021-02-02,pre-open,"February 2, 2021; FOR RELEASE AT 6:00 AM EDT",0.63,0.42,517594.0,426998.0,113228.0,84085.0,0.21875833181992063,0.19692129705525552,1,102.04000091552734,0.0020580164456666964,0.021837034764665114,https://www.sec.gov/Archives/edgar/data/1101302/000110130221000004/,wide,same_date,market + industries,-0.09710826040385363,232,2020-02-03,2020-12-31,2021-02-01,2021-02-09,-0.009503000337401257
ENTG,0001101302-21-000036,2021-04-27,2021-04-27,2021-04-27T10:06:09.000Z,sources/earnings/ENTG_0001101302-21-000036.html,sources/earnings/ENTG_0001101302-21-000036_release.html,2021-04-27,2021-04-27,2021-04-27,pre-open,"April 27, 2021; FOR RELEASE AT 6:00 AM EDT",0.62,0.45,512844.0,412327.0,113978.0,80744.0,0.22224692109101404,0.19582515818755503,1,115.26000213623048,0.0014749262263510118,0.026421762903459017,https://www.sec.gov/Archives/edgar/data/1101302/000110130221000036/,primary,conservative,market,0.008454608651428953,232,2020-04-27,2021-03-26,2021-04-26,2021-04-28,1.311363669392176
ENTG,0001101302-21-000036,2021-04-27,2021-04-27,2021-04-27T10:06:09.000Z,sources/earnings/ENTG_0001101302-21-000036.html,sources/earnings/ENTG_0001101302-21-000036_release.html,2021-04-27,2021-04-27,2021-04-27,pre-open,"April 27, 2021; FOR RELEASE AT 6:00 AM EDT",0.62,0.45,512844.0,412327.0,113978.0,80744.0,0.22224692109101404,0.19582515818755503,1,115.26000213623048,0.0014749262263510118,0.026421762903459017,https://www.sec.gov/Archives/edgar/data/1101302/000110130221000036/,primary,conservative,market + industries,0.01767041636492449,232,2020-04-27,2021-03-26,2021-04-26,2021-04-28,-0.37198011782360696
ENTG,0001101302-21-000036,2021-04-27,2021-04-27,2021-04-27T10:06:09.000Z,sources/earnings/ENTG_0001101302-21-000036.html,sources/earnings/ENTG_0001101302-21-000036_release.html,2021-04-27,2021-04-27,2021-04-27,pre-open,"April 27, 2021; FOR RELEASE AT 6:00 AM EDT",0.62,0.45,512844.0,412327.0,113978.0,80744.0,0.22224692109101404,0.19582515818755503,1,115.26000213623048,0.0014749262263510118,0.026421762903459017,https://www.sec.gov/Archives/edgar/data/1101302/000110130221000036/,primary,same_date,market,0.008454608651428953,232,2020-04-27,2021-03-26,2021-04-26,2021-04-28,1.311363669392176
ENTG,0001101302-21-000036,2021-04-27,2021-04-27,2021-04-27T10:06:09.000Z,sources/earnings/ENTG_0001101302-21-000036.html,sources/earnings/ENTG_0001101302-21-000036_release.html,2021-04-27,2021-04-27,2021-04-27,pre-open,"April 27, 2021; FOR RELEASE AT 6:00 AM EDT",0.62,0.45,512844.0,412327.0,113978.0,80744.0,0.22224692109101404,0.19582515818755503,1,115.26000213623048,0.0014749262263510118,0.026421762903459017,https://www.sec.gov/Archives/edgar/data/1101302/000110130221000036/,primary,same_date,market + industries,0.01767041636492449,232,2020-04-27,2021-03-26,2021-04-26,2021-04-28,-0.37198011782360696
ENTG,0001101302-21-000036,2021-04-27,2021-04-27,2021-04-27T10:06:09.000Z,sources/earnings/ENTG_0001101302-21-000036.html,sources/earnings/ENTG_0001101302-21-000036_release.html,2021-04-27,2021-04-27,2021-04-27,pre-open,"April 27, 2021; FOR RELEASE AT 6:00 AM EDT",0.62,0.45,512844.0,412327.0,113978.0,80744.0,0.22224692109101404,0.19582515818755503,1,115.26000213623048,0.0014749262263510118,0.026421762903459017,https://www.sec.gov/Archives/edgar/data/1101302/000110130221000036/,short,conservative,market,-0.005879019014515896,232,2020-04-27,2021-03-26,2021-04-27,2021-04-28,1.311363669392176
ENTG,0001101302-21-000036,2021-04-27,2021-04-27,2021-04-27T10:06:09.000Z,sources/earnings/ENTG_0001101302-21-000036.html,sources/earnings/ENTG_0001101302-21-000036_release.html,2021-04-27,2021-04-27,2021-04-27,pre-open,"April 27, 2021; FOR RELEASE AT 6:00 AM EDT",0.62,0.45,512844.0,412327.0,113978.0,80744.0,0.22224692109101404,0.19582515818755503,1,115.26000213623048,0.0014749262263510118,0.026421762903459017,https://www.sec.gov/Archives/edgar/data/1101302/000110130221000036/,short,conservative,market + industries,0.02019090821472625,232,2020-04-27,2021-03-26,2021-04-27,2021-04-28,-0.37198011782360696
ENTG,0001101302-21-000036,2021-04-27,2021-04-27,2021-04-27T10:06:09.000Z,sources/earnings/ENTG_0001101302-21-000036.html,sources/earnings/ENTG_0001101302-21-000036_release.html,2021-04-27,2021-04-27,2021-04-27,pre-open,"April 27, 2021; FOR RELEASE AT 6:00 AM EDT",0.62,0.45,512844.0,412327.0,113978.0,80744.0,0.22224692109101404,0.19582515818755503,1,115.26000213623048,0.0014749262263510118,0.026421762903459017,https://www.sec.gov/Archives/edgar/data/1101302/000110130221000036/,short,same_date,market,-0.005879019014515896,232,2020-04-27,2021-03-26,2021-04-27,2021-04-28,1.311363669392176
ENTG,0001101302-21-000036,2021-04-27,2021-04-27,2021-04-27T10:06:09.000Z,sources/earnings/ENTG_0001101302-21-000036.html,sources/earnings/ENTG_0001101302-21-000036_release.html,2021-04-27,2021-04-27,2021-04-27,pre-open,"April 27, 2021; FOR RELEASE AT 6:00 AM EDT",0.62,0.45,512844.0,412327.0,113978.0,80744.0,0.22224692109101404,0.19582515818755503,1,115.26000213623048,0.0014749262263510118,0.026421762903459017,https://www.sec.gov/Archives/edgar/data/1101302/000110130221000036/,short,same_date,market + industries,0.02019090821472625,232,2020-04-27,2021-03-26,2021-04-27,2021-04-28,-0.37198011782360696
ENTG,0001101302-21-000036,2021-04-27,2021-04-27,2021-04-27T10:06:09.000Z,sources/earnings/ENTG_0001101302-21-000036.html,sources/earnings/ENTG_0001101302-21-000036_release.html,2021-04-27,2021-04-27,2021-04-27,pre-open,"April 27, 2021; FOR RELEASE AT 6:00 AM EDT",0.62,0.45,512844.0,412327.0,113978.0,80744.0,0.22224692109101404,0.19582515818755503,1,115.26000213623048,0.0014749262263510118,0.026421762903459017,https://www.sec.gov/Archives/edgar/data/1101302/000110130221000036/,wide,conservative,market,-0.04457908523902332,232,2020-04-27,2021-03-26,2021-04-26,2021-05-04,1.311363669392176
ENTG,0001101302-21-000036,2021-04-27,2021-04-27,2021-04-27T10:06:09.000Z,sources/earnings/ENTG_0001101302-21-000036.html,sources/earnings/ENTG_0001101302-21-000036_release.html,2021-04-27,2021-04-27,2021-04-27,pre-open,"April 27, 2021; FOR RELEASE AT 6:00 AM EDT",0.62,0.45,512844.0,412327.0,113978.0,80744.0,0.22224692109101404,0.19582515818755503,1,115.26000213623048,0.0014749262263510118,0.026421762903459017,https://www.sec.gov/Archives/edgar/data/1101302/000110130221000036/,wide,conservative,market + industries,0.014750681095308214,232,2020-04-27,2021-03-26,2021-04-26,2021-05-04,-0.37198011782360696
ENTG,0001101302-21-000036,2021-04-27,2021-04-27,2021-04-27T10:06:09.000Z,sources/earnings/ENTG_0001101302-21-000036.html,sources/earnings/ENTG_0001101302-21-000036_release.html,2021-04-27,2021-04-27,2021-04-27,pre-open,"April 27, 2021; FOR RELEASE AT 6:00 AM EDT",0.62,0.45,512844.0,412327.0,113978.0,80744.0,0.22224692109101404,0.19582515818755503,1,115.26000213623048,0.0014749262263510118,0.026421762903459017,https://www.sec.gov/Archives/edgar/data/1101302/000110130221000036/,wide,same_date,market,-0.04457908523902332,232,2020-04-27,2021-03-26,2021-04-26,2021-05-04,1.311363669392176
ENTG,0001101302-21-000036,2021-04-27,2021-04-27,2021-04-27T10:06:09.000Z,sources/earnings/ENTG_0001101302-21-000036.html,sources/earnings/ENTG_0001101302-21-000036_release.html,2021-04-27,2021-04-27,2021-04-27,pre-open,"April 27, 2021; FOR RELEASE AT 6:00 AM EDT",0.62,0.45,512844.0,412327.0,113978.0,80744.0,0.22224692109101404,0.19582515818755503,1,115.26000213623048,0.0014749262263510118,0.026421762903459017,https://www.sec.gov/Archives/edgar/data/1101302/000110130221000036/,wide,same_date,market + industries,0.014750681095308214,232,2020-04-27,2021-03-26,2021-04-26,2021-05-04,-0.37198011782360696
ENTG,0001101302-21-000064,2021-07-27,2021-07-27,2021-07-27T10:04:06.000Z,sources/earnings/ENTG_0001101302-21-000064.html,sources/earnings/ENTG_0001101302-21-000064_release.html,2021-07-27,2021-07-27,2021-07-27,pre-open,"July 27, 2021; FOR RELEASE AT 6:00 AM EDT",0.65,0.5,571352.0,448405.0,138889.0,94712.0,0.24308832383539394,0.21121976784380192,1,118.76000213623048,0.0012630515097830151,0.031868555991592024,https://www.sec.gov/Archives/edgar/data/1101302/000110130221000064/,primary,conservative,market,0.004060279409340752,232,2020-07-27,2021-06-25,2021-07-26,2021-07-28,1.573977533355026
ENTG,0001101302-21-000064,2021-07-27,2021-07-27,2021-07-27T10:04:06.000Z,sources/earnings/ENTG_0001101302-21-000064.html,sources/earnings/ENTG_0001101302-21-000064_release.html,2021-07-27,2021-07-27,2021-07-27,pre-open,"July 27, 2021; FOR RELEASE AT 6:00 AM EDT",0.65,0.5,571352.0,448405.0,138889.0,94712.0,0.24308832383539394,0.21121976784380192,1,118.76000213623048,0.0012630515097830151,0.031868555991592024,https://www.sec.gov/Archives/edgar/data/1101302/000110130221000064/,primary,conservative,market + industries,0.00016826197164514743,232,2020-07-27,2021-06-25,2021-07-26,2021-07-28,-0.37886212996898755
ENTG,0001101302-21-000064,2021-07-27,2021-07-27,2021-07-27T10:04:06.000Z,sources/earnings/ENTG_0001101302-21-000064.html,sources/earnings/ENTG_0001101302-21-000064_release.html,2021-07-27,2021-07-27,2021-07-27,pre-open,"July 27, 2021; FOR RELEASE AT 6:00 AM EDT",0.65,0.5,571352.0,448405.0,138889.0,94712.0,0.24308832383539394,0.21121976784380192,1,118.76000213623048,0.0012630515097830151,0.031868555991592024,https://www.sec.gov/Archives/edgar/data/1101302/000110130221000064/,primary,same_date,market,0.004060279409340752,232,2020-07-27,2021-06-25,2021-07-26,2021-07-28,1.573977533355026
ENTG,0001101302-21-000064,2021-07-27,2021-07-27,2021-07-27T10:04:06.000Z,sources/earnings/ENTG_0001101302-21-000064.html,sources/earnings/ENTG_0001101302-21-000064_release.html,2021-07-27,2021-07-27,2021-07-27,pre-open,"July 27, 2021; FOR RELEASE AT 6:00 AM EDT",0.65,0.5,571352.0,448405.0,138889.0,94712.0,0.24308832383539394,0.21121976784380192,1,118.76000213623048,0.0012630515097830151,0.031868555991592024,https://www.sec.gov/Archives/edgar/data/1101302/000110130221000064/,primary,same_date,market + industries,0.00016826197164514743,232,2020-07-27,2021-06-25,2021-07-26,2021-07-28,-0.37886212996898755
ENTG,0001101302-21-000064,2021-07-27,2021-07-27,2021-07-27T10:04:06.000Z,sources/earnings/ENTG_0001101302-21-000064.html,sources/earnings/ENTG_0001101302-21-000064_release.html,2021-07-27,2021-07-27,2021-07-27,pre-open,"July 27, 2021; FOR RELEASE AT 6:00 AM EDT",0.65,0.5,571352.0,448405.0,138889.0,94712.0,0.24308832383539394,0.21121976784380192,1,118.76000213623048,0.0012630515097830151,0.031868555991592024,https://www.sec.gov/Archives/edgar/data/1101302/000110130221000064/,short,conservative,market,0.0164497663160664,232,2020-07-27,2021-06-25,2021-07-27,2021-07-28,1.573977533355026
ENTG,0001101302-21-000064,2021-07-27,2021-07-27,2021-07-27T10:04:06.000Z,sources/earnings/ENTG_0001101302-21-000064.html,sources/earnings/ENTG_0001101302-21-000064_release.html,2021-07-27,2021-07-27,2021-07-27,pre-open,"July 27, 2021; FOR RELEASE AT 6:00 AM EDT",0.65,0.5,571352.0,448405.0,138889.0,94712.0,0.24308832383539394,0.21121976784380192,1,118.76000213623048,0.0012630515097830151,0.031868555991592024,https://www.sec.gov/Archives/edgar/data/1101302/000110130221000064/,short,conservative,market + industries,0.008397048499273158,232,2020-07-27,2021-06-25,2021-07-27,2021-07-28,-0.37886212996898755
ENTG,0001101302-21-000064,2021-07-27,2021-07-27,2021-07-27T10:04:06.000Z,sources/earnings/ENTG_0001101302-21-000064.html,sources/earnings/ENTG_0001101302-21-000064_release.html,2021-07-27,2021-07-27,2021-07-27,pre-open,"July 27, 2021; FOR RELEASE AT 6:00 AM EDT",0.65,0.5,571352.0,448405.0,138889.0,94712.0,0.24308832383539394,0.21121976784380192,1,118.76000213623048,0.0012630515097830151,0.031868555991592024,https://www.sec.gov/Archives/edgar/data/1101302/000110130221000064/,short,same_date,market,0.0164497663160664,232,2020-07-27,2021-06-25,2021-07-27,2021-07-28,1.573977533355026
ENTG,0001101302-21-000064,2021-07-27,2021-07-27,2021-07-27T10:04:06.000Z,sources/earnings/ENTG_0001101302-21-000064.html,sources/earnings/ENTG_0001101302-21-000064_release.html,2021-07-27,2021-07-27,2021-07-27,pre-open,"July 27, 2021; FOR RELEASE AT 6:00 AM EDT",0.65,0.5,571352.0,448405.0,138889.0,94712.0,0.24308832383539394,0.21121976784380192,1,118.76000213623048,0.0012630515097830151,0.031868555991592024,https://www.sec.gov/Archives/edgar/data/1101302/000110130221000064/,short,same_date,market + industries,0.008397048499273158,232,2020-07-27,2021-06-25,2021-07-27,2021-07-28,-0.37886212996898755
ENTG,0001101302-21-000064,2021-07-27,2021-07-27,2021-07-27T10:04:06.000Z,sources/earnings/ENTG_0001101302-21-000064.html,sources/earnings/ENTG_0001101302-21-000064_release.html,2021-07-27,2021-07-27,2021-07-27,pre-open,"July 27, 2021; FOR RELEASE AT 6:00 AM EDT",0.65,0.5,571352.0,448405.0,138889.0,94712.0,0.24308832383539394,0.21121976784380192,1,118.76000213623048,0.0012630515097830151,0.031868555991592024,https://www.sec.gov/Archives/edgar/data/1101302/000110130221000064/,wide,conservative,market,0.017823578183500687,232,2020-07-27,2021-06-25,2021-07-26,2021-08-03,1.573977533355026
ENTG,0001101302-21-000064,2021-07-27,2021-07-27,2021-07-27T10:04:06.000Z,sources/earnings/ENTG_0001101302-21-000064.html,sources/earnings/ENTG_0001101302-21-000064_release.html,2021-07-27,2021-07-27,2021-07-27,pre-open,"July 27, 2021; FOR RELEASE AT 6:00 AM EDT",0.65,0.5,571352.0,448405.0,138889.0,94712.0,0.24308832383539394,0.21121976784380192,1,118.76000213623048,0.0012630515097830151,0.031868555991592024,https://www.sec.gov/Archives/edgar/data/1101302/000110130221000064/,wide,conservative,market + industries,-0.025228318396196013,232,2020-07-27,2021-06-25,2021-07-26,2021-08-03,-0.37886212996898755
ENTG,0001101302-21-000064,2021-07-27,2021-07-27,2021-07-27T10:04:06.000Z,sources/earnings/ENTG_0001101302-21-000064.html,sources/earnings/ENTG_0001101302-21-000064_release.html,2021-07-27,2021-07-27,2021-07-27,pre-open,"July 27, 2021; FOR RELEASE AT 6:00 AM EDT",0.65,0.5,571352.0,448405.0,138889.0,94712.0,0.24308832383539394,0.21121976784380192,1,118.76000213623048,0.0012630515097830151,0.031868555991592024,https://www.sec.gov/Archives/edgar/data/1101302/000110130221000064/,wide,same_date,market,0.017823578183500687,232,2020-07-27,2021-06-25,2021-07-26,2021-08-03,1.573977533355026
ENTG,0001101302-21-000064,2021-07-27,2021-07-27,2021-07-27T10:04:06.000Z,sources/earnings/ENTG_0001101302-21-000064.html,sources/earnings/ENTG_0001101302-21-000064_release.html,2021-07-27,2021-07-27,2021-07-27,pre-open,"July 27, 2021; FOR RELEASE AT 6:00 AM EDT",0.65,0.5,571352.0,448405.0,138889.0,94712.0,0.24308832383539394,0.21121976784380192,1,118.76000213623048,0.0012630515097830151,0.031868555991592024,https://www.sec.gov/Archives/edgar/data/1101302/000110130221000064/,wide,same_date,market + industries,-0.025228318396196013,232,2020-07-27,2021-06-25,2021-07-26,2021-08-03,-0.37886212996898755
ENTG,0001101302-21-000075,2021-10-26,2021-10-26,2021-10-26T10:03:56.000Z,sources/earnings/ENTG_0001101302-21-000075.html,sources/earnings/ENTG_0001101302-21-000075_release.html,2021-10-26,2021-10-26,2021-10-26,pre-open,"October 26, 2021; FOR RELEASE AT 6:00 AM EDT",0.86,0.58,579493.0,480987.0,139357.0,106761.0,0.24048090313429152,0.22196233993850145,1,136.1300048828125,0.0020568573419286807,0.018518563195790066,https://www.sec.gov/Archives/edgar/data/1101302/000110130221000075/,primary,conservative,market,-0.02020547798330526,232,2020-10-26,2021-09-27,2021-10-25,2021-10-27,1.6847863169101243
ENTG,0001101302-21-000075,2021-10-26,2021-10-26,2021-10-26T10:03:56.000Z,sources/earnings/ENTG_0001101302-21-000075.html,sources/earnings/ENTG_0001101302-21-000075_release.html,2021-10-26,2021-10-26,2021-10-26,pre-open,"October 26, 2021; FOR RELEASE AT 6:00 AM EDT",0.86,0.58,579493.0,480987.0,139357.0,106761.0,0.24048090313429152,0.22196233993850145,1,136.1300048828125,0.0020568573419286807,0.018518563195790066,https://www.sec.gov/Archives/edgar/data/1101302/000110130221000075/,primary,conservative,market + industries,-0.012567409185836563,232,2020-10-26,2021-09-27,2021-10-25,2021-10-27,-0.3941670184847467
ENTG,0001101302-21-000075,2021-10-26,2021-10-26,2021-10-26T10:03:56.000Z,sources/earnings/ENTG_0001101302-21-000075.html,sources/earnings/ENTG_0001101302-21-000075_release.html,2021-10-26,2021-10-26,2021-10-26,pre-open,"October 26, 2021; FOR RELEASE AT 6:00 AM EDT",0.86,0.58,579493.0,480987.0,139357.0,106761.0,0.24048090313429152,0.22196233993850145,1,136.1300048828125,0.0020568573419286807,0.018518563195790066,https://www.sec.gov/Archives/edgar/data/1101302/000110130221000075/,primary,same_date,market,-0.02020547798330526,232,2020-10-26,2021-09-27,2021-10-25,2021-10-27,1.6847863169101243
ENTG,0001101302-21-000075,2021-10-26,2021-10-26,2021-10-26T10:03:56.000Z,sources/earnings/ENTG_0001101302-21-000075.html,sources/earnings/ENTG_0001101302-21-000075_release.html,2021-10-26,2021-10-26,2021-10-26,pre-open,"October 26, 2021; FOR RELEASE AT 6:00 AM EDT",0.86,0.58,579493.0,480987.0,139357.0,106761.0,0.24048090313429152,0.22196233993850145,1,136.1300048828125,0.0020568573419286807,0.018518563195790066,https://www.sec.gov/Archives/edgar/data/1101302/000110130221000075/,primary,same_date,market + industries,-0.012567409185836563,232,2020-10-26,2021-09-27,2021-10-25,2021-10-27,-0.3941670184847467
ENTG,0001101302-21-000075,2021-10-26,2021-10-26,2021-10-26T10:03:56.000Z,sources/earnings/ENTG_0001101302-21-000075.html,sources/earnings/ENTG_0001101302-21-000075_release.html,2021-10-26,2021-10-26,2021-10-26,pre-open,"October 26, 2021; FOR RELEASE AT 6:00 AM EDT",0.86,0.58,579493.0,480987.0,139357.0,106761.0,0.24048090313429152,0.22196233993850145,1,136.1300048828125,0.0020568573419286807,0.018518563195790066,https://www.sec.gov/Archives/edgar/data/1101302/000110130221000075/,short,conservative,market,-0.002250373163065554,232,2020-10-26,2021-09-27,2021-10-26,2021-10-27,1.6847863169101243
ENTG,0001101302-21-000075,2021-10-26,2021-10-26,2021-10-26T10:03:56.000Z,sources/earnings/ENTG_0001101302-21-000075.html,sources/earnings/ENTG_0001101302-21-000075_release.html,2021-10-26,2021-10-26,2021-10-26,pre-open,"October 26, 2021; FOR RELEASE AT 6:00 AM EDT",0.86,0.58,579493.0,480987.0,139357.0,106761.0,0.24048090313429152,0.22196233993850145,1,136.1300048828125,0.0020568573419286807,0.018518563195790066,https://www.sec.gov/Archives/edgar/data/1101302/000110130221000075/,short,conservative,market + industries,0.0021268759374225565,232,2020-10-26,2021-09-27,2021-10-26,2021-10-27,-0.3941670184847467
ENTG,0001101302-21-000075,2021-10-26,2021-10-26,2021-10-26T10:03:56.000Z,sources/earnings/ENTG_0001101302-21-000075.html,sources/earnings/ENTG_0001101302-21-000075_release.html,2021-10-26,2021-10-26,2021-10-26,pre-open,"October 26, 2021; FOR RELEASE AT 6:00 AM EDT",0.86,0.58,579493.0,480987.0,139357.0,106761.0,0.24048090313429152,0.22196233993850145,1,136.1300048828125,0.0020568573419286807,0.018518563195790066,https://www.sec.gov/Archives/edgar/data/1101302/000110130221000075/,short,same_date,market,-0.002250373163065554,232,2020-10-26,2021-09-27,2021-10-26,2021-10-27,1.6847863169101243
ENTG,0001101302-21-000075,2021-10-26,2021-10-26,2021-10-26T10:03:56.000Z,sources/earnings/ENTG_0001101302-21-000075.html,sources/earnings/ENTG_0001101302-21-000075_release.html,2021-10-26,2021-10-26,2021-10-26,pre-open,"October 26, 2021; FOR RELEASE AT 6:00 AM EDT",0.86,0.58,579493.0,480987.0,139357.0,106761.0,0.24048090313429152,0.22196233993850145,1,136.1300048828125,0.0020568573419286807,0.018518563195790066,https://www.sec.gov/Archives/edgar/data/1101302/000110130221000075/,short,same_date,market + industries,0.0021268759374225565,232,2020-10-26,2021-09-27,2021-10-26,2021-10-27,-0.3941670184847467
ENTG,0001101302-21-000075,2021-10-26,2021-10-26,2021-10-26T10:03:56.000Z,sources/earnings/ENTG_0001101302-21-000075.html,sources/earnings/ENTG_0001101302-21-000075_release.html,2021-10-26,2021-10-26,2021-10-26,pre-open,"October 26, 2021; FOR RELEASE AT 6:00 AM EDT",0.86,0.58,579493.0,480987.0,139357.0,106761.0,0.24048090313429152,0.22196233993850145,1,136.1300048828125,0.0020568573419286807,0.018518563195790066,https://www.sec.gov/Archives/edgar/data/1101302/000110130221000075/,wide,conservative,market,0.014850362843085602,232,2020-10-26,2021-09-27,2021-10-25,2021-11-02,1.6847863169101243
ENTG,0001101302-21-000075,2021-10-26,2021-10-26,2021-10-26T10:03:56.000Z,sources/earnings/ENTG_0001101302-21-000075.html,sources/earnings/ENTG_0001101302-21-000075_release.html,2021-10-26,2021-10-26,2021-10-26,pre-open,"October 26, 2021; FOR RELEASE AT 6:00 AM EDT",0.86,0.58,579493.0,480987.0,139357.0,106761.0,0.24048090313429152,0.22196233993850145,1,136.1300048828125,0.0020568573419286807,0.018518563195790066,https://www.sec.gov/Archives/edgar/data/1101302/000110130221000075/,wide,conservative,market + industries,-0.007934592107238726,232,2020-10-26,2021-09-27,2021-10-25,2021-11-02,-0.3941670184847467
ENTG,0001101302-21-000075,2021-10-26,2021-10-26,2021-10-26T10:03:56.000Z,sources/earnings/ENTG_0001101302-21-000075.html,sources/earnings/ENTG_0001101302-21-000075_release.html,2021-10-26,2021-10-26,2021-10-26,pre-open,"October 26, 2021; FOR RELEASE AT 6:00 AM EDT",0.86,0.58,579493.0,480987.0,139357.0,106761.0,0.24048090313429152,0.22196233993850145,1,136.1300048828125,0.0020568573419286807,0.018518563195790066,https://www.sec.gov/Archives/edgar/data/1101302/000110130221000075/,wide,same_date,market,0.014850362843085602,232,2020-10-26,2021-09-27,2021-10-25,2021-11-02,1.6847863169101243
ENTG,0001101302-21-000075,2021-10-26,2021-10-26,2021-10-26T10:03:56.000Z,sources/earnings/ENTG_0001101302-21-000075.html,sources/earnings/ENTG_0001101302-21-000075_release.html,2021-10-26,2021-10-26,2021-10-26,pre-open,"October 26, 2021; FOR RELEASE AT 6:00 AM EDT",0.86,0.58,579493.0,480987.0,139357.0,106761.0,0.24048090313429152,0.22196233993850145,1,136.1300048828125,0.0020568573419286807,0.018518563195790066,https://www.sec.gov/Archives/edgar/data/1101302/000110130221000075/,wide,same_date,market + industries,-0.007934592107238726,232,2020-10-26,2021-09-27,2021-10-25,2021-11-02,-0.3941670184847467
ENTG,0001101302-22-000006,2022-02-01,2022-02-01,2022-02-01T11:05:19.000Z,sources/earnings/ENTG_0001101302-22-000006.html,sources/earnings/ENTG_0001101302-22-000006_release.html,2022-02-01,2022-02-01,2022-02-01,pre-open,"February 1, 2022; FOR RELEASE AT 6:00 AM EDT",0.87,0.63,635204.0,517594.0,159544.0,113228.0,0.25116970296156826,0.21875833181992063,1,119.83999633789062,0.002002670288167537,0.03241137114164763,https://www.sec.gov/Archives/edgar/data/1101302/000110130222000006/,primary,conservative,market,0.11539467006938264,232,2021-02-02,2021-12-31,2022-01-31,2022-02-02,1.900414606672482
ENTG,0001101302-22-000006,2022-02-01,2022-02-01,2022-02-01T11:05:19.000Z,sources/earnings/ENTG_0001101302-22-000006.html,sources/earnings/ENTG_0001101302-22-000006_release.html,2022-02-01,2022-02-01,2022-02-01,pre-open,"February 1, 2022; FOR RELEASE AT 6:00 AM EDT",0.87,0.63,635204.0,517594.0,159544.0,113228.0,0.25116970296156826,0.21875833181992063,1,119.83999633789062,0.002002670288167537,0.03241137114164763,https://www.sec.gov/Archives/edgar/data/1101302/000110130222000006/,primary,conservative,market + industries,0.08422056586871678,232,2021-02-02,2021-12-31,2022-01-31,2022-02-02,-0.03312609710046599
ENTG,0001101302-22-000006,2022-02-01,2022-02-01,2022-02-01T11:05:19.000Z,sources/earnings/ENTG_0001101302-22-000006.html,sources/earnings/ENTG_0001101302-22-000006_release.html,2022-02-01,2022-02-01,2022-02-01,pre-open,"February 1, 2022; FOR RELEASE AT 6:00 AM EDT",0.87,0.63,635204.0,517594.0,159544.0,113228.0,0.25116970296156826,0.21875833181992063,1,119.83999633789062,0.002002670288167537,0.03241137114164763,https://www.sec.gov/Archives/edgar/data/1101302/000110130222000006/,primary,same_date,market,0.11539467006938264,232,2021-02-02,2021-12-31,2022-01-31,2022-02-02,1.900414606672482
ENTG,0001101302-22-000006,2022-02-01,2022-02-01,2022-02-01T11:05:19.000Z,sources/earnings/ENTG_0001101302-22-000006.html,sources/earnings/ENTG_0001101302-22-000006_release.html,2022-02-01,2022-02-01,2022-02-01,pre-open,"February 1, 2022; FOR RELEASE AT 6:00 AM EDT",0.87,0.63,635204.0,517594.0,159544.0,113228.0,0.25116970296156826,0.21875833181992063,1,119.83999633789062,0.002002670288167537,0.03241137114164763,https://www.sec.gov/Archives/edgar/data/1101302/000110130222000006/,primary,same_date,market + industries,0.08422056586871678,232,2021-02-02,2021-12-31,2022-01-31,2022-02-02,-0.03312609710046599
ENTG,0001101302-22-000006,2022-02-01,2022-02-01,2022-02-01T11:05:19.000Z,sources/earnings/ENTG_0001101302-22-000006.html,sources/earnings/ENTG_0001101302-22-000006_release.html,2022-02-01,2022-02-01,2022-02-01,pre-open,"February 1, 2022; FOR RELEASE AT 6:00 AM EDT",0.87,0.63,635204.0,517594.0,159544.0,113228.0,0.25116970296156826,0.21875833181992063,1,119.83999633789062,0.002002670288167537,0.03241137114164763,https://www.sec.gov/Archives/edgar/data/1101302/000110130222000006/,short,conservative,market,0.07427099768467103,232,2021-02-02,2021-12-31,2022-02-01,2022-02-02,1.900414606672482
ENTG,0001101302-22-000006,2022-02-01,2022-02-01,2022-02-01T11:05:19.000Z,sources/earnings/ENTG_0001101302-22-000006.html,sources/earnings/ENTG_0001101302-22-000006_release.html,2022-02-01,2022-02-01,2022-02-01,pre-open,"February 1, 2022; FOR RELEASE AT 6:00 AM EDT",0.87,0.63,635204.0,517594.0,159544.0,113228.0,0.25116970296156826,0.21875833181992063,1,119.83999633789062,0.002002670288167537,0.03241137114164763,https://www.sec.gov/Archives/edgar/data/1101302/000110130222000006/,short,conservative,market + industries,0.06822514353529319,232,2021-02-02,2021-12-31,2022-02-01,2022-02-02,-0.03312609710046599
ENTG,0001101302-22-000006,2022-02-01,2022-02-01,2022-02-01T11:05:19.000Z,sources/earnings/ENTG_0001101302-22-000006.html,sources/earnings/ENTG_0001101302-22-000006_release.html,2022-02-01,2022-02-01,2022-02-01,pre-open,"February 1, 2022; FOR RELEASE AT 6:00 AM EDT",0.87,0.63,635204.0,517594.0,159544.0,113228.0,0.25116970296156826,0.21875833181992063,1,119.83999633789062,0.002002670288167537,0.03241137114164763,https://www.sec.gov/Archives/edgar/data/1101302/000110130222000006/,short,same_date,market,0.07427099768467103,232,2021-02-02,2021-12-31,2022-02-01,2022-02-02,1.900414606672482
ENTG,0001101302-22-000006,2022-02-01,2022-02-01,2022-02-01T11:05:19.000Z,sources/earnings/ENTG_0001101302-22-000006.html,sources/earnings/ENTG_0001101302-22-000006_release.html,2022-02-01,2022-02-01,2022-02-01,pre-open,"February 1, 2022; FOR RELEASE AT 6:00 AM EDT",0.87,0.63,635204.0,517594.0,159544.0,113228.0,0.25116970296156826,0.21875833181992063,1,119.83999633789062,0.002002670288167537,0.03241137114164763,https://www.sec.gov/Archives/edgar/data/1101302/000110130222000006/,short,same_date,market + industries,0.06822514353529319,232,2021-02-02,2021-12-31,2022-02-01,2022-02-02,-0.03312609710046599
ENTG,0001101302-22-000006,2022-02-01,2022-02-01,2022-02-01T11:05:19.000Z,sources/earnings/ENTG_0001101302-22-000006.html,sources/earnings/ENTG_0001101302-22-000006_release.html,2022-02-01,2022-02-01,2022-02-01,pre-open,"February 1, 2022; FOR RELEASE AT 6:00 AM EDT",0.87,0.63,635204.0,517594.0,159544.0,113228.0,0.25116970296156826,0.21875833181992063,1,119.83999633789062,0.002002670288167537,0.03241137114164763,https://www.sec.gov/Archives/edgar/data/1101302/000110130222000006/,wide,conservative,market,0.12564148062739222,232,2021-02-02,2021-12-31,2022-01-31,2022-02-08,1.900414606672482
ENTG,0001101302-22-000006,2022-02-01,2022-02-01,2022-02-01T11:05:19.000Z,sources/earnings/ENTG_0001101302-22-000006.html,sources/earnings/ENTG_0001101302-22-000006_release.html,2022-02-01,2022-02-01,2022-02-01,pre-open,"February 1, 2022; FOR RELEASE AT 6:00 AM EDT",0.87,0.63,635204.0,517594.0,159544.0,113228.0,0.25116970296156826,0.21875833181992063,1,119.83999633789062,0.002002670288167537,0.03241137114164763,https://www.sec.gov/Archives/edgar/data/1101302/000110130222000006/,wide,conservative,market + industries,0.08097893338912604,232,2021-02-02,2021-12-31,2022-01-31,2022-02-08,-0.03312609710046599
ENTG,0001101302-22-000006,2022-02-01,2022-02-01,2022-02-01T11:05:19.000Z,sources/earnings/ENTG_0001101302-22-000006.html,sources/earnings/ENTG_0001101302-22-000006_release.html,2022-02-01,2022-02-01,2022-02-01,pre-open,"February 1, 2022; FOR RELEASE AT 6:00 AM EDT",0.87,0.63,635204.0,517594.0,159544.0,113228.0,0.25116970296156826,0.21875833181992063,1,119.83999633789062,0.002002670288167537,0.03241137114164763,https://www.sec.gov/Archives/edgar/data/1101302/000110130222000006/,wide,same_date,market,0.12564148062739222,232,2021-02-02,2021-12-31,2022-01-31,2022-02-08,1.900414606672482
ENTG,0001101302-22-000006,2022-02-01,2022-02-01,2022-02-01T11:05:19.000Z,sources/earnings/ENTG_0001101302-22-000006.html,sources/earnings/ENTG_0001101302-22-000006_release.html,2022-02-01,2022-02-01,2022-02-01,pre-open,"February 1, 2022; FOR RELEASE AT 6:00 AM EDT",0.87,0.63,635204.0,517594.0,159544.0,113228.0,0.25116970296156826,0.21875833181992063,1,119.83999633789062,0.002002670288167537,0.03241137114164763,https://www.sec.gov/Archives/edgar/data/1101302/000110130222000006/,wide,same_date,market + industries,0.08097893338912604,232,2021-02-02,2021-12-31,2022-01-31,2022-02-08,-0.03312609710046599
ENTG,0001101302-22-000021,2022-04-26,2022-04-26,2022-04-26T10:04:20.000Z,sources/earnings/ENTG_0001101302-22-000021.html,sources/earnings/ENTG_0001101302-22-000021_release.html,2022-04-26,2022-04-26,2022-04-26,pre-open,"April 26, 2022; FOR RELEASE AT 6:00 AM EDT",0.92,0.62,649646.0,512844.0,163346.0,113978.0,0.2514384757237018,0.22224692109101404,1,114.58999633789062,0.002618029580133613,0.02919155463268777,https://www.sec.gov/Archives/edgar/data/1101302/000110130222000021/,primary,conservative,market,-0.003757839032213918,232,2021-04-27,2022-03-25,2022-04-25,2022-04-27,1.776937431212905
ENTG,0001101302-22-000021,2022-04-26,2022-04-26,2022-04-26T10:04:20.000Z,sources/earnings/ENTG_0001101302-22-000021.html,sources/earnings/ENTG_0001101302-22-000021_release.html,2022-04-26,2022-04-26,2022-04-26,pre-open,"April 26, 2022; FOR RELEASE AT 6:00 AM EDT",0.92,0.62,649646.0,512844.0,163346.0,113978.0,0.2514384757237018,0.22224692109101404,1,114.58999633789062,0.002618029580133613,0.02919155463268777,https://www.sec.gov/Archives/edgar/data/1101302/000110130222000021/,primary,conservative,market + industries,-0.006108662969528932,232,2021-04-27,2022-03-25,2022-04-25,2022-04-27,0.05276015470539641
ENTG,0001101302-22-000021,2022-04-26,2022-04-26,2022-04-26T10:04:20.000Z,sources/earnings/ENTG_0001101302-22-000021.html,sources/earnings/ENTG_0001101302-22-000021_release.html,2022-04-26,2022-04-26,2022-04-26,pre-open,"April 26, 2022; FOR RELEASE AT 6:00 AM EDT",0.92,0.62,649646.0,512844.0,163346.0,113978.0,0.2514384757237018,0.22224692109101404,1,114.58999633789062,0.002618029580133613,0.02919155463268777,https://www.sec.gov/Archives/edgar/data/1101302/000110130222000021/,primary,same_date,market,-0.003757839032213918,232,2021-04-27,2022-03-25,2022-04-25,2022-04-27,1.776937431212905
ENTG,0001101302-22-000021,2022-04-26,2022-04-26,2022-04-26T10:04:20.000Z,sources/earnings/ENTG_0001101302-22-000021.html,sources/earnings/ENTG_0001101302-22-000021_release.html,2022-04-26,2022-04-26,2022-04-26,pre-open,"April 26, 2022; FOR RELEASE AT 6:00 AM EDT",0.92,0.62,649646.0,512844.0,163346.0,113978.0,0.2514384757237018,0.22224692109101404,1,114.58999633789062,0.002618029580133613,0.02919155463268777,https://www.sec.gov/Archives/edgar/data/1101302/000110130222000021/,primary,same_date,market + industries,-0.006108662969528932,232,2021-04-27,2022-03-25,2022-04-25,2022-04-27,0.05276015470539641
ENTG,0001101302-22-000021,2022-04-26,2022-04-26,2022-04-26T10:04:20.000Z,sources/earnings/ENTG_0001101302-22-000021.html,sources/earnings/ENTG_0001101302-22-000021_release.html,2022-04-26,2022-04-26,2022-04-26,pre-open,"April 26, 2022; FOR RELEASE AT 6:00 AM EDT",0.92,0.62,649646.0,512844.0,163346.0,113978.0,0.2514384757237018,0.22224692109101404,1,114.58999633789062,0.002618029580133613,0.02919155463268777,https://www.sec.gov/Archives/edgar/data/1101302/000110130222000021/,short,conservative,market,-0.010238090961926686,232,2021-04-27,2022-03-25,2022-04-26,2022-04-27,1.776937431212905
ENTG,0001101302-22-000021,2022-04-26,2022-04-26,2022-04-26T10:04:20.000Z,sources/earnings/ENTG_0001101302-22-000021.html,sources/earnings/ENTG_0001101302-22-000021_release.html,2022-04-26,2022-04-26,2022-04-26,pre-open,"April 26, 2022; FOR RELEASE AT 6:00 AM EDT",0.92,0.62,649646.0,512844.0,163346.0,113978.0,0.2514384757237018,0.22224692109101404,1,114.58999633789062,0.002618029580133613,0.02919155463268777,https://www.sec.gov/Archives/edgar/data/1101302/000110130222000021/,short,conservative,market + industries,-0.00523687580870656,232,2021-04-27,2022-03-25,2022-04-26,2022-04-27,0.05276015470539641
ENTG,0001101302-22-000021,2022-04-26,2022-04-26,2022-04-26T10:04:20.000Z,sources/earnings/ENTG_0001101302-22-000021.html,sources/earnings/ENTG_0001101302-22-000021_release.html,2022-04-26,2022-04-26,2022-04-26,pre-open,"April 26, 2022; FOR RELEASE AT 6:00 AM EDT",0.92,0.62,649646.0,512844.0,163346.0,113978.0,0.2514384757237018,0.22224692109101404,1,114.58999633789062,0.002618029580133613,0.02919155463268777,https://www.sec.gov/Archives/edgar/data/1101302/000110130222000021/,short,same_date,market,-0.010238090961926686,232,2021-04-27,2022-03-25,2022-04-26,2022-04-27,1.776937431212905
ENTG,0001101302-22-000021,2022-04-26,2022-04-26,2022-04-26T10:04:20.000Z,sources/earnings/ENTG_0001101302-22-000021.html,sources/earnings/ENTG_0001101302-22-000021_release.html,2022-04-26,2022-04-26,2022-04-26,pre-open,"April 26, 2022; FOR RELEASE AT 6:00 AM EDT",0.92,0.62,649646.0,512844.0,163346.0,113978.0,0.2514384757237018,0.22224692109101404,1,114.58999633789062,0.002618029580133613,0.02919155463268777,https://www.sec.gov/Archives/edgar/data/1101302/000110130222000021/,short,same_date,market + industries,-0.00523687580870656,232,2021-04-27,2022-03-25,2022-04-26,2022-04-27,0.05276015470539641
ENTG,0001101302-22-000021,2022-04-26,2022-04-26,2022-04-26T10:04:20.000Z,sources/earnings/ENTG_0001101302-22-000021.html,sources/earnings/ENTG_0001101302-22-000021_release.html,2022-04-26,2022-04-26,2022-04-26,pre-open,"April 26, 2022; FOR RELEASE AT 6:00 AM EDT",0.92,0.62,649646.0,512844.0,163346.0,113978.0,0.2514384757237018,0.22224692109101404,1,114.58999633789062,0.002618029580133613,0.02919155463268777,https://www.sec.gov/Archives/edgar/data/1101302/000110130222000021/,wide,conservative,market,0.07495912194963118,232,2021-04-27,2022-03-25,2022-04-25,2022-05-03,1.776937431212905
ENTG,0001101302-22-000021,2022-04-26,2022-04-26,2022-04-26T10:04:20.000Z,sources/earnings/ENTG_0001101302-22-000021.html,sources/earnings/ENTG_0001101302-22-000021_release.html,2022-04-26,2022-04-26,2022-04-26,pre-open,"April 26, 2022; FOR RELEASE AT 6:00 AM EDT",0.92,0.62,649646.0,512844.0,163346.0,113978.0,0.2514384757237018,0.22224692109101404,1,114.58999633789062,0.002618029580133613,0.02919155463268777,https://www.sec.gov/Archives/edgar/data/1101302/000110130222000021/,wide,conservative,market + industries,0.015196601371566898,232,2021-04-27,2022-03-25,2022-04-25,2022-05-03,0.05276015470539641
ENTG,0001101302-22-000021,2022-04-26,2022-04-26,2022-04-26T10:04:20.000Z,sources/earnings/ENTG_0001101302-22-000021.html,sources/earnings/ENTG_0001101302-22-000021_release.html,2022-04-26,2022-04-26,2022-04-26,pre-open,"April 26, 2022; FOR RELEASE AT 6:00 AM EDT",0.92,0.62,649646.0,512844.0,163346.0,113978.0,0.2514384757237018,0.22224692109101404,1,114.58999633789062,0.002618029580133613,0.02919155463268777,https://www.sec.gov/Archives/edgar/data/1101302/000110130222000021/,wide,same_date,market,0.07495912194963118,232,2021-04-27,2022-03-25,2022-04-25,2022-05-03,1.776937431212905
ENTG,0001101302-22-000021,2022-04-26,2022-04-26,2022-04-26T10:04:20.000Z,sources/earnings/ENTG_0001101302-22-000021.html,sources/earnings/ENTG_0001101302-22-000021_release.html,2022-04-26,2022-04-26,2022-04-26,pre-open,"April 26, 2022; FOR RELEASE AT 6:00 AM EDT",0.92,0.62,649646.0,512844.0,163346.0,113978.0,0.2514384757237018,0.22224692109101404,1,114.58999633789062,0.002618029580133613,0.02919155463268777,https://www.sec.gov/Archives/edgar/data/1101302/000110130222000021/,wide,same_date,market + industries,0.015196601371566898,232,2021-04-27,2022-03-25,2022-04-25,2022-05-03,0.05276015470539641
ENTG,0001101302-22-000038,2022-08-02,2022-08-02,2022-08-02T10:07:08.000Z,sources/earnings/ENTG_0001101302-22-000038.html,sources/earnings/ENTG_0001101302-22-000038_release.html,2022-08-02,2022-08-02,2022-08-02,pre-open,"August 2, 2022; FOR RELEASE AT 6:00 AM EDT",0.73,0.65,692489.0,571352.0,157970.0,138889.0,0.22811914701894181,0.24308832383539394,1,110.27999877929688,0.0007254261959152156,-0.014969176816452129,https://www.sec.gov/Archives/edgar/data/1101302/000110130222000038/,primary,conservative,market,-0.05636648114012694,232,2021-08-02,2022-07-01,2022-08-01,2022-08-03,1.7421912305707783
ENTG,0001101302-22-000038,2022-08-02,2022-08-02,2022-08-02T10:07:08.000Z,sources/earnings/ENTG_0001101302-22-000038.html,sources/earnings/ENTG_0001101302-22-000038_release.html,2022-08-02,2022-08-02,2022-08-02,pre-open,"August 2, 2022; FOR RELEASE AT 6:00 AM EDT",0.73,0.65,692489.0,571352.0,157970.0,138889.0,0.22811914701894181,0.24308832383539394,1,110.27999877929688,0.0007254261959152156,-0.014969176816452129,https://www.sec.gov/Archives/edgar/data/1101302/000110130222000038/,primary,conservative,market + industries,-0.08055863137570712,232,2021-08-02,2022-07-01,2022-08-01,2022-08-03,-0.11728075590847298
ENTG,0001101302-22-000038,2022-08-02,2022-08-02,2022-08-02T10:07:08.000Z,sources/earnings/ENTG_0001101302-22-000038.html,sources/earnings/ENTG_0001101302-22-000038_release.html,2022-08-02,2022-08-02,2022-08-02,pre-open,"August 2, 2022; FOR RELEASE AT 6:00 AM EDT",0.73,0.65,692489.0,571352.0,157970.0,138889.0,0.22811914701894181,0.24308832383539394,1,110.27999877929688,0.0007254261959152156,-0.014969176816452129,https://www.sec.gov/Archives/edgar/data/1101302/000110130222000038/,primary,same_date,market,-0.05636648114012694,232,2021-08-02,2022-07-01,2022-08-01,2022-08-03,1.7421912305707783
ENTG,0001101302-22-000038,2022-08-02,2022-08-02,2022-08-02T10:07:08.000Z,sources/earnings/ENTG_0001101302-22-000038.html,sources/earnings/ENTG_0001101302-22-000038_release.html,2022-08-02,2022-08-02,2022-08-02,pre-open,"August 2, 2022; FOR RELEASE AT 6:00 AM EDT",0.73,0.65,692489.0,571352.0,157970.0,138889.0,0.22811914701894181,0.24308832383539394,1,110.27999877929688,0.0007254261959152156,-0.014969176816452129,https://www.sec.gov/Archives/edgar/data/1101302/000110130222000038/,primary,same_date,market + industries,-0.08055863137570712,232,2021-08-02,2022-07-01,2022-08-01,2022-08-03,-0.11728075590847298
ENTG,0001101302-22-000038,2022-08-02,2022-08-02,2022-08-02T10:07:08.000Z,sources/earnings/ENTG_0001101302-22-000038.html,sources/earnings/ENTG_0001101302-22-000038_release.html,2022-08-02,2022-08-02,2022-08-02,pre-open,"August 2, 2022; FOR RELEASE AT 6:00 AM EDT",0.73,0.65,692489.0,571352.0,157970.0,138889.0,0.22811914701894181,0.24308832383539394,1,110.27999877929688,0.0007254261959152156,-0.014969176816452129,https://www.sec.gov/Archives/edgar/data/1101302/000110130222000038/,short,conservative,market,-0.0650521849797006,232,2021-08-02,2022-07-01,2022-08-02,2022-08-03,1.7421912305707783
ENTG,0001101302-22-000038,2022-08-02,2022-08-02,2022-08-02T10:07:08.000Z,sources/earnings/ENTG_0001101302-22-000038.html,sources/earnings/ENTG_0001101302-22-000038_release.html,2022-08-02,2022-08-02,2022-08-02,pre-open,"August 2, 2022; FOR RELEASE AT 6:00 AM EDT",0.73,0.65,692489.0,571352.0,157970.0,138889.0,0.22811914701894181,0.24308832383539394,1,110.27999877929688,0.0007254261959152156,-0.014969176816452129,https://www.sec.gov/Archives/edgar/data/1101302/000110130222000038/,short,conservative,market + industries,-0.07855637476792096,232,2021-08-02,2022-07-01,2022-08-02,2022-08-03,-0.11728075590847298
ENTG,0001101302-22-000038,2022-08-02,2022-08-02,2022-08-02T10:07:08.000Z,sources/earnings/ENTG_0001101302-22-000038.html,sources/earnings/ENTG_0001101302-22-000038_release.html,2022-08-02,2022-08-02,2022-08-02,pre-open,"August 2, 2022; FOR RELEASE AT 6:00 AM EDT",0.73,0.65,692489.0,571352.0,157970.0,138889.0,0.22811914701894181,0.24308832383539394,1,110.27999877929688,0.0007254261959152156,-0.014969176816452129,https://www.sec.gov/Archives/edgar/data/1101302/000110130222000038/,short,same_date,market,-0.0650521849797006,232,2021-08-02,2022-07-01,2022-08-02,2022-08-03,1.7421912305707783
ENTG,0001101302-22-000038,2022-08-02,2022-08-02,2022-08-02T10:07:08.000Z,sources/earnings/ENTG_0001101302-22-000038.html,sources/earnings/ENTG_0001101302-22-000038_release.html,2022-08-02,2022-08-02,2022-08-02,pre-open,"August 2, 2022; FOR RELEASE AT 6:00 AM EDT",0.73,0.65,692489.0,571352.0,157970.0,138889.0,0.22811914701894181,0.24308832383539394,1,110.27999877929688,0.0007254261959152156,-0.014969176816452129,https://www.sec.gov/Archives/edgar/data/1101302/000110130222000038/,short,same_date,market + industries,-0.07855637476792096,232,2021-08-02,2022-07-01,2022-08-02,2022-08-03,-0.11728075590847298
ENTG,0001101302-22-000038,2022-08-02,2022-08-02,2022-08-02T10:07:08.000Z,sources/earnings/ENTG_0001101302-22-000038.html,sources/earnings/ENTG_0001101302-22-000038_release.html,2022-08-02,2022-08-02,2022-08-02,pre-open,"August 2, 2022; FOR RELEASE AT 6:00 AM EDT",0.73,0.65,692489.0,571352.0,157970.0,138889.0,0.22811914701894181,0.24308832383539394,1,110.27999877929688,0.0007254261959152156,-0.014969176816452129,https://www.sec.gov/Archives/edgar/data/1101302/000110130222000038/,wide,conservative,market,-0.11946378610323094,232,2021-08-02,2022-07-01,2022-08-01,2022-08-09,1.7421912305707783
ENTG,0001101302-22-000038,2022-08-02,2022-08-02,2022-08-02T10:07:08.000Z,sources/earnings/ENTG_0001101302-22-000038.html,sources/earnings/ENTG_0001101302-22-000038_release.html,2022-08-02,2022-08-02,2022-08-02,pre-open,"August 2, 2022; FOR RELEASE AT 6:00 AM EDT",0.73,0.65,692489.0,571352.0,157970.0,138889.0,0.22811914701894181,0.24308832383539394,1,110.27999877929688,0.0007254261959152156,-0.014969176816452129,https://www.sec.gov/Archives/edgar/data/1101302/000110130222000038/,wide,conservative,market + industries,-0.08803831204072818,232,2021-08-02,2022-07-01,2022-08-01,2022-08-09,-0.11728075590847298
ENTG,0001101302-22-000038,2022-08-02,2022-08-02,2022-08-02T10:07:08.000Z,sources/earnings/ENTG_0001101302-22-000038.html,sources/earnings/ENTG_0001101302-22-000038_release.html,2022-08-02,2022-08-02,2022-08-02,pre-open,"August 2, 2022; FOR RELEASE AT 6:00 AM EDT",0.73,0.65,692489.0,571352.0,157970.0,138889.0,0.22811914701894181,0.24308832383539394,1,110.27999877929688,0.0007254261959152156,-0.014969176816452129,https://www.sec.gov/Archives/edgar/data/1101302/000110130222000038/,wide,same_date,market,-0.11946378610323094,232,2021-08-02,2022-07-01,2022-08-01,2022-08-09,1.7421912305707783
ENTG,0001101302-22-000038,2022-08-02,2022-08-02,2022-08-02T10:07:08.000Z,sources/earnings/ENTG_0001101302-22-000038.html,sources/earnings/ENTG_0001101302-22-000038_release.html,2022-08-02,2022-08-02,2022-08-02,pre-open,"August 2, 2022; FOR RELEASE AT 6:00 AM EDT",0.73,0.65,692489.0,571352.0,157970.0,138889.0,0.22811914701894181,0.24308832383539394,1,110.27999877929688,0.0007254261959152156,-0.014969176816452129,https://www.sec.gov/Archives/edgar/data/1101302/000110130222000038/,wide,same_date,market + industries,-0.08803831204072818,232,2021-08-02,2022-07-01,2022-08-01,2022-08-09,-0.11728075590847298
ENTG,0001101302-22-000047,2022-11-02,2022-11-02,2022-11-02T10:02:03.000Z,sources/earnings/ENTG_0001101302-22-000047.html,sources/earnings/ENTG_0001101302-22-000047_release.html,2022-11-02,2022-11-02,2022-11-02,pre-open,"November 2, 2022; FOR RELEASE AT 6:00 AM EDT",-0.5,0.86,993828.0,579493.0,14889.0,139357.0,0.014981465605718494,0.24048090313429152,1,80.36000061035156,-0.01692384257927459,-0.22549943752857302,https://www.sec.gov/Archives/edgar/data/1101302/000110130222000047/,primary,conservative,market,-0.12588087840453205,232,2021-11-02,2022-10-04,2022-11-01,2022-11-03,1.747127657781991
ENTG,0001101302-22-000047,2022-11-02,2022-11-02,2022-11-02T10:02:03.000Z,sources/earnings/ENTG_0001101302-22-000047.html,sources/earnings/ENTG_0001101302-22-000047_release.html,2022-11-02,2022-11-02,2022-11-02,pre-open,"November 2, 2022; FOR RELEASE AT 6:00 AM EDT",-0.5,0.86,993828.0,579493.0,14889.0,139357.0,0.014981465605718494,0.24048090313429152,1,80.36000061035156,-0.01692384257927459,-0.22549943752857302,https://www.sec.gov/Archives/edgar/data/1101302/000110130222000047/,primary,conservative,market + industries,-0.1555677277001854,232,2021-11-02,2022-10-04,2022-11-01,2022-11-03,-0.02166252444115402
ENTG,0001101302-22-000047,2022-11-02,2022-11-02,2022-11-02T10:02:03.000Z,sources/earnings/ENTG_0001101302-22-000047.html,sources/earnings/ENTG_0001101302-22-000047_release.html,2022-11-02,2022-11-02,2022-11-02,pre-open,"November 2, 2022; FOR RELEASE AT 6:00 AM EDT",-0.5,0.86,993828.0,579493.0,14889.0,139357.0,0.014981465605718494,0.24048090313429152,1,80.36000061035156,-0.01692384257927459,-0.22549943752857302,https://www.sec.gov/Archives/edgar/data/1101302/000110130222000047/,primary,same_date,market,-0.12588087840453205,232,2021-11-02,2022-10-04,2022-11-01,2022-11-03,1.747127657781991
ENTG,0001101302-22-000047,2022-11-02,2022-11-02,2022-11-02T10:02:03.000Z,sources/earnings/ENTG_0001101302-22-000047.html,sources/earnings/ENTG_0001101302-22-000047_release.html,2022-11-02,2022-11-02,2022-11-02,pre-open,"November 2, 2022; FOR RELEASE AT 6:00 AM EDT",-0.5,0.86,993828.0,579493.0,14889.0,139357.0,0.014981465605718494,0.24048090313429152,1,80.36000061035156,-0.01692384257927459,-0.22549943752857302,https://www.sec.gov/Archives/edgar/data/1101302/000110130222000047/,primary,same_date,market + industries,-0.1555677277001854,232,2021-11-02,2022-10-04,2022-11-01,2022-11-03,-0.02166252444115402
ENTG,0001101302-22-000047,2022-11-02,2022-11-02,2022-11-02T10:02:03.000Z,sources/earnings/ENTG_0001101302-22-000047.html,sources/earnings/ENTG_0001101302-22-000047_release.html,2022-11-02,2022-11-02,2022-11-02,pre-open,"November 2, 2022; FOR RELEASE AT 6:00 AM EDT",-0.5,0.86,993828.0,579493.0,14889.0,139357.0,0.014981465605718494,0.24048090313429152,1,80.36000061035156,-0.01692384257927459,-0.22549943752857302,https://www.sec.gov/Archives/edgar/data/1101302/000110130222000047/,short,conservative,market,-0.14793197827668397,232,2021-11-02,2022-10-04,2022-11-02,2022-11-03,1.747127657781991
ENTG,0001101302-22-000047,2022-11-02,2022-11-02,2022-11-02T10:02:03.000Z,sources/earnings/ENTG_0001101302-22-000047.html,sources/earnings/ENTG_0001101302-22-000047_release.html,2022-11-02,2022-11-02,2022-11-02,pre-open,"November 2, 2022; FOR RELEASE AT 6:00 AM EDT",-0.5,0.86,993828.0,579493.0,14889.0,139357.0,0.014981465605718494,0.24048090313429152,1,80.36000061035156,-0.01692384257927459,-0.22549943752857302,https://www.sec.gov/Archives/edgar/data/1101302/000110130222000047/,short,conservative,market + industries,-0.16107497653642425,232,2021-11-02,2022-10-04,2022-11-02,2022-11-03,-0.02166252444115402
ENTG,0001101302-22-000047,2022-11-02,2022-11-02,2022-11-02T10:02:03.000Z,sources/earnings/ENTG_0001101302-22-000047.html,sources/earnings/ENTG_0001101302-22-000047_release.html,2022-11-02,2022-11-02,2022-11-02,pre-open,"November 2, 2022; FOR RELEASE AT 6:00 AM EDT",-0.5,0.86,993828.0,579493.0,14889.0,139357.0,0.014981465605718494,0.24048090313429152,1,80.36000061035156,-0.01692384257927459,-0.22549943752857302,https://www.sec.gov/Archives/edgar/data/1101302/000110130222000047/,short,same_date,market,-0.14793197827668397,232,2021-11-02,2022-10-04,2022-11-02,2022-11-03,1.747127657781991
ENTG,0001101302-22-000047,2022-11-02,2022-11-02,2022-11-02T10:02:03.000Z,sources/earnings/ENTG_0001101302-22-000047.html,sources/earnings/ENTG_0001101302-22-000047_release.html,2022-11-02,2022-11-02,2022-11-02,pre-open,"November 2, 2022; FOR RELEASE AT 6:00 AM EDT",-0.5,0.86,993828.0,579493.0,14889.0,139357.0,0.014981465605718494,0.24048090313429152,1,80.36000061035156,-0.01692384257927459,-0.22549943752857302,https://www.sec.gov/Archives/edgar/data/1101302/000110130222000047/,short,same_date,market + industries,-0.16107497653642425,232,2021-11-02,2022-10-04,2022-11-02,2022-11-03,-0.02166252444115402
ENTG,0001101302-22-000047,2022-11-02,2022-11-02,2022-11-02T10:02:03.000Z,sources/earnings/ENTG_0001101302-22-000047.html,sources/earnings/ENTG_0001101302-22-000047_release.html,2022-11-02,2022-11-02,2022-11-02,pre-open,"November 2, 2022; FOR RELEASE AT 6:00 AM EDT",-0.5,0.86,993828.0,579493.0,14889.0,139357.0,0.014981465605718494,0.24048090313429152,1,80.36000061035156,-0.01692384257927459,-0.22549943752857302,https://www.sec.gov/Archives/edgar/data/1101302/000110130222000047/,wide,conservative,market,-0.1163319824362333,232,2021-11-02,2022-10-04,2022-11-01,2022-11-09,1.747127657781991
ENTG,0001101302-22-000047,2022-11-02,2022-11-02,2022-11-02T10:02:03.000Z,sources/earnings/ENTG_0001101302-22-000047.html,sources/earnings/ENTG_0001101302-22-000047_release.html,2022-11-02,2022-11-02,2022-11-02,pre-open,"November 2, 2022; FOR RELEASE AT 6:00 AM EDT",-0.5,0.86,993828.0,579493.0,14889.0,139357.0,0.014981465605718494,0.24048090313429152,1,80.36000061035156,-0.01692384257927459,-0.22549943752857302,https://www.sec.gov/Archives/edgar/data/1101302/000110130222000047/,wide,conservative,market + industries,-0.19480850993001375,232,2021-11-02,2022-10-04,2022-11-01,2022-11-09,-0.02166252444115402
ENTG,0001101302-22-000047,2022-11-02,2022-11-02,2022-11-02T10:02:03.000Z,sources/earnings/ENTG_0001101302-22-000047.html,sources/earnings/ENTG_0001101302-22-000047_release.html,2022-11-02,2022-11-02,2022-11-02,pre-open,"November 2, 2022; FOR RELEASE AT 6:00 AM EDT",-0.5,0.86,993828.0,579493.0,14889.0,139357.0,0.014981465605718494,0.24048090313429152,1,80.36000061035156,-0.01692384257927459,-0.22549943752857302,https://www.sec.gov/Archives/edgar/data/1101302/000110130222000047/,wide,same_date,market,-0.1163319824362333,232,2021-11-02,2022-10-04,2022-11-01,2022-11-09,1.747127657781991
ENTG,0001101302-22-000047,2022-11-02,2022-11-02,2022-11-02T10:02:03.000Z,sources/earnings/ENTG_0001101302-22-000047.html,sources/earnings/ENTG_0001101302-22-000047_release.html,2022-11-02,2022-11-02,2022-11-02,pre-open,"November 2, 2022; FOR RELEASE AT 6:00 AM EDT",-0.5,0.86,993828.0,579493.0,14889.0,139357.0,0.014981465605718494,0.24048090313429152,1,80.36000061035156,-0.01692384257927459,-0.22549943752857302,https://www.sec.gov/Archives/edgar/data/1101302/000110130222000047/,wide,same_date,market + industries,-0.19480850993001375,232,2021-11-02,2022-10-04,2022-11-01,2022-11-09,-0.02166252444115402
ENTG,0001101302-23-000016,2023-02-14,2023-02-14,2023-02-14T11:09:43.000Z,sources/earnings/ENTG_0001101302-23-000016.html,sources/earnings/ENTG_0001101302-23-000016_release.html,2023-02-14,2023-02-15,2023-02-14,date only; next session,"February 14, 2023",0.38,0.87,946070.0,635204.0,143776.0,159544.0,0.15197184140708403,0.25116970296156826,1,84.94000244140625,-0.005768777795103247,-0.09919786155448423,https://www.sec.gov/Archives/edgar/data/1101302/000110130223000016/,primary,conservative,market,0.04776547820119158,232,2022-02-14,2023-01-17,2023-02-14,2023-02-16,1.925442288801145
ENTG,0001101302-23-000016,2023-02-14,2023-02-14,2023-02-14T11:09:43.000Z,sources/earnings/ENTG_0001101302-23-000016.html,sources/earnings/ENTG_0001101302-23-000016_release.html,2023-02-14,2023-02-15,2023-02-14,date only; next session,"February 14, 2023",0.38,0.87,946070.0,635204.0,143776.0,159544.0,0.15197184140708403,0.25116970296156826,1,84.94000244140625,-0.005768777795103247,-0.09919786155448423,https://www.sec.gov/Archives/edgar/data/1101302/000110130223000016/,primary,conservative,market + industries,0.03012579810042377,232,2022-02-14,2023-01-17,2023-02-14,2023-02-16,0.058136589713802755
ENTG,0001101302-23-000016,2023-02-14,2023-02-14,2023-02-14T11:09:43.000Z,sources/earnings/ENTG_0001101302-23-000016.html,sources/earnings/ENTG_0001101302-23-000016_release.html,2023-02-14,2023-02-15,2023-02-14,date only; next session,"February 14, 2023",0.38,0.87,946070.0,635204.0,143776.0,159544.0,0.15197184140708403,0.25116970296156826,1,84.94000244140625,-0.005768777795103247,-0.09919786155448423,https://www.sec.gov/Archives/edgar/data/1101302/000110130223000016/,primary,same_date,market,0.013035309749442114,232,2022-02-11,2023-01-13,2023-02-13,2023-02-15,1.9310758320768402
ENTG,0001101302-23-000016,2023-02-14,2023-02-14,2023-02-14T11:09:43.000Z,sources/earnings/ENTG_0001101302-23-000016.html,sources/earnings/ENTG_0001101302-23-000016_release.html,2023-02-14,2023-02-15,2023-02-14,date only; next session,"February 14, 2023",0.38,0.87,946070.0,635204.0,143776.0,159544.0,0.15197184140708403,0.25116970296156826,1,84.94000244140625,-0.005768777795103247,-0.09919786155448423,https://www.sec.gov/Archives/edgar/data/1101302/000110130223000016/,primary,same_date,market + industries,-0.00368197408940096,232,2022-02-11,2023-01-13,2023-02-13,2023-02-15,0.058941039027606834
ENTG,0001101302-23-000016,2023-02-14,2023-02-14,2023-02-14T11:09:43.000Z,sources/earnings/ENTG_0001101302-23-000016.html,sources/earnings/ENTG_0001101302-23-000016_release.html,2023-02-14,2023-02-15,2023-02-14,date only; next session,"February 14, 2023",0.38,0.87,946070.0,635204.0,143776.0,159544.0,0.15197184140708403,0.25116970296156826,1,84.94000244140625,-0.005768777795103247,-0.09919786155448423,https://www.sec.gov/Archives/edgar/data/1101302/000110130223000016/,short,conservative,market,0.043836217471232744,232,2022-02-14,2023-01-17,2023-02-15,2023-02-16,1.925442288801145
ENTG,0001101302-23-000016,2023-02-14,2023-02-14,2023-02-14T11:09:43.000Z,sources/earnings/ENTG_0001101302-23-000016.html,sources/earnings/ENTG_0001101302-23-000016_release.html,2023-02-14,2023-02-15,2023-02-14,date only; next session,"February 14, 2023",0.38,0.87,946070.0,635204.0,143776.0,159544.0,0.15197184140708403,0.25116970296156826,1,84.94000244140625,-0.005768777795103247,-0.09919786155448423,https://www.sec.gov/Archives/edgar/data/1101302/000110130223000016/,short,conservative,market + industries,0.04844898338183586,232,2022-02-14,2023-01-17,2023-02-15,2023-02-16,0.058136589713802755
ENTG,0001101302-23-000016,2023-02-14,2023-02-14,2023-02-14T11:09:43.000Z,sources/earnings/ENTG_0001101302-23-000016.html,sources/earnings/ENTG_0001101302-23-000016_release.html,2023-02-14,2023-02-15,2023-02-14,date only; next session,"February 14, 2023",0.38,0.87,946070.0,635204.0,143776.0,159544.0,0.15197184140708403,0.25116970296156826,1,84.94000244140625,-0.005768777795103247,-0.09919786155448423,https://www.sec.gov/Archives/edgar/data/1101302/000110130223000016/,short,same_date,market,0.020840361739067077,232,2022-02-11,2023-01-13,2023-02-14,2023-02-15,1.9310758320768402
ENTG,0001101302-23-000016,2023-02-14,2023-02-14,2023-02-14T11:09:43.000Z,sources/earnings/ENTG_0001101302-23-000016.html,sources/earnings/ENTG_0001101302-23-000016_release.html,2023-02-14,2023-02-15,2023-02-14,date only; next session,"February 14, 2023",0.38,0.87,946070.0,635204.0,143776.0,159544.0,0.15197184140708403,0.25116970296156826,1,84.94000244140625,-0.005768777795103247,-0.09919786155448423,https://www.sec.gov/Archives/edgar/data/1101302/000110130223000016/,short,same_date,market + industries,-0.00040357984503771455,232,2022-02-11,2023-01-13,2023-02-14,2023-02-15,0.058941039027606834
ENTG,0001101302-23-000016,2023-02-14,2023-02-14,2023-02-14T11:09:43.000Z,sources/earnings/ENTG_0001101302-23-000016.html,sources/earnings/ENTG_0001101302-23-000016_release.html,2023-02-14,2023-02-15,2023-02-14,date only; next session,"February 14, 2023",0.38,0.87,946070.0,635204.0,143776.0,159544.0,0.15197184140708403,0.25116970296156826,1,84.94000244140625,-0.005768777795103247,-0.09919786155448423,https://www.sec.gov/Archives/edgar/data/1101302/000110130223000016/,wide,conservative,market,0.07616076534012017,232,2022-02-14,2023-01-17,2023-02-14,2023-02-23,1.925442288801145
ENTG,0001101302-23-000016,2023-02-14,2023-02-14,2023-02-14T11:09:43.000Z,sources/earnings/ENTG_0001101302-23-000016.html,sources/earnings/ENTG_0001101302-23-000016_release.html,2023-02-14,2023-02-15,2023-02-14,date only; next session,"February 14, 2023",0.38,0.87,946070.0,635204.0,143776.0,159544.0,0.15197184140708403,0.25116970296156826,1,84.94000244140625,-0.005768777795103247,-0.09919786155448423,https://www.sec.gov/Archives/edgar/data/1101302/000110130223000016/,wide,conservative,market + industries,0.046961731517509896,232,2022-02-14,2023-01-17,2023-02-14,2023-02-23,0.058136589713802755
ENTG,0001101302-23-000016,2023-02-14,2023-02-14,2023-02-14T11:09:43.000Z,sources/earnings/ENTG_0001101302-23-000016.html,sources/earnings/ENTG_0001101302-23-000016_release.html,2023-02-14,2023-02-15,2023-02-14,date only; next session,"February 14, 2023",0.38,0.87,946070.0,635204.0,143776.0,159544.0,0.15197184140708403,0.25116970296156826,1,84.94000244140625,-0.005768777795103247,-0.09919786155448423,https://www.sec.gov/Archives/edgar/data/1101302/000110130223000016/,wide,same_date,market,0.0361559834344797,232,2022-02-11,2023-01-13,2023-02-13,2023-02-22,1.9310758320768402
ENTG,0001101302-23-000016,2023-02-14,2023-02-14,2023-02-14T11:09:43.000Z,sources/earnings/ENTG_0001101302-23-000016.html,sources/earnings/ENTG_0001101302-23-000016_release.html,2023-02-14,2023-02-15,2023-02-14,date only; next session,"February 14, 2023",0.38,0.87,946070.0,635204.0,143776.0,159544.0,0.15197184140708403,0.25116970296156826,1,84.94000244140625,-0.005768777795103247,-0.09919786155448423,https://www.sec.gov/Archives/edgar/data/1101302/000110130223000016/,wide,same_date,market + industries,0.038218540470979806,232,2022-02-11,2023-01-13,2023-02-13,2023-02-22,0.058941039027606834
ENTG,0001101302-23-000065,2023-05-11,2023-05-11,2023-05-11T10:40:20.000Z,sources/earnings/ENTG_0001101302-23-000065.html,sources/earnings/ENTG_0001101302-23-000065_release.html,2023-05-11,2023-05-12,2023-05-11,date only; next session,"May 11, 2023",-0.59,0.92,922396.0,649646.0,13466.0,163346.0,0.014598935814986188,0.2514384757237018,1,78.11000061035156,-0.01933171153758622,-0.23683953990871562,https://www.sec.gov/Archives/edgar/data/1101302/000110130223000065/,primary,conservative,market,0.18123230881735924,232,2022-05-11,2023-04-13,2023-05-11,2023-05-15,2.0600813682058146
ENTG,0001101302-23-000065,2023-05-11,2023-05-11,2023-05-11T10:40:20.000Z,sources/earnings/ENTG_0001101302-23-000065.html,sources/earnings/ENTG_0001101302-23-000065_release.html,2023-05-11,2023-05-12,2023-05-11,date only; next session,"May 11, 2023",-0.59,0.92,922396.0,649646.0,13466.0,163346.0,0.014598935814986188,0.2514384757237018,1,78.11000061035156,-0.01933171153758622,-0.23683953990871562,https://www.sec.gov/Archives/edgar/data/1101302/000110130223000065/,primary,conservative,market + industries,0.15943177737710654,232,2022-05-11,2023-04-13,2023-05-11,2023-05-15,0.2799616813525675
ENTG,0001101302-23-000065,2023-05-11,2023-05-11,2023-05-11T10:40:20.000Z,sources/earnings/ENTG_0001101302-23-000065.html,sources/earnings/ENTG_0001101302-23-000065_release.html,2023-05-11,2023-05-12,2023-05-11,date only; next session,"May 11, 2023",-0.59,0.92,922396.0,649646.0,13466.0,163346.0,0.014598935814986188,0.2514384757237018,1,78.11000061035156,-0.01933171153758622,-0.23683953990871562,https://www.sec.gov/Archives/edgar/data/1101302/000110130223000065/,primary,same_date,market,0.1612072089125896,232,2022-05-10,2023-04-12,2023-05-10,2023-05-12,2.0644710226742835
ENTG,0001101302-23-000065,2023-05-11,2023-05-11,2023-05-11T10:40:20.000Z,sources/earnings/ENTG_0001101302-23-000065.html,sources/earnings/ENTG_0001101302-23-000065_release.html,2023-05-11,2023-05-12,2023-05-11,date only; next session,"May 11, 2023",-0.59,0.92,922396.0,649646.0,13466.0,163346.0,0.014598935814986188,0.2514384757237018,1,78.11000061035156,-0.01933171153758622,-0.23683953990871562,https://www.sec.gov/Archives/edgar/data/1101302/000110130223000065/,primary,same_date,market + industries,0.1613146990814684,232,2022-05-10,2023-04-12,2023-05-10,2023-05-12,0.3003203390573861
ENTG,0001101302-23-000065,2023-05-11,2023-05-11,2023-05-11T10:40:20.000Z,sources/earnings/ENTG_0001101302-23-000065.html,sources/earnings/ENTG_0001101302-23-000065_release.html,2023-05-11,2023-05-12,2023-05-11,date only; next session,"May 11, 2023",-0.59,0.92,922396.0,649646.0,13466.0,163346.0,0.014598935814986188,0.2514384757237018,1,78.11000061035156,-0.01933171153758622,-0.23683953990871562,https://www.sec.gov/Archives/edgar/data/1101302/000110130223000065/,short,conservative,market,-0.020041584585850154,232,2022-05-11,2023-04-13,2023-05-12,2023-05-15,2.0600813682058146
ENTG,0001101302-23-000065,2023-05-11,2023-05-11,2023-05-11T10:40:20.000Z,sources/earnings/ENTG_0001101302-23-000065.html,sources/earnings/ENTG_0001101302-23-000065_release.html,2023-05-11,2023-05-12,2023-05-11,date only; next session,"May 11, 2023",-0.59,0.92,922396.0,649646.0,13466.0,163346.0,0.014598935814986188,0.2514384757237018,1,78.11000061035156,-0.01933171153758622,-0.23683953990871562,https://www.sec.gov/Archives/edgar/data/1101302/000110130223000065/,short,conservative,market + industries,-0.04648103852200178,232,2022-05-11,2023-04-13,2023-05-12,2023-05-15,0.2799616813525675
ENTG,0001101302-23-000065,2023-05-11,2023-05-11,2023-05-11T10:40:20.000Z,sources/earnings/ENTG_0001101302-23-000065.html,sources/earnings/ENTG_0001101302-23-000065_release.html,2023-05-11,2023-05-12,2023-05-11,date only; next session,"May 11, 2023",-0.59,0.92,922396.0,649646.0,13466.0,163346.0,0.014598935814986188,0.2514384757237018,1,78.11000061035156,-0.01933171153758622,-0.23683953990871562,https://www.sec.gov/Archives/edgar/data/1101302/000110130223000065/,short,same_date,market,0.17103705299981758,232,2022-05-10,2023-04-12,2023-05-11,2023-05-12,2.0644710226742835
ENTG,0001101302-23-000065,2023-05-11,2023-05-11,2023-05-11T10:40:20.000Z,sources/earnings/ENTG_0001101302-23-000065.html,sources/earnings/ENTG_0001101302-23-000065_release.html,2023-05-11,2023-05-12,2023-05-11,date only; next session,"May 11, 2023",-0.59,0.92,922396.0,649646.0,13466.0,163346.0,0.014598935814986188,0.2514384757237018,1,78.11000061035156,-0.01933171153758622,-0.23683953990871562,https://www.sec.gov/Archives/edgar/data/1101302/000110130223000065/,short,same_date,market + industries,0.1747519901662826,232,2022-05-10,2023-04-12,2023-05-11,2023-05-12,0.3003203390573861
ENTG,0001101302-23-000065,2023-05-11,2023-05-11,2023-05-11T10:40:20.000Z,sources/earnings/ENTG_0001101302-23-000065.html,sources/earnings/ENTG_0001101302-23-000065_release.html,2023-05-11,2023-05-12,2023-05-11,date only; next session,"May 11, 2023",-0.59,0.92,922396.0,649646.0,13466.0,163346.0,0.014598935814986188,0.2514384757237018,1,78.11000061035156,-0.01933171153758622,-0.23683953990871562,https://www.sec.gov/Archives/edgar/data/1101302/000110130223000065/,wide,conservative,market,0.21543787428434655,232,2022-05-11,2023-04-13,2023-05-11,2023-05-19,2.0600813682058146
ENTG,0001101302-23-000065,2023-05-11,2023-05-11,2023-05-11T10:40:20.000Z,sources/earnings/ENTG_0001101302-23-000065.html,sources/earnings/ENTG_0001101302-23-000065_release.html,2023-05-11,2023-05-12,2023-05-11,date only; next session,"May 11, 2023",-0.59,0.92,922396.0,649646.0,13466.0,163346.0,0.014598935814986188,0.2514384757237018,1,78.11000061035156,-0.01933171153758622,-0.23683953990871562,https://www.sec.gov/Archives/edgar/data/1101302/000110130223000065/,wide,conservative,market + industries,0.1606125564618803,232,2022-05-11,2023-04-13,2023-05-11,2023-05-19,0.2799616813525675
ENTG,0001101302-23-000065,2023-05-11,2023-05-11,2023-05-11T10:40:20.000Z,sources/earnings/ENTG_0001101302-23-000065.html,sources/earnings/ENTG_0001101302-23-000065_release.html,2023-05-11,2023-05-12,2023-05-11,date only; next session,"May 11, 2023",-0.59,0.92,922396.0,649646.0,13466.0,163346.0,0.014598935814986188,0.2514384757237018,1,78.11000061035156,-0.01933171153758622,-0.23683953990871562,https://www.sec.gov/Archives/edgar/data/1101302/000110130223000065/,wide,same_date,market,0.21362865220542945,232,2022-05-10,2023-04-12,2023-05-10,2023-05-18,2.0644710226742835
ENTG,0001101302-23-000065,2023-05-11,2023-05-11,2023-05-11T10:40:20.000Z,sources/earnings/ENTG_0001101302-23-000065.html,sources/earnings/ENTG_0001101302-23-000065_release.html,2023-05-11,2023-05-12,2023-05-11,date only; next session,"May 11, 2023",-0.59,0.92,922396.0,649646.0,13466.0,163346.0,0.014598935814986188,0.2514384757237018,1,78.11000061035156,-0.01933171153758622,-0.23683953990871562,https://www.sec.gov/Archives/edgar/data/1101302/000110130223000065/,wide,same_date,market + industries,0.15342981663512545,232,2022-05-10,2023-04-12,2023-05-10,2023-05-18,0.3003203390573861
ENTG,0001101302-23-000077,2023-08-03,2023-08-03,2023-08-03T10:03:33.000Z,sources/earnings/ENTG_0001101302-23-000077.html,sources/earnings/ENTG_0001101302-23-000077_release.html,2023-08-03,2023-08-04,2023-08-03,date only; next session,"August 3, 2023",1.31,0.73,901000.0,692489.0,267614.0,157970.0,0.2970188679245283,0.22811914701894181,1,103.5500030517578,0.005601158695380206,0.06889972090558649,https://www.sec.gov/Archives/edgar/data/1101302/000110130223000077/,primary,conservative,market,-0.007279551187554733,232,2022-08-03,2023-07-06,2023-08-03,2023-08-07,2.147307263034526
ENTG,0001101302-23-000077,2023-08-03,2023-08-03,2023-08-03T10:03:33.000Z,sources/earnings/ENTG_0001101302-23-000077.html,sources/earnings/ENTG_0001101302-23-000077_release.html,2023-08-03,2023-08-04,2023-08-03,date only; next session,"August 3, 2023",1.31,0.73,901000.0,692489.0,267614.0,157970.0,0.2970188679245283,0.22811914701894181,1,103.5500030517578,0.005601158695380206,0.06889972090558649,https://www.sec.gov/Archives/edgar/data/1101302/000110130223000077/,primary,conservative,market + industries,-0.008952172548805967,232,2022-08-03,2023-07-06,2023-08-03,2023-08-07,0.4985598821753472
ENTG,0001101302-23-000077,2023-08-03,2023-08-03,2023-08-03T10:03:33.000Z,sources/earnings/ENTG_0001101302-23-000077.html,sources/earnings/ENTG_0001101302-23-000077_release.html,2023-08-03,2023-08-04,2023-08-03,date only; next session,"August 3, 2023",1.31,0.73,901000.0,692489.0,267614.0,157970.0,0.2970188679245283,0.22811914701894181,1,103.5500030517578,0.005601158695380206,0.06889972090558649,https://www.sec.gov/Archives/edgar/data/1101302/000110130223000077/,primary,same_date,market,-0.015666771444252763,232,2022-08-02,2023-07-05,2023-08-02,2023-08-04,2.1563543751978846
ENTG,0001101302-23-000077,2023-08-03,2023-08-03,2023-08-03T10:03:33.000Z,sources/earnings/ENTG_0001101302-23-000077.html,sources/earnings/ENTG_0001101302-23-000077_release.html,2023-08-03,2023-08-04,2023-08-03,date only; next session,"August 3, 2023",1.31,0.73,901000.0,692489.0,267614.0,157970.0,0.2970188679245283,0.22811914701894181,1,103.5500030517578,0.005601158695380206,0.06889972090558649,https://www.sec.gov/Archives/edgar/data/1101302/000110130223000077/,primary,same_date,market + industries,-0.00516901425411111,232,2022-08-02,2023-07-05,2023-08-02,2023-08-04,0.5429431385909109
ENTG,0001101302-23-000077,2023-08-03,2023-08-03,2023-08-03T10:03:33.000Z,sources/earnings/ENTG_0001101302-23-000077.html,sources/earnings/ENTG_0001101302-23-000077_release.html,2023-08-03,2023-08-04,2023-08-03,date only; next session,"August 3, 2023",1.31,0.73,901000.0,692489.0,267614.0,157970.0,0.2970188679245283,0.22811914701894181,1,103.5500030517578,0.005601158695380206,0.06889972090558649,https://www.sec.gov/Archives/edgar/data/1101302/000110130223000077/,short,conservative,market,-0.005832672884182065,232,2022-08-03,2023-07-06,2023-08-04,2023-08-07,2.147307263034526
ENTG,0001101302-23-000077,2023-08-03,2023-08-03,2023-08-03T10:03:33.000Z,sources/earnings/ENTG_0001101302-23-000077.html,sources/earnings/ENTG_0001101302-23-000077_release.html,2023-08-03,2023-08-04,2023-08-03,date only; next session,"August 3, 2023",1.31,0.73,901000.0,692489.0,267614.0,157970.0,0.2970188679245283,0.22811914701894181,1,103.5500030517578,0.005601158695380206,0.06889972090558649,https://www.sec.gov/Archives/edgar/data/1101302/000110130223000077/,short,conservative,market + industries,-0.0057596328822258295,232,2022-08-03,2023-07-06,2023-08-04,2023-08-07,0.4985598821753472
ENTG,0001101302-23-000077,2023-08-03,2023-08-03,2023-08-03T10:03:33.000Z,sources/earnings/ENTG_0001101302-23-000077.html,sources/earnings/ENTG_0001101302-23-000077_release.html,2023-08-03,2023-08-04,2023-08-03,date only; next session,"August 3, 2023",1.31,0.73,901000.0,692489.0,267614.0,157970.0,0.2970188679245283,0.22811914701894181,1,103.5500030517578,0.005601158695380206,0.06889972090558649,https://www.sec.gov/Archives/edgar/data/1101302/000110130223000077/,short,same_date,market,-0.007716829809913996,232,2022-08-02,2023-07-05,2023-08-03,2023-08-04,2.1563543751978846
ENTG,0001101302-23-000077,2023-08-03,2023-08-03,2023-08-03T10:03:33.000Z,sources/earnings/ENTG_0001101302-23-000077.html,sources/earnings/ENTG_0001101302-23-000077_release.html,2023-08-03,2023-08-04,2023-08-03,date only; next session,"August 3, 2023",1.31,0.73,901000.0,692489.0,267614.0,157970.0,0.2970188679245283,0.22811914701894181,1,103.5500030517578,0.005601158695380206,0.06889972090558649,https://www.sec.gov/Archives/edgar/data/1101302/000110130223000077/,short,same_date,market + industries,-0.01391256653002199,232,2022-08-02,2023-07-05,2023-08-03,2023-08-04,0.5429431385909109
ENTG,0001101302-23-000077,2023-08-03,2023-08-03,2023-08-03T10:03:33.000Z,sources/earnings/ENTG_0001101302-23-000077.html,sources/earnings/ENTG_0001101302-23-000077_release.html,2023-08-03,2023-08-04,2023-08-03,date only; next session,"August 3, 2023",1.31,0.73,901000.0,692489.0,267614.0,157970.0,0.2970188679245283,0.22811914701894181,1,103.5500030517578,0.005601158695380206,0.06889972090558649,https://www.sec.gov/Archives/edgar/data/1101302/000110130223000077/,wide,conservative,market,-0.04928378084280758,232,2022-08-03,2023-07-06,2023-08-03,2023-08-11,2.147307263034526
ENTG,0001101302-23-000077,2023-08-03,2023-08-03,2023-08-03T10:03:33.000Z,sources/earnings/ENTG_0001101302-23-000077.html,sources/earnings/ENTG_0001101302-23-000077_release.html,2023-08-03,2023-08-04,2023-08-03,date only; next session,"August 3, 2023",1.31,0.73,901000.0,692489.0,267614.0,157970.0,0.2970188679245283,0.22811914701894181,1,103.5500030517578,0.005601158695380206,0.06889972090558649,https://www.sec.gov/Archives/edgar/data/1101302/000110130223000077/,wide,conservative,market + industries,0.0001714502367289178,232,2022-08-03,2023-07-06,2023-08-03,2023-08-11,0.4985598821753472
ENTG,0001101302-23-000077,2023-08-03,2023-08-03,2023-08-03T10:03:33.000Z,sources/earnings/ENTG_0001101302-23-000077.html,sources/earnings/ENTG_0001101302-23-000077_release.html,2023-08-03,2023-08-04,2023-08-03,date only; next session,"August 3, 2023",1.31,0.73,901000.0,692489.0,267614.0,157970.0,0.2970188679245283,0.22811914701894181,1,103.5500030517578,0.005601158695380206,0.06889972090558649,https://www.sec.gov/Archives/edgar/data/1101302/000110130223000077/,wide,same_date,market,-0.020469980901739016,232,2022-08-02,2023-07-05,2023-08-02,2023-08-10,2.1563543751978846
ENTG,0001101302-23-000077,2023-08-03,2023-08-03,2023-08-03T10:03:33.000Z,sources/earnings/ENTG_0001101302-23-000077.html,sources/earnings/ENTG_0001101302-23-000077_release.html,2023-08-03,2023-08-04,2023-08-03,date only; next session,"August 3, 2023",1.31,0.73,901000.0,692489.0,267614.0,157970.0,0.2970188679245283,0.22811914701894181,1,103.5500030517578,0.005601158695380206,0.06889972090558649,https://www.sec.gov/Archives/edgar/data/1101302/000110130223000077/,wide,same_date,market + industries,0.01994408748839767,232,2022-08-02,2023-07-05,2023-08-02,2023-08-10,0.5429431385909109
ENTG,0001101302-23-000086,2023-11-02,2023-11-02,2023-11-02T10:02:15.000Z,sources/earnings/ENTG_0001101302-23-000086.html,sources/earnings/ENTG_0001101302-23-000086_release.html,2023-11-02,2023-11-03,2023-11-02,date only; next session,"November 2, 2023",0.22,0.5,888239.0,993828.0,117061.0,14889.0,0.13178997994909028,0.014981465605718494,1,88.81999969482422,-0.003152443154267612,0.11680851434337179,https://www.sec.gov/Archives/edgar/data/1101302/000110130223000086/,primary,conservative,market,-0.04703282248735273,232,2022-11-02,2023-10-05,2023-11-02,2023-11-06,2.4571593409583095
ENTG,0001101302-23-000086,2023-11-02,2023-11-02,2023-11-02T10:02:15.000Z,sources/earnings/ENTG_0001101302-23-000086.html,sources/earnings/ENTG_0001101302-23-000086_release.html,2023-11-02,2023-11-03,2023-11-02,date only; next session,"November 2, 2023",0.22,0.5,888239.0,993828.0,117061.0,14889.0,0.13178997994909028,0.014981465605718494,1,88.81999969482422,-0.003152443154267612,0.11680851434337179,https://www.sec.gov/Archives/edgar/data/1101302/000110130223000086/,primary,conservative,market + industries,-0.038873889921465066,232,2022-11-02,2023-10-05,2023-11-02,2023-11-06,0.5849081536138558
ENTG,0001101302-23-000086,2023-11-02,2023-11-02,2023-11-02T10:02:15.000Z,sources/earnings/ENTG_0001101302-23-000086.html,sources/earnings/ENTG_0001101302-23-000086_release.html,2023-11-02,2023-11-03,2023-11-02,date only; next session,"November 2, 2023",0.22,0.5,888239.0,993828.0,117061.0,14889.0,0.13178997994909028,0.014981465605718494,1,88.81999969482422,-0.003152443154267612,0.11680851434337179,https://www.sec.gov/Archives/edgar/data/1101302/000110130223000086/,primary,same_date,market,-0.04561280636195857,232,2022-11-01,2023-10-04,2023-11-01,2023-11-03,2.4510172813040247
ENTG,0001101302-23-000086,2023-11-02,2023-11-02,2023-11-02T10:02:15.000Z,sources/earnings/ENTG_0001101302-23-000086.html,sources/earnings/ENTG_0001101302-23-000086_release.html,2023-11-02,2023-11-03,2023-11-02,date only; next session,"November 2, 2023",0.22,0.5,888239.0,993828.0,117061.0,14889.0,0.13178997994909028,0.014981465605718494,1,88.81999969482422,-0.003152443154267612,0.11680851434337179,https://www.sec.gov/Archives/edgar/data/1101302/000110130223000086/,primary,same_date,market + industries,-0.0496503800167,232,2022-11-01,2023-10-04,2023-11-01,2023-11-03,0.5788857085491881
ENTG,0001101302-23-000086,2023-11-02,2023-11-02,2023-11-02T10:02:15.000Z,sources/earnings/ENTG_0001101302-23-000086.html,sources/earnings/ENTG_0001101302-23-000086_release.html,2023-11-02,2023-11-03,2023-11-02,date only; next session,"November 2, 2023",0.22,0.5,888239.0,993828.0,117061.0,14889.0,0.13178997994909028,0.014981465605718494,1,88.81999969482422,-0.003152443154267612,0.11680851434337179,https://www.sec.gov/Archives/edgar/data/1101302/000110130223000086/,short,conservative,market,0.03501792814812166,232,2022-11-02,2023-10-05,2023-11-03,2023-11-06,2.4571593409583095
ENTG,0001101302-23-000086,2023-11-02,2023-11-02,2023-11-02T10:02:15.000Z,sources/earnings/ENTG_0001101302-23-000086.html,sources/earnings/ENTG_0001101302-23-000086_release.html,2023-11-02,2023-11-03,2023-11-02,date only; next session,"November 2, 2023",0.22,0.5,888239.0,993828.0,117061.0,14889.0,0.13178997994909028,0.014981465605718494,1,88.81999969482422,-0.003152443154267612,0.11680851434337179,https://www.sec.gov/Archives/edgar/data/1101302/000110130223000086/,short,conservative,market + industries,0.031390949394407994,232,2022-11-02,2023-10-05,2023-11-03,2023-11-06,0.5849081536138558
ENTG,0001101302-23-000086,2023-11-02,2023-11-02,2023-11-02T10:02:15.000Z,sources/earnings/ENTG_0001101302-23-000086.html,sources/earnings/ENTG_0001101302-23-000086_release.html,2023-11-02,2023-11-03,2023-11-02,date only; next session,"November 2, 2023",0.22,0.5,888239.0,993828.0,117061.0,14889.0,0.13178997994909028,0.014981465605718494,1,88.81999969482422,-0.003152443154267612,0.11680851434337179,https://www.sec.gov/Archives/edgar/data/1101302/000110130223000086/,short,same_date,market,-0.028198059801596835,232,2022-11-01,2023-10-04,2023-11-02,2023-11-03,2.4510172813040247
ENTG,0001101302-23-000086,2023-11-02,2023-11-02,2023-11-02T10:02:15.000Z,sources/earnings/ENTG_0001101302-23-000086.html,sources/earnings/ENTG_0001101302-23-000086_release.html,2023-11-02,2023-11-03,2023-11-02,date only; next session,"November 2, 2023",0.22,0.5,888239.0,993828.0,117061.0,14889.0,0.13178997994909028,0.014981465605718494,1,88.81999969482422,-0.003152443154267612,0.11680851434337179,https://www.sec.gov/Archives/edgar/data/1101302/000110130223000086/,short,same_date,market + industries,-0.02726399121806137,232,2022-11-01,2023-10-04,2023-11-02,2023-11-03,0.5788857085491881
ENTG,0001101302-23-000086,2023-11-02,2023-11-02,2023-11-02T10:02:15.000Z,sources/earnings/ENTG_0001101302-23-000086.html,sources/earnings/ENTG_0001101302-23-000086_release.html,2023-11-02,2023-11-03,2023-11-02,date only; next session,"November 2, 2023",0.22,0.5,888239.0,993828.0,117061.0,14889.0,0.13178997994909028,0.014981465605718494,1,88.81999969482422,-0.003152443154267612,0.11680851434337179,https://www.sec.gov/Archives/edgar/data/1101302/000110130223000086/,wide,conservative,market,-0.02497474027277282,232,2022-11-02,2023-10-05,2023-11-02,2023-11-10,2.4571593409583095
ENTG,0001101302-23-000086,2023-11-02,2023-11-02,2023-11-02T10:02:15.000Z,sources/earnings/ENTG_0001101302-23-000086.html,sources/earnings/ENTG_0001101302-23-000086_release.html,2023-11-02,2023-11-03,2023-11-02,date only; next session,"November 2, 2023",0.22,0.5,888239.0,993828.0,117061.0,14889.0,0.13178997994909028,0.014981465605718494,1,88.81999969482422,-0.003152443154267612,0.11680851434337179,https://www.sec.gov/Archives/edgar/data/1101302/000110130223000086/,wide,conservative,market + industries,-0.03897252087860559,232,2022-11-02,2023-10-05,2023-11-02,2023-11-10,0.5849081536138558
ENTG,0001101302-23-000086,2023-11-02,2023-11-02,2023-11-02T10:02:15.000Z,sources/earnings/ENTG_0001101302-23-000086.html,sources/earnings/ENTG_0001101302-23-000086_release.html,2023-11-02,2023-11-03,2023-11-02,date only; next session,"November 2, 2023",0.22,0.5,888239.0,993828.0,117061.0,14889.0,0.13178997994909028,0.014981465605718494,1,88.81999969482422,-0.003152443154267612,0.11680851434337179,https://www.sec.gov/Archives/edgar/data/1101302/000110130223000086/,wide,same_date,market,-0.059260510010339426,232,2022-11-01,2023-10-04,2023-11-01,2023-11-09,2.4510172813040247
ENTG,0001101302-23-000086,2023-11-02,2023-11-02,2023-11-02T10:02:15.000Z,sources/earnings/ENTG_0001101302-23-000086.html,sources/earnings/ENTG_0001101302-23-000086_release.html,2023-11-02,2023-11-03,2023-11-02,date only; next session,"November 2, 2023",0.22,0.5,888239.0,993828.0,117061.0,14889.0,0.13178997994909028,0.014981465605718494,1,88.81999969482422,-0.003152443154267612,0.11680851434337179,https://www.sec.gov/Archives/edgar/data/1101302/000110130223000086/,wide,same_date,market + industries,-0.06346604722562657,232,2022-11-01,2023-10-04,2023-11-01,2023-11-09,0.5788857085491881
ENTG,0001101302-24-000005,2024-02-13,2024-02-13,2024-02-13T21:32:33.000Z,sources/earnings/ENTG_0001101302-24-000005.html,sources/earnings/ENTG_0001101302-24-000005_release.html,2024-02-13,2024-02-14,2024-02-13,date only; next session,"February 13, 2024",0.25,0.38,812291.0,946070.0,101017.0,143776.0,0.12436060475863946,0.15197184140708403,1,126.12000274658205,-0.0010307643289638535,-0.027611236648444573,https://www.sec.gov/Archives/edgar/data/1101302/000110130224000005/,primary,conservative,market,0.0702160480588383,232,2023-02-13,2024-01-16,2024-02-13,2024-02-15,1.903487136500333
ENTG,0001101302-24-000005,2024-02-13,2024-02-13,2024-02-13T21:32:33.000Z,sources/earnings/ENTG_0001101302-24-000005.html,sources/earnings/ENTG_0001101302-24-000005_release.html,2024-02-13,2024-02-14,2024-02-13,date only; next session,"February 13, 2024",0.25,0.38,812291.0,946070.0,101017.0,143776.0,0.12436060475863946,0.15197184140708403,1,126.12000274658205,-0.0010307643289638535,-0.027611236648444573,https://www.sec.gov/Archives/edgar/data/1101302/000110130224000005/,primary,conservative,market + industries,0.07347251428673097,232,2023-02-13,2024-01-16,2024-02-13,2024-02-15,0.06369576288139855
ENTG,0001101302-24-000005,2024-02-13,2024-02-13,2024-02-13T21:32:33.000Z,sources/earnings/ENTG_0001101302-24-000005.html,sources/earnings/ENTG_0001101302-24-000005_release.html,2024-02-13,2024-02-14,2024-02-13,date only; next session,"February 13, 2024",0.25,0.38,812291.0,946070.0,101017.0,143776.0,0.12436060475863946,0.15197184140708403,1,126.12000274658205,-0.0010307643289638535,-0.027611236648444573,https://www.sec.gov/Archives/edgar/data/1101302/000110130224000005/,primary,same_date,market,0.044075413242134,232,2023-02-10,2024-01-12,2024-02-12,2024-02-14,1.9064779056953507
ENTG,0001101302-24-000005,2024-02-13,2024-02-13,2024-02-13T21:32:33.000Z,sources/earnings/ENTG_0001101302-24-000005.html,sources/earnings/ENTG_0001101302-24-000005_release.html,2024-02-13,2024-02-14,2024-02-13,date only; next session,"February 13, 2024",0.25,0.38,812291.0,946070.0,101017.0,143776.0,0.12436060475863946,0.15197184140708403,1,126.12000274658205,-0.0010307643289638535,-0.027611236648444573,https://www.sec.gov/Archives/edgar/data/1101302/000110130224000005/,primary,same_date,market + industries,0.034540897214754986,232,2023-02-10,2024-01-12,2024-02-12,2024-02-14,0.0671717262482463
ENTG,0001101302-24-000005,2024-02-13,2024-02-13,2024-02-13T21:32:33.000Z,sources/earnings/ENTG_0001101302-24-000005.html,sources/earnings/ENTG_0001101302-24-000005_release.html,2024-02-13,2024-02-14,2024-02-13,date only; next session,"February 13, 2024",0.25,0.38,812291.0,946070.0,101017.0,143776.0,0.12436060475863946,0.15197184140708403,1,126.12000274658205,-0.0010307643289638535,-0.027611236648444573,https://www.sec.gov/Archives/edgar/data/1101302/000110130224000005/,short,conservative,market,0.060322706753432175,232,2023-02-13,2024-01-16,2024-02-14,2024-02-15,1.903487136500333
ENTG,0001101302-24-000005,2024-02-13,2024-02-13,2024-02-13T21:32:33.000Z,sources/earnings/ENTG_0001101302-24-000005.html,sources/earnings/ENTG_0001101302-24-000005_release.html,2024-02-13,2024-02-14,2024-02-13,date only; next session,"February 13, 2024",0.25,0.38,812291.0,946070.0,101017.0,143776.0,0.12436060475863946,0.15197184140708403,1,126.12000274658205,-0.0010307643289638535,-0.027611236648444573,https://www.sec.gov/Archives/edgar/data/1101302/000110130224000005/,short,conservative,market + industries,0.06507345422670356,232,2023-02-13,2024-01-16,2024-02-14,2024-02-15,0.06369576288139855
ENTG,0001101302-24-000005,2024-02-13,2024-02-13,2024-02-13T21:32:33.000Z,sources/earnings/ENTG_0001101302-24-000005.html,sources/earnings/ENTG_0001101302-24-000005_release.html,2024-02-13,2024-02-14,2024-02-13,date only; next session,"February 13, 2024",0.25,0.38,812291.0,946070.0,101017.0,143776.0,0.12436060475863946,0.15197184140708403,1,126.12000274658205,-0.0010307643289638535,-0.027611236648444573,https://www.sec.gov/Archives/edgar/data/1101302/000110130224000005/,short,same_date,market,0.0497104995680858,232,2023-02-10,2024-01-12,2024-02-13,2024-02-14,1.9064779056953507
ENTG,0001101302-24-000005,2024-02-13,2024-02-13,2024-02-13T21:32:33.000Z,sources/earnings/ENTG_0001101302-24-000005.html,sources/earnings/ENTG_0001101302-24-000005_release.html,2024-02-13,2024-02-14,2024-02-13,date only; next session,"February 13, 2024",0.25,0.38,812291.0,946070.0,101017.0,143776.0,0.12436060475863946,0.15197184140708403,1,126.12000274658205,-0.0010307643289638535,-0.027611236648444573,https://www.sec.gov/Archives/edgar/data/1101302/000110130224000005/,short,same_date,market + industries,0.038891836938244495,232,2023-02-10,2024-01-12,2024-02-13,2024-02-14,0.0671717262482463
ENTG,0001101302-24-000005,2024-02-13,2024-02-13,2024-02-13T21:32:33.000Z,sources/earnings/ENTG_0001101302-24-000005.html,sources/earnings/ENTG_0001101302-24-000005_release.html,2024-02-13,2024-02-14,2024-02-13,date only; next session,"February 13, 2024",0.25,0.38,812291.0,946070.0,101017.0,143776.0,0.12436060475863946,0.15197184140708403,1,126.12000274658205,-0.0010307643289638535,-0.027611236648444573,https://www.sec.gov/Archives/edgar/data/1101302/000110130224000005/,wide,conservative,market,0.04481496178518638,232,2023-02-13,2024-01-16,2024-02-13,2024-02-22,1.903487136500333
ENTG,0001101302-24-000005,2024-02-13,2024-02-13,2024-02-13T21:32:33.000Z,sources/earnings/ENTG_0001101302-24-000005.html,sources/earnings/ENTG_0001101302-24-000005_release.html,2024-02-13,2024-02-14,2024-02-13,date only; next session,"February 13, 2024",0.25,0.38,812291.0,946070.0,101017.0,143776.0,0.12436060475863946,0.15197184140708403,1,126.12000274658205,-0.0010307643289638535,-0.027611236648444573,https://www.sec.gov/Archives/edgar/data/1101302/000110130224000005/,wide,conservative,market + industries,0.04222997334275765,232,2023-02-13,2024-01-16,2024-02-13,2024-02-22,0.06369576288139855
ENTG,0001101302-24-000005,2024-02-13,2024-02-13,2024-02-13T21:32:33.000Z,sources/earnings/ENTG_0001101302-24-000005.html,sources/earnings/ENTG_0001101302-24-000005_release.html,2024-02-13,2024-02-14,2024-02-13,date only; next session,"February 13, 2024",0.25,0.38,812291.0,946070.0,101017.0,143776.0,0.12436060475863946,0.15197184140708403,1,126.12000274658205,-0.0010307643289638535,-0.027611236648444573,https://www.sec.gov/Archives/edgar/data/1101302/000110130224000005/,wide,same_date,market,0.073390596064057,232,2023-02-10,2024-01-12,2024-02-12,2024-02-21,1.9064779056953507
ENTG,0001101302-24-000005,2024-02-13,2024-02-13,2024-02-13T21:32:33.000Z,sources/earnings/ENTG_0001101302-24-000005.html,sources/earnings/ENTG_0001101302-24-000005_release.html,2024-02-13,2024-02-14,2024-02-13,date only; next session,"February 13, 2024",0.25,0.38,812291.0,946070.0,101017.0,143776.0,0.12436060475863946,0.15197184140708403,1,126.12000274658205,-0.0010307643289638535,-0.027611236648444573,https://www.sec.gov/Archives/edgar/data/1101302/000110130224000005/,wide,same_date,market + industries,0.08843070030443208,232,2023-02-10,2024-01-12,2024-02-12,2024-02-21,0.0671717262482463
ENTG,0001101302-24-000037,2024-05-01,2024-05-01,2024-05-01T10:03:35.000Z,sources/earnings/ENTG_0001101302-24-000037.html,sources/earnings/ENTG_0001101302-24-000037_release.html,2024-05-01,2024-05-02,2024-05-01,date only; next session,"May 1, 2024",0.3,0.59,771025.0,922396.0,117592.0,13466.0,0.15251386141824194,0.014598935814986188,1,132.9199981689453,-0.0021817634968020485,0.13791492560325574,https://www.sec.gov/Archives/edgar/data/1101302/000110130224000037/,primary,conservative,market,-0.043761241293542724,232,2023-05-02,2024-04-03,2024-05-01,2024-05-03,1.9588718436223416
ENTG,0001101302-24-000037,2024-05-01,2024-05-01,2024-05-01T10:03:35.000Z,sources/earnings/ENTG_0001101302-24-000037.html,sources/earnings/ENTG_0001101302-24-000037_release.html,2024-05-01,2024-05-02,2024-05-01,date only; next session,"May 1, 2024",0.3,0.59,771025.0,922396.0,117592.0,13466.0,0.15251386141824194,0.014598935814986188,1,132.9199981689453,-0.0021817634968020485,0.13791492560325574,https://www.sec.gov/Archives/edgar/data/1101302/000110130224000037/,primary,conservative,market + industries,-0.021050780940184168,232,2023-05-02,2024-04-03,2024-05-01,2024-05-03,0.012470071072267275
ENTG,0001101302-24-000037,2024-05-01,2024-05-01,2024-05-01T10:03:35.000Z,sources/earnings/ENTG_0001101302-24-000037.html,sources/earnings/ENTG_0001101302-24-000037_release.html,2024-05-01,2024-05-02,2024-05-01,date only; next session,"May 1, 2024",0.3,0.59,771025.0,922396.0,117592.0,13466.0,0.15251386141824194,0.014598935814986188,1,132.9199981689453,-0.0021817634968020485,0.13791492560325574,https://www.sec.gov/Archives/edgar/data/1101302/000110130224000037/,primary,same_date,market,-0.05174167671554053,232,2023-05-01,2024-04-02,2024-04-30,2024-05-02,1.9586673310981264
ENTG,0001101302-24-000037,2024-05-01,2024-05-01,2024-05-01T10:03:35.000Z,sources/earnings/ENTG_0001101302-24-000037.html,sources/earnings/ENTG_0001101302-24-000037_release.html,2024-05-01,2024-05-02,2024-05-01,date only; next session,"May 1, 2024",0.3,0.59,771025.0,922396.0,117592.0,13466.0,0.15251386141824194,0.014598935814986188,1,132.9199981689453,-0.0021817634968020485,0.13791492560325574,https://www.sec.gov/Archives/edgar/data/1101302/000110130224000037/,primary,same_date,market + industries,-0.03788724764907819,232,2023-05-01,2024-04-02,2024-04-30,2024-05-02,0.019395310847163283
ENTG,0001101302-24-000037,2024-05-01,2024-05-01,2024-05-01T10:03:35.000Z,sources/earnings/ENTG_0001101302-24-000037.html,sources/earnings/ENTG_0001101302-24-000037_release.html,2024-05-01,2024-05-02,2024-05-01,date only; next session,"May 1, 2024",0.3,0.59,771025.0,922396.0,117592.0,13466.0,0.15251386141824194,0.014598935814986188,1,132.9199981689453,-0.0021817634968020485,0.13791492560325574,https://www.sec.gov/Archives/edgar/data/1101302/000110130224000037/,short,conservative,market,0.023168965018772338,232,2023-05-02,2024-04-03,2024-05-02,2024-05-03,1.9588718436223416
ENTG,0001101302-24-000037,2024-05-01,2024-05-01,2024-05-01T10:03:35.000Z,sources/earnings/ENTG_0001101302-24-000037.html,sources/earnings/ENTG_0001101302-24-000037_release.html,2024-05-01,2024-05-02,2024-05-01,date only; next session,"May 1, 2024",0.3,0.59,771025.0,922396.0,117592.0,13466.0,0.15251386141824194,0.014598935814986188,1,132.9199981689453,-0.0021817634968020485,0.13791492560325574,https://www.sec.gov/Archives/edgar/data/1101302/000110130224000037/,short,conservative,market + industries,0.017829966662195416,232,2023-05-02,2024-04-03,2024-05-02,2024-05-03,0.012470071072267275
ENTG,0001101302-24-000037,2024-05-01,2024-05-01,2024-05-01T10:03:35.000Z,sources/earnings/ENTG_0001101302-24-000037.html,sources/earnings/ENTG_0001101302-24-000037_release.html,2024-05-01,2024-05-02,2024-05-01,date only; next session,"May 1, 2024",0.3,0.59,771025.0,922396.0,117592.0,13466.0,0.15251386141824194,0.014598935814986188,1,132.9199981689453,-0.0021817634968020485,0.13791492560325574,https://www.sec.gov/Archives/edgar/data/1101302/000110130224000037/,short,same_date,market,-0.05946621738900339,232,2023-05-01,2024-04-02,2024-05-01,2024-05-02,1.9586673310981264
ENTG,0001101302-24-000037,2024-05-01,2024-05-01,2024-05-01T10:03:35.000Z,sources/earnings/ENTG_0001101302-24-000037.html,sources/earnings/ENTG_0001101302-24-000037_release.html,2024-05-01,2024-05-02,2024-05-01,date only; next session,"May 1, 2024",0.3,0.59,771025.0,922396.0,117592.0,13466.0,0.15251386141824194,0.014598935814986188,1,132.9199981689453,-0.0021817634968020485,0.13791492560325574,https://www.sec.gov/Archives/edgar/data/1101302/000110130224000037/,short,same_date,market + industries,-0.03784136667781625,232,2023-05-01,2024-04-02,2024-05-01,2024-05-02,0.019395310847163283
ENTG,0001101302-24-000037,2024-05-01,2024-05-01,2024-05-01T10:03:35.000Z,sources/earnings/ENTG_0001101302-24-000037.html,sources/earnings/ENTG_0001101302-24-000037_release.html,2024-05-01,2024-05-02,2024-05-01,date only; next session,"May 1, 2024",0.3,0.59,771025.0,922396.0,117592.0,13466.0,0.15251386141824194,0.014598935814986188,1,132.9199981689453,-0.0021817634968020485,0.13791492560325574,https://www.sec.gov/Archives/edgar/data/1101302/000110130224000037/,wide,conservative,market,-0.09973983408224005,232,2023-05-02,2024-04-03,2024-05-01,2024-05-09,1.9588718436223416
ENTG,0001101302-24-000037,2024-05-01,2024-05-01,2024-05-01T10:03:35.000Z,sources/earnings/ENTG_0001101302-24-000037.html,sources/earnings/ENTG_0001101302-24-000037_release.html,2024-05-01,2024-05-02,2024-05-01,date only; next session,"May 1, 2024",0.3,0.59,771025.0,922396.0,117592.0,13466.0,0.15251386141824194,0.014598935814986188,1,132.9199981689453,-0.0021817634968020485,0.13791492560325574,https://www.sec.gov/Archives/edgar/data/1101302/000110130224000037/,wide,conservative,market + industries,-0.0542198364109627,232,2023-05-02,2024-04-03,2024-05-01,2024-05-09,0.012470071072267275
ENTG,0001101302-24-000037,2024-05-01,2024-05-01,2024-05-01T10:03:35.000Z,sources/earnings/ENTG_0001101302-24-000037.html,sources/earnings/ENTG_0001101302-24-000037_release.html,2024-05-01,2024-05-02,2024-05-01,date only; next session,"May 1, 2024",0.3,0.59,771025.0,922396.0,117592.0,13466.0,0.15251386141824194,0.014598935814986188,1,132.9199981689453,-0.0021817634968020485,0.13791492560325574,https://www.sec.gov/Archives/edgar/data/1101302/000110130224000037/,wide,same_date,market,-0.07459896610195307,232,2023-05-01,2024-04-02,2024-04-30,2024-05-08,1.9586673310981264
ENTG,0001101302-24-000037,2024-05-01,2024-05-01,2024-05-01T10:03:35.000Z,sources/earnings/ENTG_0001101302-24-000037.html,sources/earnings/ENTG_0001101302-24-000037_release.html,2024-05-01,2024-05-02,2024-05-01,date only; next session,"May 1, 2024",0.3,0.59,771025.0,922396.0,117592.0,13466.0,0.15251386141824194,0.014598935814986188,1,132.9199981689453,-0.0021817634968020485,0.13791492560325574,https://www.sec.gov/Archives/edgar/data/1101302/000110130224000037/,wide,same_date,market + industries,-0.050739062955573164,232,2023-05-01,2024-04-02,2024-04-30,2024-05-08,0.019395310847163283
ENTG,0001101302-24-000049,2024-07-31,2024-07-31,2024-07-31T10:01:37.000Z,sources/earnings/ENTG_0001101302-24-000049.html,sources/earnings/ENTG_0001101302-24-000049_release.html,2024-07-31,2024-08-01,2024-07-31,date only; next session,"July 31, 2024",0.45,1.31,812652.0,901000.0,130106.0,267614.0,0.1601005104275877,0.2970188679245283,1,122.44000244140624,-0.007023848275497657,-0.13691835749694062,https://www.sec.gov/Archives/edgar/data/1101302/000110130224000049/,primary,conservative,market,-0.1378031907285514,232,2023-08-01,2024-07-02,2024-07-31,2024-08-02,2.1146917124467652
ENTG,0001101302-24-000049,2024-07-31,2024-07-31,2024-07-31T10:01:37.000Z,sources/earnings/ENTG_0001101302-24-000049.html,sources/earnings/ENTG_0001101302-24-000049_release.html,2024-07-31,2024-08-01,2024-07-31,date only; next session,"July 31, 2024",0.45,1.31,812652.0,901000.0,130106.0,267614.0,0.1601005104275877,0.2970188679245283,1,122.44000244140624,-0.007023848275497657,-0.13691835749694062,https://www.sec.gov/Archives/edgar/data/1101302/000110130224000049/,primary,conservative,market + industries,-0.10655634070752007,232,2023-08-01,2024-07-02,2024-07-31,2024-08-02,0.1304491909396518
ENTG,0001101302-24-000049,2024-07-31,2024-07-31,2024-07-31T10:01:37.000Z,sources/earnings/ENTG_0001101302-24-000049.html,sources/earnings/ENTG_0001101302-24-000049_release.html,2024-07-31,2024-08-01,2024-07-31,date only; next session,"July 31, 2024",0.45,1.31,812652.0,901000.0,130106.0,267614.0,0.1601005104275877,0.2970188679245283,1,122.44000244140624,-0.007023848275497657,-0.13691835749694062,https://www.sec.gov/Archives/edgar/data/1101302/000110130224000049/,primary,same_date,market,-0.1378110976157585,232,2023-07-31,2024-07-01,2024-07-30,2024-08-01,2.110676196116429
ENTG,0001101302-24-000049,2024-07-31,2024-07-31,2024-07-31T10:01:37.000Z,sources/earnings/ENTG_0001101302-24-000049.html,sources/earnings/ENTG_0001101302-24-000049_release.html,2024-07-31,2024-08-01,2024-07-31,date only; next session,"July 31, 2024",0.45,1.31,812652.0,901000.0,130106.0,267614.0,0.1601005104275877,0.2970188679245283,1,122.44000244140624,-0.007023848275497657,-0.13691835749694062,https://www.sec.gov/Archives/edgar/data/1101302/000110130224000049/,primary,same_date,market + industries,-0.10254652466199986,232,2023-07-31,2024-07-01,2024-07-30,2024-08-01,0.1270584602616487
ENTG,0001101302-24-000049,2024-07-31,2024-07-31,2024-07-31T10:01:37.000Z,sources/earnings/ENTG_0001101302-24-000049.html,sources/earnings/ENTG_0001101302-24-000049_release.html,2024-07-31,2024-08-01,2024-07-31,date only; next session,"July 31, 2024",0.45,1.31,812652.0,901000.0,130106.0,267614.0,0.1601005104275877,0.2970188679245283,1,122.44000244140624,-0.007023848275497657,-0.13691835749694062,https://www.sec.gov/Archives/edgar/data/1101302/000110130224000049/,short,conservative,market,-0.07095628222144683,232,2023-08-01,2024-07-02,2024-08-01,2024-08-02,2.1146917124467652
ENTG,0001101302-24-000049,2024-07-31,2024-07-31,2024-07-31T10:01:37.000Z,sources/earnings/ENTG_0001101302-24-000049.html,sources/earnings/ENTG_0001101302-24-000049_release.html,2024-07-31,2024-08-01,2024-07-31,date only; next session,"July 31, 2024",0.45,1.31,812652.0,901000.0,130106.0,267614.0,0.1601005104275877,0.2970188679245283,1,122.44000244140624,-0.007023848275497657,-0.13691835749694062,https://www.sec.gov/Archives/edgar/data/1101302/000110130224000049/,short,conservative,market + industries,-0.002108350769799261,232,2023-08-01,2024-07-02,2024-08-01,2024-08-02,0.1304491909396518
ENTG,0001101302-24-000049,2024-07-31,2024-07-31,2024-07-31T10:01:37.000Z,sources/earnings/ENTG_0001101302-24-000049.html,sources/earnings/ENTG_0001101302-24-000049_release.html,2024-07-31,2024-08-01,2024-07-31,date only; next session,"July 31, 2024",0.45,1.31,812652.0,901000.0,130106.0,267614.0,0.1601005104275877,0.2970188679245283,1,122.44000244140624,-0.007023848275497657,-0.13691835749694062,https://www.sec.gov/Archives/edgar/data/1101302/000110130224000049/,short,same_date,market,-0.10734922509131757,232,2023-07-31,2024-07-01,2024-07-31,2024-08-01,2.110676196116429
ENTG,0001101302-24-000049,2024-07-31,2024-07-31,2024-07-31T10:01:37.000Z,sources/earnings/ENTG_0001101302-24-000049.html,sources/earnings/ENTG_0001101302-24-000049_release.html,2024-07-31,2024-08-01,2024-07-31,date only; next session,"July 31, 2024",0.45,1.31,812652.0,901000.0,130106.0,267614.0,0.1601005104275877,0.2970188679245283,1,122.44000244140624,-0.007023848275497657,-0.13691835749694062,https://www.sec.gov/Archives/edgar/data/1101302/000110130224000049/,short,same_date,market + industries,-0.09795185710484373,232,2023-07-31,2024-07-01,2024-07-31,2024-08-01,0.1270584602616487
ENTG,0001101302-24-000049,2024-07-31,2024-07-31,2024-07-31T10:01:37.000Z,sources/earnings/ENTG_0001101302-24-000049.html,sources/earnings/ENTG_0001101302-24-000049_release.html,2024-07-31,2024-08-01,2024-07-31,date only; next session,"July 31, 2024",0.45,1.31,812652.0,901000.0,130106.0,267614.0,0.1601005104275877,0.2970188679245283,1,122.44000244140624,-0.007023848275497657,-0.13691835749694062,https://www.sec.gov/Archives/edgar/data/1101302/000110130224000049/,wide,conservative,market,-0.08193596735638864,232,2023-08-01,2024-07-02,2024-07-31,2024-08-08,2.1146917124467652
ENTG,0001101302-24-000049,2024-07-31,2024-07-31,2024-07-31T10:01:37.000Z,sources/earnings/ENTG_0001101302-24-000049.html,sources/earnings/ENTG_0001101302-24-000049_release.html,2024-07-31,2024-08-01,2024-07-31,date only; next session,"July 31, 2024",0.45,1.31,812652.0,901000.0,130106.0,267614.0,0.1601005104275877,0.2970188679245283,1,122.44000244140624,-0.007023848275497657,-0.13691835749694062,https://www.sec.gov/Archives/edgar/data/1101302/000110130224000049/,wide,conservative,market + industries,-0.09322702918525887,232,2023-08-01,2024-07-02,2024-07-31,2024-08-08,0.1304491909396518
ENTG,0001101302-24-000049,2024-07-31,2024-07-31,2024-07-31T10:01:37.000Z,sources/earnings/ENTG_0001101302-24-000049.html,sources/earnings/ENTG_0001101302-24-000049_release.html,2024-07-31,2024-08-01,2024-07-31,date only; next session,"July 31, 2024",0.45,1.31,812652.0,901000.0,130106.0,267614.0,0.1601005104275877,0.2970188679245283,1,122.44000244140624,-0.007023848275497657,-0.13691835749694062,https://www.sec.gov/Archives/edgar/data/1101302/000110130224000049/,wide,same_date,market,-0.14992695166796516,232,2023-07-31,2024-07-01,2024-07-30,2024-08-07,2.110676196116429
ENTG,0001101302-24-000049,2024-07-31,2024-07-31,2024-07-31T10:01:37.000Z,sources/earnings/ENTG_0001101302-24-000049.html,sources/earnings/ENTG_0001101302-24-000049_release.html,2024-07-31,2024-08-01,2024-07-31,date only; next session,"July 31, 2024",0.45,1.31,812652.0,901000.0,130106.0,267614.0,0.1601005104275877,0.2970188679245283,1,122.44000244140624,-0.007023848275497657,-0.13691835749694062,https://www.sec.gov/Archives/edgar/data/1101302/000110130224000049/,wide,same_date,market + industries,-0.10765170960835851,232,2023-07-31,2024-07-01,2024-07-30,2024-08-07,0.1270584602616487
ENTG,0001101302-24-000071,2024-11-04,2024-11-04,2024-11-04T11:03:42.000Z,sources/earnings/ENTG_0001101302-24-000071.html,sources/earnings/ENTG_0001101302-24-000071_release.html,2024-11-04,2024-11-05,2024-11-04,date only; next session,"November 4, 2024",0.51,0.22,807694.0,888239.0,136241.0,117061.0,0.16867897991070877,0.13178997994909028,1,107.0500030517578,0.002709014401987335,0.036888999961618485,https://www.sec.gov/Archives/edgar/data/1101302/000110130224000071/,primary,conservative,market,-0.09620149005143033,232,2023-11-03,2024-10-07,2024-11-04,2024-11-06,2.4318902945402403
ENTG,0001101302-24-000071,2024-11-04,2024-11-04,2024-11-04T11:03:42.000Z,sources/earnings/ENTG_0001101302-24-000071.html,sources/earnings/ENTG_0001101302-24-000071_release.html,2024-11-04,2024-11-05,2024-11-04,date only; next session,"November 4, 2024",0.51,0.22,807694.0,888239.0,136241.0,117061.0,0.16867897991070877,0.13178997994909028,1,107.0500030517578,0.002709014401987335,0.036888999961618485,https://www.sec.gov/Archives/edgar/data/1101302/000110130224000071/,primary,conservative,market + industries,-0.05887107652390093,232,2023-11-03,2024-10-07,2024-11-04,2024-11-06,0.20180344750598433
ENTG,0001101302-24-000071,2024-11-04,2024-11-04,2024-11-04T11:03:42.000Z,sources/earnings/ENTG_0001101302-24-000071.html,sources/earnings/ENTG_0001101302-24-000071_release.html,2024-11-04,2024-11-05,2024-11-04,date only; next session,"November 4, 2024",0.51,0.22,807694.0,888239.0,136241.0,117061.0,0.16867897991070877,0.13178997994909028,1,107.0500030517578,0.002709014401987335,0.036888999961618485,https://www.sec.gov/Archives/edgar/data/1101302/000110130224000071/,primary,same_date,market,-0.04046457580142861,232,2023-11-02,2024-10-04,2024-11-01,2024-11-05,2.3324031821491387
ENTG,0001101302-24-000071,2024-11-04,2024-11-04,2024-11-04T11:03:42.000Z,sources/earnings/ENTG_0001101302-24-000071.html,sources/earnings/ENTG_0001101302-24-000071_release.html,2024-11-04,2024-11-05,2024-11-04,date only; next session,"November 4, 2024",0.51,0.22,807694.0,888239.0,136241.0,117061.0,0.16867897991070877,0.13178997994909028,1,107.0500030517578,0.002709014401987335,0.036888999961618485,https://www.sec.gov/Archives/edgar/data/1101302/000110130224000071/,primary,same_date,market + industries,-0.028410969460382015,232,2023-11-02,2024-10-04,2024-11-01,2024-11-05,0.04440821552519325
ENTG,0001101302-24-000071,2024-11-04,2024-11-04,2024-11-04T11:03:42.000Z,sources/earnings/ENTG_0001101302-24-000071.html,sources/earnings/ENTG_0001101302-24-000071_release.html,2024-11-04,2024-11-05,2024-11-04,date only; next session,"November 4, 2024",0.51,0.22,807694.0,888239.0,136241.0,117061.0,0.16867897991070877,0.13178997994909028,1,107.0500030517578,0.002709014401987335,0.036888999961618485,https://www.sec.gov/Archives/edgar/data/1101302/000110130224000071/,short,conservative,market,-0.04641658547277276,232,2023-11-03,2024-10-07,2024-11-05,2024-11-06,2.4318902945402403
ENTG,0001101302-24-000071,2024-11-04,2024-11-04,2024-11-04T11:03:42.000Z,sources/earnings/ENTG_0001101302-24-000071.html,sources/earnings/ENTG_0001101302-24-000071_release.html,2024-11-04,2024-11-05,2024-11-04,date only; next session,"November 4, 2024",0.51,0.22,807694.0,888239.0,136241.0,117061.0,0.16867897991070877,0.13178997994909028,1,107.0500030517578,0.002709014401987335,0.036888999961618485,https://www.sec.gov/Archives/edgar/data/1101302/000110130224000071/,short,conservative,market + industries,-0.00865517647908532,232,2023-11-03,2024-10-07,2024-11-05,2024-11-06,0.20180344750598433
ENTG,0001101302-24-000071,2024-11-04,2024-11-04,2024-11-04T11:03:42.000Z,sources/earnings/ENTG_0001101302-24-000071.html,sources/earnings/ENTG_0001101302-24-000071_release.html,2024-11-04,2024-11-05,2024-11-04,date only; next session,"November 4, 2024",0.51,0.22,807694.0,888239.0,136241.0,117061.0,0.16867897991070877,0.13178997994909028,1,107.0500030517578,0.002709014401987335,0.036888999961618485,https://www.sec.gov/Archives/edgar/data/1101302/000110130224000071/,short,same_date,market,-0.05487496651685772,232,2023-11-02,2024-10-04,2024-11-04,2024-11-05,2.3324031821491387
ENTG,0001101302-24-000071,2024-11-04,2024-11-04,2024-11-04T11:03:42.000Z,sources/earnings/ENTG_0001101302-24-000071.html,sources/earnings/ENTG_0001101302-24-000071_release.html,2024-11-04,2024-11-05,2024-11-04,date only; next session,"November 4, 2024",0.51,0.22,807694.0,888239.0,136241.0,117061.0,0.16867897991070877,0.13178997994909028,1,107.0500030517578,0.002709014401987335,0.036888999961618485,https://www.sec.gov/Archives/edgar/data/1101302/000110130224000071/,short,same_date,market + industries,-0.04103822351267504,232,2023-11-02,2024-10-04,2024-11-04,2024-11-05,0.04440821552519325
ENTG,0001101302-24-000071,2024-11-04,2024-11-04,2024-11-04T11:03:42.000Z,sources/earnings/ENTG_0001101302-24-000071.html,sources/earnings/ENTG_0001101302-24-000071_release.html,2024-11-04,2024-11-05,2024-11-04,date only; next session,"November 4, 2024",0.51,0.22,807694.0,888239.0,136241.0,117061.0,0.16867897991070877,0.13178997994909028,1,107.0500030517578,0.002709014401987335,0.036888999961618485,https://www.sec.gov/Archives/edgar/data/1101302/000110130224000071/,wide,conservative,market,-0.10057646128260382,232,2023-11-03,2024-10-07,2024-11-04,2024-11-12,2.4318902945402403
ENTG,0001101302-24-000071,2024-11-04,2024-11-04,2024-11-04T11:03:42.000Z,sources/earnings/ENTG_0001101302-24-000071.html,sources/earnings/ENTG_0001101302-24-000071_release.html,2024-11-04,2024-11-05,2024-11-04,date only; next session,"November 4, 2024",0.51,0.22,807694.0,888239.0,136241.0,117061.0,0.16867897991070877,0.13178997994909028,1,107.0500030517578,0.002709014401987335,0.036888999961618485,https://www.sec.gov/Archives/edgar/data/1101302/000110130224000071/,wide,conservative,market + industries,-0.0266352916988166,232,2023-11-03,2024-10-07,2024-11-04,2024-11-12,0.20180344750598433
ENTG,0001101302-24-000071,2024-11-04,2024-11-04,2024-11-04T11:03:42.000Z,sources/earnings/ENTG_0001101302-24-000071.html,sources/earnings/ENTG_0001101302-24-000071_release.html,2024-11-04,2024-11-05,2024-11-04,date only; next session,"November 4, 2024",0.51,0.22,807694.0,888239.0,136241.0,117061.0,0.16867897991070877,0.13178997994909028,1,107.0500030517578,0.002709014401987335,0.036888999961618485,https://www.sec.gov/Archives/edgar/data/1101302/000110130224000071/,wide,same_date,market,-0.1087355078059645,232,2023-11-02,2024-10-04,2024-11-01,2024-11-11,2.3324031821491387
ENTG,0001101302-24-000071,2024-11-04,2024-11-04,2024-11-04T11:03:42.000Z,sources/earnings/ENTG_0001101302-24-000071.html,sources/earnings/ENTG_0001101302-24-000071_release.html,2024-11-04,2024-11-05,2024-11-04,date only; next session,"November 4, 2024",0.51,0.22,807694.0,888239.0,136241.0,117061.0,0.16867897991070877,0.13178997994909028,1,107.0500030517578,0.002709014401987335,0.036888999961618485,https://www.sec.gov/Archives/edgar/data/1101302/000110130224000071/,wide,same_date,market + industries,-0.036930689877335054,232,2023-11-02,2024-10-04,2024-11-01,2024-11-11,0.04440821552519325
ENTG,0001101302-25-000010,2025-02-06,2025-02-06,2025-02-06T11:17:15.000Z,sources/earnings/ENTG_0001101302-25-000010.html,sources/earnings/ENTG_0001101302-25-000010_release.html,2025-02-06,2025-02-07,2025-02-06,date only; next session,"February 6, 2025",0.67,0.25,849837.0,812291.0,149983.0,101017.0,0.1764844317204358,0.12436060475863946,1,103.9000015258789,0.004042348352568489,0.052123826961796335,https://www.sec.gov/Archives/edgar/data/1101302/000110130225000010/,primary,conservative,market,0.032980188651264,232,2024-02-06,2025-01-07,2025-02-06,2025-02-10,2.19906189539611
ENTG,0001101302-25-000010,2025-02-06,2025-02-06,2025-02-06T11:17:15.000Z,sources/earnings/ENTG_0001101302-25-000010.html,sources/earnings/ENTG_0001101302-25-000010_release.html,2025-02-06,2025-02-07,2025-02-06,date only; next session,"February 6, 2025",0.67,0.25,849837.0,812291.0,149983.0,101017.0,0.1764844317204358,0.12436060475863946,1,103.9000015258789,0.004042348352568489,0.052123826961796335,https://www.sec.gov/Archives/edgar/data/1101302/000110130225000010/,primary,conservative,market + industries,0.035815233588861975,232,2024-02-06,2025-01-07,2025-02-06,2025-02-10,0.07789943093459961
ENTG,0001101302-25-000010,2025-02-06,2025-02-06,2025-02-06T11:17:15.000Z,sources/earnings/ENTG_0001101302-25-000010.html,sources/earnings/ENTG_0001101302-25-000010_release.html,2025-02-06,2025-02-07,2025-02-06,date only; next session,"February 6, 2025",0.67,0.25,849837.0,812291.0,149983.0,101017.0,0.1764844317204358,0.12436060475863946,1,103.9000015258789,0.004042348352568489,0.052123826961796335,https://www.sec.gov/Archives/edgar/data/1101302/000110130225000010/,primary,same_date,market,0.06385065721466095,232,2024-02-05,2025-01-06,2025-02-05,2025-02-07,2.2059854520690547
ENTG,0001101302-25-000010,2025-02-06,2025-02-06,2025-02-06T11:17:15.000Z,sources/earnings/ENTG_0001101302-25-000010.html,sources/earnings/ENTG_0001101302-25-000010_release.html,2025-02-06,2025-02-07,2025-02-06,date only; next session,"February 6, 2025",0.67,0.25,849837.0,812291.0,149983.0,101017.0,0.1764844317204358,0.12436060475863946,1,103.9000015258789,0.004042348352568489,0.052123826961796335,https://www.sec.gov/Archives/edgar/data/1101302/000110130225000010/,primary,same_date,market + industries,0.054881644698268735,232,2024-02-05,2025-01-06,2025-02-05,2025-02-07,0.09541032990854359
ENTG,0001101302-25-000010,2025-02-06,2025-02-06,2025-02-06T11:17:15.000Z,sources/earnings/ENTG_0001101302-25-000010.html,sources/earnings/ENTG_0001101302-25-000010_release.html,2025-02-06,2025-02-07,2025-02-06,date only; next session,"February 6, 2025",0.67,0.25,849837.0,812291.0,149983.0,101017.0,0.1764844317204358,0.12436060475863946,1,103.9000015258789,0.004042348352568489,0.052123826961796335,https://www.sec.gov/Archives/edgar/data/1101302/000110130225000010/,short,conservative,market,-0.015813892290840778,232,2024-02-06,2025-01-07,2025-02-07,2025-02-10,2.19906189539611
ENTG,0001101302-25-000010,2025-02-06,2025-02-06,2025-02-06T11:17:15.000Z,sources/earnings/ENTG_0001101302-25-000010.html,sources/earnings/ENTG_0001101302-25-000010_release.html,2025-02-06,2025-02-07,2025-02-06,date only; next session,"February 6, 2025",0.67,0.25,849837.0,812291.0,149983.0,101017.0,0.1764844317204358,0.12436060475863946,1,103.9000015258789,0.004042348352568489,0.052123826961796335,https://www.sec.gov/Archives/edgar/data/1101302/000110130225000010/,short,conservative,market + industries,-0.02061055754017173,232,2024-02-06,2025-01-07,2025-02-07,2025-02-10,0.07789943093459961
ENTG,0001101302-25-000010,2025-02-06,2025-02-06,2025-02-06T11:17:15.000Z,sources/earnings/ENTG_0001101302-25-000010.html,sources/earnings/ENTG_0001101302-25-000010_release.html,2025-02-06,2025-02-07,2025-02-06,date only; next session,"February 6, 2025",0.67,0.25,849837.0,812291.0,149983.0,101017.0,0.1764844317204358,0.12436060475863946,1,103.9000015258789,0.004042348352568489,0.052123826961796335,https://www.sec.gov/Archives/edgar/data/1101302/000110130225000010/,short,same_date,market,0.043752770122795215,232,2024-02-05,2025-01-06,2025-02-06,2025-02-07,2.2059854520690547
ENTG,0001101302-25-000010,2025-02-06,2025-02-06,2025-02-06T11:17:15.000Z,sources/earnings/ENTG_0001101302-25-000010.html,sources/earnings/ENTG_0001101302-25-000010_release.html,2025-02-06,2025-02-07,2025-02-06,date only; next session,"February 6, 2025",0.67,0.25,849837.0,812291.0,149983.0,101017.0,0.1764844317204358,0.12436060475863946,1,103.9000015258789,0.004042348352568489,0.052123826961796335,https://www.sec.gov/Archives/edgar/data/1101302/000110130225000010/,short,same_date,market + industries,0.045795292185742645,232,2024-02-05,2025-01-06,2025-02-06,2025-02-07,0.09541032990854359
ENTG,0001101302-25-000010,2025-02-06,2025-02-06,2025-02-06T11:17:15.000Z,sources/earnings/ENTG_0001101302-25-000010.html,sources/earnings/ENTG_0001101302-25-000010_release.html,2025-02-06,2025-02-07,2025-02-06,date only; next session,"February 6, 2025",0.67,0.25,849837.0,812291.0,149983.0,101017.0,0.1764844317204358,0.12436060475863946,1,103.9000015258789,0.004042348352568489,0.052123826961796335,https://www.sec.gov/Archives/edgar/data/1101302/000110130225000010/,wide,conservative,market,0.028335448012016404,232,2024-02-06,2025-01-07,2025-02-06,2025-02-14,2.19906189539611
ENTG,0001101302-25-000010,2025-02-06,2025-02-06,2025-02-06T11:17:15.000Z,sources/earnings/ENTG_0001101302-25-000010.html,sources/earnings/ENTG_0001101302-25-000010_release.html,2025-02-06,2025-02-07,2025-02-06,date only; next session,"February 6, 2025",0.67,0.25,849837.0,812291.0,149983.0,101017.0,0.1764844317204358,0.12436060475863946,1,103.9000015258789,0.004042348352568489,0.052123826961796335,https://www.sec.gov/Archives/edgar/data/1101302/000110130225000010/,wide,conservative,market + industries,0.030576751041788544,232,2024-02-06,2025-01-07,2025-02-06,2025-02-14,0.07789943093459961
ENTG,0001101302-25-000010,2025-02-06,2025-02-06,2025-02-06T11:17:15.000Z,sources/earnings/ENTG_0001101302-25-000010.html,sources/earnings/ENTG_0001101302-25-000010_release.html,2025-02-06,2025-02-07,2025-02-06,date only; next session,"February 6, 2025",0.67,0.25,849837.0,812291.0,149983.0,101017.0,0.1764844317204358,0.12436060475863946,1,103.9000015258789,0.004042348352568489,0.052123826961796335,https://www.sec.gov/Archives/edgar/data/1101302/000110130225000010/,wide,same_date,market,0.06196718757869167,232,2024-02-05,2025-01-06,2025-02-05,2025-02-13,2.2059854520690547
ENTG,0001101302-25-000010,2025-02-06,2025-02-06,2025-02-06T11:17:15.000Z,sources/earnings/ENTG_0001101302-25-000010.html,sources/earnings/ENTG_0001101302-25-000010_release.html,2025-02-06,2025-02-07,2025-02-06,date only; next session,"February 6, 2025",0.67,0.25,849837.0,812291.0,149983.0,101017.0,0.1764844317204358,0.12436060475863946,1,103.9000015258789,0.004042348352568489,0.052123826961796335,https://www.sec.gov/Archives/edgar/data/1101302/000110130225000010/,wide,same_date,market + industries,0.055115835784962396,232,2024-02-05,2025-01-06,2025-02-05,2025-02-13,0.09541032990854359
ENTG,0001101302-25-000056,2025-05-07,2025-05-07,2025-05-07T10:02:35.000Z,sources/earnings/ENTG_0001101302-25-000056.html,sources/earnings/ENTG_0001101302-25-000056_release.html,2025-05-07,2025-05-08,2025-05-07,date only; next session,"May 7, 2025",0.41,0.3,773.2,771.0,122.3,117.6,0.1581738230729436,0.15252918287937742,1,83.02999877929688,0.0013248223728437288,0.005644640193566169,https://www.sec.gov/Archives/edgar/data/1101302/000110130225000056/,primary,conservative,market,-0.09449264094539148,232,2024-05-06,2025-04-08,2025-05-07,2025-05-09,2.083488462767763
ENTG,0001101302-25-000056,2025-05-07,2025-05-07,2025-05-07T10:02:35.000Z,sources/earnings/ENTG_0001101302-25-000056.html,sources/earnings/ENTG_0001101302-25-000056_release.html,2025-05-07,2025-05-08,2025-05-07,date only; next session,"May 7, 2025",0.41,0.3,773.2,771.0,122.3,117.6,0.1581738230729436,0.15252918287937742,1,83.02999877929688,0.0013248223728437288,0.005644640193566169,https://www.sec.gov/Archives/edgar/data/1101302/000110130225000056/,primary,conservative,market + industries,-0.11463301592364161,232,2024-05-06,2025-04-08,2025-05-07,2025-05-09,0.2673518128912451
ENTG,0001101302-25-000056,2025-05-07,2025-05-07,2025-05-07T10:02:35.000Z,sources/earnings/ENTG_0001101302-25-000056.html,sources/earnings/ENTG_0001101302-25-000056_release.html,2025-05-07,2025-05-08,2025-05-07,date only; next session,"May 7, 2025",0.41,0.3,773.2,771.0,122.3,117.6,0.1581738230729436,0.15252918287937742,1,83.02999877929688,0.0013248223728437288,0.005644640193566169,https://www.sec.gov/Archives/edgar/data/1101302/000110130225000056/,primary,same_date,market,-0.08116157082975976,232,2024-05-03,2025-04-07,2025-05-06,2025-05-08,2.077230336564563
ENTG,0001101302-25-000056,2025-05-07,2025-05-07,2025-05-07T10:02:35.000Z,sources/earnings/ENTG_0001101302-25-000056.html,sources/earnings/ENTG_0001101302-25-000056_release.html,2025-05-07,2025-05-08,2025-05-07,date only; next session,"May 7, 2025",0.41,0.3,773.2,771.0,122.3,117.6,0.1581738230729436,0.15252918287937742,1,83.02999877929688,0.0013248223728437288,0.005644640193566169,https://www.sec.gov/Archives/edgar/data/1101302/000110130225000056/,primary,same_date,market + industries,-0.09481029253962488,232,2024-05-03,2025-04-07,2025-05-06,2025-05-08,0.2547070795991152
ENTG,0001101302-25-000056,2025-05-07,2025-05-07,2025-05-07T10:02:35.000Z,sources/earnings/ENTG_0001101302-25-000056.html,sources/earnings/ENTG_0001101302-25-000056_release.html,2025-05-07,2025-05-08,2025-05-07,date only; next session,"May 7, 2025",0.41,0.3,773.2,771.0,122.3,117.6,0.1581738230729436,0.15252918287937742,1,83.02999877929688,0.0013248223728437288,0.005644640193566169,https://www.sec.gov/Archives/edgar/data/1101302/000110130225000056/,short,conservative,market,-0.032536400446340805,232,2024-05-06,2025-04-08,2025-05-08,2025-05-09,2.083488462767763
ENTG,0001101302-25-000056,2025-05-07,2025-05-07,2025-05-07T10:02:35.000Z,sources/earnings/ENTG_0001101302-25-000056.html,sources/earnings/ENTG_0001101302-25-000056_release.html,2025-05-07,2025-05-08,2025-05-07,date only; next session,"May 7, 2025",0.41,0.3,773.2,771.0,122.3,117.6,0.1581738230729436,0.15252918287937742,1,83.02999877929688,0.0013248223728437288,0.005644640193566169,https://www.sec.gov/Archives/edgar/data/1101302/000110130225000056/,short,conservative,market + industries,-0.043194566414123794,232,2024-05-06,2025-04-08,2025-05-08,2025-05-09,0.2673518128912451
ENTG,0001101302-25-000056,2025-05-07,2025-05-07,2025-05-07T10:02:35.000Z,sources/earnings/ENTG_0001101302-25-000056.html,sources/earnings/ENTG_0001101302-25-000056_release.html,2025-05-07,2025-05-08,2025-05-07,date only; next session,"May 7, 2025",0.41,0.3,773.2,771.0,122.3,117.6,0.1581738230729436,0.15252918287937742,1,83.02999877929688,0.0013248223728437288,0.005644640193566169,https://www.sec.gov/Archives/edgar/data/1101302/000110130225000056/,short,same_date,market,-0.09078272716376055,232,2024-05-03,2025-04-07,2025-05-07,2025-05-08,2.077230336564563
ENTG,0001101302-25-000056,2025-05-07,2025-05-07,2025-05-07T10:02:35.000Z,sources/earnings/ENTG_0001101302-25-000056.html,sources/earnings/ENTG_0001101302-25-000056_release.html,2025-05-07,2025-05-08,2025-05-07,date only; next session,"May 7, 2025",0.41,0.3,773.2,771.0,122.3,117.6,0.1581738230729436,0.15252918287937742,1,83.02999877929688,0.0013248223728437288,0.005644640193566169,https://www.sec.gov/Archives/edgar/data/1101302/000110130225000056/,short,same_date,market + industries,-0.09721224823888067,232,2024-05-03,2025-04-07,2025-05-07,2025-05-08,0.2547070795991152
ENTG,0001101302-25-000056,2025-05-07,2025-05-07,2025-05-07T10:02:35.000Z,sources/earnings/ENTG_0001101302-25-000056.html,sources/earnings/ENTG_0001101302-25-000056_release.html,2025-05-07,2025-05-08,2025-05-07,date only; next session,"May 7, 2025",0.41,0.3,773.2,771.0,122.3,117.6,0.1581738230729436,0.15252918287937742,1,83.02999877929688,0.0013248223728437288,0.005644640193566169,https://www.sec.gov/Archives/edgar/data/1101302/000110130225000056/,wide,conservative,market,-0.14721586159280725,232,2024-05-06,2025-04-08,2025-05-07,2025-05-15,2.083488462767763
ENTG,0001101302-25-000056,2025-05-07,2025-05-07,2025-05-07T10:02:35.000Z,sources/earnings/ENTG_0001101302-25-000056.html,sources/earnings/ENTG_0001101302-25-000056_release.html,2025-05-07,2025-05-08,2025-05-07,date only; next session,"May 7, 2025",0.41,0.3,773.2,771.0,122.3,117.6,0.1581738230729436,0.15252918287937742,1,83.02999877929688,0.0013248223728437288,0.005644640193566169,https://www.sec.gov/Archives/edgar/data/1101302/000110130225000056/,wide,conservative,market + industries,-0.17937791500447464,232,2024-05-06,2025-04-08,2025-05-07,2025-05-15,0.2673518128912451
ENTG,0001101302-25-000056,2025-05-07,2025-05-07,2025-05-07T10:02:35.000Z,sources/earnings/ENTG_0001101302-25-000056.html,sources/earnings/ENTG_0001101302-25-000056_release.html,2025-05-07,2025-05-08,2025-05-07,date only; next session,"May 7, 2025",0.41,0.3,773.2,771.0,122.3,117.6,0.1581738230729436,0.15252918287937742,1,83.02999877929688,0.0013248223728437288,0.005644640193566169,https://www.sec.gov/Archives/edgar/data/1101302/000110130225000056/,wide,same_date,market,-0.09111975332443442,232,2024-05-03,2025-04-07,2025-05-06,2025-05-14,2.077230336564563
ENTG,0001101302-25-000056,2025-05-07,2025-05-07,2025-05-07T10:02:35.000Z,sources/earnings/ENTG_0001101302-25-000056.html,sources/earnings/ENTG_0001101302-25-000056_release.html,2025-05-07,2025-05-08,2025-05-07,date only; next session,"May 7, 2025",0.41,0.3,773.2,771.0,122.3,117.6,0.1581738230729436,0.15252918287937742,1,83.02999877929688,0.0013248223728437288,0.005644640193566169,https://www.sec.gov/Archives/edgar/data/1101302/000110130225000056/,wide,same_date,market + industries,-0.14401071337901447,232,2024-05-03,2025-04-07,2025-05-06,2025-05-14,0.2547070795991152
ENTG,0001101302-25-000075,2025-07-30,2025-07-30,2025-07-30T10:03:37.000Z,sources/earnings/ENTG_0001101302-25-000075.html,sources/earnings/ENTG_0001101302-25-000075_release.html,2025-07-30,2025-07-31,2025-07-30,date only; next session,"July 30, 2025",0.35,0.45,792.4,812.7,106.1,130.1,0.13389702170620899,0.16008367171157867,1,92.8499984741211,-0.0010770059412318867,-0.026186650005369683,https://www.sec.gov/Archives/edgar/data/1101302/000110130225000075/,primary,conservative,market,-0.13680215288272035,232,2024-07-29,2025-07-01,2025-07-30,2025-08-01,2.1748032079057658
ENTG,0001101302-25-000075,2025-07-30,2025-07-30,2025-07-30T10:03:37.000Z,sources/earnings/ENTG_0001101302-25-000075.html,sources/earnings/ENTG_0001101302-25-000075_release.html,2025-07-30,2025-07-31,2025-07-30,date only; next session,"July 30, 2025",0.35,0.45,792.4,812.7,106.1,130.1,0.13389702170620899,0.16008367171157867,1,92.8499984741211,-0.0010770059412318867,-0.026186650005369683,https://www.sec.gov/Archives/edgar/data/1101302/000110130225000075/,primary,conservative,market + industries,-0.1390850398452267,232,2024-07-29,2025-07-01,2025-07-30,2025-08-01,0.6862266139677617
ENTG,0001101302-25-000075,2025-07-30,2025-07-30,2025-07-30T10:03:37.000Z,sources/earnings/ENTG_0001101302-25-000075.html,sources/earnings/ENTG_0001101302-25-000075_release.html,2025-07-30,2025-07-31,2025-07-30,date only; next session,"July 30, 2025",0.35,0.45,792.4,812.7,106.1,130.1,0.13389702170620899,0.16008367171157867,1,92.8499984741211,-0.0010770059412318867,-0.026186650005369683,https://www.sec.gov/Archives/edgar/data/1101302/000110130225000075/,primary,same_date,market,-0.12149952892952148,232,2024-07-26,2025-06-30,2025-07-29,2025-07-31,2.176295648896935
ENTG,0001101302-25-000075,2025-07-30,2025-07-30,2025-07-30T10:03:37.000Z,sources/earnings/ENTG_0001101302-25-000075.html,sources/earnings/ENTG_0001101302-25-000075_release.html,2025-07-30,2025-07-31,2025-07-30,date only; next session,"July 30, 2025",0.35,0.45,792.4,812.7,106.1,130.1,0.13389702170620899,0.16008367171157867,1,92.8499984741211,-0.0010770059412318867,-0.026186650005369683,https://www.sec.gov/Archives/edgar/data/1101302/000110130225000075/,primary,same_date,market + industries,-0.11558037487531546,232,2024-07-26,2025-06-30,2025-07-29,2025-07-31,0.6572913327634081
ENTG,0001101302-25-000075,2025-07-30,2025-07-30,2025-07-30T10:03:37.000Z,sources/earnings/ENTG_0001101302-25-000075.html,sources/earnings/ENTG_0001101302-25-000075_release.html,2025-07-30,2025-07-31,2025-07-30,date only; next session,"July 30, 2025",0.35,0.45,792.4,812.7,106.1,130.1,0.13389702170620899,0.16008367171157867,1,92.8499984741211,-0.0010770059412318867,-0.026186650005369683,https://www.sec.gov/Archives/edgar/data/1101302/000110130225000075/,short,conservative,market,0.0023695964361414735,232,2024-07-29,2025-07-01,2025-07-31,2025-08-01,2.1748032079057658
ENTG,0001101302-25-000075,2025-07-30,2025-07-30,2025-07-30T10:03:37.000Z,sources/earnings/ENTG_0001101302-25-000075.html,sources/earnings/ENTG_0001101302-25-000075_release.html,2025-07-30,2025-07-31,2025-07-30,date only; next session,"July 30, 2025",0.35,0.45,792.4,812.7,106.1,130.1,0.13389702170620899,0.16008367171157867,1,92.8499984741211,-0.0010770059412318867,-0.026186650005369683,https://www.sec.gov/Archives/edgar/data/1101302/000110130225000075/,short,conservative,market + industries,0.007724756081601138,232,2024-07-29,2025-07-01,2025-07-31,2025-08-01,0.6862266139677617
ENTG,0001101302-25-000075,2025-07-30,2025-07-30,2025-07-30T10:03:37.000Z,sources/earnings/ENTG_0001101302-25-000075.html,sources/earnings/ENTG_0001101302-25-000075_release.html,2025-07-30,2025-07-31,2025-07-30,date only; next session,"July 30, 2025",0.35,0.45,792.4,812.7,106.1,130.1,0.13389702170620899,0.16008367171157867,1,92.8499984741211,-0.0010770059412318867,-0.026186650005369683,https://www.sec.gov/Archives/edgar/data/1101302/000110130225000075/,short,same_date,market,-0.13924236017741423,232,2024-07-26,2025-06-30,2025-07-30,2025-07-31,2.176295648896935
ENTG,0001101302-25-000075,2025-07-30,2025-07-30,2025-07-30T10:03:37.000Z,sources/earnings/ENTG_0001101302-25-000075.html,sources/earnings/ENTG_0001101302-25-000075_release.html,2025-07-30,2025-07-31,2025-07-30,date only; next session,"July 30, 2025",0.35,0.45,792.4,812.7,106.1,130.1,0.13389702170620899,0.16008367171157867,1,92.8499984741211,-0.0010770059412318867,-0.026186650005369683,https://www.sec.gov/Archives/edgar/data/1101302/000110130225000075/,short,same_date,market + industries,-0.1260249949335126,232,2024-07-26,2025-06-30,2025-07-30,2025-07-31,0.6572913327634081
ENTG,0001101302-25-000075,2025-07-30,2025-07-30,2025-07-30T10:03:37.000Z,sources/earnings/ENTG_0001101302-25-000075.html,sources/earnings/ENTG_0001101302-25-000075_release.html,2025-07-30,2025-07-31,2025-07-30,date only; next session,"July 30, 2025",0.35,0.45,792.4,812.7,106.1,130.1,0.13389702170620899,0.16008367171157867,1,92.8499984741211,-0.0010770059412318867,-0.026186650005369683,https://www.sec.gov/Archives/edgar/data/1101302/000110130225000075/,wide,conservative,market,-0.19228748327510942,232,2024-07-29,2025-07-01,2025-07-30,2025-08-07,2.1748032079057658
ENTG,0001101302-25-000075,2025-07-30,2025-07-30,2025-07-30T10:03:37.000Z,sources/earnings/ENTG_0001101302-25-000075.html,sources/earnings/ENTG_0001101302-25-000075_release.html,2025-07-30,2025-07-31,2025-07-30,date only; next session,"July 30, 2025",0.35,0.45,792.4,812.7,106.1,130.1,0.13389702170620899,0.16008367171157867,1,92.8499984741211,-0.0010770059412318867,-0.026186650005369683,https://www.sec.gov/Archives/edgar/data/1101302/000110130225000075/,wide,conservative,market + industries,-0.18530842910264392,232,2024-07-29,2025-07-01,2025-07-30,2025-08-07,0.6862266139677617
ENTG,0001101302-25-000075,2025-07-30,2025-07-30,2025-07-30T10:03:37.000Z,sources/earnings/ENTG_0001101302-25-000075.html,sources/earnings/ENTG_0001101302-25-000075_release.html,2025-07-30,2025-07-31,2025-07-30,date only; next session,"July 30, 2025",0.35,0.45,792.4,812.7,106.1,130.1,0.13389702170620899,0.16008367171157867,1,92.8499984741211,-0.0010770059412318867,-0.026186650005369683,https://www.sec.gov/Archives/edgar/data/1101302/000110130225000075/,wide,same_date,market,-0.1950960109712699,232,2024-07-26,2025-06-30,2025-07-29,2025-08-06,2.176295648896935
ENTG,0001101302-25-000075,2025-07-30,2025-07-30,2025-07-30T10:03:37.000Z,sources/earnings/ENTG_0001101302-25-000075.html,sources/earnings/ENTG_0001101302-25-000075_release.html,2025-07-30,2025-07-31,2025-07-30,date only; next session,"July 30, 2025",0.35,0.45,792.4,812.7,106.1,130.1,0.13389702170620899,0.16008367171157867,1,92.8499984741211,-0.0010770059412318867,-0.026186650005369683,https://www.sec.gov/Archives/edgar/data/1101302/000110130225000075/,wide,same_date,market + industries,-0.17744220322525553,232,2024-07-26,2025-06-30,2025-07-29,2025-08-06,0.6572913327634081
ENTG,0001101302-25-000099,2025-10-30,2025-10-30,2025-10-30T11:03:29.000Z,sources/earnings/ENTG_0001101302-25-000099.html,sources/earnings/ENTG_0001101302-25-000099_release.html,2025-10-30,2025-10-31,2025-10-30,date only; next session,"October 30, 2025",0.46,0.51,807.1,807.7,122.6,136.2,0.15190187089579976,0.1686269654574718,1,94.54000091552734,-0.0005288766608398449,-0.016725094561672038,https://www.sec.gov/Archives/edgar/data/1101302/000110130225000099/,primary,conservative,market,-0.013547515899253817,232,2024-10-29,2025-10-02,2025-10-30,2025-11-03,2.1509876837264255
ENTG,0001101302-25-000099,2025-10-30,2025-10-30,2025-10-30T11:03:29.000Z,sources/earnings/ENTG_0001101302-25-000099.html,sources/earnings/ENTG_0001101302-25-000099_release.html,2025-10-30,2025-10-31,2025-10-30,date only; next session,"October 30, 2025",0.46,0.51,807.1,807.7,122.6,136.2,0.15190187089579976,0.1686269654574718,1,94.54000091552734,-0.0005288766608398449,-0.016725094561672038,https://www.sec.gov/Archives/edgar/data/1101302/000110130225000099/,primary,conservative,market + industries,-0.023301556888189225,232,2024-10-29,2025-10-02,2025-10-30,2025-11-03,0.9212949600962493
ENTG,0001101302-25-000099,2025-10-30,2025-10-30,2025-10-30T11:03:29.000Z,sources/earnings/ENTG_0001101302-25-000099.html,sources/earnings/ENTG_0001101302-25-000099_release.html,2025-10-30,2025-10-31,2025-10-30,date only; next session,"October 30, 2025",0.46,0.51,807.1,807.7,122.6,136.2,0.15190187089579976,0.1686269654574718,1,94.54000091552734,-0.0005288766608398449,-0.016725094561672038,https://www.sec.gov/Archives/edgar/data/1101302/000110130225000099/,primary,same_date,market,0.023843527432813705,232,2024-10-28,2025-10-01,2025-10-29,2025-10-31,2.150898882334913
ENTG,0001101302-25-000099,2025-10-30,2025-10-30,2025-10-30T11:03:29.000Z,sources/earnings/ENTG_0001101302-25-000099.html,sources/earnings/ENTG_0001101302-25-000099_release.html,2025-10-30,2025-10-31,2025-10-30,date only; next session,"October 30, 2025",0.46,0.51,807.1,807.7,122.6,136.2,0.15190187089579976,0.1686269654574718,1,94.54000091552734,-0.0005288766608398449,-0.016725094561672038,https://www.sec.gov/Archives/edgar/data/1101302/000110130225000099/,primary,same_date,market + industries,0.003419124655101878,232,2024-10-28,2025-10-01,2025-10-29,2025-10-31,0.9357627271096737
ENTG,0001101302-25-000099,2025-10-30,2025-10-30,2025-10-30T11:03:29.000Z,sources/earnings/ENTG_0001101302-25-000099.html,sources/earnings/ENTG_0001101302-25-000099_release.html,2025-10-30,2025-10-31,2025-10-30,date only; next session,"October 30, 2025",0.46,0.51,807.1,807.7,122.6,136.2,0.15190187089579976,0.1686269654574718,1,94.54000091552734,-0.0005288766608398449,-0.016725094561672038,https://www.sec.gov/Archives/edgar/data/1101302/000110130225000099/,short,conservative,market,0.03595690776397459,232,2024-10-29,2025-10-02,2025-10-31,2025-11-03,2.1509876837264255
ENTG,0001101302-25-000099,2025-10-30,2025-10-30,2025-10-30T11:03:29.000Z,sources/earnings/ENTG_0001101302-25-000099.html,sources/earnings/ENTG_0001101302-25-000099_release.html,2025-10-30,2025-10-31,2025-10-30,date only; next session,"October 30, 2025",0.46,0.51,807.1,807.7,122.6,136.2,0.15190187089579976,0.1686269654574718,1,94.54000091552734,-0.0005288766608398449,-0.016725094561672038,https://www.sec.gov/Archives/edgar/data/1101302/000110130225000099/,short,conservative,market + industries,0.03163482596905807,232,2024-10-29,2025-10-02,2025-10-31,2025-11-03,0.9212949600962493
ENTG,0001101302-25-000099,2025-10-30,2025-10-30,2025-10-30T11:03:29.000Z,sources/earnings/ENTG_0001101302-25-000099.html,sources/earnings/ENTG_0001101302-25-000099_release.html,2025-10-30,2025-10-31,2025-10-30,date only; next session,"October 30, 2025",0.46,0.51,807.1,807.7,122.6,136.2,0.15190187089579976,0.1686269654574718,1,94.54000091552734,-0.0005288766608398449,-0.016725094561672038,https://www.sec.gov/Archives/edgar/data/1101302/000110130225000099/,short,same_date,market,-0.008521433705942237,232,2024-10-28,2025-10-01,2025-10-30,2025-10-31,2.150898882334913
ENTG,0001101302-25-000099,2025-10-30,2025-10-30,2025-10-30T11:03:29.000Z,sources/earnings/ENTG_0001101302-25-000099.html,sources/earnings/ENTG_0001101302-25-000099_release.html,2025-10-30,2025-10-31,2025-10-30,date only; next session,"October 30, 2025",0.46,0.51,807.1,807.7,122.6,136.2,0.15190187089579976,0.1686269654574718,1,94.54000091552734,-0.0005288766608398449,-0.016725094561672038,https://www.sec.gov/Archives/edgar/data/1101302/000110130225000099/,short,same_date,market + industries,-0.01307151119652309,232,2024-10-28,2025-10-01,2025-10-30,2025-10-31,0.9357627271096737
ENTG,0001101302-25-000099,2025-10-30,2025-10-30,2025-10-30T11:03:29.000Z,sources/earnings/ENTG_0001101302-25-000099.html,sources/earnings/ENTG_0001101302-25-000099_release.html,2025-10-30,2025-10-31,2025-10-30,date only; next session,"October 30, 2025",0.46,0.51,807.1,807.7,122.6,136.2,0.15190187089579976,0.1686269654574718,1,94.54000091552734,-0.0005288766608398449,-0.016725094561672038,https://www.sec.gov/Archives/edgar/data/1101302/000110130225000099/,wide,conservative,market,-0.01989105900166,232,2024-10-29,2025-10-02,2025-10-30,2025-11-07,2.1509876837264255
ENTG,0001101302-25-000099,2025-10-30,2025-10-30,2025-10-30T11:03:29.000Z,sources/earnings/ENTG_0001101302-25-000099.html,sources/earnings/ENTG_0001101302-25-000099_release.html,2025-10-30,2025-10-31,2025-10-30,date only; next session,"October 30, 2025",0.46,0.51,807.1,807.7,122.6,136.2,0.15190187089579976,0.1686269654574718,1,94.54000091552734,-0.0005288766608398449,-0.016725094561672038,https://www.sec.gov/Archives/edgar/data/1101302/000110130225000099/,wide,conservative,market + industries,-0.023459352899153366,232,2024-10-29,2025-10-02,2025-10-30,2025-11-07,0.9212949600962493
ENTG,0001101302-25-000099,2025-10-30,2025-10-30,2025-10-30T11:03:29.000Z,sources/earnings/ENTG_0001101302-25-000099.html,sources/earnings/ENTG_0001101302-25-000099_release.html,2025-10-30,2025-10-31,2025-10-30,date only; next session,"October 30, 2025",0.46,0.51,807.1,807.7,122.6,136.2,0.15190187089579976,0.1686269654574718,1,94.54000091552734,-0.0005288766608398449,-0.016725094561672038,https://www.sec.gov/Archives/edgar/data/1101302/000110130225000099/,wide,same_date,market,0.0026266060943024166,232,2024-10-28,2025-10-01,2025-10-29,2025-11-06,2.150898882334913
ENTG,0001101302-25-000099,2025-10-30,2025-10-30,2025-10-30T11:03:29.000Z,sources/earnings/ENTG_0001101302-25-000099.html,sources/earnings/ENTG_0001101302-25-000099_release.html,2025-10-30,2025-10-31,2025-10-30,date only; next session,"October 30, 2025",0.46,0.51,807.1,807.7,122.6,136.2,0.15190187089579976,0.1686269654574718,1,94.54000091552734,-0.0005288766608398449,-0.016725094561672038,https://www.sec.gov/Archives/edgar/data/1101302/000110130225000099/,wide,same_date,market + industries,-0.03087453246280015,232,2024-10-28,2025-10-01,2025-10-29,2025-11-06,0.9357627271096737
ENTG,0001101302-26-000009,2026-02-10,2026-02-10,2026-02-10T12:02:21.000Z,sources/earnings/ENTG_0001101302-26-000009.html,sources/earnings/ENTG_0001101302-26-000009_release.html,2026-02-10,2026-02-11,2026-02-10,date only; next session,"February 10, 2026",0.32,0.67,823.9,849.8,104.9,150.0,0.12732127685398714,0.17651212049894094,1,122.38999938964844,-0.002859710774944268,-0.0491908436449538,https://www.sec.gov/Archives/edgar/data/1101302/000110130226000009/,primary,conservative,market,0.11960265561135491,232,2025-02-10,2026-01-12,2026-02-10,2026-02-12,2.3567729808386124
ENTG,0001101302-26-000009,2026-02-10,2026-02-10,2026-02-10T12:02:21.000Z,sources/earnings/ENTG_0001101302-26-000009.html,sources/earnings/ENTG_0001101302-26-000009_release.html,2026-02-10,2026-02-11,2026-02-10,date only; next session,"February 10, 2026",0.32,0.67,823.9,849.8,104.9,150.0,0.12732127685398714,0.17651212049894094,1,122.38999938964844,-0.002859710774944268,-0.0491908436449538,https://www.sec.gov/Archives/edgar/data/1101302/000110130226000009/,primary,conservative,market + industries,0.09098097912002687,232,2025-02-10,2026-01-12,2026-02-10,2026-02-12,0.6764798489944406
ENTG,0001101302-26-000009,2026-02-10,2026-02-10,2026-02-10T12:02:21.000Z,sources/earnings/ENTG_0001101302-26-000009.html,sources/earnings/ENTG_0001101302-26-000009_release.html,2026-02-10,2026-02-11,2026-02-10,date only; next session,"February 10, 2026",0.32,0.67,823.9,849.8,104.9,150.0,0.12732127685398714,0.17651212049894094,1,122.38999938964844,-0.002859710774944268,-0.0491908436449538,https://www.sec.gov/Archives/edgar/data/1101302/000110130226000009/,primary,same_date,market,0.12188058134913698,232,2025-02-07,2026-01-09,2026-02-09,2026-02-11,2.3583920053500207
ENTG,0001101302-26-000009,2026-02-10,2026-02-10,2026-02-10T12:02:21.000Z,sources/earnings/ENTG_0001101302-26-000009.html,sources/earnings/ENTG_0001101302-26-000009_release.html,2026-02-10,2026-02-11,2026-02-10,date only; next session,"February 10, 2026",0.32,0.67,823.9,849.8,104.9,150.0,0.12732127685398714,0.17651212049894094,1,122.38999938964844,-0.002859710774944268,-0.0491908436449538,https://www.sec.gov/Archives/edgar/data/1101302/000110130226000009/,primary,same_date,market + industries,0.08730477413440442,232,2025-02-07,2026-01-09,2026-02-09,2026-02-11,0.671025521437388
ENTG,0001101302-26-000009,2026-02-10,2026-02-10,2026-02-10T12:02:21.000Z,sources/earnings/ENTG_0001101302-26-000009.html,sources/earnings/ENTG_0001101302-26-000009_release.html,2026-02-10,2026-02-11,2026-02-10,date only; next session,"February 10, 2026",0.32,0.67,823.9,849.8,104.9,150.0,0.12732127685398714,0.17651212049894094,1,122.38999938964844,-0.002859710774944268,-0.0491908436449538,https://www.sec.gov/Archives/edgar/data/1101302/000110130226000009/,short,conservative,market,0.021918067092544673,232,2025-02-10,2026-01-12,2026-02-11,2026-02-12,2.3567729808386124
ENTG,0001101302-26-000009,2026-02-10,2026-02-10,2026-02-10T12:02:21.000Z,sources/earnings/ENTG_0001101302-26-000009.html,sources/earnings/ENTG_0001101302-26-000009_release.html,2026-02-10,2026-02-11,2026-02-10,date only; next session,"February 10, 2026",0.32,0.67,823.9,849.8,104.9,150.0,0.12732127685398714,0.17651212049894094,1,122.38999938964844,-0.002859710774944268,-0.0491908436449538,https://www.sec.gov/Archives/edgar/data/1101302/000110130226000009/,short,conservative,market + industries,-0.005005391868021611,232,2025-02-10,2026-01-12,2026-02-11,2026-02-12,0.6764798489944406
ENTG,0001101302-26-000009,2026-02-10,2026-02-10,2026-02-10T12:02:21.000Z,sources/earnings/ENTG_0001101302-26-000009.html,sources/earnings/ENTG_0001101302-26-000009_release.html,2026-02-10,2026-02-11,2026-02-10,date only; next session,"February 10, 2026",0.32,0.67,823.9,849.8,104.9,150.0,0.12732127685398714,0.17651212049894094,1,122.38999938964844,-0.002859710774944268,-0.0491908436449538,https://www.sec.gov/Archives/edgar/data/1101302/000110130226000009/,short,same_date,market,0.13194207724554566,232,2025-02-07,2026-01-09,2026-02-10,2026-02-11,2.3583920053500207
ENTG,0001101302-26-000009,2026-02-10,2026-02-10,2026-02-10T12:02:21.000Z,sources/earnings/ENTG_0001101302-26-000009.html,sources/earnings/ENTG_0001101302-26-000009_release.html,2026-02-10,2026-02-11,2026-02-10,date only; next session,"February 10, 2026",0.32,0.67,823.9,849.8,104.9,150.0,0.12732127685398714,0.17651212049894094,1,122.38999938964844,-0.002859710774944268,-0.0491908436449538,https://www.sec.gov/Archives/edgar/data/1101302/000110130226000009/,short,same_date,market + industries,0.10085498796145918,232,2025-02-07,2026-01-09,2026-02-10,2026-02-11,0.671025521437388
ENTG,0001101302-26-000009,2026-02-10,2026-02-10,2026-02-10T12:02:21.000Z,sources/earnings/ENTG_0001101302-26-000009.html,sources/earnings/ENTG_0001101302-26-000009_release.html,2026-02-10,2026-02-11,2026-02-10,date only; next session,"February 10, 2026",0.32,0.67,823.9,849.8,104.9,150.0,0.12732127685398714,0.17651212049894094,1,122.38999938964844,-0.002859710774944268,-0.0491908436449538,https://www.sec.gov/Archives/edgar/data/1101302/000110130226000009/,wide,conservative,market,0.1269382913592568,232,2025-02-10,2026-01-12,2026-02-10,2026-02-19,2.3567729808386124
ENTG,0001101302-26-000009,2026-02-10,2026-02-10,2026-02-10T12:02:21.000Z,sources/earnings/ENTG_0001101302-26-000009.html,sources/earnings/ENTG_0001101302-26-000009_release.html,2026-02-10,2026-02-11,2026-02-10,date only; next session,"February 10, 2026",0.32,0.67,823.9,849.8,104.9,150.0,0.12732127685398714,0.17651212049894094,1,122.38999938964844,-0.002859710774944268,-0.0491908436449538,https://www.sec.gov/Archives/edgar/data/1101302/000110130226000009/,wide,conservative,market + industries,0.10776179902121102,232,2025-02-10,2026-01-12,2026-02-10,2026-02-19,0.6764798489944406
ENTG,0001101302-26-000009,2026-02-10,2026-02-10,2026-02-10T12:02:21.000Z,sources/earnings/ENTG_0001101302-26-000009.html,sources/earnings/ENTG_0001101302-26-000009_release.html,2026-02-10,2026-02-11,2026-02-10,date only; next session,"February 10, 2026",0.32,0.67,823.9,849.8,104.9,150.0,0.12732127685398714,0.17651212049894094,1,122.38999938964844,-0.002859710774944268,-0.0491908436449538,https://www.sec.gov/Archives/edgar/data/1101302/000110130226000009/,wide,same_date,market,0.10335570993535907,232,2025-02-07,2026-01-09,2026-02-09,2026-02-18,2.3583920053500207
ENTG,0001101302-26-000009,2026-02-10,2026-02-10,2026-02-10T12:02:21.000Z,sources/earnings/ENTG_0001101302-26-000009.html,sources/earnings/ENTG_0001101302-26-000009_release.html,2026-02-10,2026-02-11,2026-02-10,date only; next session,"February 10, 2026",0.32,0.67,823.9,849.8,104.9,150.0,0.12732127685398714,0.17651212049894094,1,122.38999938964844,-0.002859710774944268,-0.0491908436449538,https://www.sec.gov/Archives/edgar/data/1101302/000110130226000009/,wide,same_date,market + industries,0.07450888145874442,232,2025-02-07,2026-01-09,2026-02-09,2026-02-18,0.671025521437388
ENTG,0001101302-26-000099,2026-04-30,2026-04-30,2026-04-30T11:01:50.000Z,sources/earnings/ENTG_0001101302-26-000099.html,sources/earnings/ENTG_0001101302-26-000099_release.html,2026-04-30,2026-05-01,2026-04-30,date only; next session,"April 30, 2026",0.6,0.41,811.9,773.2,141.6,122.3,0.17440571498953072,0.1581738230729436,1,149.3699951171875,0.001272009146488466,0.016231891916587138,https://www.sec.gov/Archives/edgar/data/1101302/000110130226000099/,primary,conservative,market,-0.09541068704902976,232,2025-04-30,2026-04-01,2026-04-30,2026-05-04,2.6632508486951103
ENTG,0001101302-26-000099,2026-04-30,2026-04-30,2026-04-30T11:01:50.000Z,sources/earnings/ENTG_0001101302-26-000099.html,sources/earnings/ENTG_0001101302-26-000099_release.html,2026-04-30,2026-05-01,2026-04-30,date only; next session,"April 30, 2026",0.6,0.41,811.9,773.2,141.6,122.3,0.17440571498953072,0.1581738230729436,1,149.3699951171875,0.001272009146488466,0.016231891916587138,https://www.sec.gov/Archives/edgar/data/1101302/000110130226000099/,primary,conservative,market + industries,-0.10180386836502761,232,2025-04-30,2026-04-01,2026-04-30,2026-05-04,0.638949650335258
ENTG,0001101302-26-000099,2026-04-30,2026-04-30,2026-04-30T11:01:50.000Z,sources/earnings/ENTG_0001101302-26-000099.html,sources/earnings/ENTG_0001101302-26-000099_release.html,2026-04-30,2026-05-01,2026-04-30,date only; next session,"April 30, 2026",0.6,0.41,811.9,773.2,141.6,122.3,0.17440571498953072,0.1581738230729436,1,149.3699951171875,0.001272009146488466,0.016231891916587138,https://www.sec.gov/Archives/edgar/data/1101302/000110130226000099/,primary,same_date,market,-0.04811306805620272,232,2025-04-29,2026-03-31,2026-04-29,2026-05-01,2.6546621140466784
ENTG,0001101302-26-000099,2026-04-30,2026-04-30,2026-04-30T11:01:50.000Z,sources/earnings/ENTG_0001101302-26-000099.html,sources/earnings/ENTG_0001101302-26-000099_release.html,2026-04-30,2026-05-01,2026-04-30,date only; next session,"April 30, 2026",0.6,0.41,811.9,773.2,141.6,122.3,0.17440571498953072,0.1581738230729436,1,149.3699951171875,0.001272009146488466,0.016231891916587138,https://www.sec.gov/Archives/edgar/data/1101302/000110130226000099/,primary,same_date,market + industries,-0.08635179047611939,232,2025-04-29,2026-03-31,2026-04-29,2026-05-01,0.6158444316458322
ENTG,0001101302-26-000099,2026-04-30,2026-04-30,2026-04-30T11:01:50.000Z,sources/earnings/ENTG_0001101302-26-000099.html,sources/earnings/ENTG_0001101302-26-000099_release.html,2026-04-30,2026-05-01,2026-04-30,date only; next session,"April 30, 2026",0.6,0.41,811.9,773.2,141.6,122.3,0.17440571498953072,0.1581738230729436,1,149.3699951171875,0.001272009146488466,0.016231891916587138,https://www.sec.gov/Archives/edgar/data/1101302/000110130226000099/,short,conservative,market,-0.01514208084433704,232,2025-04-30,2026-04-01,2026-05-01,2026-05-04,2.6632508486951103
ENTG,0001101302-26-000099,2026-04-30,2026-04-30,2026-04-30T11:01:50.000Z,sources/earnings/ENTG_0001101302-26-000099.html,sources/earnings/ENTG_0001101302-26-000099_release.html,2026-04-30,2026-05-01,2026-04-30,date only; next session,"April 30, 2026",0.6,0.41,811.9,773.2,141.6,122.3,0.17440571498953072,0.1581738230729436,1,149.3699951171875,0.001272009146488466,0.016231891916587138,https://www.sec.gov/Archives/edgar/data/1101302/000110130226000099/,short,conservative,market + industries,-0.019702807403131777,232,2025-04-30,2026-04-01,2026-05-01,2026-05-04,0.638949650335258
ENTG,0001101302-26-000099,2026-04-30,2026-04-30,2026-04-30T11:01:50.000Z,sources/earnings/ENTG_0001101302-26-000099.html,sources/earnings/ENTG_0001101302-26-000099_release.html,2026-04-30,2026-05-01,2026-04-30,date only; next session,"April 30, 2026",0.6,0.41,811.9,773.2,141.6,122.3,0.17440571498953072,0.1581738230729436,1,149.3699951171875,0.001272009146488466,0.016231891916587138,https://www.sec.gov/Archives/edgar/data/1101302/000110130226000099/,short,same_date,market,-0.08118504806703421,232,2025-04-29,2026-03-31,2026-04-30,2026-05-01,2.6546621140466784
ENTG,0001101302-26-000099,2026-04-30,2026-04-30,2026-04-30T11:01:50.000Z,sources/earnings/ENTG_0001101302-26-000099.html,sources/earnings/ENTG_0001101302-26-000099_release.html,2026-04-30,2026-05-01,2026-04-30,date only; next session,"April 30, 2026",0.6,0.41,811.9,773.2,141.6,122.3,0.17440571498953072,0.1581738230729436,1,149.3699951171875,0.001272009146488466,0.016231891916587138,https://www.sec.gov/Archives/edgar/data/1101302/000110130226000099/,short,same_date,market + industries,-0.08907204954156396,232,2025-04-29,2026-03-31,2026-04-30,2026-05-01,0.6158444316458322
ENTG,0001101302-26-000099,2026-04-30,2026-04-30,2026-04-30T11:01:50.000Z,sources/earnings/ENTG_0001101302-26-000099.html,sources/earnings/ENTG_0001101302-26-000099_release.html,2026-04-30,2026-05-01,2026-04-30,date only; next session,"April 30, 2026",0.6,0.41,811.9,773.2,141.6,122.3,0.17440571498953072,0.1581738230729436,1,149.3699951171875,0.001272009146488466,0.016231891916587138,https://www.sec.gov/Archives/edgar/data/1101302/000110130226000099/,wide,conservative,market,-0.09317628533441294,232,2025-04-30,2026-04-01,2026-04-30,2026-05-08,2.6632508486951103
ENTG,0001101302-26-000099,2026-04-30,2026-04-30,2026-04-30T11:01:50.000Z,sources/earnings/ENTG_0001101302-26-000099.html,sources/earnings/ENTG_0001101302-26-000099_release.html,2026-04-30,2026-05-01,2026-04-30,date only; next session,"April 30, 2026",0.6,0.41,811.9,773.2,141.6,122.3,0.17440571498953072,0.1581738230729436,1,149.3699951171875,0.001272009146488466,0.016231891916587138,https://www.sec.gov/Archives/edgar/data/1101302/000110130226000099/,wide,conservative,market + industries,-0.16713872446670774,232,2025-04-30,2026-04-01,2026-04-30,2026-05-08,0.638949650335258
ENTG,0001101302-26-000099,2026-04-30,2026-04-30,2026-04-30T11:01:50.000Z,sources/earnings/ENTG_0001101302-26-000099.html,sources/earnings/ENTG_0001101302-26-000099_release.html,2026-04-30,2026-05-01,2026-04-30,date only; next session,"April 30, 2026",0.6,0.41,811.9,773.2,141.6,122.3,0.17440571498953072,0.1581738230729436,1,149.3699951171875,0.001272009146488466,0.016231891916587138,https://www.sec.gov/Archives/edgar/data/1101302/000110130226000099/,wide,same_date,market,-0.046843788780260735,232,2025-04-29,2026-03-31,2026-04-29,2026-05-07,2.6546621140466784
ENTG,0001101302-26-000099,2026-04-30,2026-04-30,2026-04-30T11:01:50.000Z,sources/earnings/ENTG_0001101302-26-000099.html,sources/earnings/ENTG_0001101302-26-000099_release.html,2026-04-30,2026-05-01,2026-04-30,date only; next session,"April 30, 2026",0.6,0.41,811.9,773.2,141.6,122.3,0.17440571498953072,0.1581738230729436,1,149.3699951171875,0.001272009146488466,0.016231891916587138,https://www.sec.gov/Archives/edgar/data/1101302/000110130226000099/,wide,same_date,market + industries,-0.10920029739218716,232,2025-04-29,2026-03-31,2026-04-29,2026-05-07,0.6158444316458322
ENTG,0001101302-26-000146,2026-08-04,2026-08-04,2026-08-04T11:02:24.000Z,sources/earnings/ENTG_0001101302-26-000146.html,sources/earnings/ENTG_0001101302-26-000146_release.html,2026-08-04,2026-08-05,2026-08-04,date only; next session,"August 4, 2026",0.61,0.35,883.2,792.4,164.6,106.1,0.1863677536231884,0.13389702170620899,1,125.1999969482422,0.00207667736691307,0.0524707319169794,https://www.sec.gov/Archives/edgar/data/1101302/000110130226000146/,primary,conservative,market,0.09469638368675115,232,2025-08-04,2026-07-07,2026-08-04,2026-08-06,3.124742077093323
ENTG,0001101302-26-000146,2026-08-04,2026-08-04,2026-08-04T11:02:24.000Z,sources/earnings/ENTG_0001101302-26-000146.html,sources/earnings/ENTG_0001101302-26-000146_release.html,2026-08-04,2026-08-05,2026-08-04,date only; next session,"August 4, 2026",0.61,0.35,883.2,792.4,164.6,106.1,0.1863677536231884,0.13389702170620899,1,125.1999969482422,0.00207667736691307,0.0524707319169794,https://www.sec.gov/Archives/edgar/data/1101302/000110130226000146/,primary,conservative,market + industries,0.08520764711891649,232,2025-08-04,2026-07-07,2026-08-04,2026-08-06,0.2474591672914881
ENTG,0001101302-26-000146,2026-08-04,2026-08-04,2026-08-04T11:02:24.000Z,sources/earnings/ENTG_0001101302-26-000146.html,sources/earnings/ENTG_0001101302-26-000146_release.html,2026-08-04,2026-08-05,2026-08-04,date only; next session,"August 4, 2026",0.61,0.35,883.2,792.4,164.6,106.1,0.1863677536231884,0.13389702170620899,1,125.1999969482422,0.00207667736691307,0.0524707319169794,https://www.sec.gov/Archives/edgar/data/1101302/000110130226000146/,primary,same_date,market,0.11689572503480662,232,2025-08-01,2026-07-06,2026-08-03,2026-08-05,3.0879804662597645
ENTG,0001101302-26-000146,2026-08-04,2026-08-04,2026-08-04T11:02:24.000Z,sources/earnings/ENTG_0001101302-26-000146.html,sources/earnings/ENTG_0001101302-26-000146_release.html,2026-08-04,2026-08-05,2026-08-04,date only; next session,"August 4, 2026",0.61,0.35,883.2,792.4,164.6,106.1,0.1863677536231884,0.13389702170620899,1,125.1999969482422,0.00207667736691307,0.0524707319169794,https://www.sec.gov/Archives/edgar/data/1101302/000110130226000146/,primary,same_date,market + industries,0.14835892746567747,232,2025-08-01,2026-07-06,2026-08-03,2026-08-05,0.302449290823815
ENTG,0001101302-26-000146,2026-08-04,2026-08-04,2026-08-04T11:02:24.000Z,sources/earnings/ENTG_0001101302-26-000146.html,sources/earnings/ENTG_0001101302-26-000146_release.html,2026-08-04,2026-08-05,2026-08-04,date only; next session,"August 4, 2026",0.61,0.35,883.2,792.4,164.6,106.1,0.1863677536231884,0.13389702170620899,1,125.1999969482422,0.00207667736691307,0.0524707319169794,https://www.sec.gov/Archives/edgar/data/1101302/000110130226000146/,short,conservative,market,-0.0030151268320108074,232,2025-08-04,2026-07-07,2026-08-05,2026-08-06,3.124742077093323
ENTG,0001101302-26-000146,2026-08-04,2026-08-04,2026-08-04T11:02:24.000Z,sources/earnings/ENTG_0001101302-26-000146.html,sources/earnings/ENTG_0001101302-26-000146_release.html,2026-08-04,2026-08-05,2026-08-04,date only; next session,"August 4, 2026",0.61,0.35,883.2,792.4,164.6,106.1,0.1863677536231884,0.13389702170620899,1,125.1999969482422,0.00207667736691307,0.0524707319169794,https://www.sec.gov/Archives/edgar/data/1101302/000110130226000146/,short,conservative,market + industries,0.010897900155892794,232,2025-08-04,2026-07-07,2026-08-05,2026-08-06,0.2474591672914881
ENTG,0001101302-26-000146,2026-08-04,2026-08-04,2026-08-04T11:02:24.000Z,sources/earnings/ENTG_0001101302-26-000146.html,sources/earnings/ENTG_0001101302-26-000146_release.html,2026-08-04,2026-08-05,2026-08-04,date only; next session,"August 4, 2026",0.61,0.35,883.2,792.4,164.6,106.1,0.1863677536231884,0.13389702170620899,1,125.1999969482422,0.00207667736691307,0.0524707319169794,https://www.sec.gov/Archives/edgar/data/1101302/000110130226000146/,short,same_date,market,0.1101370237196213,232,2025-08-01,2026-07-06,2026-08-04,2026-08-05,3.0879804662597645
ENTG,0001101302-26-000146,2026-08-04,2026-08-04,2026-08-04T11:02:24.000Z,sources/earnings/ENTG_0001101302-26-000146.html,sources/earnings/ENTG_0001101302-26-000146_release.html,2026-08-04,2026-08-05,2026-08-04,date only; next session,"August 4, 2026",0.61,0.35,883.2,792.4,164.6,106.1,0.1863677536231884,0.13389702170620899,1,125.1999969482422,0.00207667736691307,0.0524707319169794,https://www.sec.gov/Archives/edgar/data/1101302/000110130226000146/,short,same_date,market + industries,0.10664555799206053,232,2025-08-01,2026-07-06,2026-08-04,2026-08-05,0.302449290823815
ENTG,0001101302-26-000146,2026-08-04,2026-08-04,2026-08-04T11:02:24.000Z,sources/earnings/ENTG_0001101302-26-000146.html,sources/earnings/ENTG_0001101302-26-000146_release.html,2026-08-04,2026-08-05,2026-08-04,date only; next session,"August 4, 2026",0.61,0.35,883.2,792.4,164.6,106.1,0.1863677536231884,0.13389702170620899,1,125.1999969482422,0.00207667736691307,0.0524707319169794,https://www.sec.gov/Archives/edgar/data/1101302/000110130226000146/,wide,conservative,market,0.20466204437558205,232,2025-08-04,2026-07-07,2026-08-04,2026-08-12,3.124742077093323
ENTG,0001101302-26-000146,2026-08-04,2026-08-04,2026-08-04T11:02:24.000Z,sources/earnings/ENTG_0001101302-26-000146.html,sources/earnings/ENTG_0001101302-26-000146_release.html,2026-08-04,2026-08-05,2026-08-04,date only; next session,"August 4, 2026",0.61,0.35,883.2,792.4,164.6,106.1,0.1863677536231884,0.13389702170620899,1,125.1999969482422,0.00207667736691307,0.0524707319169794,https://www.sec.gov/Archives/edgar/data/1101302/000110130226000146/,wide,conservative,market + industries,0.1875732049365817,232,2025-08-04,2026-07-07,2026-08-04,2026-08-12,0.2474591672914881
ENTG,0001101302-26-000146,2026-08-04,2026-08-04,2026-08-04T11:02:24.000Z,sources/earnings/ENTG_0001101302-26-000146.html,sources/earnings/ENTG_0001101302-26-000146_release.html,2026-08-04,2026-08-05,2026-08-04,date only; next session,"August 4, 2026",0.61,0.35,883.2,792.4,164.6,106.1,0.1863677536231884,0.13389702170620899,1,125.1999969482422,0.00207667736691307,0.0524707319169794,https://www.sec.gov/Archives/edgar/data/1101302/000110130226000146/,wide,same_date,market,0.14609674327527306,232,2025-08-01,2026-07-06,2026-08-03,2026-08-11,3.0879804662597645
ENTG,0001101302-26-000146,2026-08-04,2026-08-04,2026-08-04T11:02:24.000Z,sources/earnings/ENTG_0001101302-26-000146.html,sources/earnings/ENTG_0001101302-26-000146_release.html,2026-08-04,2026-08-05,2026-08-04,date only; next session,"August 4, 2026",0.61,0.35,883.2,792.4,164.6,106.1,0.1863677536231884,0.13389702170620899,1,125.1999969482422,0.00207667736691307,0.0524707319169794,https://www.sec.gov/Archives/edgar/data/1101302/000110130226000146/,wide,same_date,market + industries,0.18218844061272257,232,2025-08-01,2026-07-06,2026-08-03,2026-08-11,0.302449290823815
MTRN,0001104657-21-000008,2021-02-18,2021-02-18,2021-02-18T12:59:37.000Z,sources/earnings/MTRN_0001104657-21-000008.html,sources/earnings/MTRN_0001104657-21-000008_release.html,2021-02-18,2021-02-19,2021-02-18,date only; next session,"February 18, 2021",0.39,0.69,339689.0,280161.0,6828.0,16049.0,0.020100739205567444,0.05728491831482612,1,68.81999969482422,-0.0043591979269154545,-0.037184179109258676,https://www.sec.gov/Archives/edgar/data/1104657/000110465721000008/,primary,conservative,market,-0.005189833487555626,232,2020-02-20,2021-01-20,2021-02-18,2021-02-22,1.185735389370579
MTRN,0001104657-21-000008,2021-02-18,2021-02-18,2021-02-18T12:59:37.000Z,sources/earnings/MTRN_0001104657-21-000008.html,sources/earnings/MTRN_0001104657-21-000008_release.html,2021-02-18,2021-02-19,2021-02-18,date only; next session,"February 18, 2021",0.39,0.69,339689.0,280161.0,6828.0,16049.0,0.020100739205567444,0.05728491831482612,1,68.81999969482422,-0.0043591979269154545,-0.037184179109258676,https://www.sec.gov/Archives/edgar/data/1104657/000110465721000008/,primary,conservative,market + industries,-0.014653607338030256,232,2020-02-20,2021-01-20,2021-02-18,2021-02-22,-0.010841855481542345
MTRN,0001104657-21-000008,2021-02-18,2021-02-18,2021-02-18T12:59:37.000Z,sources/earnings/MTRN_0001104657-21-000008.html,sources/earnings/MTRN_0001104657-21-000008_release.html,2021-02-18,2021-02-19,2021-02-18,date only; next session,"February 18, 2021",0.39,0.69,339689.0,280161.0,6828.0,16049.0,0.020100739205567444,0.05728491831482612,1,68.81999969482422,-0.0043591979269154545,-0.037184179109258676,https://www.sec.gov/Archives/edgar/data/1104657/000110465721000008/,primary,same_date,market,-0.05067308868135355,232,2020-02-19,2021-01-19,2021-02-17,2021-02-19,1.1877242712818072
MTRN,0001104657-21-000008,2021-02-18,2021-02-18,2021-02-18T12:59:37.000Z,sources/earnings/MTRN_0001104657-21-000008.html,sources/earnings/MTRN_0001104657-21-000008_release.html,2021-02-18,2021-02-19,2021-02-18,date only; next session,"February 18, 2021",0.39,0.69,339689.0,280161.0,6828.0,16049.0,0.020100739205567444,0.05728491831482612,1,68.81999969482422,-0.0043591979269154545,-0.037184179109258676,https://www.sec.gov/Archives/edgar/data/1104657/000110465721000008/,primary,same_date,market + industries,-0.06663474306037492,232,2020-02-19,2021-01-19,2021-02-17,2021-02-19,0.018226992109034446
MTRN,0001104657-21-000008,2021-02-18,2021-02-18,2021-02-18T12:59:37.000Z,sources/earnings/MTRN_0001104657-21-000008.html,sources/earnings/MTRN_0001104657-21-000008_release.html,2021-02-18,2021-02-19,2021-02-18,date only; next session,"February 18, 2021",0.39,0.69,339689.0,280161.0,6828.0,16049.0,0.020100739205567444,0.05728491831482612,1,68.81999969482422,-0.0043591979269154545,-0.037184179109258676,https://www.sec.gov/Archives/edgar/data/1104657/000110465721000008/,short,conservative,market,0.02144573736354859,232,2020-02-20,2021-01-20,2021-02-19,2021-02-22,1.185735389370579
MTRN,0001104657-21-000008,2021-02-18,2021-02-18,2021-02-18T12:59:37.000Z,sources/earnings/MTRN_0001104657-21-000008.html,sources/earnings/MTRN_0001104657-21-000008_release.html,2021-02-18,2021-02-19,2021-02-18,date only; next session,"February 18, 2021",0.39,0.69,339689.0,280161.0,6828.0,16049.0,0.020100739205567444,0.05728491831482612,1,68.81999969482422,-0.0043591979269154545,-0.037184179109258676,https://www.sec.gov/Archives/edgar/data/1104657/000110465721000008/,short,conservative,market + industries,0.005372312030231335,232,2020-02-20,2021-01-20,2021-02-19,2021-02-22,-0.010841855481542345
MTRN,0001104657-21-000008,2021-02-18,2021-02-18,2021-02-18T12:59:37.000Z,sources/earnings/MTRN_0001104657-21-000008.html,sources/earnings/MTRN_0001104657-21-000008_release.html,2021-02-18,2021-02-19,2021-02-18,date only; next session,"February 18, 2021",0.39,0.69,339689.0,280161.0,6828.0,16049.0,0.020100739205567444,0.05728491831482612,1,68.81999969482422,-0.0043591979269154545,-0.037184179109258676,https://www.sec.gov/Archives/edgar/data/1104657/000110465721000008/,short,same_date,market,-0.02403582782824997,232,2020-02-19,2021-01-19,2021-02-18,2021-02-19,1.1877242712818072
MTRN,0001104657-21-000008,2021-02-18,2021-02-18,2021-02-18T12:59:37.000Z,sources/earnings/MTRN_0001104657-21-000008.html,sources/earnings/MTRN_0001104657-21-000008_release.html,2021-02-18,2021-02-19,2021-02-18,date only; next session,"February 18, 2021",0.39,0.69,339689.0,280161.0,6828.0,16049.0,0.020100739205567444,0.05728491831482612,1,68.81999969482422,-0.0043591979269154545,-0.037184179109258676,https://www.sec.gov/Archives/edgar/data/1104657/000110465721000008/,short,same_date,market + industries,-0.04252793235155468,232,2020-02-19,2021-01-19,2021-02-18,2021-02-19,0.018226992109034446
MTRN,0001104657-21-000008,2021-02-18,2021-02-18,2021-02-18T12:59:37.000Z,sources/earnings/MTRN_0001104657-21-000008.html,sources/earnings/MTRN_0001104657-21-000008_release.html,2021-02-18,2021-02-19,2021-02-18,date only; next session,"February 18, 2021",0.39,0.69,339689.0,280161.0,6828.0,16049.0,0.020100739205567444,0.05728491831482612,1,68.81999969482422,-0.0043591979269154545,-0.037184179109258676,https://www.sec.gov/Archives/edgar/data/1104657/000110465721000008/,wide,conservative,market,0.025530669687112956,232,2020-02-20,2021-01-20,2021-02-18,2021-02-26,1.185735389370579
MTRN,0001104657-21-000008,2021-02-18,2021-02-18,2021-02-18T12:59:37.000Z,sources/earnings/MTRN_0001104657-21-000008.html,sources/earnings/MTRN_0001104657-21-000008_release.html,2021-02-18,2021-02-19,2021-02-18,date only; next session,"February 18, 2021",0.39,0.69,339689.0,280161.0,6828.0,16049.0,0.020100739205567444,0.05728491831482612,1,68.81999969482422,-0.0043591979269154545,-0.037184179109258676,https://www.sec.gov/Archives/edgar/data/1104657/000110465721000008/,wide,conservative,market + industries,0.01212944997233402,232,2020-02-20,2021-01-20,2021-02-18,2021-02-26,-0.010841855481542345
MTRN,0001104657-21-000008,2021-02-18,2021-02-18,2021-02-18T12:59:37.000Z,sources/earnings/MTRN_0001104657-21-000008.html,sources/earnings/MTRN_0001104657-21-000008_release.html,2021-02-18,2021-02-19,2021-02-18,date only; next session,"February 18, 2021",0.39,0.69,339689.0,280161.0,6828.0,16049.0,0.020100739205567444,0.05728491831482612,1,68.81999969482422,-0.0043591979269154545,-0.037184179109258676,https://www.sec.gov/Archives/edgar/data/1104657/000110465721000008/,wide,same_date,market,-0.0058011357518428525,232,2020-02-19,2021-01-19,2021-02-17,2021-02-25,1.1877242712818072
MTRN,0001104657-21-000008,2021-02-18,2021-02-18,2021-02-18T12:59:37.000Z,sources/earnings/MTRN_0001104657-21-000008.html,sources/earnings/MTRN_0001104657-21-000008_release.html,2021-02-18,2021-02-19,2021-02-18,date only; next session,"February 18, 2021",0.39,0.69,339689.0,280161.0,6828.0,16049.0,0.020100739205567444,0.05728491831482612,1,68.81999969482422,-0.0043591979269154545,-0.037184179109258676,https://www.sec.gov/Archives/edgar/data/1104657/000110465721000008/,wide,same_date,market + industries,-0.014000556529887447,232,2020-02-19,2021-01-19,2021-02-17,2021-02-25,0.018226992109034446
MTRN,0001104657-21-000042,2021-04-29,2021-04-29,2021-04-29T11:09:27.000Z,sources/earnings/MTRN_0001104657-21-000042.html,sources/earnings/MTRN_0001104657-21-000042_release.html,2021-04-29,2021-04-30,2021-04-29,date only; next session,"April 29, 2021",0.81,-0.19,354386.0,277946.0,19718.0,-5568.0,0.055639895481198465,-0.020032668216128313,1,67.55000305175781,0.014803848331935458,0.07567256369732678,https://www.sec.gov/Archives/edgar/data/1104657/000110465721000042/,primary,conservative,market,0.0897370485107549,232,2020-04-30,2021-03-31,2021-04-29,2021-05-03,1.2524886127056822
MTRN,0001104657-21-000042,2021-04-29,2021-04-29,2021-04-29T11:09:27.000Z,sources/earnings/MTRN_0001104657-21-000042.html,sources/earnings/MTRN_0001104657-21-000042_release.html,2021-04-29,2021-04-30,2021-04-29,date only; next session,"April 29, 2021",0.81,-0.19,354386.0,277946.0,19718.0,-5568.0,0.055639895481198465,-0.020032668216128313,1,67.55000305175781,0.014803848331935458,0.07567256369732678,https://www.sec.gov/Archives/edgar/data/1104657/000110465721000042/,primary,conservative,market + industries,0.08681380749463158,232,2020-04-30,2021-03-31,2021-04-29,2021-05-03,0.39300716523771656
MTRN,0001104657-21-000042,2021-04-29,2021-04-29,2021-04-29T11:09:27.000Z,sources/earnings/MTRN_0001104657-21-000042.html,sources/earnings/MTRN_0001104657-21-000042_release.html,2021-04-29,2021-04-30,2021-04-29,date only; next session,"April 29, 2021",0.81,-0.19,354386.0,277946.0,19718.0,-5568.0,0.055639895481198465,-0.020032668216128313,1,67.55000305175781,0.014803848331935458,0.07567256369732678,https://www.sec.gov/Archives/edgar/data/1104657/000110465721000042/,primary,same_date,market,0.05590768577022757,232,2020-04-29,2021-03-30,2021-04-28,2021-04-30,1.2877124846188954
MTRN,0001104657-21-000042,2021-04-29,2021-04-29,2021-04-29T11:09:27.000Z,sources/earnings/MTRN_0001104657-21-000042.html,sources/earnings/MTRN_0001104657-21-000042_release.html,2021-04-29,2021-04-30,2021-04-29,date only; next session,"April 29, 2021",0.81,-0.19,354386.0,277946.0,19718.0,-5568.0,0.055639895481198465,-0.020032668216128313,1,67.55000305175781,0.014803848331935458,0.07567256369732678,https://www.sec.gov/Archives/edgar/data/1104657/000110465721000042/,primary,same_date,market + industries,0.057662085849781046,232,2020-04-29,2021-03-30,2021-04-28,2021-04-30,0.4032628841035978
MTRN,0001104657-21-000042,2021-04-29,2021-04-29,2021-04-29T11:09:27.000Z,sources/earnings/MTRN_0001104657-21-000042.html,sources/earnings/MTRN_0001104657-21-000042_release.html,2021-04-29,2021-04-30,2021-04-29,date only; next session,"April 29, 2021",0.81,-0.19,354386.0,277946.0,19718.0,-5568.0,0.055639895481198465,-0.020032668216128313,1,67.55000305175781,0.014803848331935458,0.07567256369732678,https://www.sec.gov/Archives/edgar/data/1104657/000110465721000042/,short,conservative,market,0.02636605425765614,232,2020-04-30,2021-03-31,2021-04-30,2021-05-03,1.2524886127056822
MTRN,0001104657-21-000042,2021-04-29,2021-04-29,2021-04-29T11:09:27.000Z,sources/earnings/MTRN_0001104657-21-000042.html,sources/earnings/MTRN_0001104657-21-000042_release.html,2021-04-29,2021-04-30,2021-04-29,date only; next session,"April 29, 2021",0.81,-0.19,354386.0,277946.0,19718.0,-5568.0,0.055639895481198465,-0.020032668216128313,1,67.55000305175781,0.014803848331935458,0.07567256369732678,https://www.sec.gov/Archives/edgar/data/1104657/000110465721000042/,short,conservative,market + industries,0.022784663856850757,232,2020-04-30,2021-03-31,2021-04-30,2021-05-03,0.39300716523771656
MTRN,0001104657-21-000042,2021-04-29,2021-04-29,2021-04-29T11:09:27.000Z,sources/earnings/MTRN_0001104657-21-000042.html,sources/earnings/MTRN_0001104657-21-000042_release.html,2021-04-29,2021-04-30,2021-04-29,date only; next session,"April 29, 2021",0.81,-0.19,354386.0,277946.0,19718.0,-5568.0,0.055639895481198465,-0.020032668216128313,1,67.55000305175781,0.014803848331935458,0.07567256369732678,https://www.sec.gov/Archives/edgar/data/1104657/000110465721000042/,short,same_date,market,0.05091746805267152,232,2020-04-29,2021-03-30,2021-04-29,2021-04-30,1.2877124846188954
MTRN,0001104657-21-000042,2021-04-29,2021-04-29,2021-04-29T11:09:27.000Z,sources/earnings/MTRN_0001104657-21-000042.html,sources/earnings/MTRN_0001104657-21-000042_release.html,2021-04-29,2021-04-30,2021-04-29,date only; next session,"April 29, 2021",0.81,-0.19,354386.0,277946.0,19718.0,-5568.0,0.055639895481198465,-0.020032668216128313,1,67.55000305175781,0.014803848331935458,0.07567256369732678,https://www.sec.gov/Archives/edgar/data/1104657/000110465721000042/,short,same_date,market + industries,0.04905386055979704,232,2020-04-29,2021-03-30,2021-04-29,2021-04-30,0.4032628841035978
MTRN,0001104657-21-000042,2021-04-29,2021-04-29,2021-04-29T11:09:27.000Z,sources/earnings/MTRN_0001104657-21-000042.html,sources/earnings/MTRN_0001104657-21-000042_release.html,2021-04-29,2021-04-30,2021-04-29,date only; next session,"April 29, 2021",0.81,-0.19,354386.0,277946.0,19718.0,-5568.0,0.055639895481198465,-0.020032668216128313,1,67.55000305175781,0.014803848331935458,0.07567256369732678,https://www.sec.gov/Archives/edgar/data/1104657/000110465721000042/,wide,conservative,market,0.10855932017332252,232,2020-04-30,2021-03-31,2021-04-29,2021-05-07,1.2524886127056822
MTRN,0001104657-21-000042,2021-04-29,2021-04-29,2021-04-29T11:09:27.000Z,sources/earnings/MTRN_0001104657-21-000042.html,sources/earnings/MTRN_0001104657-21-000042_release.html,2021-04-29,2021-04-30,2021-04-29,date only; next session,"April 29, 2021",0.81,-0.19,354386.0,277946.0,19718.0,-5568.0,0.055639895481198465,-0.020032668216128313,1,67.55000305175781,0.014803848331935458,0.07567256369732678,https://www.sec.gov/Archives/edgar/data/1104657/000110465721000042/,wide,conservative,market + industries,0.1082138011619275,232,2020-04-30,2021-03-31,2021-04-29,2021-05-07,0.39300716523771656
MTRN,0001104657-21-000042,2021-04-29,2021-04-29,2021-04-29T11:09:27.000Z,sources/earnings/MTRN_0001104657-21-000042.html,sources/earnings/MTRN_0001104657-21-000042_release.html,2021-04-29,2021-04-30,2021-04-29,date only; next session,"April 29, 2021",0.81,-0.19,354386.0,277946.0,19718.0,-5568.0,0.055639895481198465,-0.020032668216128313,1,67.55000305175781,0.014803848331935458,0.07567256369732678,https://www.sec.gov/Archives/edgar/data/1104657/000110465721000042/,wide,same_date,market,0.1336475179639282,232,2020-04-29,2021-03-30,2021-04-28,2021-05-06,1.2877124846188954
MTRN,0001104657-21-000042,2021-04-29,2021-04-29,2021-04-29T11:09:27.000Z,sources/earnings/MTRN_0001104657-21-000042.html,sources/earnings/MTRN_0001104657-21-000042_release.html,2021-04-29,2021-04-30,2021-04-29,date only; next session,"April 29, 2021",0.81,-0.19,354386.0,277946.0,19718.0,-5568.0,0.055639895481198465,-0.020032668216128313,1,67.55000305175781,0.014803848331935458,0.07567256369732678,https://www.sec.gov/Archives/edgar/data/1104657/000110465721000042/,wide,same_date,market + industries,0.14207157380579158,232,2020-04-29,2021-03-30,2021-04-28,2021-05-06,0.4032628841035978
MTRN,0001104657-21-000076,2021-08-03,2021-08-03,2021-08-03T11:23:00.000Z,sources/earnings/MTRN_0001104657-21-000076.html,sources/earnings/MTRN_0001104657-21-000076_release.html,2021-08-03,2021-08-04,2021-08-03,date only; next session,"August 3, 2021",0.87,0.28,370999.0,271468.0,20723.0,7571.0,0.05585729341588522,0.027889106635036173,1,70.9000015258789,0.0083215795106104,0.027968186780849044,https://www.sec.gov/Archives/edgar/data/1104657/000110465721000076/,primary,conservative,market,0.015166712063850445,232,2020-08-04,2021-07-06,2021-08-03,2021-08-05,1.0462595101206775
MTRN,0001104657-21-000076,2021-08-03,2021-08-03,2021-08-03T11:23:00.000Z,sources/earnings/MTRN_0001104657-21-000076.html,sources/earnings/MTRN_0001104657-21-000076_release.html,2021-08-03,2021-08-04,2021-08-03,date only; next session,"August 3, 2021",0.87,0.28,370999.0,271468.0,20723.0,7571.0,0.05585729341588522,0.027889106635036173,1,70.9000015258789,0.0083215795106104,0.027968186780849044,https://www.sec.gov/Archives/edgar/data/1104657/000110465721000076/,primary,conservative,market + industries,0.022759068513018513,232,2020-08-04,2021-07-06,2021-08-03,2021-08-05,0.32486352282361664
MTRN,0001104657-21-000076,2021-08-03,2021-08-03,2021-08-03T11:23:00.000Z,sources/earnings/MTRN_0001104657-21-000076.html,sources/earnings/MTRN_0001104657-21-000076_release.html,2021-08-03,2021-08-04,2021-08-03,date only; next session,"August 3, 2021",0.87,0.28,370999.0,271468.0,20723.0,7571.0,0.05585729341588522,0.027889106635036173,1,70.9000015258789,0.0083215795106104,0.027968186780849044,https://www.sec.gov/Archives/edgar/data/1104657/000110465721000076/,primary,same_date,market,0.021758052650687136,232,2020-08-03,2021-07-02,2021-08-02,2021-08-04,1.0445919238094368
MTRN,0001104657-21-000076,2021-08-03,2021-08-03,2021-08-03T11:23:00.000Z,sources/earnings/MTRN_0001104657-21-000076.html,sources/earnings/MTRN_0001104657-21-000076_release.html,2021-08-03,2021-08-04,2021-08-03,date only; next session,"August 3, 2021",0.87,0.28,370999.0,271468.0,20723.0,7571.0,0.05585729341588522,0.027889106635036173,1,70.9000015258789,0.0083215795106104,0.027968186780849044,https://www.sec.gov/Archives/edgar/data/1104657/000110465721000076/,primary,same_date,market + industries,0.032907164021902906,232,2020-08-03,2021-07-02,2021-08-02,2021-08-04,0.3248340441943577
MTRN,0001104657-21-000076,2021-08-03,2021-08-03,2021-08-03T11:23:00.000Z,sources/earnings/MTRN_0001104657-21-000076.html,sources/earnings/MTRN_0001104657-21-000076_release.html,2021-08-03,2021-08-04,2021-08-03,date only; next session,"August 3, 2021",0.87,0.28,370999.0,271468.0,20723.0,7571.0,0.05585729341588522,0.027889106635036173,1,70.9000015258789,0.0083215795106104,0.027968186780849044,https://www.sec.gov/Archives/edgar/data/1104657/000110465721000076/,short,conservative,market,-0.02800817228875016,232,2020-08-04,2021-07-06,2021-08-04,2021-08-05,1.0462595101206775
MTRN,0001104657-21-000076,2021-08-03,2021-08-03,2021-08-03T11:23:00.000Z,sources/earnings/MTRN_0001104657-21-000076.html,sources/earnings/MTRN_0001104657-21-000076_release.html,2021-08-03,2021-08-04,2021-08-03,date only; next session,"August 3, 2021",0.87,0.28,370999.0,271468.0,20723.0,7571.0,0.05585729341588522,0.027889106635036173,1,70.9000015258789,0.0083215795106104,0.027968186780849044,https://www.sec.gov/Archives/edgar/data/1104657/000110465721000076/,short,conservative,market + industries,-0.020525991641823532,232,2020-08-04,2021-07-06,2021-08-04,2021-08-05,0.32486352282361664
MTRN,0001104657-21-000076,2021-08-03,2021-08-03,2021-08-03T11:23:00.000Z,sources/earnings/MTRN_0001104657-21-000076.html,sources/earnings/MTRN_0001104657-21-000076_release.html,2021-08-03,2021-08-04,2021-08-03,date only; next session,"August 3, 2021",0.87,0.28,370999.0,271468.0,20723.0,7571.0,0.05585729341588522,0.027889106635036173,1,70.9000015258789,0.0083215795106104,0.027968186780849044,https://www.sec.gov/Archives/edgar/data/1104657/000110465721000076/,short,same_date,market,0.026097032673447804,232,2020-08-03,2021-07-02,2021-08-03,2021-08-04,1.0445919238094368
MTRN,0001104657-21-000076,2021-08-03,2021-08-03,2021-08-03T11:23:00.000Z,sources/earnings/MTRN_0001104657-21-000076.html,sources/earnings/MTRN_0001104657-21-000076_release.html,2021-08-03,2021-08-04,2021-08-03,date only; next session,"August 3, 2021",0.87,0.28,370999.0,271468.0,20723.0,7571.0,0.05585729341588522,0.027889106635036173,1,70.9000015258789,0.0083215795106104,0.027968186780849044,https://www.sec.gov/Archives/edgar/data/1104657/000110465721000076/,short,same_date,market + industries,0.03671782055572719,232,2020-08-03,2021-07-02,2021-08-03,2021-08-04,0.3248340441943577
MTRN,0001104657-21-000076,2021-08-03,2021-08-03,2021-08-03T11:23:00.000Z,sources/earnings/MTRN_0001104657-21-000076.html,sources/earnings/MTRN_0001104657-21-000076_release.html,2021-08-03,2021-08-04,2021-08-03,date only; next session,"August 3, 2021",0.87,0.28,370999.0,271468.0,20723.0,7571.0,0.05585729341588522,0.027889106635036173,1,70.9000015258789,0.0083215795106104,0.027968186780849044,https://www.sec.gov/Archives/edgar/data/1104657/000110465721000076/,wide,conservative,market,0.03777651572344343,232,2020-08-04,2021-07-06,2021-08-03,2021-08-11,1.0462595101206775
MTRN,0001104657-21-000076,2021-08-03,2021-08-03,2021-08-03T11:23:00.000Z,sources/earnings/MTRN_0001104657-21-000076.html,sources/earnings/MTRN_0001104657-21-000076_release.html,2021-08-03,2021-08-04,2021-08-03,date only; next session,"August 3, 2021",0.87,0.28,370999.0,271468.0,20723.0,7571.0,0.05585729341588522,0.027889106635036173,1,70.9000015258789,0.0083215795106104,0.027968186780849044,https://www.sec.gov/Archives/edgar/data/1104657/000110465721000076/,wide,conservative,market + industries,0.03631136683750226,232,2020-08-04,2021-07-06,2021-08-03,2021-08-11,0.32486352282361664
MTRN,0001104657-21-000076,2021-08-03,2021-08-03,2021-08-03T11:23:00.000Z,sources/earnings/MTRN_0001104657-21-000076.html,sources/earnings/MTRN_0001104657-21-000076_release.html,2021-08-03,2021-08-04,2021-08-03,date only; next session,"August 3, 2021",0.87,0.28,370999.0,271468.0,20723.0,7571.0,0.05585729341588522,0.027889106635036173,1,70.9000015258789,0.0083215795106104,0.027968186780849044,https://www.sec.gov/Archives/edgar/data/1104657/000110465721000076/,wide,same_date,market,0.024382233505692977,232,2020-08-03,2021-07-02,2021-08-02,2021-08-10,1.0445919238094368
MTRN,0001104657-21-000076,2021-08-03,2021-08-03,2021-08-03T11:23:00.000Z,sources/earnings/MTRN_0001104657-21-000076.html,sources/earnings/MTRN_0001104657-21-000076_release.html,2021-08-03,2021-08-04,2021-08-03,date only; next session,"August 3, 2021",0.87,0.28,370999.0,271468.0,20723.0,7571.0,0.05585729341588522,0.027889106635036173,1,70.9000015258789,0.0083215795106104,0.027968186780849044,https://www.sec.gov/Archives/edgar/data/1104657/000110465721000076/,wide,same_date,market + industries,0.028162943976195294,232,2020-08-03,2021-07-02,2021-08-02,2021-08-10,0.3248340441943577
MTRN,0001104657-21-000104,2021-11-02,2021-11-02,2021-11-02T11:13:13.000Z,sources/earnings/MTRN_0001104657-21-000104.html,sources/earnings/MTRN_0001104657-21-000104_release.html,2021-11-02,2021-11-03,2021-11-02,date only; next session,"November 2, 2021",0.88,0.27,388028.0,287171.0,21160.0,-616.0,0.054532147164637605,-0.002145063394284242,1,74.0,0.008243243243243242,0.056677210558921845,https://www.sec.gov/Archives/edgar/data/1104657/000110465721000104/,primary,conservative,market,0.21904404677200898,232,2020-11-03,2021-10-05,2021-11-02,2021-11-04,1.2692476584567602
MTRN,0001104657-21-000104,2021-11-02,2021-11-02,2021-11-02T11:13:13.000Z,sources/earnings/MTRN_0001104657-21-000104.html,sources/earnings/MTRN_0001104657-21-000104_release.html,2021-11-02,2021-11-03,2021-11-02,date only; next session,"November 2, 2021",0.88,0.27,388028.0,287171.0,21160.0,-616.0,0.054532147164637605,-0.002145063394284242,1,74.0,0.008243243243243242,0.056677210558921845,https://www.sec.gov/Archives/edgar/data/1104657/000110465721000104/,primary,conservative,market + industries,0.2310336239531915,232,2020-11-03,2021-10-05,2021-11-02,2021-11-04,0.3740847677825745
MTRN,0001104657-21-000104,2021-11-02,2021-11-02,2021-11-02T11:13:13.000Z,sources/earnings/MTRN_0001104657-21-000104.html,sources/earnings/MTRN_0001104657-21-000104_release.html,2021-11-02,2021-11-03,2021-11-02,date only; next session,"November 2, 2021",0.88,0.27,388028.0,287171.0,21160.0,-616.0,0.054532147164637605,-0.002145063394284242,1,74.0,0.008243243243243242,0.056677210558921845,https://www.sec.gov/Archives/edgar/data/1104657/000110465721000104/,primary,same_date,market,0.23827250623901122,232,2020-11-02,2021-10-04,2021-11-01,2021-11-03,1.263790054313521
MTRN,0001104657-21-000104,2021-11-02,2021-11-02,2021-11-02T11:13:13.000Z,sources/earnings/MTRN_0001104657-21-000104.html,sources/earnings/MTRN_0001104657-21-000104_release.html,2021-11-02,2021-11-03,2021-11-02,date only; next session,"November 2, 2021",0.88,0.27,388028.0,287171.0,21160.0,-616.0,0.054532147164637605,-0.002145063394284242,1,74.0,0.008243243243243242,0.056677210558921845,https://www.sec.gov/Archives/edgar/data/1104657/000110465721000104/,primary,same_date,market + industries,0.24077938645306507,232,2020-11-02,2021-10-04,2021-11-01,2021-11-03,0.35807509120934866
MTRN,0001104657-21-000104,2021-11-02,2021-11-02,2021-11-02T11:13:13.000Z,sources/earnings/MTRN_0001104657-21-000104.html,sources/earnings/MTRN_0001104657-21-000104_release.html,2021-11-02,2021-11-03,2021-11-02,date only; next session,"November 2, 2021",0.88,0.27,388028.0,287171.0,21160.0,-616.0,0.054532147164637605,-0.002145063394284242,1,74.0,0.008243243243243242,0.056677210558921845,https://www.sec.gov/Archives/edgar/data/1104657/000110465721000104/,short,conservative,market,0.0560496257513092,232,2020-11-03,2021-10-05,2021-11-03,2021-11-04,1.2692476584567602
MTRN,0001104657-21-000104,2021-11-02,2021-11-02,2021-11-02T11:13:13.000Z,sources/earnings/MTRN_0001104657-21-000104.html,sources/earnings/MTRN_0001104657-21-000104_release.html,2021-11-02,2021-11-03,2021-11-02,date only; next session,"November 2, 2021",0.88,0.27,388028.0,287171.0,21160.0,-616.0,0.054532147164637605,-0.002145063394284242,1,74.0,0.008243243243243242,0.056677210558921845,https://www.sec.gov/Archives/edgar/data/1104657/000110465721000104/,short,conservative,market + industries,0.05962684057408816,232,2020-11-03,2021-10-05,2021-11-03,2021-11-04,0.3740847677825745
MTRN,0001104657-21-000104,2021-11-02,2021-11-02,2021-11-02T11:13:13.000Z,sources/earnings/MTRN_0001104657-21-000104.html,sources/earnings/MTRN_0001104657-21-000104_release.html,2021-11-02,2021-11-03,2021-11-02,date only; next session,"November 2, 2021",0.88,0.27,388028.0,287171.0,21160.0,-616.0,0.054532147164637605,-0.002145063394284242,1,74.0,0.008243243243243242,0.056677210558921845,https://www.sec.gov/Archives/edgar/data/1104657/000110465721000104/,short,same_date,market,0.21518547180470693,232,2020-11-02,2021-10-04,2021-11-02,2021-11-03,1.263790054313521
MTRN,0001104657-21-000104,2021-11-02,2021-11-02,2021-11-02T11:13:13.000Z,sources/earnings/MTRN_0001104657-21-000104.html,sources/earnings/MTRN_0001104657-21-000104_release.html,2021-11-02,2021-11-03,2021-11-02,date only; next session,"November 2, 2021",0.88,0.27,388028.0,287171.0,21160.0,-616.0,0.054532147164637605,-0.002145063394284242,1,74.0,0.008243243243243242,0.056677210558921845,https://www.sec.gov/Archives/edgar/data/1104657/000110465721000104/,short,same_date,market + industries,0.22278284450153524,232,2020-11-02,2021-10-04,2021-11-02,2021-11-03,0.35807509120934866
MTRN,0001104657-21-000104,2021-11-02,2021-11-02,2021-11-02T11:13:13.000Z,sources/earnings/MTRN_0001104657-21-000104.html,sources/earnings/MTRN_0001104657-21-000104_release.html,2021-11-02,2021-11-03,2021-11-02,date only; next session,"November 2, 2021",0.88,0.27,388028.0,287171.0,21160.0,-616.0,0.054532147164637605,-0.002145063394284242,1,74.0,0.008243243243243242,0.056677210558921845,https://www.sec.gov/Archives/edgar/data/1104657/000110465721000104/,wide,conservative,market,0.21369924311028074,232,2020-11-03,2021-10-05,2021-11-02,2021-11-10,1.2692476584567602
MTRN,0001104657-21-000104,2021-11-02,2021-11-02,2021-11-02T11:13:13.000Z,sources/earnings/MTRN_0001104657-21-000104.html,sources/earnings/MTRN_0001104657-21-000104_release.html,2021-11-02,2021-11-03,2021-11-02,date only; next session,"November 2, 2021",0.88,0.27,388028.0,287171.0,21160.0,-616.0,0.054532147164637605,-0.002145063394284242,1,74.0,0.008243243243243242,0.056677210558921845,https://www.sec.gov/Archives/edgar/data/1104657/000110465721000104/,wide,conservative,market + industries,0.2032330157581963,232,2020-11-03,2021-10-05,2021-11-02,2021-11-10,0.3740847677825745
MTRN,0001104657-21-000104,2021-11-02,2021-11-02,2021-11-02T11:13:13.000Z,sources/earnings/MTRN_0001104657-21-000104.html,sources/earnings/MTRN_0001104657-21-000104_release.html,2021-11-02,2021-11-03,2021-11-02,date only; next session,"November 2, 2021",0.88,0.27,388028.0,287171.0,21160.0,-616.0,0.054532147164637605,-0.002145063394284242,1,74.0,0.008243243243243242,0.056677210558921845,https://www.sec.gov/Archives/edgar/data/1104657/000110465721000104/,wide,same_date,market,0.24120807989565507,232,2020-11-02,2021-10-04,2021-11-01,2021-11-09,1.263790054313521
MTRN,0001104657-21-000104,2021-11-02,2021-11-02,2021-11-02T11:13:13.000Z,sources/earnings/MTRN_0001104657-21-000104.html,sources/earnings/MTRN_0001104657-21-000104_release.html,2021-11-02,2021-11-03,2021-11-02,date only; next session,"November 2, 2021",0.88,0.27,388028.0,287171.0,21160.0,-616.0,0.054532147164637605,-0.002145063394284242,1,74.0,0.008243243243243242,0.056677210558921845,https://www.sec.gov/Archives/edgar/data/1104657/000110465721000104/,wide,same_date,market + industries,0.2245803784935091,232,2020-11-02,2021-10-04,2021-11-01,2021-11-09,0.35807509120934866
MTRN,0001104657-22-000015,2022-02-17,2022-02-17,2022-02-17T12:19:38.000Z,sources/earnings/MTRN_0001104657-22-000015.html,sources/earnings/MTRN_0001104657-22-000015_release.html,2022-02-17,2022-02-18,2022-02-17,date only; next session,"February 17, 2022",0.95,0.39,397231.0,339689.0,15510.0,6828.0,0.039045291027135345,0.020100739205567444,1,86.43000030517578,0.0064792317253580395,0.0189445518215679,https://www.sec.gov/Archives/edgar/data/1104657/000110465722000015/,primary,conservative,market,0.004201071537493516,232,2021-02-22,2022-01-20,2022-02-17,2022-02-22,1.2036636150540554
MTRN,0001104657-22-000015,2022-02-17,2022-02-17,2022-02-17T12:19:38.000Z,sources/earnings/MTRN_0001104657-22-000015.html,sources/earnings/MTRN_0001104657-22-000015_release.html,2022-02-17,2022-02-18,2022-02-17,date only; next session,"February 17, 2022",0.95,0.39,397231.0,339689.0,15510.0,6828.0,0.039045291027135345,0.020100739205567444,1,86.43000030517578,0.0064792317253580395,0.0189445518215679,https://www.sec.gov/Archives/edgar/data/1104657/000110465722000015/,primary,conservative,market + industries,0.0026509696239291614,232,2021-02-22,2022-01-20,2022-02-17,2022-02-22,0.739677670973023
MTRN,0001104657-22-000015,2022-02-17,2022-02-17,2022-02-17T12:19:38.000Z,sources/earnings/MTRN_0001104657-22-000015.html,sources/earnings/MTRN_0001104657-22-000015_release.html,2022-02-17,2022-02-18,2022-02-17,date only; next session,"February 17, 2022",0.95,0.39,397231.0,339689.0,15510.0,6828.0,0.039045291027135345,0.020100739205567444,1,86.43000030517578,0.0064792317253580395,0.0189445518215679,https://www.sec.gov/Archives/edgar/data/1104657/000110465722000015/,primary,same_date,market,0.04691711458504178,232,2021-02-19,2022-01-19,2022-02-16,2022-02-18,1.2011499352389683
MTRN,0001104657-22-000015,2022-02-17,2022-02-17,2022-02-17T12:19:38.000Z,sources/earnings/MTRN_0001104657-22-000015.html,sources/earnings/MTRN_0001104657-22-000015_release.html,2022-02-17,2022-02-18,2022-02-17,date only; next session,"February 17, 2022",0.95,0.39,397231.0,339689.0,15510.0,6828.0,0.039045291027135345,0.020100739205567444,1,86.43000030517578,0.0064792317253580395,0.0189445518215679,https://www.sec.gov/Archives/edgar/data/1104657/000110465722000015/,primary,same_date,market + industries,0.04146804207376106,232,2021-02-19,2022-01-19,2022-02-16,2022-02-18,0.7666757733632918
MTRN,0001104657-22-000015,2022-02-17,2022-02-17,2022-02-17T12:19:38.000Z,sources/earnings/MTRN_0001104657-22-000015.html,sources/earnings/MTRN_0001104657-22-000015_release.html,2022-02-17,2022-02-18,2022-02-17,date only; next session,"February 17, 2022",0.95,0.39,397231.0,339689.0,15510.0,6828.0,0.039045291027135345,0.020100739205567444,1,86.43000030517578,0.0064792317253580395,0.0189445518215679,https://www.sec.gov/Archives/edgar/data/1104657/000110465722000015/,short,conservative,market,-0.0552105527330285,232,2021-02-22,2022-01-20,2022-02-18,2022-02-22,1.2036636150540554
MTRN,0001104657-22-000015,2022-02-17,2022-02-17,2022-02-17T12:19:38.000Z,sources/earnings/MTRN_0001104657-22-000015.html,sources/earnings/MTRN_0001104657-22-000015_release.html,2022-02-17,2022-02-18,2022-02-17,date only; next session,"February 17, 2022",0.95,0.39,397231.0,339689.0,15510.0,6828.0,0.039045291027135345,0.020100739205567444,1,86.43000030517578,0.0064792317253580395,0.0189445518215679,https://www.sec.gov/Archives/edgar/data/1104657/000110465722000015/,short,conservative,market + industries,-0.05269759537205297,232,2021-02-22,2022-01-20,2022-02-18,2022-02-22,0.739677670973023
MTRN,0001104657-22-000015,2022-02-17,2022-02-17,2022-02-17T12:19:38.000Z,sources/earnings/MTRN_0001104657-22-000015.html,sources/earnings/MTRN_0001104657-22-000015_release.html,2022-02-17,2022-02-18,2022-02-17,date only; next session,"February 17, 2022",0.95,0.39,397231.0,339689.0,15510.0,6828.0,0.039045291027135345,0.020100739205567444,1,86.43000030517578,0.0064792317253580395,0.0189445518215679,https://www.sec.gov/Archives/edgar/data/1104657/000110465722000015/,short,same_date,market,0.049531675417472366,232,2021-02-19,2022-01-19,2022-02-17,2022-02-18,1.2011499352389683
MTRN,0001104657-22-000015,2022-02-17,2022-02-17,2022-02-17T12:19:38.000Z,sources/earnings/MTRN_0001104657-22-000015.html,sources/earnings/MTRN_0001104657-22-000015_release.html,2022-02-17,2022-02-18,2022-02-17,date only; next session,"February 17, 2022",0.95,0.39,397231.0,339689.0,15510.0,6828.0,0.039045291027135345,0.020100739205567444,1,86.43000030517578,0.0064792317253580395,0.0189445518215679,https://www.sec.gov/Archives/edgar/data/1104657/000110465722000015/,short,same_date,market + industries,0.047653921695841955,232,2021-02-19,2022-01-19,2022-02-17,2022-02-18,0.7666757733632918
MTRN,0001104657-22-000015,2022-02-17,2022-02-17,2022-02-17T12:19:38.000Z,sources/earnings/MTRN_0001104657-22-000015.html,sources/earnings/MTRN_0001104657-22-000015_release.html,2022-02-17,2022-02-18,2022-02-17,date only; next session,"February 17, 2022",0.95,0.39,397231.0,339689.0,15510.0,6828.0,0.039045291027135345,0.020100739205567444,1,86.43000030517578,0.0064792317253580395,0.0189445518215679,https://www.sec.gov/Archives/edgar/data/1104657/000110465722000015/,wide,conservative,market,-0.005737272319669541,232,2021-02-22,2022-01-20,2022-02-17,2022-02-28,1.2036636150540554
MTRN,0001104657-22-000015,2022-02-17,2022-02-17,2022-02-17T12:19:38.000Z,sources/earnings/MTRN_0001104657-22-000015.html,sources/earnings/MTRN_0001104657-22-000015_release.html,2022-02-17,2022-02-18,2022-02-17,date only; next session,"February 17, 2022",0.95,0.39,397231.0,339689.0,15510.0,6828.0,0.039045291027135345,0.020100739205567444,1,86.43000030517578,0.0064792317253580395,0.0189445518215679,https://www.sec.gov/Archives/edgar/data/1104657/000110465722000015/,wide,conservative,market + industries,-0.03512557751221253,232,2021-02-22,2022-01-20,2022-02-17,2022-02-28,0.739677670973023
MTRN,0001104657-22-000015,2022-02-17,2022-02-17,2022-02-17T12:19:38.000Z,sources/earnings/MTRN_0001104657-22-000015.html,sources/earnings/MTRN_0001104657-22-000015_release.html,2022-02-17,2022-02-18,2022-02-17,date only; next session,"February 17, 2022",0.95,0.39,397231.0,339689.0,15510.0,6828.0,0.039045291027135345,0.020100739205567444,1,86.43000030517578,0.0064792317253580395,0.0189445518215679,https://www.sec.gov/Archives/edgar/data/1104657/000110465722000015/,wide,same_date,market,0.0019027962120680975,232,2021-02-19,2022-01-19,2022-02-16,2022-02-25,1.2011499352389683
MTRN,0001104657-22-000015,2022-02-17,2022-02-17,2022-02-17T12:19:38.000Z,sources/earnings/MTRN_0001104657-22-000015.html,sources/earnings/MTRN_0001104657-22-000015_release.html,2022-02-17,2022-02-18,2022-02-17,date only; next session,"February 17, 2022",0.95,0.39,397231.0,339689.0,15510.0,6828.0,0.039045291027135345,0.020100739205567444,1,86.43000030517578,0.0064792317253580395,0.0189445518215679,https://www.sec.gov/Archives/edgar/data/1104657/000110465722000015/,wide,same_date,market + industries,-0.013190878008869904,232,2021-02-19,2022-01-19,2022-02-16,2022-02-25,0.7666757733632918
MTRN,0001104657-22-000070,2022-04-28,2022-04-28,2022-04-28T11:38:05.000Z,sources/earnings/MTRN_0001104657-22-000070.html,sources/earnings/MTRN_0001104657-22-000070_release.html,2022-04-28,2022-04-29,2022-04-28,date only; next session,"April 28, 2022",0.68,0.81,449045.0,354386.0,19606.0,19718.0,0.04366154839715396,0.055639895481198465,1,78.48999786376953,-0.0016562619892745232,-0.011978347084044508,https://www.sec.gov/Archives/edgar/data/1104657/000110465722000070/,primary,conservative,market,0.08911463266636059,232,2021-04-30,2022-03-30,2022-04-28,2022-05-02,0.9102351590801873
MTRN,0001104657-22-000070,2022-04-28,2022-04-28,2022-04-28T11:38:05.000Z,sources/earnings/MTRN_0001104657-22-000070.html,sources/earnings/MTRN_0001104657-22-000070_release.html,2022-04-28,2022-04-29,2022-04-28,date only; next session,"April 28, 2022",0.68,0.81,449045.0,354386.0,19606.0,19718.0,0.04366154839715396,0.055639895481198465,1,78.48999786376953,-0.0016562619892745232,-0.011978347084044508,https://www.sec.gov/Archives/edgar/data/1104657/000110465722000070/,primary,conservative,market + industries,0.0919218965765041,232,2021-04-30,2022-03-30,2022-04-28,2022-05-02,0.4775576811153129
MTRN,0001104657-22-000070,2022-04-28,2022-04-28,2022-04-28T11:38:05.000Z,sources/earnings/MTRN_0001104657-22-000070.html,sources/earnings/MTRN_0001104657-22-000070_release.html,2022-04-28,2022-04-29,2022-04-28,date only; next session,"April 28, 2022",0.68,0.81,449045.0,354386.0,19606.0,19718.0,0.04366154839715396,0.055639895481198465,1,78.48999786376953,-0.0016562619892745232,-0.011978347084044508,https://www.sec.gov/Archives/edgar/data/1104657/000110465722000070/,primary,same_date,market,0.08878089892966955,232,2021-04-29,2022-03-29,2022-04-27,2022-04-29,0.9285410405591971
MTRN,0001104657-22-000070,2022-04-28,2022-04-28,2022-04-28T11:38:05.000Z,sources/earnings/MTRN_0001104657-22-000070.html,sources/earnings/MTRN_0001104657-22-000070_release.html,2022-04-28,2022-04-29,2022-04-28,date only; next session,"April 28, 2022",0.68,0.81,449045.0,354386.0,19606.0,19718.0,0.04366154839715396,0.055639895481198465,1,78.48999786376953,-0.0016562619892745232,-0.011978347084044508,https://www.sec.gov/Archives/edgar/data/1104657/000110465722000070/,primary,same_date,market + industries,0.09604299742908001,232,2021-04-29,2022-03-29,2022-04-27,2022-04-29,0.5094979943899407
MTRN,0001104657-22-000070,2022-04-28,2022-04-28,2022-04-28T11:38:05.000Z,sources/earnings/MTRN_0001104657-22-000070.html,sources/earnings/MTRN_0001104657-22-000070_release.html,2022-04-28,2022-04-29,2022-04-28,date only; next session,"April 28, 2022",0.68,0.81,449045.0,354386.0,19606.0,19718.0,0.04366154839715396,0.055639895481198465,1,78.48999786376953,-0.0016562619892745232,-0.011978347084044508,https://www.sec.gov/Archives/edgar/data/1104657/000110465722000070/,short,conservative,market,0.006936719377712209,232,2021-04-30,2022-03-30,2022-04-29,2022-05-02,0.9102351590801873
MTRN,0001104657-22-000070,2022-04-28,2022-04-28,2022-04-28T11:38:05.000Z,sources/earnings/MTRN_0001104657-22-000070.html,sources/earnings/MTRN_0001104657-22-000070_release.html,2022-04-28,2022-04-29,2022-04-28,date only; next session,"April 28, 2022",0.68,0.81,449045.0,354386.0,19606.0,19718.0,0.04366154839715396,0.055639895481198465,1,78.48999786376953,-0.0016562619892745232,-0.011978347084044508,https://www.sec.gov/Archives/edgar/data/1104657/000110465722000070/,short,conservative,market + industries,0.004352710034620437,232,2021-04-30,2022-03-30,2022-04-29,2022-05-02,0.4775576811153129
MTRN,0001104657-22-000070,2022-04-28,2022-04-28,2022-04-28T11:38:05.000Z,sources/earnings/MTRN_0001104657-22-000070.html,sources/earnings/MTRN_0001104657-22-000070_release.html,2022-04-28,2022-04-29,2022-04-28,date only; next session,"April 28, 2022",0.68,0.81,449045.0,354386.0,19606.0,19718.0,0.04366154839715396,0.055639895481198465,1,78.48999786376953,-0.0016562619892745232,-0.011978347084044508,https://www.sec.gov/Archives/edgar/data/1104657/000110465722000070/,short,same_date,market,0.09603660133475753,232,2021-04-29,2022-03-29,2022-04-28,2022-04-29,0.9285410405591971
MTRN,0001104657-22-000070,2022-04-28,2022-04-28,2022-04-28T11:38:05.000Z,sources/earnings/MTRN_0001104657-22-000070.html,sources/earnings/MTRN_0001104657-22-000070_release.html,2022-04-28,2022-04-29,2022-04-28,date only; next session,"April 28, 2022",0.68,0.81,449045.0,354386.0,19606.0,19718.0,0.04366154839715396,0.055639895481198465,1,78.48999786376953,-0.0016562619892745232,-0.011978347084044508,https://www.sec.gov/Archives/edgar/data/1104657/000110465722000070/,short,same_date,market + industries,0.09887562471591273,232,2021-04-29,2022-03-29,2022-04-28,2022-04-29,0.5094979943899407
MTRN,0001104657-22-000070,2022-04-28,2022-04-28,2022-04-28T11:38:05.000Z,sources/earnings/MTRN_0001104657-22-000070.html,sources/earnings/MTRN_0001104657-22-000070_release.html,2022-04-28,2022-04-29,2022-04-28,date only; next session,"April 28, 2022",0.68,0.81,449045.0,354386.0,19606.0,19718.0,0.04366154839715396,0.055639895481198465,1,78.48999786376953,-0.0016562619892745232,-0.011978347084044508,https://www.sec.gov/Archives/edgar/data/1104657/000110465722000070/,wide,conservative,market,0.030569219017390886,232,2021-04-30,2022-03-30,2022-04-28,2022-05-06,0.9102351590801873
MTRN,0001104657-22-000070,2022-04-28,2022-04-28,2022-04-28T11:38:05.000Z,sources/earnings/MTRN_0001104657-22-000070.html,sources/earnings/MTRN_0001104657-22-000070_release.html,2022-04-28,2022-04-29,2022-04-28,date only; next session,"April 28, 2022",0.68,0.81,449045.0,354386.0,19606.0,19718.0,0.04366154839715396,0.055639895481198465,1,78.48999786376953,-0.0016562619892745232,-0.011978347084044508,https://www.sec.gov/Archives/edgar/data/1104657/000110465722000070/,wide,conservative,market + industries,0.029762477415426376,232,2021-04-30,2022-03-30,2022-04-28,2022-05-06,0.4775576811153129
MTRN,0001104657-22-000070,2022-04-28,2022-04-28,2022-04-28T11:38:05.000Z,sources/earnings/MTRN_0001104657-22-000070.html,sources/earnings/MTRN_0001104657-22-000070_release.html,2022-04-28,2022-04-29,2022-04-28,date only; next session,"April 28, 2022",0.68,0.81,449045.0,354386.0,19606.0,19718.0,0.04366154839715396,0.055639895481198465,1,78.48999786376953,-0.0016562619892745232,-0.011978347084044508,https://www.sec.gov/Archives/edgar/data/1104657/000110465722000070/,wide,same_date,market,0.03943358030941668,232,2021-04-29,2022-03-29,2022-04-27,2022-05-05,0.9285410405591971
MTRN,0001104657-22-000070,2022-04-28,2022-04-28,2022-04-28T11:38:05.000Z,sources/earnings/MTRN_0001104657-22-000070.html,sources/earnings/MTRN_0001104657-22-000070_release.html,2022-04-28,2022-04-29,2022-04-28,date only; next session,"April 28, 2022",0.68,0.81,449045.0,354386.0,19606.0,19718.0,0.04366154839715396,0.055639895481198465,1,78.48999786376953,-0.0016562619892745232,-0.011978347084044508,https://www.sec.gov/Archives/edgar/data/1104657/000110465722000070/,wide,same_date,market + industries,0.0431336731734722,232,2021-04-29,2022-03-29,2022-04-27,2022-05-05,0.5094979943899407
MTRN,0001104657-22-000123,2022-08-03,2022-08-03,2022-08-03T10:55:54.000Z,sources/earnings/MTRN_0001104657-22-000123.html,sources/earnings/MTRN_0001104657-22-000123_release.html,2022-08-03,2022-08-04,2022-08-03,date only; next session,"August 3, 2022",1.12,0.87,445295.0,370999.0,31860.0,20723.0,0.07154807487171426,0.05585729341588522,1,82.4000015258789,0.0030339805263411798,0.015690781455829042,https://www.sec.gov/Archives/edgar/data/1104657/000110465722000123/,primary,conservative,market,0.06272146047705703,232,2021-08-04,2022-07-06,2022-08-03,2022-08-05,1.0174342936439478
MTRN,0001104657-22-000123,2022-08-03,2022-08-03,2022-08-03T10:55:54.000Z,sources/earnings/MTRN_0001104657-22-000123.html,sources/earnings/MTRN_0001104657-22-000123_release.html,2022-08-03,2022-08-04,2022-08-03,date only; next session,"August 3, 2022",1.12,0.87,445295.0,370999.0,31860.0,20723.0,0.07154807487171426,0.05585729341588522,1,82.4000015258789,0.0030339805263411798,0.015690781455829042,https://www.sec.gov/Archives/edgar/data/1104657/000110465722000123/,primary,conservative,market + industries,0.06627921882162507,232,2021-08-04,2022-07-06,2022-08-03,2022-08-05,0.41350287343990916
MTRN,0001104657-22-000123,2022-08-03,2022-08-03,2022-08-03T10:55:54.000Z,sources/earnings/MTRN_0001104657-22-000123.html,sources/earnings/MTRN_0001104657-22-000123_release.html,2022-08-03,2022-08-04,2022-08-03,date only; next session,"August 3, 2022",1.12,0.87,445295.0,370999.0,31860.0,20723.0,0.07154807487171426,0.05585729341588522,1,82.4000015258789,0.0030339805263411798,0.015690781455829042,https://www.sec.gov/Archives/edgar/data/1104657/000110465722000123/,primary,same_date,market,0.0353121525423511,232,2021-08-03,2022-07-05,2022-08-02,2022-08-04,1.0265077732394385
MTRN,0001104657-22-000123,2022-08-03,2022-08-03,2022-08-03T10:55:54.000Z,sources/earnings/MTRN_0001104657-22-000123.html,sources/earnings/MTRN_0001104657-22-000123_release.html,2022-08-03,2022-08-04,2022-08-03,date only; next session,"August 3, 2022",1.12,0.87,445295.0,370999.0,31860.0,20723.0,0.07154807487171426,0.05585729341588522,1,82.4000015258789,0.0030339805263411798,0.015690781455829042,https://www.sec.gov/Archives/edgar/data/1104657/000110465722000123/,primary,same_date,market + industries,0.033946370607824725,232,2021-08-03,2022-07-05,2022-08-02,2022-08-04,0.4312409745889936
MTRN,0001104657-22-000123,2022-08-03,2022-08-03,2022-08-03T10:55:54.000Z,sources/earnings/MTRN_0001104657-22-000123.html,sources/earnings/MTRN_0001104657-22-000123_release.html,2022-08-03,2022-08-04,2022-08-03,date only; next session,"August 3, 2022",1.12,0.87,445295.0,370999.0,31860.0,20723.0,0.07154807487171426,0.05585729341588522,1,82.4000015258789,0.0030339805263411798,0.015690781455829042,https://www.sec.gov/Archives/edgar/data/1104657/000110465722000123/,short,conservative,market,0.04767552174798301,232,2021-08-04,2022-07-06,2022-08-04,2022-08-05,1.0174342936439478
MTRN,0001104657-22-000123,2022-08-03,2022-08-03,2022-08-03T10:55:54.000Z,sources/earnings/MTRN_0001104657-22-000123.html,sources/earnings/MTRN_0001104657-22-000123_release.html,2022-08-03,2022-08-04,2022-08-03,date only; next session,"August 3, 2022",1.12,0.87,445295.0,370999.0,31860.0,20723.0,0.07154807487171426,0.05585729341588522,1,82.4000015258789,0.0030339805263411798,0.015690781455829042,https://www.sec.gov/Archives/edgar/data/1104657/000110465722000123/,short,conservative,market + industries,0.04920864446290415,232,2021-08-04,2022-07-06,2022-08-04,2022-08-05,0.41350287343990916
MTRN,0001104657-22-000123,2022-08-03,2022-08-03,2022-08-03T10:55:54.000Z,sources/earnings/MTRN_0001104657-22-000123.html,sources/earnings/MTRN_0001104657-22-000123_release.html,2022-08-03,2022-08-04,2022-08-03,date only; next session,"August 3, 2022",1.12,0.87,445295.0,370999.0,31860.0,20723.0,0.07154807487171426,0.05585729341588522,1,82.4000015258789,0.0030339805263411798,0.015690781455829042,https://www.sec.gov/Archives/edgar/data/1104657/000110465722000123/,short,same_date,market,0.04174627454550321,232,2021-08-03,2022-07-05,2022-08-03,2022-08-04,1.0265077732394385
MTRN,0001104657-22-000123,2022-08-03,2022-08-03,2022-08-03T10:55:54.000Z,sources/earnings/MTRN_0001104657-22-000123.html,sources/earnings/MTRN_0001104657-22-000123_release.html,2022-08-03,2022-08-04,2022-08-03,date only; next session,"August 3, 2022",1.12,0.87,445295.0,370999.0,31860.0,20723.0,0.07154807487171426,0.05585729341588522,1,82.4000015258789,0.0030339805263411798,0.015690781455829042,https://www.sec.gov/Archives/edgar/data/1104657/000110465722000123/,short,same_date,market + industries,0.04422319426656934,232,2021-08-03,2022-07-05,2022-08-03,2022-08-04,0.4312409745889936
MTRN,0001104657-22-000123,2022-08-03,2022-08-03,2022-08-03T10:55:54.000Z,sources/earnings/MTRN_0001104657-22-000123.html,sources/earnings/MTRN_0001104657-22-000123_release.html,2022-08-03,2022-08-04,2022-08-03,date only; next session,"August 3, 2022",1.12,0.87,445295.0,370999.0,31860.0,20723.0,0.07154807487171426,0.05585729341588522,1,82.4000015258789,0.0030339805263411798,0.015690781455829042,https://www.sec.gov/Archives/edgar/data/1104657/000110465722000123/,wide,conservative,market,0.09995218532672144,232,2021-08-04,2022-07-06,2022-08-03,2022-08-11,1.0174342936439478
MTRN,0001104657-22-000123,2022-08-03,2022-08-03,2022-08-03T10:55:54.000Z,sources/earnings/MTRN_0001104657-22-000123.html,sources/earnings/MTRN_0001104657-22-000123_release.html,2022-08-03,2022-08-04,2022-08-03,date only; next session,"August 3, 2022",1.12,0.87,445295.0,370999.0,31860.0,20723.0,0.07154807487171426,0.05585729341588522,1,82.4000015258789,0.0030339805263411798,0.015690781455829042,https://www.sec.gov/Archives/edgar/data/1104657/000110465722000123/,wide,conservative,market + industries,0.11264218879587119,232,2021-08-04,2022-07-06,2022-08-03,2022-08-11,0.41350287343990916
MTRN,0001104657-22-000123,2022-08-03,2022-08-03,2022-08-03T10:55:54.000Z,sources/earnings/MTRN_0001104657-22-000123.html,sources/earnings/MTRN_0001104657-22-000123_release.html,2022-08-03,2022-08-04,2022-08-03,date only; next session,"August 3, 2022",1.12,0.87,445295.0,370999.0,31860.0,20723.0,0.07154807487171426,0.05585729341588522,1,82.4000015258789,0.0030339805263411798,0.015690781455829042,https://www.sec.gov/Archives/edgar/data/1104657/000110465722000123/,wide,same_date,market,0.06918997942354285,232,2021-08-03,2022-07-05,2022-08-02,2022-08-10,1.0265077732394385
MTRN,0001104657-22-000123,2022-08-03,2022-08-03,2022-08-03T10:55:54.000Z,sources/earnings/MTRN_0001104657-22-000123.html,sources/earnings/MTRN_0001104657-22-000123_release.html,2022-08-03,2022-08-04,2022-08-03,date only; next session,"August 3, 2022",1.12,0.87,445295.0,370999.0,31860.0,20723.0,0.07154807487171426,0.05585729341588522,1,82.4000015258789,0.0030339805263411798,0.015690781455829042,https://www.sec.gov/Archives/edgar/data/1104657/000110465722000123/,wide,same_date,market + industries,0.07677277200771111,232,2021-08-03,2022-07-05,2022-08-02,2022-08-10,0.4312409745889936
MTRN,0001104657-22-000154,2022-11-02,2022-11-02,2022-11-02T10:49:00.000Z,sources/earnings/MTRN_0001104657-22-000154.html,sources/earnings/MTRN_0001104657-22-000154_release.html,2022-11-02,2022-11-03,2022-11-02,date only; next session,"November 2, 2022",0.96,0.88,428191.0,388028.0,29097.0,21160.0,0.06795331989696186,0.054532147164637605,1,85.9000015258789,0.0009313154665765464,0.013421172732324259,https://www.sec.gov/Archives/edgar/data/1104657/000110465722000154/,primary,conservative,market,-0.12755645774404967,232,2021-11-03,2022-10-05,2022-11-02,2022-11-04,1.067818573882239
MTRN,0001104657-22-000154,2022-11-02,2022-11-02,2022-11-02T10:49:00.000Z,sources/earnings/MTRN_0001104657-22-000154.html,sources/earnings/MTRN_0001104657-22-000154_release.html,2022-11-02,2022-11-03,2022-11-02,date only; next session,"November 2, 2022",0.96,0.88,428191.0,388028.0,29097.0,21160.0,0.06795331989696186,0.054532147164637605,1,85.9000015258789,0.0009313154665765464,0.013421172732324259,https://www.sec.gov/Archives/edgar/data/1104657/000110465722000154/,primary,conservative,market + industries,-0.13803893458002336,232,2021-11-03,2022-10-05,2022-11-02,2022-11-04,0.5370122167496589
MTRN,0001104657-22-000154,2022-11-02,2022-11-02,2022-11-02T10:49:00.000Z,sources/earnings/MTRN_0001104657-22-000154.html,sources/earnings/MTRN_0001104657-22-000154_release.html,2022-11-02,2022-11-03,2022-11-02,date only; next session,"November 2, 2022",0.96,0.88,428191.0,388028.0,29097.0,21160.0,0.06795331989696186,0.054532147164637605,1,85.9000015258789,0.0009313154665765464,0.013421172732324259,https://www.sec.gov/Archives/edgar/data/1104657/000110465722000154/,primary,same_date,market,-0.13973944307867592,232,2021-11-02,2022-10-04,2022-11-01,2022-11-03,1.0838068148525908
MTRN,0001104657-22-000154,2022-11-02,2022-11-02,2022-11-02T10:49:00.000Z,sources/earnings/MTRN_0001104657-22-000154.html,sources/earnings/MTRN_0001104657-22-000154_release.html,2022-11-02,2022-11-03,2022-11-02,date only; next session,"November 2, 2022",0.96,0.88,428191.0,388028.0,29097.0,21160.0,0.06795331989696186,0.054532147164637605,1,85.9000015258789,0.0009313154665765464,0.013421172732324259,https://www.sec.gov/Archives/edgar/data/1104657/000110465722000154/,primary,same_date,market + industries,-0.15083408177461838,232,2021-11-02,2022-10-04,2022-11-01,2022-11-03,0.5904794009894814
MTRN,0001104657-22-000154,2022-11-02,2022-11-02,2022-11-02T10:49:00.000Z,sources/earnings/MTRN_0001104657-22-000154.html,sources/earnings/MTRN_0001104657-22-000154_release.html,2022-11-02,2022-11-03,2022-11-02,date only; next session,"November 2, 2022",0.96,0.88,428191.0,388028.0,29097.0,21160.0,0.06795331989696186,0.054532147164637605,1,85.9000015258789,0.0009313154665765464,0.013421172732324259,https://www.sec.gov/Archives/edgar/data/1104657/000110465722000154/,short,conservative,market,0.06176463190047282,232,2021-11-03,2022-10-05,2022-11-03,2022-11-04,1.067818573882239
MTRN,0001104657-22-000154,2022-11-02,2022-11-02,2022-11-02T10:49:00.000Z,sources/earnings/MTRN_0001104657-22-000154.html,sources/earnings/MTRN_0001104657-22-000154_release.html,2022-11-02,2022-11-03,2022-11-02,date only; next session,"November 2, 2022",0.96,0.88,428191.0,388028.0,29097.0,21160.0,0.06795331989696186,0.054532147164637605,1,85.9000015258789,0.0009313154665765464,0.013421172732324259,https://www.sec.gov/Archives/edgar/data/1104657/000110465722000154/,short,conservative,market + industries,0.05453239894781846,232,2021-11-03,2022-10-05,2022-11-03,2022-11-04,0.5370122167496589
MTRN,0001104657-22-000154,2022-11-02,2022-11-02,2022-11-02T10:49:00.000Z,sources/earnings/MTRN_0001104657-22-000154.html,sources/earnings/MTRN_0001104657-22-000154_release.html,2022-11-02,2022-11-03,2022-11-02,date only; next session,"November 2, 2022",0.96,0.88,428191.0,388028.0,29097.0,21160.0,0.06795331989696186,0.054532147164637605,1,85.9000015258789,0.0009313154665765464,0.013421172732324259,https://www.sec.gov/Archives/edgar/data/1104657/000110465722000154/,short,same_date,market,-0.14500643240901284,232,2021-11-02,2022-10-04,2022-11-02,2022-11-03,1.0838068148525908
MTRN,0001104657-22-000154,2022-11-02,2022-11-02,2022-11-02T10:49:00.000Z,sources/earnings/MTRN_0001104657-22-000154.html,sources/earnings/MTRN_0001104657-22-000154_release.html,2022-11-02,2022-11-03,2022-11-02,date only; next session,"November 2, 2022",0.96,0.88,428191.0,388028.0,29097.0,21160.0,0.06795331989696186,0.054532147164637605,1,85.9000015258789,0.0009313154665765464,0.013421172732324259,https://www.sec.gov/Archives/edgar/data/1104657/000110465722000154/,short,same_date,market + industries,-0.15226536994574444,232,2021-11-02,2022-10-04,2022-11-02,2022-11-03,0.5904794009894814
MTRN,0001104657-22-000154,2022-11-02,2022-11-02,2022-11-02T10:49:00.000Z,sources/earnings/MTRN_0001104657-22-000154.html,sources/earnings/MTRN_0001104657-22-000154_release.html,2022-11-02,2022-11-03,2022-11-02,date only; next session,"November 2, 2022",0.96,0.88,428191.0,388028.0,29097.0,21160.0,0.06795331989696186,0.054532147164637605,1,85.9000015258789,0.0009313154665765464,0.013421172732324259,https://www.sec.gov/Archives/edgar/data/1104657/000110465722000154/,wide,conservative,market,-0.08414591958552259,232,2021-11-03,2022-10-05,2022-11-02,2022-11-10,1.067818573882239
MTRN,0001104657-22-000154,2022-11-02,2022-11-02,2022-11-02T10:49:00.000Z,sources/earnings/MTRN_0001104657-22-000154.html,sources/earnings/MTRN_0001104657-22-000154_release.html,2022-11-02,2022-11-03,2022-11-02,date only; next session,"November 2, 2022",0.96,0.88,428191.0,388028.0,29097.0,21160.0,0.06795331989696186,0.054532147164637605,1,85.9000015258789,0.0009313154665765464,0.013421172732324259,https://www.sec.gov/Archives/edgar/data/1104657/000110465722000154/,wide,conservative,market + industries,-0.10318727602578806,232,2021-11-03,2022-10-05,2022-11-02,2022-11-10,0.5370122167496589
MTRN,0001104657-22-000154,2022-11-02,2022-11-02,2022-11-02T10:49:00.000Z,sources/earnings/MTRN_0001104657-22-000154.html,sources/earnings/MTRN_0001104657-22-000154_release.html,2022-11-02,2022-11-03,2022-11-02,date only; next session,"November 2, 2022",0.96,0.88,428191.0,388028.0,29097.0,21160.0,0.06795331989696186,0.054532147164637605,1,85.9000015258789,0.0009313154665765464,0.013421172732324259,https://www.sec.gov/Archives/edgar/data/1104657/000110465722000154/,wide,same_date,market,-0.07419918022661245,232,2021-11-02,2022-10-04,2022-11-01,2022-11-09,1.0838068148525908
MTRN,0001104657-22-000154,2022-11-02,2022-11-02,2022-11-02T10:49:00.000Z,sources/earnings/MTRN_0001104657-22-000154.html,sources/earnings/MTRN_0001104657-22-000154_release.html,2022-11-02,2022-11-03,2022-11-02,date only; next session,"November 2, 2022",0.96,0.88,428191.0,388028.0,29097.0,21160.0,0.06795331989696186,0.054532147164637605,1,85.9000015258789,0.0009313154665765464,0.013421172732324259,https://www.sec.gov/Archives/edgar/data/1104657/000110465722000154/,wide,same_date,market + industries,-0.09647584505236398,232,2021-11-02,2022-10-04,2022-11-01,2022-11-09,0.5904794009894814
MTRN,0001104657-23-000015,2023-02-16,2023-02-16,2023-02-16T11:50:31.000Z,sources/earnings/MTRN_0001104657-23-000015.html,sources/earnings/MTRN_0001104657-23-000015_release.html,2023-02-16,2023-02-17,2023-02-16,date only; next session,"February 16, 2023",1.38,0.95,434578.0,397231.0,39191.0,15510.0,0.09018173952662123,0.039045291027135345,1,88.62999725341797,0.004851630523811363,0.051136448499485884,https://www.sec.gov/Archives/edgar/data/1104657/000110465723000015/,primary,conservative,market,0.25984832509746003,232,2022-02-16,2023-01-19,2023-02-16,2023-02-21,1.1867082418089645
MTRN,0001104657-23-000015,2023-02-16,2023-02-16,2023-02-16T11:50:31.000Z,sources/earnings/MTRN_0001104657-23-000015.html,sources/earnings/MTRN_0001104657-23-000015_release.html,2023-02-16,2023-02-17,2023-02-16,date only; next session,"February 16, 2023",1.38,0.95,434578.0,397231.0,39191.0,15510.0,0.09018173952662123,0.039045291027135345,1,88.62999725341797,0.004851630523811363,0.051136448499485884,https://www.sec.gov/Archives/edgar/data/1104657/000110465723000015/,primary,conservative,market + industries,0.2603905316009355,232,2022-02-16,2023-01-19,2023-02-16,2023-02-21,0.6948480990045339
MTRN,0001104657-23-000015,2023-02-16,2023-02-16,2023-02-16T11:50:31.000Z,sources/earnings/MTRN_0001104657-23-000015.html,sources/earnings/MTRN_0001104657-23-000015_release.html,2023-02-16,2023-02-17,2023-02-16,date only; next session,"February 16, 2023",1.38,0.95,434578.0,397231.0,39191.0,15510.0,0.09018173952662123,0.039045291027135345,1,88.62999725341797,0.004851630523811363,0.051136448499485884,https://www.sec.gov/Archives/edgar/data/1104657/000110465723000015/,primary,same_date,market,0.28242318803917943,232,2022-02-15,2023-01-18,2023-02-15,2023-02-17,1.1884740535170764
MTRN,0001104657-23-000015,2023-02-16,2023-02-16,2023-02-16T11:50:31.000Z,sources/earnings/MTRN_0001104657-23-000015.html,sources/earnings/MTRN_0001104657-23-000015_release.html,2023-02-16,2023-02-17,2023-02-16,date only; next session,"February 16, 2023",1.38,0.95,434578.0,397231.0,39191.0,15510.0,0.09018173952662123,0.039045291027135345,1,88.62999725341797,0.004851630523811363,0.051136448499485884,https://www.sec.gov/Archives/edgar/data/1104657/000110465723000015/,primary,same_date,market + industries,0.28431183719144887,232,2022-02-15,2023-01-18,2023-02-15,2023-02-17,0.6956884187209786
MTRN,0001104657-23-000015,2023-02-16,2023-02-16,2023-02-16T11:50:31.000Z,sources/earnings/MTRN_0001104657-23-000015.html,sources/earnings/MTRN_0001104657-23-000015_release.html,2023-02-16,2023-02-17,2023-02-16,date only; next session,"February 16, 2023",1.38,0.95,434578.0,397231.0,39191.0,15510.0,0.09018173952662123,0.039045291027135345,1,88.62999725341797,0.004851630523811363,0.051136448499485884,https://www.sec.gov/Archives/edgar/data/1104657/000110465723000015/,short,conservative,market,0.0033094933514866455,232,2022-02-16,2023-01-19,2023-02-17,2023-02-21,1.1867082418089645
MTRN,0001104657-23-000015,2023-02-16,2023-02-16,2023-02-16T11:50:31.000Z,sources/earnings/MTRN_0001104657-23-000015.html,sources/earnings/MTRN_0001104657-23-000015_release.html,2023-02-16,2023-02-17,2023-02-16,date only; next session,"February 16, 2023",1.38,0.95,434578.0,397231.0,39191.0,15510.0,0.09018173952662123,0.039045291027135345,1,88.62999725341797,0.004851630523811363,0.051136448499485884,https://www.sec.gov/Archives/edgar/data/1104657/000110465723000015/,short,conservative,market + industries,0.003146359998428383,232,2022-02-16,2023-01-19,2023-02-17,2023-02-21,0.6948480990045339
MTRN,0001104657-23-000015,2023-02-16,2023-02-16,2023-02-16T11:50:31.000Z,sources/earnings/MTRN_0001104657-23-000015.html,sources/earnings/MTRN_0001104657-23-000015_release.html,2023-02-16,2023-02-17,2023-02-16,date only; next session,"February 16, 2023",1.38,0.95,434578.0,397231.0,39191.0,15510.0,0.09018173952662123,0.039045291027135345,1,88.62999725341797,0.004851630523811363,0.051136448499485884,https://www.sec.gov/Archives/edgar/data/1104657/000110465723000015/,short,same_date,market,0.2758720754304449,232,2022-02-15,2023-01-18,2023-02-16,2023-02-17,1.1884740535170764
MTRN,0001104657-23-000015,2023-02-16,2023-02-16,2023-02-16T11:50:31.000Z,sources/earnings/MTRN_0001104657-23-000015.html,sources/earnings/MTRN_0001104657-23-000015_release.html,2023-02-16,2023-02-17,2023-02-16,date only; next session,"February 16, 2023",1.38,0.95,434578.0,397231.0,39191.0,15510.0,0.09018173952662123,0.039045291027135345,1,88.62999725341797,0.004851630523811363,0.051136448499485884,https://www.sec.gov/Archives/edgar/data/1104657/000110465723000015/,short,same_date,market + industries,0.27757348760888373,232,2022-02-15,2023-01-18,2023-02-16,2023-02-17,0.6956884187209786
MTRN,0001104657-23-000015,2023-02-16,2023-02-16,2023-02-16T11:50:31.000Z,sources/earnings/MTRN_0001104657-23-000015.html,sources/earnings/MTRN_0001104657-23-000015_release.html,2023-02-16,2023-02-17,2023-02-16,date only; next session,"February 16, 2023",1.38,0.95,434578.0,397231.0,39191.0,15510.0,0.09018173952662123,0.039045291027135345,1,88.62999725341797,0.004851630523811363,0.051136448499485884,https://www.sec.gov/Archives/edgar/data/1104657/000110465723000015/,wide,conservative,market,0.27984162455633776,232,2022-02-16,2023-01-19,2023-02-16,2023-02-27,1.1867082418089645
MTRN,0001104657-23-000015,2023-02-16,2023-02-16,2023-02-16T11:50:31.000Z,sources/earnings/MTRN_0001104657-23-000015.html,sources/earnings/MTRN_0001104657-23-000015_release.html,2023-02-16,2023-02-17,2023-02-16,date only; next session,"February 16, 2023",1.38,0.95,434578.0,397231.0,39191.0,15510.0,0.09018173952662123,0.039045291027135345,1,88.62999725341797,0.004851630523811363,0.051136448499485884,https://www.sec.gov/Archives/edgar/data/1104657/000110465723000015/,wide,conservative,market + industries,0.2765574181214642,232,2022-02-16,2023-01-19,2023-02-16,2023-02-27,0.6948480990045339
MTRN,0001104657-23-000015,2023-02-16,2023-02-16,2023-02-16T11:50:31.000Z,sources/earnings/MTRN_0001104657-23-000015.html,sources/earnings/MTRN_0001104657-23-000015_release.html,2023-02-16,2023-02-17,2023-02-16,date only; next session,"February 16, 2023",1.38,0.95,434578.0,397231.0,39191.0,15510.0,0.09018173952662123,0.039045291027135345,1,88.62999725341797,0.004851630523811363,0.051136448499485884,https://www.sec.gov/Archives/edgar/data/1104657/000110465723000015/,wide,same_date,market,0.2794744540052378,232,2022-02-15,2023-01-18,2023-02-15,2023-02-24,1.1884740535170764
MTRN,0001104657-23-000015,2023-02-16,2023-02-16,2023-02-16T11:50:31.000Z,sources/earnings/MTRN_0001104657-23-000015.html,sources/earnings/MTRN_0001104657-23-000015_release.html,2023-02-16,2023-02-17,2023-02-16,date only; next session,"February 16, 2023",1.38,0.95,434578.0,397231.0,39191.0,15510.0,0.09018173952662123,0.039045291027135345,1,88.62999725341797,0.004851630523811363,0.051136448499485884,https://www.sec.gov/Archives/edgar/data/1104657/000110465723000015/,wide,same_date,market + industries,0.27586742037184137,232,2022-02-15,2023-01-18,2023-02-15,2023-02-24,0.6956884187209786
MTRN,0001104657-23-000062,2023-05-03,2023-05-03,2023-05-03T10:48:54.000Z,sources/earnings/MTRN_0001104657-23-000062.html,sources/earnings/MTRN_0001104657-23-000062_release.html,2023-05-03,2023-05-04,2023-05-03,date only; next session,"May 3, 2023",1.23,0.68,442526.0,449045.0,36940.0,19606.0,0.08347532122406368,0.04366154839715396,1,106.80999755859376,0.0051493307047243515,0.03981377282690972,https://www.sec.gov/Archives/edgar/data/1104657/000110465723000062/,primary,conservative,market,-0.0020927695799659134,232,2022-05-03,2023-04-04,2023-05-03,2023-05-05,1.1365988980693786
MTRN,0001104657-23-000062,2023-05-03,2023-05-03,2023-05-03T10:48:54.000Z,sources/earnings/MTRN_0001104657-23-000062.html,sources/earnings/MTRN_0001104657-23-000062_release.html,2023-05-03,2023-05-04,2023-05-03,date only; next session,"May 3, 2023",1.23,0.68,442526.0,449045.0,36940.0,19606.0,0.08347532122406368,0.04366154839715396,1,106.80999755859376,0.0051493307047243515,0.03981377282690972,https://www.sec.gov/Archives/edgar/data/1104657/000110465723000062/,primary,conservative,market + industries,0.005688634490390188,232,2022-05-03,2023-04-04,2023-05-03,2023-05-05,0.6143684951109255
MTRN,0001104657-23-000062,2023-05-03,2023-05-03,2023-05-03T10:48:54.000Z,sources/earnings/MTRN_0001104657-23-000062.html,sources/earnings/MTRN_0001104657-23-000062_release.html,2023-05-03,2023-05-04,2023-05-03,date only; next session,"May 3, 2023",1.23,0.68,442526.0,449045.0,36940.0,19606.0,0.08347532122406368,0.04366154839715396,1,106.80999755859376,0.0051493307047243515,0.03981377282690972,https://www.sec.gov/Archives/edgar/data/1104657/000110465723000062/,primary,same_date,market,0.019249120072758988,232,2022-05-02,2023-04-03,2023-05-02,2023-05-04,1.133089959860441
MTRN,0001104657-23-000062,2023-05-03,2023-05-03,2023-05-03T10:48:54.000Z,sources/earnings/MTRN_0001104657-23-000062.html,sources/earnings/MTRN_0001104657-23-000062_release.html,2023-05-03,2023-05-04,2023-05-03,date only; next session,"May 3, 2023",1.23,0.68,442526.0,449045.0,36940.0,19606.0,0.08347532122406368,0.04366154839715396,1,106.80999755859376,0.0051493307047243515,0.03981377282690972,https://www.sec.gov/Archives/edgar/data/1104657/000110465723000062/,primary,same_date,market + industries,0.021406001067747704,232,2022-05-02,2023-04-03,2023-05-02,2023-05-04,0.6387723867186915
MTRN,0001104657-23-000062,2023-05-03,2023-05-03,2023-05-03T10:48:54.000Z,sources/earnings/MTRN_0001104657-23-000062.html,sources/earnings/MTRN_0001104657-23-000062_release.html,2023-05-03,2023-05-04,2023-05-03,date only; next session,"May 3, 2023",1.23,0.68,442526.0,449045.0,36940.0,19606.0,0.08347532122406368,0.04366154839715396,1,106.80999755859376,0.0051493307047243515,0.03981377282690972,https://www.sec.gov/Archives/edgar/data/1104657/000110465723000062/,short,conservative,market,-0.11411961428737627,232,2022-05-03,2023-04-04,2023-05-04,2023-05-05,1.1365988980693786
MTRN,0001104657-23-000062,2023-05-03,2023-05-03,2023-05-03T10:48:54.000Z,sources/earnings/MTRN_0001104657-23-000062.html,sources/earnings/MTRN_0001104657-23-000062_release.html,2023-05-03,2023-05-04,2023-05-03,date only; next session,"May 3, 2023",1.23,0.68,442526.0,449045.0,36940.0,19606.0,0.08347532122406368,0.04366154839715396,1,106.80999755859376,0.0051493307047243515,0.03981377282690972,https://www.sec.gov/Archives/edgar/data/1104657/000110465723000062/,short,conservative,market + industries,-0.10883259207559143,232,2022-05-03,2023-04-04,2023-05-04,2023-05-05,0.6143684951109255
MTRN,0001104657-23-000062,2023-05-03,2023-05-03,2023-05-03T10:48:54.000Z,sources/earnings/MTRN_0001104657-23-000062.html,sources/earnings/MTRN_0001104657-23-000062_release.html,2023-05-03,2023-05-04,2023-05-03,date only; next session,"May 3, 2023",1.23,0.68,442526.0,449045.0,36940.0,19606.0,0.08347532122406368,0.04366154839715396,1,106.80999755859376,0.0051493307047243515,0.03981377282690972,https://www.sec.gov/Archives/edgar/data/1104657/000110465723000062/,short,same_date,market,0.018965921925789664,232,2022-05-02,2023-04-03,2023-05-03,2023-05-04,1.133089959860441
MTRN,0001104657-23-000062,2023-05-03,2023-05-03,2023-05-03T10:48:54.000Z,sources/earnings/MTRN_0001104657-23-000062.html,sources/earnings/MTRN_0001104657-23-000062_release.html,2023-05-03,2023-05-04,2023-05-03,date only; next session,"May 3, 2023",1.23,0.68,442526.0,449045.0,36940.0,19606.0,0.08347532122406368,0.04366154839715396,1,106.80999755859376,0.0051493307047243515,0.03981377282690972,https://www.sec.gov/Archives/edgar/data/1104657/000110465723000062/,short,same_date,market + industries,0.02369555394960282,232,2022-05-02,2023-04-03,2023-05-03,2023-05-04,0.6387723867186915
MTRN,0001104657-23-000062,2023-05-03,2023-05-03,2023-05-03T10:48:54.000Z,sources/earnings/MTRN_0001104657-23-000062.html,sources/earnings/MTRN_0001104657-23-000062_release.html,2023-05-03,2023-05-04,2023-05-03,date only; next session,"May 3, 2023",1.23,0.68,442526.0,449045.0,36940.0,19606.0,0.08347532122406368,0.04366154839715396,1,106.80999755859376,0.0051493307047243515,0.03981377282690972,https://www.sec.gov/Archives/edgar/data/1104657/000110465723000062/,wide,conservative,market,-0.04578930458332136,232,2022-05-03,2023-04-04,2023-05-03,2023-05-11,1.1365988980693786
MTRN,0001104657-23-000062,2023-05-03,2023-05-03,2023-05-03T10:48:54.000Z,sources/earnings/MTRN_0001104657-23-000062.html,sources/earnings/MTRN_0001104657-23-000062_release.html,2023-05-03,2023-05-04,2023-05-03,date only; next session,"May 3, 2023",1.23,0.68,442526.0,449045.0,36940.0,19606.0,0.08347532122406368,0.04366154839715396,1,106.80999755859376,0.0051493307047243515,0.03981377282690972,https://www.sec.gov/Archives/edgar/data/1104657/000110465723000062/,wide,conservative,market + industries,-0.034257129319890854,232,2022-05-03,2023-04-04,2023-05-03,2023-05-11,0.6143684951109255
MTRN,0001104657-23-000062,2023-05-03,2023-05-03,2023-05-03T10:48:54.000Z,sources/earnings/MTRN_0001104657-23-000062.html,sources/earnings/MTRN_0001104657-23-000062_release.html,2023-05-03,2023-05-04,2023-05-03,date only; next session,"May 3, 2023",1.23,0.68,442526.0,449045.0,36940.0,19606.0,0.08347532122406368,0.04366154839715396,1,106.80999755859376,0.0051493307047243515,0.03981377282690972,https://www.sec.gov/Archives/edgar/data/1104657/000110465723000062/,wide,same_date,market,-0.04151743251926995,232,2022-05-02,2023-04-03,2023-05-02,2023-05-10,1.133089959860441
MTRN,0001104657-23-000062,2023-05-03,2023-05-03,2023-05-03T10:48:54.000Z,sources/earnings/MTRN_0001104657-23-000062.html,sources/earnings/MTRN_0001104657-23-000062_release.html,2023-05-03,2023-05-04,2023-05-03,date only; next session,"May 3, 2023",1.23,0.68,442526.0,449045.0,36940.0,19606.0,0.08347532122406368,0.04366154839715396,1,106.80999755859376,0.0051493307047243515,0.03981377282690972,https://www.sec.gov/Archives/edgar/data/1104657/000110465723000062/,wide,same_date,market + industries,-0.034244409435653524,232,2022-05-02,2023-04-03,2023-05-02,2023-05-10,0.6387723867186915
MTRN,0001104657-23-000121,2023-08-02,2023-08-02,2023-08-02T10:49:42.000Z,sources/earnings/MTRN_0001104657-23-000121.html,sources/earnings/MTRN_0001104657-23-000121_release.html,2023-08-02,2023-08-03,2023-08-02,date only; next session,"August 2, 2023",1.15,1.12,398551.0,445295.0,35344.0,31860.0,0.08868124782022878,0.07154807487171426,1,116.94000244140624,0.0002565418109601251,0.01713317294851452,https://www.sec.gov/Archives/edgar/data/1104657/000110465723000121/,primary,conservative,market,-0.09749673704435714,232,2022-08-02,2023-07-05,2023-08-02,2023-08-04,1.193538006605123
MTRN,0001104657-23-000121,2023-08-02,2023-08-02,2023-08-02T10:49:42.000Z,sources/earnings/MTRN_0001104657-23-000121.html,sources/earnings/MTRN_0001104657-23-000121_release.html,2023-08-02,2023-08-03,2023-08-02,date only; next session,"August 2, 2023",1.15,1.12,398551.0,445295.0,35344.0,31860.0,0.08868124782022878,0.07154807487171426,1,116.94000244140624,0.0002565418109601251,0.01713317294851452,https://www.sec.gov/Archives/edgar/data/1104657/000110465723000121/,primary,conservative,market + industries,-0.0961322002644676,232,2022-08-02,2023-07-05,2023-08-02,2023-08-04,0.8040820236900174
MTRN,0001104657-23-000121,2023-08-02,2023-08-02,2023-08-02T10:49:42.000Z,sources/earnings/MTRN_0001104657-23-000121.html,sources/earnings/MTRN_0001104657-23-000121_release.html,2023-08-02,2023-08-03,2023-08-02,date only; next session,"August 2, 2023",1.15,1.12,398551.0,445295.0,35344.0,31860.0,0.08868124782022878,0.07154807487171426,1,116.94000244140624,0.0002565418109601251,0.01713317294851452,https://www.sec.gov/Archives/edgar/data/1104657/000110465723000121/,primary,same_date,market,-0.11371620058043469,232,2022-08-01,2023-07-03,2023-08-01,2023-08-03,1.191542219112709
MTRN,0001104657-23-000121,2023-08-02,2023-08-02,2023-08-02T10:49:42.000Z,sources/earnings/MTRN_0001104657-23-000121.html,sources/earnings/MTRN_0001104657-23-000121_release.html,2023-08-02,2023-08-03,2023-08-02,date only; next session,"August 2, 2023",1.15,1.12,398551.0,445295.0,35344.0,31860.0,0.08868124782022878,0.07154807487171426,1,116.94000244140624,0.0002565418109601251,0.01713317294851452,https://www.sec.gov/Archives/edgar/data/1104657/000110465723000121/,primary,same_date,market + industries,-0.10947806135856356,232,2022-08-01,2023-07-03,2023-08-01,2023-08-03,0.783127497012762
MTRN,0001104657-23-000121,2023-08-02,2023-08-02,2023-08-02T10:49:42.000Z,sources/earnings/MTRN_0001104657-23-000121.html,sources/earnings/MTRN_0001104657-23-000121_release.html,2023-08-02,2023-08-03,2023-08-02,date only; next session,"August 2, 2023",1.15,1.12,398551.0,445295.0,35344.0,31860.0,0.08868124782022878,0.07154807487171426,1,116.94000244140624,0.0002565418109601251,0.01713317294851452,https://www.sec.gov/Archives/edgar/data/1104657/000110465723000121/,short,conservative,market,-0.035542047913832746,232,2022-08-02,2023-07-05,2023-08-03,2023-08-04,1.193538006605123
MTRN,0001104657-23-000121,2023-08-02,2023-08-02,2023-08-02T10:49:42.000Z,sources/earnings/MTRN_0001104657-23-000121.html,sources/earnings/MTRN_0001104657-23-000121_release.html,2023-08-02,2023-08-03,2023-08-02,date only; next session,"August 2, 2023",1.15,1.12,398551.0,445295.0,35344.0,31860.0,0.08868124782022878,0.07154807487171426,1,116.94000244140624,0.0002565418109601251,0.01713317294851452,https://www.sec.gov/Archives/edgar/data/1104657/000110465723000121/,short,conservative,market + industries,-0.03917657297664147,232,2022-08-02,2023-07-05,2023-08-03,2023-08-04,0.8040820236900174
MTRN,0001104657-23-000121,2023-08-02,2023-08-02,2023-08-02T10:49:42.000Z,sources/earnings/MTRN_0001104657-23-000121.html,sources/earnings/MTRN_0001104657-23-000121_release.html,2023-08-02,2023-08-03,2023-08-02,date only; next session,"August 2, 2023",1.15,1.12,398551.0,445295.0,35344.0,31860.0,0.08868124782022878,0.07154807487171426,1,116.94000244140624,0.0002565418109601251,0.01713317294851452,https://www.sec.gov/Archives/edgar/data/1104657/000110465723000121/,short,same_date,market,-0.09723680127970508,232,2022-08-01,2023-07-03,2023-08-02,2023-08-03,1.191542219112709
MTRN,0001104657-23-000121,2023-08-02,2023-08-02,2023-08-02T10:49:42.000Z,sources/earnings/MTRN_0001104657-23-000121.html,sources/earnings/MTRN_0001104657-23-000121_release.html,2023-08-02,2023-08-03,2023-08-02,date only; next session,"August 2, 2023",1.15,1.12,398551.0,445295.0,35344.0,31860.0,0.08868124782022878,0.07154807487171426,1,116.94000244140624,0.0002565418109601251,0.01713317294851452,https://www.sec.gov/Archives/edgar/data/1104657/000110465723000121/,short,same_date,market + industries,-0.09194220416848715,232,2022-08-01,2023-07-03,2023-08-02,2023-08-03,0.783127497012762
MTRN,0001104657-23-000121,2023-08-02,2023-08-02,2023-08-02T10:49:42.000Z,sources/earnings/MTRN_0001104657-23-000121.html,sources/earnings/MTRN_0001104657-23-000121_release.html,2023-08-02,2023-08-03,2023-08-02,date only; next session,"August 2, 2023",1.15,1.12,398551.0,445295.0,35344.0,31860.0,0.08868124782022878,0.07154807487171426,1,116.94000244140624,0.0002565418109601251,0.01713317294851452,https://www.sec.gov/Archives/edgar/data/1104657/000110465723000121/,wide,conservative,market,-0.053394847752598076,232,2022-08-02,2023-07-05,2023-08-02,2023-08-10,1.193538006605123
MTRN,0001104657-23-000121,2023-08-02,2023-08-02,2023-08-02T10:49:42.000Z,sources/earnings/MTRN_0001104657-23-000121.html,sources/earnings/MTRN_0001104657-23-000121_release.html,2023-08-02,2023-08-03,2023-08-02,date only; next session,"August 2, 2023",1.15,1.12,398551.0,445295.0,35344.0,31860.0,0.08868124782022878,0.07154807487171426,1,116.94000244140624,0.0002565418109601251,0.01713317294851452,https://www.sec.gov/Archives/edgar/data/1104657/000110465723000121/,wide,conservative,market + industries,-0.055202267361640495,232,2022-08-02,2023-07-05,2023-08-02,2023-08-10,0.8040820236900174
MTRN,0001104657-23-000121,2023-08-02,2023-08-02,2023-08-02T10:49:42.000Z,sources/earnings/MTRN_0001104657-23-000121.html,sources/earnings/MTRN_0001104657-23-000121_release.html,2023-08-02,2023-08-03,2023-08-02,date only; next session,"August 2, 2023",1.15,1.12,398551.0,445295.0,35344.0,31860.0,0.08868124782022878,0.07154807487171426,1,116.94000244140624,0.0002565418109601251,0.01713317294851452,https://www.sec.gov/Archives/edgar/data/1104657/000110465723000121/,wide,same_date,market,-0.09103259007947727,232,2022-08-01,2023-07-03,2023-08-01,2023-08-09,1.191542219112709
MTRN,0001104657-23-000121,2023-08-02,2023-08-02,2023-08-02T10:49:42.000Z,sources/earnings/MTRN_0001104657-23-000121.html,sources/earnings/MTRN_0001104657-23-000121_release.html,2023-08-02,2023-08-03,2023-08-02,date only; next session,"August 2, 2023",1.15,1.12,398551.0,445295.0,35344.0,31860.0,0.08868124782022878,0.07154807487171426,1,116.94000244140624,0.0002565418109601251,0.01713317294851452,https://www.sec.gov/Archives/edgar/data/1104657/000110465723000121/,wide,same_date,market + industries,-0.09616292980265556,232,2022-08-01,2023-07-03,2023-08-01,2023-08-09,0.783127497012762
MTRN,0001104657-23-000149,2023-11-01,2023-11-01,2023-11-01T10:48:50.000Z,sources/earnings/MTRN_0001104657-23-000149.html,sources/earnings/MTRN_0001104657-23-000149_release.html,2023-11-01,2023-11-02,2023-11-01,date only; next session,"November 1, 2023",1.27,0.96,403067.0,428191.0,36520.0,29097.0,0.09060528398504467,0.06795331989696186,1,96.9800033569336,0.0031965352574700296,0.0226519640880828,https://www.sec.gov/Archives/edgar/data/1104657/000110465723000149/,primary,conservative,market,0.09341339065443834,232,2022-11-01,2023-10-04,2023-11-01,2023-11-03,1.2318515123883982
MTRN,0001104657-23-000149,2023-11-01,2023-11-01,2023-11-01T10:48:50.000Z,sources/earnings/MTRN_0001104657-23-000149.html,sources/earnings/MTRN_0001104657-23-000149_release.html,2023-11-01,2023-11-02,2023-11-01,date only; next session,"November 1, 2023",1.27,0.96,403067.0,428191.0,36520.0,29097.0,0.09060528398504467,0.06795331989696186,1,96.9800033569336,0.0031965352574700296,0.0226519640880828,https://www.sec.gov/Archives/edgar/data/1104657/000110465723000149/,primary,conservative,market + industries,0.08837471944015385,232,2022-11-01,2023-10-04,2023-11-01,2023-11-03,0.7038721427706472
MTRN,0001104657-23-000149,2023-11-01,2023-11-01,2023-11-01T10:48:50.000Z,sources/earnings/MTRN_0001104657-23-000149.html,sources/earnings/MTRN_0001104657-23-000149_release.html,2023-11-01,2023-11-02,2023-11-01,date only; next session,"November 1, 2023",1.27,0.96,403067.0,428191.0,36520.0,29097.0,0.09060528398504467,0.06795331989696186,1,96.9800033569336,0.0031965352574700296,0.0226519640880828,https://www.sec.gov/Archives/edgar/data/1104657/000110465723000149/,primary,same_date,market,0.051984669082140667,232,2022-10-31,2023-10-03,2023-10-31,2023-11-02,1.2365519366042286
MTRN,0001104657-23-000149,2023-11-01,2023-11-01,2023-11-01T10:48:50.000Z,sources/earnings/MTRN_0001104657-23-000149.html,sources/earnings/MTRN_0001104657-23-000149_release.html,2023-11-01,2023-11-02,2023-11-01,date only; next session,"November 1, 2023",1.27,0.96,403067.0,428191.0,36520.0,29097.0,0.09060528398504467,0.06795331989696186,1,96.9800033569336,0.0031965352574700296,0.0226519640880828,https://www.sec.gov/Archives/edgar/data/1104657/000110465723000149/,primary,same_date,market + industries,0.03835503144192555,232,2022-10-31,2023-10-03,2023-10-31,2023-11-02,0.7210356518464013
MTRN,0001104657-23-000149,2023-11-01,2023-11-01,2023-11-01T10:48:50.000Z,sources/earnings/MTRN_0001104657-23-000149.html,sources/earnings/MTRN_0001104657-23-000149_release.html,2023-11-01,2023-11-02,2023-11-01,date only; next session,"November 1, 2023",1.27,0.96,403067.0,428191.0,36520.0,29097.0,0.09060528398504467,0.06795331989696186,1,96.9800033569336,0.0031965352574700296,0.0226519640880828,https://www.sec.gov/Archives/edgar/data/1104657/000110465723000149/,short,conservative,market,0.018776723377203913,232,2022-11-01,2023-10-04,2023-11-02,2023-11-03,1.2318515123883982
MTRN,0001104657-23-000149,2023-11-01,2023-11-01,2023-11-01T10:48:50.000Z,sources/earnings/MTRN_0001104657-23-000149.html,sources/earnings/MTRN_0001104657-23-000149_release.html,2023-11-01,2023-11-02,2023-11-01,date only; next session,"November 1, 2023",1.27,0.96,403067.0,428191.0,36520.0,29097.0,0.09060528398504467,0.06795331989696186,1,96.9800033569336,0.0031965352574700296,0.0226519640880828,https://www.sec.gov/Archives/edgar/data/1104657/000110465723000149/,short,conservative,market + industries,0.014030377820562951,232,2022-11-01,2023-10-04,2023-11-02,2023-11-03,0.7038721427706472
MTRN,0001104657-23-000149,2023-11-01,2023-11-01,2023-11-01T10:48:50.000Z,sources/earnings/MTRN_0001104657-23-000149.html,sources/earnings/MTRN_0001104657-23-000149_release.html,2023-11-01,2023-11-02,2023-11-01,date only; next session,"November 1, 2023",1.27,0.96,403067.0,428191.0,36520.0,29097.0,0.09060528398504467,0.06795331989696186,1,96.9800033569336,0.0031965352574700296,0.0226519640880828,https://www.sec.gov/Archives/edgar/data/1104657/000110465723000149/,short,same_date,market,0.0559214708030306,232,2022-10-31,2023-10-03,2023-11-01,2023-11-02,1.2365519366042286
MTRN,0001104657-23-000149,2023-11-01,2023-11-01,2023-11-01T10:48:50.000Z,sources/earnings/MTRN_0001104657-23-000149.html,sources/earnings/MTRN_0001104657-23-000149_release.html,2023-11-01,2023-11-02,2023-11-01,date only; next session,"November 1, 2023",1.27,0.96,403067.0,428191.0,36520.0,29097.0,0.09060528398504467,0.06795331989696186,1,96.9800033569336,0.0031965352574700296,0.0226519640880828,https://www.sec.gov/Archives/edgar/data/1104657/000110465723000149/,short,same_date,market + industries,0.05162675133444854,232,2022-10-31,2023-10-03,2023-11-01,2023-11-02,0.7210356518464013
MTRN,0001104657-23-000149,2023-11-01,2023-11-01,2023-11-01T10:48:50.000Z,sources/earnings/MTRN_0001104657-23-000149.html,sources/earnings/MTRN_0001104657-23-000149_release.html,2023-11-01,2023-11-02,2023-11-01,date only; next session,"November 1, 2023",1.27,0.96,403067.0,428191.0,36520.0,29097.0,0.09060528398504467,0.06795331989696186,1,96.9800033569336,0.0031965352574700296,0.0226519640880828,https://www.sec.gov/Archives/edgar/data/1104657/000110465723000149/,wide,conservative,market,0.032255470308284226,232,2022-11-01,2023-10-04,2023-11-01,2023-11-09,1.2318515123883982
MTRN,0001104657-23-000149,2023-11-01,2023-11-01,2023-11-01T10:48:50.000Z,sources/earnings/MTRN_0001104657-23-000149.html,sources/earnings/MTRN_0001104657-23-000149_release.html,2023-11-01,2023-11-02,2023-11-01,date only; next session,"November 1, 2023",1.27,0.96,403067.0,428191.0,36520.0,29097.0,0.09060528398504467,0.06795331989696186,1,96.9800033569336,0.0031965352574700296,0.0226519640880828,https://www.sec.gov/Archives/edgar/data/1104657/000110465723000149/,wide,conservative,market + industries,0.02893688549631077,232,2022-11-01,2023-10-04,2023-11-01,2023-11-09,0.7038721427706472
MTRN,0001104657-23-000149,2023-11-01,2023-11-01,2023-11-01T10:48:50.000Z,sources/earnings/MTRN_0001104657-23-000149.html,sources/earnings/MTRN_0001104657-23-000149_release.html,2023-11-01,2023-11-02,2023-11-01,date only; next session,"November 1, 2023",1.27,0.96,403067.0,428191.0,36520.0,29097.0,0.09060528398504467,0.06795331989696186,1,96.9800033569336,0.0031965352574700296,0.0226519640880828,https://www.sec.gov/Archives/edgar/data/1104657/000110465723000149/,wide,same_date,market,0.030750249075868822,232,2022-10-31,2023-10-03,2023-10-31,2023-11-08,1.2365519366042286
MTRN,0001104657-23-000149,2023-11-01,2023-11-01,2023-11-01T10:48:50.000Z,sources/earnings/MTRN_0001104657-23-000149.html,sources/earnings/MTRN_0001104657-23-000149_release.html,2023-11-01,2023-11-02,2023-11-01,date only; next session,"November 1, 2023",1.27,0.96,403067.0,428191.0,36520.0,29097.0,0.09060528398504467,0.06795331989696186,1,96.9800033569336,0.0031965352574700296,0.0226519640880828,https://www.sec.gov/Archives/edgar/data/1104657/000110465723000149/,wide,same_date,market + industries,0.022236563513415353,232,2022-10-31,2023-10-03,2023-10-31,2023-11-08,0.7210356518464013
MTRN,0001104657-24-000015,2024-02-15,2024-02-15,2024-02-15T11:49:54.000Z,sources/earnings/MTRN_0001104657-24-000015.html,sources/earnings/MTRN_0001104657-24-000015_release.html,2024-02-15,2024-02-16,2024-02-15,date only; next session,"February 15, 2024",0.93,1.38,421043.0,434578.0,27640.0,39191.0,0.06564650166372556,0.09018173952662123,1,124.41000366210938,-0.0036170724761183572,-0.024535237862895673,https://www.sec.gov/Archives/edgar/data/1104657/000110465724000015/,primary,conservative,market,0.06323488607132868,232,2023-02-15,2024-01-18,2024-02-15,2024-02-20,1.2123255492057172
MTRN,0001104657-24-000015,2024-02-15,2024-02-15,2024-02-15T11:49:54.000Z,sources/earnings/MTRN_0001104657-24-000015.html,sources/earnings/MTRN_0001104657-24-000015_release.html,2024-02-15,2024-02-16,2024-02-15,date only; next session,"February 15, 2024",0.93,1.38,421043.0,434578.0,27640.0,39191.0,0.06564650166372556,0.09018173952662123,1,124.41000366210938,-0.0036170724761183572,-0.024535237862895673,https://www.sec.gov/Archives/edgar/data/1104657/000110465724000015/,primary,conservative,market + industries,0.0639597820395815,232,2023-02-15,2024-01-18,2024-02-15,2024-02-20,0.3725089331197838
MTRN,0001104657-24-000015,2024-02-15,2024-02-15,2024-02-15T11:49:54.000Z,sources/earnings/MTRN_0001104657-24-000015.html,sources/earnings/MTRN_0001104657-24-000015_release.html,2024-02-15,2024-02-16,2024-02-15,date only; next session,"February 15, 2024",0.93,1.38,421043.0,434578.0,27640.0,39191.0,0.06564650166372556,0.09018173952662123,1,124.41000366210938,-0.0036170724761183572,-0.024535237862895673,https://www.sec.gov/Archives/edgar/data/1104657/000110465724000015/,primary,same_date,market,0.12988426660315017,232,2023-02-14,2024-01-17,2024-02-14,2024-02-16,1.2079481332767579
MTRN,0001104657-24-000015,2024-02-15,2024-02-15,2024-02-15T11:49:54.000Z,sources/earnings/MTRN_0001104657-24-000015.html,sources/earnings/MTRN_0001104657-24-000015_release.html,2024-02-15,2024-02-16,2024-02-15,date only; next session,"February 15, 2024",0.93,1.38,421043.0,434578.0,27640.0,39191.0,0.06564650166372556,0.09018173952662123,1,124.41000366210938,-0.0036170724761183572,-0.024535237862895673,https://www.sec.gov/Archives/edgar/data/1104657/000110465724000015/,primary,same_date,market + industries,0.12688908298001517,232,2023-02-14,2024-01-17,2024-02-14,2024-02-16,0.3715703383734309
MTRN,0001104657-24-000015,2024-02-15,2024-02-15,2024-02-15T11:49:54.000Z,sources/earnings/MTRN_0001104657-24-000015.html,sources/earnings/MTRN_0001104657-24-000015_release.html,2024-02-15,2024-02-16,2024-02-15,date only; next session,"February 15, 2024",0.93,1.38,421043.0,434578.0,27640.0,39191.0,0.06564650166372556,0.09018173952662123,1,124.41000366210938,-0.0036170724761183572,-0.024535237862895673,https://www.sec.gov/Archives/edgar/data/1104657/000110465724000015/,short,conservative,market,-0.03243824806706873,232,2023-02-15,2024-01-18,2024-02-16,2024-02-20,1.2123255492057172
MTRN,0001104657-24-000015,2024-02-15,2024-02-15,2024-02-15T11:49:54.000Z,sources/earnings/MTRN_0001104657-24-000015.html,sources/earnings/MTRN_0001104657-24-000015_release.html,2024-02-15,2024-02-16,2024-02-15,date only; next session,"February 15, 2024",0.93,1.38,421043.0,434578.0,27640.0,39191.0,0.06564650166372556,0.09018173952662123,1,124.41000366210938,-0.0036170724761183572,-0.024535237862895673,https://www.sec.gov/Archives/edgar/data/1104657/000110465724000015/,short,conservative,market + industries,-0.03255441976339996,232,2023-02-15,2024-01-18,2024-02-16,2024-02-20,0.3725089331197838
MTRN,0001104657-24-000015,2024-02-15,2024-02-15,2024-02-15T11:49:54.000Z,sources/earnings/MTRN_0001104657-24-000015.html,sources/earnings/MTRN_0001104657-24-000015_release.html,2024-02-15,2024-02-16,2024-02-15,date only; next session,"February 15, 2024",0.93,1.38,421043.0,434578.0,27640.0,39191.0,0.06564650166372556,0.09018173952662123,1,124.41000366210938,-0.0036170724761183572,-0.024535237862895673,https://www.sec.gov/Archives/edgar/data/1104657/000110465724000015/,short,same_date,market,0.1023769322829413,232,2023-02-14,2024-01-17,2024-02-15,2024-02-16,1.2079481332767579
MTRN,0001104657-24-000015,2024-02-15,2024-02-15,2024-02-15T11:49:54.000Z,sources/earnings/MTRN_0001104657-24-000015.html,sources/earnings/MTRN_0001104657-24-000015_release.html,2024-02-15,2024-02-16,2024-02-15,date only; next session,"February 15, 2024",0.93,1.38,421043.0,434578.0,27640.0,39191.0,0.06564650166372556,0.09018173952662123,1,124.41000366210938,-0.0036170724761183572,-0.024535237862895673,https://www.sec.gov/Archives/edgar/data/1104657/000110465724000015/,short,same_date,market + industries,0.10328710371706917,232,2023-02-14,2024-01-17,2024-02-15,2024-02-16,0.3715703383734309
MTRN,0001104657-24-000015,2024-02-15,2024-02-15,2024-02-15T11:49:54.000Z,sources/earnings/MTRN_0001104657-24-000015.html,sources/earnings/MTRN_0001104657-24-000015_release.html,2024-02-15,2024-02-16,2024-02-15,date only; next session,"February 15, 2024",0.93,1.38,421043.0,434578.0,27640.0,39191.0,0.06564650166372556,0.09018173952662123,1,124.41000366210938,-0.0036170724761183572,-0.024535237862895673,https://www.sec.gov/Archives/edgar/data/1104657/000110465724000015/,wide,conservative,market,0.027990172711157647,232,2023-02-15,2024-01-18,2024-02-15,2024-02-26,1.2123255492057172
MTRN,0001104657-24-000015,2024-02-15,2024-02-15,2024-02-15T11:49:54.000Z,sources/earnings/MTRN_0001104657-24-000015.html,sources/earnings/MTRN_0001104657-24-000015_release.html,2024-02-15,2024-02-16,2024-02-15,date only; next session,"February 15, 2024",0.93,1.38,421043.0,434578.0,27640.0,39191.0,0.06564650166372556,0.09018173952662123,1,124.41000366210938,-0.0036170724761183572,-0.024535237862895673,https://www.sec.gov/Archives/edgar/data/1104657/000110465724000015/,wide,conservative,market + industries,0.03002663332878018,232,2023-02-15,2024-01-18,2024-02-15,2024-02-26,0.3725089331197838
MTRN,0001104657-24-000015,2024-02-15,2024-02-15,2024-02-15T11:49:54.000Z,sources/earnings/MTRN_0001104657-24-000015.html,sources/earnings/MTRN_0001104657-24-000015_release.html,2024-02-15,2024-02-16,2024-02-15,date only; next session,"February 15, 2024",0.93,1.38,421043.0,434578.0,27640.0,39191.0,0.06564650166372556,0.09018173952662123,1,124.41000366210938,-0.0036170724761183572,-0.024535237862895673,https://www.sec.gov/Archives/edgar/data/1104657/000110465724000015/,wide,same_date,market,0.06102164195859717,232,2023-02-14,2024-01-17,2024-02-14,2024-02-23,1.2079481332767579
MTRN,0001104657-24-000015,2024-02-15,2024-02-15,2024-02-15T11:49:54.000Z,sources/earnings/MTRN_0001104657-24-000015.html,sources/earnings/MTRN_0001104657-24-000015_release.html,2024-02-15,2024-02-16,2024-02-15,date only; next session,"February 15, 2024",0.93,1.38,421043.0,434578.0,27640.0,39191.0,0.06564650166372556,0.09018173952662123,1,124.41000366210938,-0.0036170724761183572,-0.024535237862895673,https://www.sec.gov/Archives/edgar/data/1104657/000110465724000015/,wide,same_date,market + industries,0.06327040488061586,232,2023-02-14,2024-01-17,2024-02-14,2024-02-23,0.3715703383734309
MTRN,0001104657-24-000063,2024-05-02,2024-05-01,2024-05-01T22:42:35.000Z,sources/earnings/MTRN_0001104657-24-000063.html,sources/earnings/MTRN_0001104657-24-000063_release.html,2024-05-01,2024-05-02,2024-05-01,date only; next session,"May 1, 2024",0.64,1.23,385287.0,442526.0,22249.0,36940.0,0.05774656295177361,0.08347532122406368,1,114.94000244140624,-0.005133112819453509,-0.025728758272290063,https://www.sec.gov/Archives/edgar/data/1104657/000110465724000063/,primary,conservative,market,-0.09711017453883919,232,2023-05-02,2024-04-03,2024-05-01,2024-05-03,1.6927472595870716
MTRN,0001104657-24-000063,2024-05-02,2024-05-01,2024-05-01T22:42:35.000Z,sources/earnings/MTRN_0001104657-24-000063.html,sources/earnings/MTRN_0001104657-24-000063_release.html,2024-05-01,2024-05-02,2024-05-01,date only; next session,"May 1, 2024",0.64,1.23,385287.0,442526.0,22249.0,36940.0,0.05774656295177361,0.08347532122406368,1,114.94000244140624,-0.005133112819453509,-0.025728758272290063,https://www.sec.gov/Archives/edgar/data/1104657/000110465724000063/,primary,conservative,market + industries,-0.10106119404298239,232,2023-05-02,2024-04-03,2024-05-01,2024-05-03,1.0715514296951718
MTRN,0001104657-24-000063,2024-05-02,2024-05-01,2024-05-01T22:42:35.000Z,sources/earnings/MTRN_0001104657-24-000063.html,sources/earnings/MTRN_0001104657-24-000063_release.html,2024-05-01,2024-05-02,2024-05-01,date only; next session,"May 1, 2024",0.64,1.23,385287.0,442526.0,22249.0,36940.0,0.05774656295177361,0.08347532122406368,1,114.94000244140624,-0.005133112819453509,-0.025728758272290063,https://www.sec.gov/Archives/edgar/data/1104657/000110465724000063/,primary,same_date,market,-0.073262632989961,232,2023-05-01,2024-04-02,2024-04-30,2024-05-02,1.6927191531821224
MTRN,0001104657-24-000063,2024-05-02,2024-05-01,2024-05-01T22:42:35.000Z,sources/earnings/MTRN_0001104657-24-000063.html,sources/earnings/MTRN_0001104657-24-000063_release.html,2024-05-01,2024-05-02,2024-05-01,date only; next session,"May 1, 2024",0.64,1.23,385287.0,442526.0,22249.0,36940.0,0.05774656295177361,0.08347532122406368,1,114.94000244140624,-0.005133112819453509,-0.025728758272290063,https://www.sec.gov/Archives/edgar/data/1104657/000110465724000063/,primary,same_date,market + industries,-0.08102598655118787,232,2023-05-01,2024-04-02,2024-04-30,2024-05-02,1.0661424202318734
MTRN,0001104657-24-000063,2024-05-02,2024-05-01,2024-05-01T22:42:35.000Z,sources/earnings/MTRN_0001104657-24-000063.html,sources/earnings/MTRN_0001104657-24-000063_release.html,2024-05-01,2024-05-02,2024-05-01,date only; next session,"May 1, 2024",0.64,1.23,385287.0,442526.0,22249.0,36940.0,0.05774656295177361,0.08347532122406368,1,114.94000244140624,-0.005133112819453509,-0.025728758272290063,https://www.sec.gov/Archives/edgar/data/1104657/000110465724000063/,short,conservative,market,-0.10407125766677637,232,2023-05-02,2024-04-03,2024-05-02,2024-05-03,1.6927472595870716
MTRN,0001104657-24-000063,2024-05-02,2024-05-01,2024-05-01T22:42:35.000Z,sources/earnings/MTRN_0001104657-24-000063.html,sources/earnings/MTRN_0001104657-24-000063_release.html,2024-05-01,2024-05-02,2024-05-01,date only; next session,"May 1, 2024",0.64,1.23,385287.0,442526.0,22249.0,36940.0,0.05774656295177361,0.08347532122406368,1,114.94000244140624,-0.005133112819453509,-0.025728758272290063,https://www.sec.gov/Archives/edgar/data/1104657/000110465724000063/,short,conservative,market + industries,-0.10807756586079832,232,2023-05-02,2024-04-03,2024-05-02,2024-05-03,1.0715514296951718
MTRN,0001104657-24-000063,2024-05-02,2024-05-01,2024-05-01T22:42:35.000Z,sources/earnings/MTRN_0001104657-24-000063.html,sources/earnings/MTRN_0001104657-24-000063_release.html,2024-05-01,2024-05-02,2024-05-01,date only; next session,"May 1, 2024",0.64,1.23,385287.0,442526.0,22249.0,36940.0,0.05774656295177361,0.08347532122406368,1,114.94000244140624,-0.005133112819453509,-0.025728758272290063,https://www.sec.gov/Archives/edgar/data/1104657/000110465724000063/,short,same_date,market,-0.05308200005036075,232,2023-05-01,2024-04-02,2024-05-01,2024-05-02,1.6927191531821224
MTRN,0001104657-24-000063,2024-05-02,2024-05-01,2024-05-01T22:42:35.000Z,sources/earnings/MTRN_0001104657-24-000063.html,sources/earnings/MTRN_0001104657-24-000063_release.html,2024-05-01,2024-05-02,2024-05-01,date only; next session,"May 1, 2024",0.64,1.23,385287.0,442526.0,22249.0,36940.0,0.05774656295177361,0.08347532122406368,1,114.94000244140624,-0.005133112819453509,-0.025728758272290063,https://www.sec.gov/Archives/edgar/data/1104657/000110465724000063/,short,same_date,market + industries,-0.0598871688784267,232,2023-05-01,2024-04-02,2024-05-01,2024-05-02,1.0661424202318734
MTRN,0001104657-24-000063,2024-05-02,2024-05-01,2024-05-01T22:42:35.000Z,sources/earnings/MTRN_0001104657-24-000063.html,sources/earnings/MTRN_0001104657-24-000063_release.html,2024-05-01,2024-05-02,2024-05-01,date only; next session,"May 1, 2024",0.64,1.23,385287.0,442526.0,22249.0,36940.0,0.05774656295177361,0.08347532122406368,1,114.94000244140624,-0.005133112819453509,-0.025728758272290063,https://www.sec.gov/Archives/edgar/data/1104657/000110465724000063/,wide,conservative,market,-0.07036069558196123,232,2023-05-02,2024-04-03,2024-05-01,2024-05-09,1.6927472595870716
MTRN,0001104657-24-000063,2024-05-02,2024-05-01,2024-05-01T22:42:35.000Z,sources/earnings/MTRN_0001104657-24-000063.html,sources/earnings/MTRN_0001104657-24-000063_release.html,2024-05-01,2024-05-02,2024-05-01,date only; next session,"May 1, 2024",0.64,1.23,385287.0,442526.0,22249.0,36940.0,0.05774656295177361,0.08347532122406368,1,114.94000244140624,-0.005133112819453509,-0.025728758272290063,https://www.sec.gov/Archives/edgar/data/1104657/000110465724000063/,wide,conservative,market + industries,-0.07883845144001603,232,2023-05-02,2024-04-03,2024-05-01,2024-05-09,1.0715514296951718
MTRN,0001104657-24-000063,2024-05-02,2024-05-01,2024-05-01T22:42:35.000Z,sources/earnings/MTRN_0001104657-24-000063.html,sources/earnings/MTRN_0001104657-24-000063_release.html,2024-05-01,2024-05-02,2024-05-01,date only; next session,"May 1, 2024",0.64,1.23,385287.0,442526.0,22249.0,36940.0,0.05774656295177361,0.08347532122406368,1,114.94000244140624,-0.005133112819453509,-0.025728758272290063,https://www.sec.gov/Archives/edgar/data/1104657/000110465724000063/,wide,same_date,market,-0.11292540597353108,232,2023-05-01,2024-04-02,2024-04-30,2024-05-08,1.6927191531821224
MTRN,0001104657-24-000063,2024-05-02,2024-05-01,2024-05-01T22:42:35.000Z,sources/earnings/MTRN_0001104657-24-000063.html,sources/earnings/MTRN_0001104657-24-000063_release.html,2024-05-01,2024-05-02,2024-05-01,date only; next session,"May 1, 2024",0.64,1.23,385287.0,442526.0,22249.0,36940.0,0.05774656295177361,0.08347532122406368,1,114.94000244140624,-0.005133112819453509,-0.025728758272290063,https://www.sec.gov/Archives/edgar/data/1104657/000110465724000063/,wide,same_date,market + industries,-0.11981216818106959,232,2023-05-01,2024-04-02,2024-04-30,2024-05-08,1.0661424202318734
MTRN,0001104657-24-000112,2024-08-05,2024-08-05,2024-08-05T20:07:44.000Z,sources/earnings/MTRN_0001104657-24-000112.html,sources/earnings/MTRN_0001104657-24-000112_release.html,2024-08-05,2024-08-06,2024-08-05,date only; next session,"August 5, 2024",0.91,1.15,425866.0,398551.0,32062.0,35344.0,0.07528659249623121,0.08868124782022878,1,107.4800033569336,-0.002232973506736659,-0.01339465532399757,https://www.sec.gov/Archives/edgar/data/1104657/000110465724000112/,primary,conservative,market,0.07696541417152036,232,2023-08-04,2024-07-08,2024-08-05,2024-08-07,1.559737831977869
MTRN,0001104657-24-000112,2024-08-05,2024-08-05,2024-08-05T20:07:44.000Z,sources/earnings/MTRN_0001104657-24-000112.html,sources/earnings/MTRN_0001104657-24-000112_release.html,2024-08-05,2024-08-06,2024-08-05,date only; next session,"August 5, 2024",0.91,1.15,425866.0,398551.0,32062.0,35344.0,0.07528659249623121,0.08868124782022878,1,107.4800033569336,-0.002232973506736659,-0.01339465532399757,https://www.sec.gov/Archives/edgar/data/1104657/000110465724000112/,primary,conservative,market + industries,0.07138140060560698,232,2023-08-04,2024-07-08,2024-08-05,2024-08-07,1.1998319387848007
MTRN,0001104657-24-000112,2024-08-05,2024-08-05,2024-08-05T20:07:44.000Z,sources/earnings/MTRN_0001104657-24-000112.html,sources/earnings/MTRN_0001104657-24-000112_release.html,2024-08-05,2024-08-06,2024-08-05,date only; next session,"August 5, 2024",0.91,1.15,425866.0,398551.0,32062.0,35344.0,0.07528659249623121,0.08868124782022878,1,107.4800033569336,-0.002232973506736659,-0.01339465532399757,https://www.sec.gov/Archives/edgar/data/1104657/000110465724000112/,primary,same_date,market,0.09088654263101453,232,2023-08-03,2024-07-05,2024-08-02,2024-08-06,1.570286815827472
MTRN,0001104657-24-000112,2024-08-05,2024-08-05,2024-08-05T20:07:44.000Z,sources/earnings/MTRN_0001104657-24-000112.html,sources/earnings/MTRN_0001104657-24-000112_release.html,2024-08-05,2024-08-06,2024-08-05,date only; next session,"August 5, 2024",0.91,1.15,425866.0,398551.0,32062.0,35344.0,0.07528659249623121,0.08868124782022878,1,107.4800033569336,-0.002232973506736659,-0.01339465532399757,https://www.sec.gov/Archives/edgar/data/1104657/000110465724000112/,primary,same_date,market + industries,0.09996181117640857,232,2023-08-03,2024-07-05,2024-08-02,2024-08-06,1.200004649481277
MTRN,0001104657-24-000112,2024-08-05,2024-08-05,2024-08-05T20:07:44.000Z,sources/earnings/MTRN_0001104657-24-000112.html,sources/earnings/MTRN_0001104657-24-000112_release.html,2024-08-05,2024-08-06,2024-08-05,date only; next session,"August 5, 2024",0.91,1.15,425866.0,398551.0,32062.0,35344.0,0.07528659249623121,0.08868124782022878,1,107.4800033569336,-0.002232973506736659,-0.01339465532399757,https://www.sec.gov/Archives/edgar/data/1104657/000110465724000112/,short,conservative,market,0.06815949706641296,232,2023-08-04,2024-07-08,2024-08-06,2024-08-07,1.559737831977869
MTRN,0001104657-24-000112,2024-08-05,2024-08-05,2024-08-05T20:07:44.000Z,sources/earnings/MTRN_0001104657-24-000112.html,sources/earnings/MTRN_0001104657-24-000112_release.html,2024-08-05,2024-08-06,2024-08-05,date only; next session,"August 5, 2024",0.91,1.15,425866.0,398551.0,32062.0,35344.0,0.07528659249623121,0.08868124782022878,1,107.4800033569336,-0.002232973506736659,-0.01339465532399757,https://www.sec.gov/Archives/edgar/data/1104657/000110465724000112/,short,conservative,market + industries,0.06442278641137662,232,2023-08-04,2024-07-08,2024-08-06,2024-08-07,1.1998319387848007
MTRN,0001104657-24-000112,2024-08-05,2024-08-05,2024-08-05T20:07:44.000Z,sources/earnings/MTRN_0001104657-24-000112.html,sources/earnings/MTRN_0001104657-24-000112_release.html,2024-08-05,2024-08-06,2024-08-05,date only; next session,"August 5, 2024",0.91,1.15,425866.0,398551.0,32062.0,35344.0,0.07528659249623121,0.08868124782022878,1,107.4800033569336,-0.002232973506736659,-0.01339465532399757,https://www.sec.gov/Archives/edgar/data/1104657/000110465724000112/,short,same_date,market,0.10481895512505568,232,2023-08-03,2024-07-05,2024-08-05,2024-08-06,1.570286815827472
MTRN,0001104657-24-000112,2024-08-05,2024-08-05,2024-08-05T20:07:44.000Z,sources/earnings/MTRN_0001104657-24-000112.html,sources/earnings/MTRN_0001104657-24-000112_release.html,2024-08-05,2024-08-06,2024-08-05,date only; next session,"August 5, 2024",0.91,1.15,425866.0,398551.0,32062.0,35344.0,0.07528659249623121,0.08868124782022878,1,107.4800033569336,-0.002232973506736659,-0.01339465532399757,https://www.sec.gov/Archives/edgar/data/1104657/000110465724000112/,short,same_date,market + industries,0.10299920556887929,232,2023-08-03,2024-07-05,2024-08-05,2024-08-06,1.200004649481277
MTRN,0001104657-24-000112,2024-08-05,2024-08-05,2024-08-05T20:07:44.000Z,sources/earnings/MTRN_0001104657-24-000112.html,sources/earnings/MTRN_0001104657-24-000112_release.html,2024-08-05,2024-08-06,2024-08-05,date only; next session,"August 5, 2024",0.91,1.15,425866.0,398551.0,32062.0,35344.0,0.07528659249623121,0.08868124782022878,1,107.4800033569336,-0.002232973506736659,-0.01339465532399757,https://www.sec.gov/Archives/edgar/data/1104657/000110465724000112/,wide,conservative,market,0.03156072487802626,232,2023-08-04,2024-07-08,2024-08-05,2024-08-13,1.559737831977869
MTRN,0001104657-24-000112,2024-08-05,2024-08-05,2024-08-05T20:07:44.000Z,sources/earnings/MTRN_0001104657-24-000112.html,sources/earnings/MTRN_0001104657-24-000112_release.html,2024-08-05,2024-08-06,2024-08-05,date only; next session,"August 5, 2024",0.91,1.15,425866.0,398551.0,32062.0,35344.0,0.07528659249623121,0.08868124782022878,1,107.4800033569336,-0.002232973506736659,-0.01339465532399757,https://www.sec.gov/Archives/edgar/data/1104657/000110465724000112/,wide,conservative,market + industries,0.021745687576222673,232,2023-08-04,2024-07-08,2024-08-05,2024-08-13,1.1998319387848007
MTRN,0001104657-24-000112,2024-08-05,2024-08-05,2024-08-05T20:07:44.000Z,sources/earnings/MTRN_0001104657-24-000112.html,sources/earnings/MTRN_0001104657-24-000112_release.html,2024-08-05,2024-08-06,2024-08-05,date only; next session,"August 5, 2024",0.91,1.15,425866.0,398551.0,32062.0,35344.0,0.07528659249623121,0.08868124782022878,1,107.4800033569336,-0.002232973506736659,-0.01339465532399757,https://www.sec.gov/Archives/edgar/data/1104657/000110465724000112/,wide,same_date,market,0.02311303477341109,232,2023-08-03,2024-07-05,2024-08-02,2024-08-12,1.570286815827472
MTRN,0001104657-24-000112,2024-08-05,2024-08-05,2024-08-05T20:07:44.000Z,sources/earnings/MTRN_0001104657-24-000112.html,sources/earnings/MTRN_0001104657-24-000112_release.html,2024-08-05,2024-08-06,2024-08-05,date only; next session,"August 5, 2024",0.91,1.15,425866.0,398551.0,32062.0,35344.0,0.07528659249623121,0.08868124782022878,1,107.4800033569336,-0.002232973506736659,-0.01339465532399757,https://www.sec.gov/Archives/edgar/data/1104657/000110465724000112/,wide,same_date,market + industries,0.022389193690798115,232,2023-08-03,2024-07-05,2024-08-02,2024-08-12,1.200004649481277
MTRN,0001104657-24-000143,2024-10-30,2024-10-30,2024-10-30T11:09:33.000Z,sources/earnings/MTRN_0001104657-24-000143.html,sources/earnings/MTRN_0001104657-24-000143_release.html,2024-10-30,2024-10-31,2024-10-30,date only; next session,"October 30, 2024",1.07,1.27,436715.0,403067.0,31259.0,36520.0,0.07157757347469174,0.09060528398504467,1,106.58999633789062,-0.001876348690040286,-0.01902771051035293,https://www.sec.gov/Archives/edgar/data/1104657/000110465724000143/,primary,conservative,market,0.02530780384385014,232,2023-10-31,2024-10-02,2024-10-30,2024-11-01,1.742061792782503
MTRN,0001104657-24-000143,2024-10-30,2024-10-30,2024-10-30T11:09:33.000Z,sources/earnings/MTRN_0001104657-24-000143.html,sources/earnings/MTRN_0001104657-24-000143_release.html,2024-10-30,2024-10-31,2024-10-30,date only; next session,"October 30, 2024",1.07,1.27,436715.0,403067.0,31259.0,36520.0,0.07157757347469174,0.09060528398504467,1,106.58999633789062,-0.001876348690040286,-0.01902771051035293,https://www.sec.gov/Archives/edgar/data/1104657/000110465724000143/,primary,conservative,market + industries,0.03179590624808825,232,2023-10-31,2024-10-02,2024-10-30,2024-11-01,1.3429566523032679
MTRN,0001104657-24-000143,2024-10-30,2024-10-30,2024-10-30T11:09:33.000Z,sources/earnings/MTRN_0001104657-24-000143.html,sources/earnings/MTRN_0001104657-24-000143_release.html,2024-10-30,2024-10-31,2024-10-30,date only; next session,"October 30, 2024",1.07,1.27,436715.0,403067.0,31259.0,36520.0,0.07157757347469174,0.09060528398504467,1,106.58999633789062,-0.001876348690040286,-0.01902771051035293,https://www.sec.gov/Archives/edgar/data/1104657/000110465724000143/,primary,same_date,market,0.013537383215478272,232,2023-10-30,2024-10-01,2024-10-29,2024-10-31,1.7264892874322062
MTRN,0001104657-24-000143,2024-10-30,2024-10-30,2024-10-30T11:09:33.000Z,sources/earnings/MTRN_0001104657-24-000143.html,sources/earnings/MTRN_0001104657-24-000143_release.html,2024-10-30,2024-10-31,2024-10-30,date only; next session,"October 30, 2024",1.07,1.27,436715.0,403067.0,31259.0,36520.0,0.07157757347469174,0.09060528398504467,1,106.58999633789062,-0.001876348690040286,-0.01902771051035293,https://www.sec.gov/Archives/edgar/data/1104657/000110465724000143/,primary,same_date,market + industries,0.024093147756226542,232,2023-10-30,2024-10-01,2024-10-29,2024-10-31,1.218915868788808
MTRN,0001104657-24-000143,2024-10-30,2024-10-30,2024-10-30T11:09:33.000Z,sources/earnings/MTRN_0001104657-24-000143.html,sources/earnings/MTRN_0001104657-24-000143_release.html,2024-10-30,2024-10-31,2024-10-30,date only; next session,"October 30, 2024",1.07,1.27,436715.0,403067.0,31259.0,36520.0,0.07157757347469174,0.09060528398504467,1,106.58999633789062,-0.001876348690040286,-0.01902771051035293,https://www.sec.gov/Archives/edgar/data/1104657/000110465724000143/,short,conservative,market,0.029898508369446176,232,2023-10-31,2024-10-02,2024-10-31,2024-11-01,1.742061792782503
MTRN,0001104657-24-000143,2024-10-30,2024-10-30,2024-10-30T11:09:33.000Z,sources/earnings/MTRN_0001104657-24-000143.html,sources/earnings/MTRN_0001104657-24-000143_release.html,2024-10-30,2024-10-31,2024-10-30,date only; next session,"October 30, 2024",1.07,1.27,436715.0,403067.0,31259.0,36520.0,0.07157757347469174,0.09060528398504467,1,106.58999633789062,-0.001876348690040286,-0.01902771051035293,https://www.sec.gov/Archives/edgar/data/1104657/000110465724000143/,short,conservative,market + industries,0.0362162513907309,232,2023-10-31,2024-10-02,2024-10-31,2024-11-01,1.3429566523032679
MTRN,0001104657-24-000143,2024-10-30,2024-10-30,2024-10-30T11:09:33.000Z,sources/earnings/MTRN_0001104657-24-000143.html,sources/earnings/MTRN_0001104657-24-000143_release.html,2024-10-30,2024-10-31,2024-10-30,date only; next session,"October 30, 2024",1.07,1.27,436715.0,403067.0,31259.0,36520.0,0.07157757347469174,0.09060528398504467,1,106.58999633789062,-0.001876348690040286,-0.01902771051035293,https://www.sec.gov/Archives/edgar/data/1104657/000110465724000143/,short,same_date,market,-0.004554033211974741,232,2023-10-30,2024-10-01,2024-10-30,2024-10-31,1.7264892874322062
MTRN,0001104657-24-000143,2024-10-30,2024-10-30,2024-10-30T11:09:33.000Z,sources/earnings/MTRN_0001104657-24-000143.html,sources/earnings/MTRN_0001104657-24-000143_release.html,2024-10-30,2024-10-31,2024-10-30,date only; next session,"October 30, 2024",1.07,1.27,436715.0,403067.0,31259.0,36520.0,0.07157757347469174,0.09060528398504467,1,106.58999633789062,-0.001876348690040286,-0.01902771051035293,https://www.sec.gov/Archives/edgar/data/1104657/000110465724000143/,short,same_date,market + industries,0.0014045669930555782,232,2023-10-30,2024-10-01,2024-10-30,2024-10-31,1.218915868788808
MTRN,0001104657-24-000143,2024-10-30,2024-10-30,2024-10-30T11:09:33.000Z,sources/earnings/MTRN_0001104657-24-000143.html,sources/earnings/MTRN_0001104657-24-000143_release.html,2024-10-30,2024-10-31,2024-10-30,date only; next session,"October 30, 2024",1.07,1.27,436715.0,403067.0,31259.0,36520.0,0.07157757347469174,0.09060528398504467,1,106.58999633789062,-0.001876348690040286,-0.01902771051035293,https://www.sec.gov/Archives/edgar/data/1104657/000110465724000143/,wide,conservative,market,0.07871525821318262,232,2023-10-31,2024-10-02,2024-10-30,2024-11-07,1.742061792782503
MTRN,0001104657-24-000143,2024-10-30,2024-10-30,2024-10-30T11:09:33.000Z,sources/earnings/MTRN_0001104657-24-000143.html,sources/earnings/MTRN_0001104657-24-000143_release.html,2024-10-30,2024-10-31,2024-10-30,date only; next session,"October 30, 2024",1.07,1.27,436715.0,403067.0,31259.0,36520.0,0.07157757347469174,0.09060528398504467,1,106.58999633789062,-0.001876348690040286,-0.01902771051035293,https://www.sec.gov/Archives/edgar/data/1104657/000110465724000143/,wide,conservative,market + industries,0.07941223651535943,232,2023-10-31,2024-10-02,2024-10-30,2024-11-07,1.3429566523032679
MTRN,0001104657-24-000143,2024-10-30,2024-10-30,2024-10-30T11:09:33.000Z,sources/earnings/MTRN_0001104657-24-000143.html,sources/earnings/MTRN_0001104657-24-000143_release.html,2024-10-30,2024-10-31,2024-10-30,date only; next session,"October 30, 2024",1.07,1.27,436715.0,403067.0,31259.0,36520.0,0.07157757347469174,0.09060528398504467,1,106.58999633789062,-0.001876348690040286,-0.01902771051035293,https://www.sec.gov/Archives/edgar/data/1104657/000110465724000143/,wide,same_date,market,0.11807021117741315,232,2023-10-30,2024-10-01,2024-10-29,2024-11-06,1.7264892874322062
MTRN,0001104657-24-000143,2024-10-30,2024-10-30,2024-10-30T11:09:33.000Z,sources/earnings/MTRN_0001104657-24-000143.html,sources/earnings/MTRN_0001104657-24-000143_release.html,2024-10-30,2024-10-31,2024-10-30,date only; next session,"October 30, 2024",1.07,1.27,436715.0,403067.0,31259.0,36520.0,0.07157757347469174,0.09060528398504467,1,106.58999633789062,-0.001876348690040286,-0.01902771051035293,https://www.sec.gov/Archives/edgar/data/1104657/000110465724000143/,wide,same_date,market + industries,0.11907380265137611,232,2023-10-30,2024-10-01,2024-10-29,2024-11-06,1.218915868788808
MTRN,0001104657-25-000019,2025-02-19,2025-02-19,2025-02-19T11:49:12.000Z,sources/earnings/MTRN_0001104657-25-000019.html,sources/earnings/MTRN_0001104657-25-000019_release.html,2025-02-19,2025-02-20,2025-02-19,date only; next session,"February 19, 2025",-2.33,0.93,436871.0,421043.0,-38347.0,27640.0,-0.08777648321815822,0.06564650166372556,1,99.73999786376952,-0.03268498165051789,-0.15342298488188377,https://www.sec.gov/Archives/edgar/data/1104657/000110465725000019/,primary,conservative,market,-0.0019588217454965494,232,2024-02-16,2025-01-21,2025-02-19,2025-02-21,1.5962260241763369
MTRN,0001104657-25-000019,2025-02-19,2025-02-19,2025-02-19T11:49:12.000Z,sources/earnings/MTRN_0001104657-25-000019.html,sources/earnings/MTRN_0001104657-25-000019_release.html,2025-02-19,2025-02-20,2025-02-19,date only; next session,"February 19, 2025",-2.33,0.93,436871.0,421043.0,-38347.0,27640.0,-0.08777648321815822,0.06564650166372556,1,99.73999786376952,-0.03268498165051789,-0.15342298488188377,https://www.sec.gov/Archives/edgar/data/1104657/000110465725000019/,primary,conservative,market + industries,0.00707344980761725,232,2024-02-16,2025-01-21,2025-02-19,2025-02-21,1.0924213335537822
MTRN,0001104657-25-000019,2025-02-19,2025-02-19,2025-02-19T11:49:12.000Z,sources/earnings/MTRN_0001104657-25-000019.html,sources/earnings/MTRN_0001104657-25-000019_release.html,2025-02-19,2025-02-20,2025-02-19,date only; next session,"February 19, 2025",-2.33,0.93,436871.0,421043.0,-38347.0,27640.0,-0.08777648321815822,0.06564650166372556,1,99.73999786376952,-0.03268498165051789,-0.15342298488188377,https://www.sec.gov/Archives/edgar/data/1104657/000110465725000019/,primary,same_date,market,0.03838456240619729,232,2024-02-15,2025-01-17,2025-02-18,2025-02-20,1.6248157999650201
MTRN,0001104657-25-000019,2025-02-19,2025-02-19,2025-02-19T11:49:12.000Z,sources/earnings/MTRN_0001104657-25-000019.html,sources/earnings/MTRN_0001104657-25-000019_release.html,2025-02-19,2025-02-20,2025-02-19,date only; next session,"February 19, 2025",-2.33,0.93,436871.0,421043.0,-38347.0,27640.0,-0.08777648321815822,0.06564650166372556,1,99.73999786376952,-0.03268498165051789,-0.15342298488188377,https://www.sec.gov/Archives/edgar/data/1104657/000110465725000019/,primary,same_date,market + industries,0.0402461993922953,232,2024-02-15,2025-01-17,2025-02-18,2025-02-20,1.2091003452738582
MTRN,0001104657-25-000019,2025-02-19,2025-02-19,2025-02-19T11:49:12.000Z,sources/earnings/MTRN_0001104657-25-000019.html,sources/earnings/MTRN_0001104657-25-000019_release.html,2025-02-19,2025-02-20,2025-02-19,date only; next session,"February 19, 2025",-2.33,0.93,436871.0,421043.0,-38347.0,27640.0,-0.08777648321815822,0.06564650166372556,1,99.73999786376952,-0.03268498165051789,-0.15342298488188377,https://www.sec.gov/Archives/edgar/data/1104657/000110465725000019/,short,conservative,market,-0.04058373098049993,232,2024-02-16,2025-01-21,2025-02-20,2025-02-21,1.5962260241763369
MTRN,0001104657-25-000019,2025-02-19,2025-02-19,2025-02-19T11:49:12.000Z,sources/earnings/MTRN_0001104657-25-000019.html,sources/earnings/MTRN_0001104657-25-000019_release.html,2025-02-19,2025-02-20,2025-02-19,date only; next session,"February 19, 2025",-2.33,0.93,436871.0,421043.0,-38347.0,27640.0,-0.08777648321815822,0.06564650166372556,1,99.73999786376952,-0.03268498165051789,-0.15342298488188377,https://www.sec.gov/Archives/edgar/data/1104657/000110465725000019/,short,conservative,market + industries,-0.0330411152771507,232,2024-02-16,2025-01-21,2025-02-20,2025-02-21,1.0924213335537822
MTRN,0001104657-25-000019,2025-02-19,2025-02-19,2025-02-19T11:49:12.000Z,sources/earnings/MTRN_0001104657-25-000019.html,sources/earnings/MTRN_0001104657-25-000019_release.html,2025-02-19,2025-02-20,2025-02-19,date only; next session,"February 19, 2025",-2.33,0.93,436871.0,421043.0,-38347.0,27640.0,-0.08777648321815822,0.06564650166372556,1,99.73999786376952,-0.03268498165051789,-0.15342298488188377,https://www.sec.gov/Archives/edgar/data/1104657/000110465725000019/,short,same_date,market,0.013045685517497713,232,2024-02-15,2025-01-17,2025-02-19,2025-02-20,1.6248157999650201
MTRN,0001104657-25-000019,2025-02-19,2025-02-19,2025-02-19T11:49:12.000Z,sources/earnings/MTRN_0001104657-25-000019.html,sources/earnings/MTRN_0001104657-25-000019_release.html,2025-02-19,2025-02-20,2025-02-19,date only; next session,"February 19, 2025",-2.33,0.93,436871.0,421043.0,-38347.0,27640.0,-0.08777648321815822,0.06564650166372556,1,99.73999786376952,-0.03268498165051789,-0.15342298488188377,https://www.sec.gov/Archives/edgar/data/1104657/000110465725000019/,short,same_date,market + industries,0.017813422120062705,232,2024-02-15,2025-01-17,2025-02-19,2025-02-20,1.2091003452738582
MTRN,0001104657-25-000019,2025-02-19,2025-02-19,2025-02-19T11:49:12.000Z,sources/earnings/MTRN_0001104657-25-000019.html,sources/earnings/MTRN_0001104657-25-000019_release.html,2025-02-19,2025-02-20,2025-02-19,date only; next session,"February 19, 2025",-2.33,0.93,436871.0,421043.0,-38347.0,27640.0,-0.08777648321815822,0.06564650166372556,1,99.73999786376952,-0.03268498165051789,-0.15342298488188377,https://www.sec.gov/Archives/edgar/data/1104657/000110465725000019/,wide,conservative,market,-0.008357654196185213,232,2024-02-16,2025-01-21,2025-02-19,2025-02-27,1.5962260241763369
MTRN,0001104657-25-000019,2025-02-19,2025-02-19,2025-02-19T11:49:12.000Z,sources/earnings/MTRN_0001104657-25-000019.html,sources/earnings/MTRN_0001104657-25-000019_release.html,2025-02-19,2025-02-20,2025-02-19,date only; next session,"February 19, 2025",-2.33,0.93,436871.0,421043.0,-38347.0,27640.0,-0.08777648321815822,0.06564650166372556,1,99.73999786376952,-0.03268498165051789,-0.15342298488188377,https://www.sec.gov/Archives/edgar/data/1104657/000110465725000019/,wide,conservative,market + industries,-0.01617139766933899,232,2024-02-16,2025-01-21,2025-02-19,2025-02-27,1.0924213335537822
MTRN,0001104657-25-000019,2025-02-19,2025-02-19,2025-02-19T11:49:12.000Z,sources/earnings/MTRN_0001104657-25-000019.html,sources/earnings/MTRN_0001104657-25-000019_release.html,2025-02-19,2025-02-20,2025-02-19,date only; next session,"February 19, 2025",-2.33,0.93,436871.0,421043.0,-38347.0,27640.0,-0.08777648321815822,0.06564650166372556,1,99.73999786376952,-0.03268498165051789,-0.15342298488188377,https://www.sec.gov/Archives/edgar/data/1104657/000110465725000019/,wide,same_date,market,0.016644450014503036,232,2024-02-15,2025-01-17,2025-02-18,2025-02-26,1.6248157999650201
MTRN,0001104657-25-000019,2025-02-19,2025-02-19,2025-02-19T11:49:12.000Z,sources/earnings/MTRN_0001104657-25-000019.html,sources/earnings/MTRN_0001104657-25-000019_release.html,2025-02-19,2025-02-20,2025-02-19,date only; next session,"February 19, 2025",-2.33,0.93,436871.0,421043.0,-38347.0,27640.0,-0.08777648321815822,0.06564650166372556,1,99.73999786376952,-0.03268498165051789,-0.15342298488188377,https://www.sec.gov/Archives/edgar/data/1104657/000110465725000019/,wide,same_date,market + industries,0.015117949909117084,232,2024-02-15,2025-01-17,2025-02-18,2025-02-26,1.2091003452738582
MTRN,0001104657-25-000056,2025-05-01,2025-05-01,2025-05-01T10:49:26.000Z,sources/earnings/MTRN_0001104657-25-000056.html,sources/earnings/MTRN_0001104657-25-000056_release.html,2025-05-01,2025-05-02,2025-05-01,date only; next session,"May 1, 2025",0.85,0.64,420330.0,385287.0,27195.0,22249.0,0.06469916494183142,0.05774656295177361,1,83.01000213623047,0.002529815619753412,0.006952601990057809,https://www.sec.gov/Archives/edgar/data/1104657/000110465725000056/,primary,conservative,market,-0.06074069757605022,232,2024-04-30,2025-04-02,2025-05-01,2025-05-05,1.5791825357041007
MTRN,0001104657-25-000056,2025-05-01,2025-05-01,2025-05-01T10:49:26.000Z,sources/earnings/MTRN_0001104657-25-000056.html,sources/earnings/MTRN_0001104657-25-000056_release.html,2025-05-01,2025-05-02,2025-05-01,date only; next session,"May 1, 2025",0.85,0.64,420330.0,385287.0,27195.0,22249.0,0.06469916494183142,0.05774656295177361,1,83.01000213623047,0.002529815619753412,0.006952601990057809,https://www.sec.gov/Archives/edgar/data/1104657/000110465725000056/,primary,conservative,market + industries,-0.06616058325121113,232,2024-04-30,2025-04-02,2025-05-01,2025-05-05,1.1280864438170046
MTRN,0001104657-25-000056,2025-05-01,2025-05-01,2025-05-01T10:49:26.000Z,sources/earnings/MTRN_0001104657-25-000056.html,sources/earnings/MTRN_0001104657-25-000056_release.html,2025-05-01,2025-05-02,2025-05-01,date only; next session,"May 1, 2025",0.85,0.64,420330.0,385287.0,27195.0,22249.0,0.06469916494183142,0.05774656295177361,1,83.01000213623047,0.002529815619753412,0.006952601990057809,https://www.sec.gov/Archives/edgar/data/1104657/000110465725000056/,primary,same_date,market,-0.04307420030825685,232,2024-04-29,2025-04-01,2025-04-30,2025-05-02,1.5746848504060493
MTRN,0001104657-25-000056,2025-05-01,2025-05-01,2025-05-01T10:49:26.000Z,sources/earnings/MTRN_0001104657-25-000056.html,sources/earnings/MTRN_0001104657-25-000056_release.html,2025-05-01,2025-05-02,2025-05-01,date only; next session,"May 1, 2025",0.85,0.64,420330.0,385287.0,27195.0,22249.0,0.06469916494183142,0.05774656295177361,1,83.01000213623047,0.002529815619753412,0.006952601990057809,https://www.sec.gov/Archives/edgar/data/1104657/000110465725000056/,primary,same_date,market + industries,-0.048020750481822486,232,2024-04-29,2025-04-01,2025-04-30,2025-05-02,1.1121903604489374
MTRN,0001104657-25-000056,2025-05-01,2025-05-01,2025-05-01T10:49:26.000Z,sources/earnings/MTRN_0001104657-25-000056.html,sources/earnings/MTRN_0001104657-25-000056_release.html,2025-05-01,2025-05-02,2025-05-01,date only; next session,"May 1, 2025",0.85,0.64,420330.0,385287.0,27195.0,22249.0,0.06469916494183142,0.05774656295177361,1,83.01000213623047,0.002529815619753412,0.006952601990057809,https://www.sec.gov/Archives/edgar/data/1104657/000110465725000056/,short,conservative,market,-0.06660847415478177,232,2024-04-30,2025-04-02,2025-05-02,2025-05-05,1.5791825357041007
MTRN,0001104657-25-000056,2025-05-01,2025-05-01,2025-05-01T10:49:26.000Z,sources/earnings/MTRN_0001104657-25-000056.html,sources/earnings/MTRN_0001104657-25-000056_release.html,2025-05-01,2025-05-02,2025-05-01,date only; next session,"May 1, 2025",0.85,0.64,420330.0,385287.0,27195.0,22249.0,0.06469916494183142,0.05774656295177361,1,83.01000213623047,0.002529815619753412,0.006952601990057809,https://www.sec.gov/Archives/edgar/data/1104657/000110465725000056/,short,conservative,market + industries,-0.0709185088186549,232,2024-04-30,2025-04-02,2025-05-02,2025-05-05,1.1280864438170046
MTRN,0001104657-25-000056,2025-05-01,2025-05-01,2025-05-01T10:49:26.000Z,sources/earnings/MTRN_0001104657-25-000056.html,sources/earnings/MTRN_0001104657-25-000056_release.html,2025-05-01,2025-05-02,2025-05-01,date only; next session,"May 1, 2025",0.85,0.64,420330.0,385287.0,27195.0,22249.0,0.06469916494183142,0.05774656295177361,1,83.01000213623047,0.002529815619753412,0.006952601990057809,https://www.sec.gov/Archives/edgar/data/1104657/000110465725000056/,short,same_date,market,-0.04280783145700875,232,2024-04-29,2025-04-01,2025-05-01,2025-05-02,1.5746848504060493
MTRN,0001104657-25-000056,2025-05-01,2025-05-01,2025-05-01T10:49:26.000Z,sources/earnings/MTRN_0001104657-25-000056.html,sources/earnings/MTRN_0001104657-25-000056_release.html,2025-05-01,2025-05-02,2025-05-01,date only; next session,"May 1, 2025",0.85,0.64,420330.0,385287.0,27195.0,22249.0,0.06469916494183142,0.05774656295177361,1,83.01000213623047,0.002529815619753412,0.006952601990057809,https://www.sec.gov/Archives/edgar/data/1104657/000110465725000056/,short,same_date,market + industries,-0.04634898217008199,232,2024-04-29,2025-04-01,2025-05-01,2025-05-02,1.1121903604489374
MTRN,0001104657-25-000056,2025-05-01,2025-05-01,2025-05-01T10:49:26.000Z,sources/earnings/MTRN_0001104657-25-000056.html,sources/earnings/MTRN_0001104657-25-000056_release.html,2025-05-01,2025-05-02,2025-05-01,date only; next session,"May 1, 2025",0.85,0.64,420330.0,385287.0,27195.0,22249.0,0.06469916494183142,0.05774656295177361,1,83.01000213623047,0.002529815619753412,0.006952601990057809,https://www.sec.gov/Archives/edgar/data/1104657/000110465725000056/,wide,conservative,market,-0.10437775682477424,232,2024-04-30,2025-04-02,2025-05-01,2025-05-09,1.5791825357041007
MTRN,0001104657-25-000056,2025-05-01,2025-05-01,2025-05-01T10:49:26.000Z,sources/earnings/MTRN_0001104657-25-000056.html,sources/earnings/MTRN_0001104657-25-000056_release.html,2025-05-01,2025-05-02,2025-05-01,date only; next session,"May 1, 2025",0.85,0.64,420330.0,385287.0,27195.0,22249.0,0.06469916494183142,0.05774656295177361,1,83.01000213623047,0.002529815619753412,0.006952601990057809,https://www.sec.gov/Archives/edgar/data/1104657/000110465725000056/,wide,conservative,market + industries,-0.11567096360451168,232,2024-04-30,2025-04-02,2025-05-01,2025-05-09,1.1280864438170046
MTRN,0001104657-25-000056,2025-05-01,2025-05-01,2025-05-01T10:49:26.000Z,sources/earnings/MTRN_0001104657-25-000056.html,sources/earnings/MTRN_0001104657-25-000056_release.html,2025-05-01,2025-05-02,2025-05-01,date only; next session,"May 1, 2025",0.85,0.64,420330.0,385287.0,27195.0,22249.0,0.06469916494183142,0.05774656295177361,1,83.01000213623047,0.002529815619753412,0.006952601990057809,https://www.sec.gov/Archives/edgar/data/1104657/000110465725000056/,wide,same_date,market,-0.10526921149393595,232,2024-04-29,2025-04-01,2025-04-30,2025-05-08,1.5746848504060493
MTRN,0001104657-25-000056,2025-05-01,2025-05-01,2025-05-01T10:49:26.000Z,sources/earnings/MTRN_0001104657-25-000056.html,sources/earnings/MTRN_0001104657-25-000056_release.html,2025-05-01,2025-05-02,2025-05-01,date only; next session,"May 1, 2025",0.85,0.64,420330.0,385287.0,27195.0,22249.0,0.06469916494183142,0.05774656295177361,1,83.01000213623047,0.002529815619753412,0.006952601990057809,https://www.sec.gov/Archives/edgar/data/1104657/000110465725000056/,wide,same_date,market + industries,-0.11722062277061888,232,2024-04-29,2025-04-01,2025-04-30,2025-05-08,1.1121903604489374
MTRN,0001104657-25-000140,2025-07-30,2025-07-30,2025-07-30T10:52:32.000Z,sources/earnings/MTRN_0001104657-25-000140.html,sources/earnings/MTRN_0001104657-25-000140_release.html,2025-07-30,2025-07-31,2025-07-30,date only; next session,"July 30, 2025",1.21,0.91,431658.0,425866.0,36819.0,32062.0,0.08529669321546224,0.07528659249623121,1,92.05999755859376,0.0032587443836184964,0.01001010071923103,https://www.sec.gov/Archives/edgar/data/1104657/000110465725000140/,primary,conservative,market,0.1698596707751353,232,2024-07-29,2025-07-01,2025-07-30,2025-08-01,1.198802604864614
MTRN,0001104657-25-000140,2025-07-30,2025-07-30,2025-07-30T10:52:32.000Z,sources/earnings/MTRN_0001104657-25-000140.html,sources/earnings/MTRN_0001104657-25-000140_release.html,2025-07-30,2025-07-31,2025-07-30,date only; next session,"July 30, 2025",1.21,0.91,431658.0,425866.0,36819.0,32062.0,0.08529669321546224,0.07528659249623121,1,92.05999755859376,0.0032587443836184964,0.01001010071923103,https://www.sec.gov/Archives/edgar/data/1104657/000110465725000140/,primary,conservative,market + industries,0.16737579555774387,232,2024-07-29,2025-07-01,2025-07-30,2025-08-01,0.6514311943798241
MTRN,0001104657-25-000140,2025-07-30,2025-07-30,2025-07-30T10:52:32.000Z,sources/earnings/MTRN_0001104657-25-000140.html,sources/earnings/MTRN_0001104657-25-000140_release.html,2025-07-30,2025-07-31,2025-07-30,date only; next session,"July 30, 2025",1.21,0.91,431658.0,425866.0,36819.0,32062.0,0.08529669321546224,0.07528659249623121,1,92.05999755859376,0.0032587443836184964,0.01001010071923103,https://www.sec.gov/Archives/edgar/data/1104657/000110465725000140/,primary,same_date,market,0.1361185856653263,232,2024-07-26,2025-06-30,2025-07-29,2025-07-31,1.2017529712507051
MTRN,0001104657-25-000140,2025-07-30,2025-07-30,2025-07-30T10:52:32.000Z,sources/earnings/MTRN_0001104657-25-000140.html,sources/earnings/MTRN_0001104657-25-000140_release.html,2025-07-30,2025-07-31,2025-07-30,date only; next session,"July 30, 2025",1.21,0.91,431658.0,425866.0,36819.0,32062.0,0.08529669321546224,0.07528659249623121,1,92.05999755859376,0.0032587443836184964,0.01001010071923103,https://www.sec.gov/Archives/edgar/data/1104657/000110465725000140/,primary,same_date,market + industries,0.13846573021707548,232,2024-07-26,2025-06-30,2025-07-29,2025-07-31,0.6039305239447879
MTRN,0001104657-25-000140,2025-07-30,2025-07-30,2025-07-30T10:52:32.000Z,sources/earnings/MTRN_0001104657-25-000140.html,sources/earnings/MTRN_0001104657-25-000140_release.html,2025-07-30,2025-07-31,2025-07-30,date only; next session,"July 30, 2025",1.21,0.91,431658.0,425866.0,36819.0,32062.0,0.08529669321546224,0.07528659249623121,1,92.05999755859376,0.0032587443836184964,0.01001010071923103,https://www.sec.gov/Archives/edgar/data/1104657/000110465725000140/,short,conservative,market,0.06250115007914459,232,2024-07-29,2025-07-01,2025-07-31,2025-08-01,1.198802604864614
MTRN,0001104657-25-000140,2025-07-30,2025-07-30,2025-07-30T10:52:32.000Z,sources/earnings/MTRN_0001104657-25-000140.html,sources/earnings/MTRN_0001104657-25-000140_release.html,2025-07-30,2025-07-31,2025-07-30,date only; next session,"July 30, 2025",1.21,0.91,431658.0,425866.0,36819.0,32062.0,0.08529669321546224,0.07528659249623121,1,92.05999755859376,0.0032587443836184964,0.01001010071923103,https://www.sec.gov/Archives/edgar/data/1104657/000110465725000140/,short,conservative,market + industries,0.0635573500001667,232,2024-07-29,2025-07-01,2025-07-31,2025-08-01,0.6514311943798241
MTRN,0001104657-25-000140,2025-07-30,2025-07-30,2025-07-30T10:52:32.000Z,sources/earnings/MTRN_0001104657-25-000140.html,sources/earnings/MTRN_0001104657-25-000140_release.html,2025-07-30,2025-07-31,2025-07-30,date only; next session,"July 30, 2025",1.21,0.91,431658.0,425866.0,36819.0,32062.0,0.08529669321546224,0.07528659249623121,1,92.05999755859376,0.0032587443836184964,0.01001010071923103,https://www.sec.gov/Archives/edgar/data/1104657/000110465725000140/,short,same_date,market,0.15052659256874576,232,2024-07-26,2025-06-30,2025-07-30,2025-07-31,1.2017529712507051
MTRN,0001104657-25-000140,2025-07-30,2025-07-30,2025-07-30T10:52:32.000Z,sources/earnings/MTRN_0001104657-25-000140.html,sources/earnings/MTRN_0001104657-25-000140_release.html,2025-07-30,2025-07-31,2025-07-30,date only; next session,"July 30, 2025",1.21,0.91,431658.0,425866.0,36819.0,32062.0,0.08529669321546224,0.07528659249623121,1,92.05999755859376,0.0032587443836184964,0.01001010071923103,https://www.sec.gov/Archives/edgar/data/1104657/000110465725000140/,short,same_date,market + industries,0.1539304162976223,232,2024-07-26,2025-06-30,2025-07-30,2025-07-31,0.6039305239447879
MTRN,0001104657-25-000140,2025-07-30,2025-07-30,2025-07-30T10:52:32.000Z,sources/earnings/MTRN_0001104657-25-000140.html,sources/earnings/MTRN_0001104657-25-000140_release.html,2025-07-30,2025-07-31,2025-07-30,date only; next session,"July 30, 2025",1.21,0.91,431658.0,425866.0,36819.0,32062.0,0.08529669321546224,0.07528659249623121,1,92.05999755859376,0.0032587443836184964,0.01001010071923103,https://www.sec.gov/Archives/edgar/data/1104657/000110465725000140/,wide,conservative,market,0.1963968796827236,232,2024-07-29,2025-07-01,2025-07-30,2025-08-07,1.198802604864614
MTRN,0001104657-25-000140,2025-07-30,2025-07-30,2025-07-30T10:52:32.000Z,sources/earnings/MTRN_0001104657-25-000140.html,sources/earnings/MTRN_0001104657-25-000140_release.html,2025-07-30,2025-07-31,2025-07-30,date only; next session,"July 30, 2025",1.21,0.91,431658.0,425866.0,36819.0,32062.0,0.08529669321546224,0.07528659249623121,1,92.05999755859376,0.0032587443836184964,0.01001010071923103,https://www.sec.gov/Archives/edgar/data/1104657/000110465725000140/,wide,conservative,market + industries,0.1986689591858881,232,2024-07-29,2025-07-01,2025-07-30,2025-08-07,0.6514311943798241
MTRN,0001104657-25-000140,2025-07-30,2025-07-30,2025-07-30T10:52:32.000Z,sources/earnings/MTRN_0001104657-25-000140.html,sources/earnings/MTRN_0001104657-25-000140_release.html,2025-07-30,2025-07-31,2025-07-30,date only; next session,"July 30, 2025",1.21,0.91,431658.0,425866.0,36819.0,32062.0,0.08529669321546224,0.07528659249623121,1,92.05999755859376,0.0032587443836184964,0.01001010071923103,https://www.sec.gov/Archives/edgar/data/1104657/000110465725000140/,wide,same_date,market,0.17956962689485448,232,2024-07-26,2025-06-30,2025-07-29,2025-08-06,1.2017529712507051
MTRN,0001104657-25-000140,2025-07-30,2025-07-30,2025-07-30T10:52:32.000Z,sources/earnings/MTRN_0001104657-25-000140.html,sources/earnings/MTRN_0001104657-25-000140_release.html,2025-07-30,2025-07-31,2025-07-30,date only; next session,"July 30, 2025",1.21,0.91,431658.0,425866.0,36819.0,32062.0,0.08529669321546224,0.07528659249623121,1,92.05999755859376,0.0032587443836184964,0.01001010071923103,https://www.sec.gov/Archives/edgar/data/1104657/000110465725000140/,wide,same_date,market + industries,0.18487587817442167,232,2024-07-26,2025-06-30,2025-07-29,2025-08-06,0.6039305239447879
MTRN,0001104657-25-000186,2025-10-29,2025-10-29,2025-10-29T10:48:03.000Z,sources/earnings/MTRN_0001104657-25-000186.html,sources/earnings/MTRN_0001104657-25-000186_release.html,2025-10-29,2025-10-30,2025-10-29,date only; next session,"October 29, 2025",1.22,1.07,444808.0,436715.0,34943.0,31259.0,0.07855748997320192,0.07157757347469174,1,133.88999938964844,0.0011203226580311495,0.00697991649851018,https://www.sec.gov/Archives/edgar/data/1104657/000110465725000186/,primary,conservative,market,-0.13844620223019646,232,2024-10-28,2025-10-01,2025-10-29,2025-10-31,1.0825931257983947
MTRN,0001104657-25-000186,2025-10-29,2025-10-29,2025-10-29T10:48:03.000Z,sources/earnings/MTRN_0001104657-25-000186.html,sources/earnings/MTRN_0001104657-25-000186_release.html,2025-10-29,2025-10-30,2025-10-29,date only; next session,"October 29, 2025",1.22,1.07,444808.0,436715.0,34943.0,31259.0,0.07855748997320192,0.07157757347469174,1,133.88999938964844,0.0011203226580311495,0.00697991649851018,https://www.sec.gov/Archives/edgar/data/1104657/000110465725000186/,primary,conservative,market + industries,-0.14257544855389853,232,2024-10-28,2025-10-01,2025-10-29,2025-10-31,0.5640332757163237
MTRN,0001104657-25-000186,2025-10-29,2025-10-29,2025-10-29T10:48:03.000Z,sources/earnings/MTRN_0001104657-25-000186.html,sources/earnings/MTRN_0001104657-25-000186_release.html,2025-10-29,2025-10-30,2025-10-29,date only; next session,"October 29, 2025",1.22,1.07,444808.0,436715.0,34943.0,31259.0,0.07855748997320192,0.07157757347469174,1,133.88999938964844,0.0011203226580311495,0.00697991649851018,https://www.sec.gov/Archives/edgar/data/1104657/000110465725000186/,primary,same_date,market,-0.11709866718791698,232,2024-10-25,2025-09-30,2025-10-28,2025-10-30,1.081935613557433
MTRN,0001104657-25-000186,2025-10-29,2025-10-29,2025-10-29T10:48:03.000Z,sources/earnings/MTRN_0001104657-25-000186.html,sources/earnings/MTRN_0001104657-25-000186_release.html,2025-10-29,2025-10-30,2025-10-29,date only; next session,"October 29, 2025",1.22,1.07,444808.0,436715.0,34943.0,31259.0,0.07855748997320192,0.07157757347469174,1,133.88999938964844,0.0011203226580311495,0.00697991649851018,https://www.sec.gov/Archives/edgar/data/1104657/000110465725000186/,primary,same_date,market + industries,-0.11972063004373515,232,2024-10-25,2025-09-30,2025-10-28,2025-10-30,0.5729843864641713
MTRN,0001104657-25-000186,2025-10-29,2025-10-29,2025-10-29T10:48:03.000Z,sources/earnings/MTRN_0001104657-25-000186.html,sources/earnings/MTRN_0001104657-25-000186_release.html,2025-10-29,2025-10-30,2025-10-29,date only; next session,"October 29, 2025",1.22,1.07,444808.0,436715.0,34943.0,31259.0,0.07855748997320192,0.07157757347469174,1,133.88999938964844,0.0011203226580311495,0.00697991649851018,https://www.sec.gov/Archives/edgar/data/1104657/000110465725000186/,short,conservative,market,-0.004975530022624963,232,2024-10-28,2025-10-01,2025-10-30,2025-10-31,1.0825931257983947
MTRN,0001104657-25-000186,2025-10-29,2025-10-29,2025-10-29T10:48:03.000Z,sources/earnings/MTRN_0001104657-25-000186.html,sources/earnings/MTRN_0001104657-25-000186_release.html,2025-10-29,2025-10-30,2025-10-29,date only; next session,"October 29, 2025",1.22,1.07,444808.0,436715.0,34943.0,31259.0,0.07855748997320192,0.07157757347469174,1,133.88999938964844,0.0011203226580311495,0.00697991649851018,https://www.sec.gov/Archives/edgar/data/1104657/000110465725000186/,short,conservative,market + industries,-0.005416537194372505,232,2024-10-28,2025-10-01,2025-10-30,2025-10-31,0.5640332757163237
MTRN,0001104657-25-000186,2025-10-29,2025-10-29,2025-10-29T10:48:03.000Z,sources/earnings/MTRN_0001104657-25-000186.html,sources/earnings/MTRN_0001104657-25-000186_release.html,2025-10-29,2025-10-30,2025-10-29,date only; next session,"October 29, 2025",1.22,1.07,444808.0,436715.0,34943.0,31259.0,0.07855748997320192,0.07157757347469174,1,133.88999938964844,0.0011203226580311495,0.00697991649851018,https://www.sec.gov/Archives/edgar/data/1104657/000110465725000186/,short,same_date,market,-0.12692174228745606,232,2024-10-25,2025-09-30,2025-10-29,2025-10-30,1.081935613557433
MTRN,0001104657-25-000186,2025-10-29,2025-10-29,2025-10-29T10:48:03.000Z,sources/earnings/MTRN_0001104657-25-000186.html,sources/earnings/MTRN_0001104657-25-000186_release.html,2025-10-29,2025-10-30,2025-10-29,date only; next session,"October 29, 2025",1.22,1.07,444808.0,436715.0,34943.0,31259.0,0.07855748997320192,0.07157757347469174,1,133.88999938964844,0.0011203226580311495,0.00697991649851018,https://www.sec.gov/Archives/edgar/data/1104657/000110465725000186/,short,same_date,market + industries,-0.1315257473235565,232,2024-10-25,2025-09-30,2025-10-29,2025-10-30,0.5729843864641713
MTRN,0001104657-25-000186,2025-10-29,2025-10-29,2025-10-29T10:48:03.000Z,sources/earnings/MTRN_0001104657-25-000186.html,sources/earnings/MTRN_0001104657-25-000186_release.html,2025-10-29,2025-10-30,2025-10-29,date only; next session,"October 29, 2025",1.22,1.07,444808.0,436715.0,34943.0,31259.0,0.07855748997320192,0.07157757347469174,1,133.88999938964844,0.0011203226580311495,0.00697991649851018,https://www.sec.gov/Archives/edgar/data/1104657/000110465725000186/,wide,conservative,market,-0.11511292336082221,232,2024-10-28,2025-10-01,2025-10-29,2025-11-06,1.0825931257983947
MTRN,0001104657-25-000186,2025-10-29,2025-10-29,2025-10-29T10:48:03.000Z,sources/earnings/MTRN_0001104657-25-000186.html,sources/earnings/MTRN_0001104657-25-000186_release.html,2025-10-29,2025-10-30,2025-10-29,date only; next session,"October 29, 2025",1.22,1.07,444808.0,436715.0,34943.0,31259.0,0.07855748997320192,0.07157757347469174,1,133.88999938964844,0.0011203226580311495,0.00697991649851018,https://www.sec.gov/Archives/edgar/data/1104657/000110465725000186/,wide,conservative,market + industries,-0.11585131519451697,232,2024-10-28,2025-10-01,2025-10-29,2025-11-06,0.5640332757163237
MTRN,0001104657-25-000186,2025-10-29,2025-10-29,2025-10-29T10:48:03.000Z,sources/earnings/MTRN_0001104657-25-000186.html,sources/earnings/MTRN_0001104657-25-000186_release.html,2025-10-29,2025-10-30,2025-10-29,date only; next session,"October 29, 2025",1.22,1.07,444808.0,436715.0,34943.0,31259.0,0.07855748997320192,0.07157757347469174,1,133.88999938964844,0.0011203226580311495,0.00697991649851018,https://www.sec.gov/Archives/edgar/data/1104657/000110465725000186/,wide,same_date,market,-0.1092166509195634,232,2024-10-25,2025-09-30,2025-10-28,2025-11-05,1.081935613557433
MTRN,0001104657-25-000186,2025-10-29,2025-10-29,2025-10-29T10:48:03.000Z,sources/earnings/MTRN_0001104657-25-000186.html,sources/earnings/MTRN_0001104657-25-000186_release.html,2025-10-29,2025-10-30,2025-10-29,date only; next session,"October 29, 2025",1.22,1.07,444808.0,436715.0,34943.0,31259.0,0.07855748997320192,0.07157757347469174,1,133.88999938964844,0.0011203226580311495,0.00697991649851018,https://www.sec.gov/Archives/edgar/data/1104657/000110465725000186/,wide,same_date,market + industries,-0.1098380329020488,232,2024-10-25,2025-09-30,2025-10-28,2025-11-05,0.5729843864641713
MTRN,0001104657-26-000006,2026-02-12,2026-02-12,2026-02-12T11:48:16.000Z,sources/earnings/MTRN_0001104657-26-000006.html,sources/earnings/MTRN_0001104657-26-000006_release.html,2026-02-12,2026-02-13,2026-02-12,date only; next session,"February 12, 2026",0.31,-2.33,489754.0,436871.0,10839.0,-38347.0,0.02213151908917538,-0.08777648321815822,1,157.11000061035156,0.016803513396626245,0.1099080023073336,https://www.sec.gov/Archives/edgar/data/1104657/000110465726000006/,primary,conservative,market,-0.01336134737520911,232,2025-02-12,2026-01-14,2026-02-12,2026-02-17,1.0662180054414716
MTRN,0001104657-26-000006,2026-02-12,2026-02-12,2026-02-12T11:48:16.000Z,sources/earnings/MTRN_0001104657-26-000006.html,sources/earnings/MTRN_0001104657-26-000006_release.html,2026-02-12,2026-02-13,2026-02-12,date only; next session,"February 12, 2026",0.31,-2.33,489754.0,436871.0,10839.0,-38347.0,0.02213151908917538,-0.08777648321815822,1,157.11000061035156,0.016803513396626245,0.1099080023073336,https://www.sec.gov/Archives/edgar/data/1104657/000110465726000006/,primary,conservative,market + industries,-0.01710961911125702,232,2025-02-12,2026-01-14,2026-02-12,2026-02-17,0.4495608734014431
MTRN,0001104657-26-000006,2026-02-12,2026-02-12,2026-02-12T11:48:16.000Z,sources/earnings/MTRN_0001104657-26-000006.html,sources/earnings/MTRN_0001104657-26-000006_release.html,2026-02-12,2026-02-13,2026-02-12,date only; next session,"February 12, 2026",0.31,-2.33,489754.0,436871.0,10839.0,-38347.0,0.02213151908917538,-0.08777648321815822,1,157.11000061035156,0.016803513396626245,0.1099080023073336,https://www.sec.gov/Archives/edgar/data/1104657/000110465726000006/,primary,same_date,market,0.07266314917560307,232,2025-02-11,2026-01-13,2026-02-11,2026-02-13,1.0751634679725826
MTRN,0001104657-26-000006,2026-02-12,2026-02-12,2026-02-12T11:48:16.000Z,sources/earnings/MTRN_0001104657-26-000006.html,sources/earnings/MTRN_0001104657-26-000006_release.html,2026-02-12,2026-02-13,2026-02-12,date only; next session,"February 12, 2026",0.31,-2.33,489754.0,436871.0,10839.0,-38347.0,0.02213151908917538,-0.08777648321815822,1,157.11000061035156,0.016803513396626245,0.1099080023073336,https://www.sec.gov/Archives/edgar/data/1104657/000110465726000006/,primary,same_date,market + industries,0.06157081029062588,232,2025-02-11,2026-01-13,2026-02-11,2026-02-13,0.49202342352366296
MTRN,0001104657-26-000006,2026-02-12,2026-02-12,2026-02-12T11:48:16.000Z,sources/earnings/MTRN_0001104657-26-000006.html,sources/earnings/MTRN_0001104657-26-000006_release.html,2026-02-12,2026-02-13,2026-02-12,date only; next session,"February 12, 2026",0.31,-2.33,489754.0,436871.0,10839.0,-38347.0,0.02213151908917538,-0.08777648321815822,1,157.11000061035156,0.016803513396626245,0.1099080023073336,https://www.sec.gov/Archives/edgar/data/1104657/000110465726000006/,short,conservative,market,-0.04060439250867673,232,2025-02-12,2026-01-14,2026-02-13,2026-02-17,1.0662180054414716
MTRN,0001104657-26-000006,2026-02-12,2026-02-12,2026-02-12T11:48:16.000Z,sources/earnings/MTRN_0001104657-26-000006.html,sources/earnings/MTRN_0001104657-26-000006_release.html,2026-02-12,2026-02-13,2026-02-12,date only; next session,"February 12, 2026",0.31,-2.33,489754.0,436871.0,10839.0,-38347.0,0.02213151908917538,-0.08777648321815822,1,157.11000061035156,0.016803513396626245,0.1099080023073336,https://www.sec.gov/Archives/edgar/data/1104657/000110465726000006/,short,conservative,market + industries,-0.04237925414180627,232,2025-02-12,2026-01-14,2026-02-13,2026-02-17,0.4495608734014431
MTRN,0001104657-26-000006,2026-02-12,2026-02-12,2026-02-12T11:48:16.000Z,sources/earnings/MTRN_0001104657-26-000006.html,sources/earnings/MTRN_0001104657-26-000006_release.html,2026-02-12,2026-02-13,2026-02-12,date only; next session,"February 12, 2026",0.31,-2.33,489754.0,436871.0,10839.0,-38347.0,0.02213151908917538,-0.08777648321815822,1,157.11000061035156,0.016803513396626245,0.1099080023073336,https://www.sec.gov/Archives/edgar/data/1104657/000110465726000006/,short,same_date,market,0.03017798834812036,232,2025-02-11,2026-01-13,2026-02-12,2026-02-13,1.0751634679725826
MTRN,0001104657-26-000006,2026-02-12,2026-02-12,2026-02-12T11:48:16.000Z,sources/earnings/MTRN_0001104657-26-000006.html,sources/earnings/MTRN_0001104657-26-000006_release.html,2026-02-12,2026-02-13,2026-02-12,date only; next session,"February 12, 2026",0.31,-2.33,489754.0,436871.0,10839.0,-38347.0,0.02213151908917538,-0.08777648321815822,1,157.11000061035156,0.016803513396626245,0.1099080023073336,https://www.sec.gov/Archives/edgar/data/1104657/000110465726000006/,short,same_date,market + industries,0.026255326996315206,232,2025-02-11,2026-01-13,2026-02-12,2026-02-13,0.49202342352366296
MTRN,0001104657-26-000006,2026-02-12,2026-02-12,2026-02-12T11:48:16.000Z,sources/earnings/MTRN_0001104657-26-000006.html,sources/earnings/MTRN_0001104657-26-000006_release.html,2026-02-12,2026-02-13,2026-02-12,date only; next session,"February 12, 2026",0.31,-2.33,489754.0,436871.0,10839.0,-38347.0,0.02213151908917538,-0.08777648321815822,1,157.11000061035156,0.016803513396626245,0.1099080023073336,https://www.sec.gov/Archives/edgar/data/1104657/000110465726000006/,wide,conservative,market,-0.0640635130201477,232,2025-02-12,2026-01-14,2026-02-12,2026-02-23,1.0662180054414716
MTRN,0001104657-26-000006,2026-02-12,2026-02-12,2026-02-12T11:48:16.000Z,sources/earnings/MTRN_0001104657-26-000006.html,sources/earnings/MTRN_0001104657-26-000006_release.html,2026-02-12,2026-02-13,2026-02-12,date only; next session,"February 12, 2026",0.31,-2.33,489754.0,436871.0,10839.0,-38347.0,0.02213151908917538,-0.08777648321815822,1,157.11000061035156,0.016803513396626245,0.1099080023073336,https://www.sec.gov/Archives/edgar/data/1104657/000110465726000006/,wide,conservative,market + industries,-0.07002218767812347,232,2025-02-12,2026-01-14,2026-02-12,2026-02-23,0.4495608734014431
MTRN,0001104657-26-000006,2026-02-12,2026-02-12,2026-02-12T11:48:16.000Z,sources/earnings/MTRN_0001104657-26-000006.html,sources/earnings/MTRN_0001104657-26-000006_release.html,2026-02-12,2026-02-13,2026-02-12,date only; next session,"February 12, 2026",0.31,-2.33,489754.0,436871.0,10839.0,-38347.0,0.02213151908917538,-0.08777648321815822,1,157.11000061035156,0.016803513396626245,0.1099080023073336,https://www.sec.gov/Archives/edgar/data/1104657/000110465726000006/,wide,same_date,market,-0.010510085721568547,232,2025-02-11,2026-01-13,2026-02-11,2026-02-20,1.0751634679725826
MTRN,0001104657-26-000006,2026-02-12,2026-02-12,2026-02-12T11:48:16.000Z,sources/earnings/MTRN_0001104657-26-000006.html,sources/earnings/MTRN_0001104657-26-000006_release.html,2026-02-12,2026-02-13,2026-02-12,date only; next session,"February 12, 2026",0.31,-2.33,489754.0,436871.0,10839.0,-38347.0,0.02213151908917538,-0.08777648321815822,1,157.11000061035156,0.016803513396626245,0.1099080023073336,https://www.sec.gov/Archives/edgar/data/1104657/000110465726000006/,wide,same_date,market + industries,-0.019404132969195062,232,2025-02-11,2026-01-13,2026-02-11,2026-02-20,0.49202342352366296
MTRN,0001104657-26-000026,2026-04-29,2026-04-29,2026-04-29T10:47:59.000Z,sources/earnings/MTRN_0001104657-26-000026.html,sources/earnings/MTRN_0001104657-26-000026_release.html,2026-04-29,2026-04-30,2026-04-29,date only; next session,"April 29, 2026",0.92,0.85,549824.0,420330.0,28175.0,27195.0,0.05124367070189734,0.06469916494183142,1,177.27999877929688,0.00039485559838674147,-0.013455494239934085,https://www.sec.gov/Archives/edgar/data/1104657/000110465726000026/,primary,conservative,market,0.03862231603433572,232,2025-04-29,2026-03-31,2026-04-29,2026-05-01,1.5240816154352093
MTRN,0001104657-26-000026,2026-04-29,2026-04-29,2026-04-29T10:47:59.000Z,sources/earnings/MTRN_0001104657-26-000026.html,sources/earnings/MTRN_0001104657-26-000026_release.html,2026-04-29,2026-04-30,2026-04-29,date only; next session,"April 29, 2026",0.92,0.85,549824.0,420330.0,28175.0,27195.0,0.05124367070189734,0.06469916494183142,1,177.27999877929688,0.00039485559838674147,-0.013455494239934085,https://www.sec.gov/Archives/edgar/data/1104657/000110465726000026/,primary,conservative,market + industries,0.03361812019692546,232,2025-04-29,2026-03-31,2026-04-29,2026-05-01,0.941266048244213
MTRN,0001104657-26-000026,2026-04-29,2026-04-29,2026-04-29T10:47:59.000Z,sources/earnings/MTRN_0001104657-26-000026.html,sources/earnings/MTRN_0001104657-26-000026_release.html,2026-04-29,2026-04-30,2026-04-29,date only; next session,"April 29, 2026",0.92,0.85,549824.0,420330.0,28175.0,27195.0,0.05124367070189734,0.06469916494183142,1,177.27999877929688,0.00039485559838674147,-0.013455494239934085,https://www.sec.gov/Archives/edgar/data/1104657/000110465726000026/,primary,same_date,market,0.003028528654797996,232,2025-04-28,2026-03-30,2026-04-28,2026-04-30,1.5100286132556202
MTRN,0001104657-26-000026,2026-04-29,2026-04-29,2026-04-29T10:47:59.000Z,sources/earnings/MTRN_0001104657-26-000026.html,sources/earnings/MTRN_0001104657-26-000026_release.html,2026-04-29,2026-04-30,2026-04-29,date only; next session,"April 29, 2026",0.92,0.85,549824.0,420330.0,28175.0,27195.0,0.05124367070189734,0.06469916494183142,1,177.27999877929688,0.00039485559838674147,-0.013455494239934085,https://www.sec.gov/Archives/edgar/data/1104657/000110465726000026/,primary,same_date,market + industries,0.0019110390941723954,232,2025-04-28,2026-03-30,2026-04-28,2026-04-30,0.9341939331822953
MTRN,0001104657-26-000026,2026-04-29,2026-04-29,2026-04-29T10:47:59.000Z,sources/earnings/MTRN_0001104657-26-000026.html,sources/earnings/MTRN_0001104657-26-000026_release.html,2026-04-29,2026-04-30,2026-04-29,date only; next session,"April 29, 2026",0.92,0.85,549824.0,420330.0,28175.0,27195.0,0.05124367070189734,0.06469916494183142,1,177.27999877929688,0.00039485559838674147,-0.013455494239934085,https://www.sec.gov/Archives/edgar/data/1104657/000110465726000026/,short,conservative,market,0.06672466565531535,232,2025-04-29,2026-03-31,2026-04-30,2026-05-01,1.5240816154352093
MTRN,0001104657-26-000026,2026-04-29,2026-04-29,2026-04-29T10:47:59.000Z,sources/earnings/MTRN_0001104657-26-000026.html,sources/earnings/MTRN_0001104657-26-000026_release.html,2026-04-29,2026-04-30,2026-04-29,date only; next session,"April 29, 2026",0.92,0.85,549824.0,420330.0,28175.0,27195.0,0.05124367070189734,0.06469916494183142,1,177.27999877929688,0.00039485559838674147,-0.013455494239934085,https://www.sec.gov/Archives/edgar/data/1104657/000110465726000026/,short,conservative,market + industries,0.06481303396718882,232,2025-04-29,2026-03-31,2026-04-30,2026-05-01,0.941266048244213
MTRN,0001104657-26-000026,2026-04-29,2026-04-29,2026-04-29T10:47:59.000Z,sources/earnings/MTRN_0001104657-26-000026.html,sources/earnings/MTRN_0001104657-26-000026_release.html,2026-04-29,2026-04-30,2026-04-29,date only; next session,"April 29, 2026",0.92,0.85,549824.0,420330.0,28175.0,27195.0,0.05124367070189734,0.06469916494183142,1,177.27999877929688,0.00039485559838674147,-0.013455494239934085,https://www.sec.gov/Archives/edgar/data/1104657/000110465726000026/,short,same_date,market,0.020730389901490686,232,2025-04-28,2026-03-30,2026-04-29,2026-04-30,1.5100286132556202
MTRN,0001104657-26-000026,2026-04-29,2026-04-29,2026-04-29T10:47:59.000Z,sources/earnings/MTRN_0001104657-26-000026.html,sources/earnings/MTRN_0001104657-26-000026_release.html,2026-04-29,2026-04-30,2026-04-29,date only; next session,"April 29, 2026",0.92,0.85,549824.0,420330.0,28175.0,27195.0,0.05124367070189734,0.06469916494183142,1,177.27999877929688,0.00039485559838674147,-0.013455494239934085,https://www.sec.gov/Archives/edgar/data/1104657/000110465726000026/,short,same_date,market + industries,0.014006339690997523,232,2025-04-28,2026-03-30,2026-04-29,2026-04-30,0.9341939331822953
MTRN,0001104657-26-000026,2026-04-29,2026-04-29,2026-04-29T10:47:59.000Z,sources/earnings/MTRN_0001104657-26-000026.html,sources/earnings/MTRN_0001104657-26-000026_release.html,2026-04-29,2026-04-30,2026-04-29,date only; next session,"April 29, 2026",0.92,0.85,549824.0,420330.0,28175.0,27195.0,0.05124367070189734,0.06469916494183142,1,177.27999877929688,0.00039485559838674147,-0.013455494239934085,https://www.sec.gov/Archives/edgar/data/1104657/000110465726000026/,wide,conservative,market,0.025271741140001393,232,2025-04-29,2026-03-31,2026-04-29,2026-05-07,1.5240816154352093
MTRN,0001104657-26-000026,2026-04-29,2026-04-29,2026-04-29T10:47:59.000Z,sources/earnings/MTRN_0001104657-26-000026.html,sources/earnings/MTRN_0001104657-26-000026_release.html,2026-04-29,2026-04-30,2026-04-29,date only; next session,"April 29, 2026",0.92,0.85,549824.0,420330.0,28175.0,27195.0,0.05124367070189734,0.06469916494183142,1,177.27999877929688,0.00039485559838674147,-0.013455494239934085,https://www.sec.gov/Archives/edgar/data/1104657/000110465726000026/,wide,conservative,market + industries,0.013104463214309407,232,2025-04-29,2026-03-31,2026-04-29,2026-05-07,0.941266048244213
MTRN,0001104657-26-000026,2026-04-29,2026-04-29,2026-04-29T10:47:59.000Z,sources/earnings/MTRN_0001104657-26-000026.html,sources/earnings/MTRN_0001104657-26-000026_release.html,2026-04-29,2026-04-30,2026-04-29,date only; next session,"April 29, 2026",0.92,0.85,549824.0,420330.0,28175.0,27195.0,0.05124367070189734,0.06469916494183142,1,177.27999877929688,0.00039485559838674147,-0.013455494239934085,https://www.sec.gov/Archives/edgar/data/1104657/000110465726000026/,wide,same_date,market,0.03481849456705956,232,2025-04-28,2026-03-30,2026-04-28,2026-05-06,1.5100286132556202
MTRN,0001104657-26-000026,2026-04-29,2026-04-29,2026-04-29T10:47:59.000Z,sources/earnings/MTRN_0001104657-26-000026.html,sources/earnings/MTRN_0001104657-26-000026_release.html,2026-04-29,2026-04-30,2026-04-29,date only; next session,"April 29, 2026",0.92,0.85,549824.0,420330.0,28175.0,27195.0,0.05124367070189734,0.06469916494183142,1,177.27999877929688,0.00039485559838674147,-0.013455494239934085,https://www.sec.gov/Archives/edgar/data/1104657/000110465726000026/,wide,same_date,market + industries,0.022398149062421248,232,2025-04-28,2026-03-30,2026-04-28,2026-05-06,0.9341939331822953
MTRN,0001104657-26-000042,2026-08-05,2026-08-05,2026-08-05T10:47:53.000Z,sources/earnings/MTRN_0001104657-26-000042.html,sources/earnings/MTRN_0001104657-26-000042_release.html,2026-08-05,2026-08-06,2026-08-05,date only; next session,"August 5, 2026",1.84,1.21,613906.0,431658.0,51711.0,36819.0,0.08423276527676876,0.08529669321546224,1,227.1000061035156,0.0027741082477683275,-0.0010639279386934763,https://www.sec.gov/Archives/edgar/data/1104657/000110465726000042/,primary,conservative,market,0.27460089771679413,232,2025-08-05,2026-07-08,2026-08-05,2026-08-07,1.8320727327232758
MTRN,0001104657-26-000042,2026-08-05,2026-08-05,2026-08-05T10:47:53.000Z,sources/earnings/MTRN_0001104657-26-000042.html,sources/earnings/MTRN_0001104657-26-000042_release.html,2026-08-05,2026-08-06,2026-08-05,date only; next session,"August 5, 2026",1.84,1.21,613906.0,431658.0,51711.0,36819.0,0.08423276527676876,0.08529669321546224,1,227.1000061035156,0.0027741082477683275,-0.0010639279386934763,https://www.sec.gov/Archives/edgar/data/1104657/000110465726000042/,primary,conservative,market + industries,0.2794825148349653,232,2025-08-05,2026-07-08,2026-08-05,2026-08-07,0.47642697028682834
MTRN,0001104657-26-000042,2026-08-05,2026-08-05,2026-08-05T10:47:53.000Z,sources/earnings/MTRN_0001104657-26-000042.html,sources/earnings/MTRN_0001104657-26-000042_release.html,2026-08-05,2026-08-06,2026-08-05,date only; next session,"August 5, 2026",1.84,1.21,613906.0,431658.0,51711.0,36819.0,0.08423276527676876,0.08529669321546224,1,227.1000061035156,0.0027741082477683275,-0.0010639279386934763,https://www.sec.gov/Archives/edgar/data/1104657/000110465726000042/,primary,same_date,market,0.27364038129373325,232,2025-08-04,2026-07-07,2026-08-04,2026-08-06,1.810190219336308
MTRN,0001104657-26-000042,2026-08-05,2026-08-05,2026-08-05T10:47:53.000Z,sources/earnings/MTRN_0001104657-26-000042.html,sources/earnings/MTRN_0001104657-26-000042_release.html,2026-08-05,2026-08-06,2026-08-05,date only; next session,"August 5, 2026",1.84,1.21,613906.0,431658.0,51711.0,36819.0,0.08423276527676876,0.08529669321546224,1,227.1000061035156,0.0027741082477683275,-0.0010639279386934763,https://www.sec.gov/Archives/edgar/data/1104657/000110465726000042/,primary,same_date,market + industries,0.2699976204361802,232,2025-08-04,2026-07-07,2026-08-04,2026-08-06,0.45257650556128537
MTRN,0001104657-26-000042,2026-08-05,2026-08-05,2026-08-05T10:47:53.000Z,sources/earnings/MTRN_0001104657-26-000042.html,sources/earnings/MTRN_0001104657-26-000042_release.html,2026-08-05,2026-08-06,2026-08-05,date only; next session,"August 5, 2026",1.84,1.21,613906.0,431658.0,51711.0,36819.0,0.08423276527676876,0.08529669321546224,1,227.1000061035156,0.0027741082477683275,-0.0010639279386934763,https://www.sec.gov/Archives/edgar/data/1104657/000110465726000042/,short,conservative,market,-0.034554002057080827,232,2025-08-05,2026-07-08,2026-08-06,2026-08-07,1.8320727327232758
MTRN,0001104657-26-000042,2026-08-05,2026-08-05,2026-08-05T10:47:53.000Z,sources/earnings/MTRN_0001104657-26-000042.html,sources/earnings/MTRN_0001104657-26-000042_release.html,2026-08-05,2026-08-06,2026-08-05,date only; next session,"August 5, 2026",1.84,1.21,613906.0,431658.0,51711.0,36819.0,0.08423276527676876,0.08529669321546224,1,227.1000061035156,0.0027741082477683275,-0.0010639279386934763,https://www.sec.gov/Archives/edgar/data/1104657/000110465726000042/,short,conservative,market + industries,-0.03420410429035059,232,2025-08-05,2026-07-08,2026-08-06,2026-08-07,0.47642697028682834
MTRN,0001104657-26-000042,2026-08-05,2026-08-05,2026-08-05T10:47:53.000Z,sources/earnings/MTRN_0001104657-26-000042.html,sources/earnings/MTRN_0001104657-26-000042_release.html,2026-08-05,2026-08-06,2026-08-05,date only; next session,"August 5, 2026",1.84,1.21,613906.0,431658.0,51711.0,36819.0,0.08423276527676876,0.08529669321546224,1,227.1000061035156,0.0027741082477683275,-0.0010639279386934763,https://www.sec.gov/Archives/edgar/data/1104657/000110465726000042/,short,same_date,market,0.24624797825052822,232,2025-08-04,2026-07-07,2026-08-05,2026-08-06,1.810190219336308
MTRN,0001104657-26-000042,2026-08-05,2026-08-05,2026-08-05T10:47:53.000Z,sources/earnings/MTRN_0001104657-26-000042.html,sources/earnings/MTRN_0001104657-26-000042_release.html,2026-08-05,2026-08-06,2026-08-05,date only; next session,"August 5, 2026",1.84,1.21,613906.0,431658.0,51711.0,36819.0,0.08423276527676876,0.08529669321546224,1,227.1000061035156,0.0027741082477683275,-0.0010639279386934763,https://www.sec.gov/Archives/edgar/data/1104657/000110465726000042/,short,same_date,market + industries,0.25104120745825076,232,2025-08-04,2026-07-07,2026-08-05,2026-08-06,0.45257650556128537
MTRN,0001104657-26-000042,2026-08-05,2026-08-05,2026-08-05T10:47:53.000Z,sources/earnings/MTRN_0001104657-26-000042.html,sources/earnings/MTRN_0001104657-26-000042_release.html,2026-08-05,2026-08-06,2026-08-05,date only; next session,"August 5, 2026",1.84,1.21,613906.0,431658.0,51711.0,36819.0,0.08423276527676876,0.08529669321546224,1,227.1000061035156,0.0027741082477683275,-0.0010639279386934763,https://www.sec.gov/Archives/edgar/data/1104657/000110465726000042/,wide,conservative,market,0.2268685607464888,232,2025-08-05,2026-07-08,2026-08-05,2026-08-13,1.8320727327232758
MTRN,0001104657-26-000042,2026-08-05,2026-08-05,2026-08-05T10:47:53.000Z,sources/earnings/MTRN_0001104657-26-000042.html,sources/earnings/MTRN_0001104657-26-000042_release.html,2026-08-05,2026-08-06,2026-08-05,date only; next session,"August 5, 2026",1.84,1.21,613906.0,431658.0,51711.0,36819.0,0.08423276527676876,0.08529669321546224,1,227.1000061035156,0.0027741082477683275,-0.0010639279386934763,https://www.sec.gov/Archives/edgar/data/1104657/000110465726000042/,wide,conservative,market + industries,0.2389380897073662,232,2025-08-05,2026-07-08,2026-08-05,2026-08-13,0.47642697028682834
MTRN,0001104657-26-000042,2026-08-05,2026-08-05,2026-08-05T10:47:53.000Z,sources/earnings/MTRN_0001104657-26-000042.html,sources/earnings/MTRN_0001104657-26-000042_release.html,2026-08-05,2026-08-06,2026-08-05,date only; next session,"August 5, 2026",1.84,1.21,613906.0,431658.0,51711.0,36819.0,0.08423276527676876,0.08529669321546224,1,227.1000061035156,0.0027741082477683275,-0.0010639279386934763,https://www.sec.gov/Archives/edgar/data/1104657/000110465726000042/,wide,same_date,market,0.27363412974699325,232,2025-08-04,2026-07-07,2026-08-04,2026-08-12,1.810190219336308
MTRN,0001104657-26-000042,2026-08-05,2026-08-05,2026-08-05T10:47:53.000Z,sources/earnings/MTRN_0001104657-26-000042.html,sources/earnings/MTRN_0001104657-26-000042_release.html,2026-08-05,2026-08-06,2026-08-05,date only; next session,"August 5, 2026",1.84,1.21,613906.0,431658.0,51711.0,36819.0,0.08423276527676876,0.08529669321546224,1,227.1000061035156,0.0027741082477683275,-0.0010639279386934763,https://www.sec.gov/Archives/edgar/data/1104657/000110465726000042/,wide,same_date,market + industries,0.2670974071733842,232,2025-08-04,2026-07-07,2026-08-04,2026-08-12,0.45257650556128537
