ticker,asof,metric,first_filed_for_period,vintage_status,start,end,val,accn,fy,fp,form,filed,tag,priority,unit,namespace,days,available,frame,source_note,manual_verified,source_url
MTRN,2015-12-31,revenue,2015-02-27,same value as earliest filing,2014-01-01,2014-12-31,1126890000.0,0001104657-15-000021,2014.0,FY,10-K,2015-02-27,SalesRevenueGoodsNet,2,USD,us-gaap,365,2015-03-02,,,,https://www.sec.gov/Archives/edgar/data/1104657/000110465715000021/
MTRN,2015-12-31,revenue,2015-11-02,same value as earliest filing,2015-01-01,2015-10-02,811233000.0,0001104657-15-000120,2015.0,Q3,10-Q,2015-11-02,SalesRevenueGoodsNet,2,USD,us-gaap,275,2015-11-03,,,,https://www.sec.gov/Archives/edgar/data/1104657/000110465715000120/
MTRN,2015-12-31,revenue,2015-11-02,same value as earliest filing,2015-01-01,2015-10-02,811233000.0,0001104657-15-000120,2015.0,Q3,10-Q,2015-11-02,SalesRevenueGoodsNet,2,USD,us-gaap,275,2015-11-03,,,,https://www.sec.gov/Archives/edgar/data/1104657/000110465715000120/
MTRN,2015-12-31,revenue,2014-10-30,same value as earliest filing,2014-01-01,2014-09-26,838465000.0,0001104657-15-000120,2015.0,Q3,10-Q,2015-11-02,SalesRevenueGoodsNet,2,USD,us-gaap,269,2015-11-03,,,,https://www.sec.gov/Archives/edgar/data/1104657/000110465715000120/
MTRN,2015-12-31,operating_income,2015-02-27,same value as earliest filing,2014-01-01,2014-12-31,56957000.0,0001104657-15-000021,2014.0,FY,10-K,2015-02-27,OperatingIncomeLoss,0,USD,us-gaap,365,2015-03-02,,,,https://www.sec.gov/Archives/edgar/data/1104657/000110465715000021/
MTRN,2015-12-31,operating_income,2015-11-02,same value as earliest filing,2015-01-01,2015-10-02,37204000.0,0001104657-15-000120,2015.0,Q3,10-Q,2015-11-02,OperatingIncomeLoss,0,USD,us-gaap,275,2015-11-03,,,,https://www.sec.gov/Archives/edgar/data/1104657/000110465715000120/
MTRN,2015-12-31,operating_income,2015-11-02,same value as earliest filing,2015-01-01,2015-10-02,37204000.0,0001104657-15-000120,2015.0,Q3,10-Q,2015-11-02,OperatingIncomeLoss,0,USD,us-gaap,275,2015-11-03,,,,https://www.sec.gov/Archives/edgar/data/1104657/000110465715000120/
MTRN,2015-12-31,operating_income,2014-10-30,changed from earliest filed value,2014-01-01,2014-09-26,43226000.0,0001104657-15-000120,2015.0,Q3,10-Q,2015-11-02,OperatingIncomeLoss,0,USD,us-gaap,269,2015-11-03,,,,https://www.sec.gov/Archives/edgar/data/1104657/000110465715000120/
MTRN,2015-12-31,net_income,2015-02-27,same value as earliest filing,2014-01-01,2014-12-31,41721000.0,0001104657-15-000021,2014.0,FY,10-K,2015-02-27,NetIncomeLoss,0,USD,us-gaap,365,2015-03-02,,,,https://www.sec.gov/Archives/edgar/data/1104657/000110465715000021/
MTRN,2015-12-31,net_income,2015-11-02,same value as earliest filing,2015-01-01,2015-10-02,25443000.0,0001104657-15-000120,2015.0,Q3,10-Q,2015-11-02,NetIncomeLoss,0,USD,us-gaap,275,2015-11-03,,,,https://www.sec.gov/Archives/edgar/data/1104657/000110465715000120/
MTRN,2015-12-31,net_income,2015-11-02,same value as earliest filing,2015-01-01,2015-10-02,25443000.0,0001104657-15-000120,2015.0,Q3,10-Q,2015-11-02,NetIncomeLoss,0,USD,us-gaap,275,2015-11-03,,,,https://www.sec.gov/Archives/edgar/data/1104657/000110465715000120/
MTRN,2015-12-31,net_income,2014-10-30,changed from earliest filed value,2014-01-01,2014-09-26,29865000.0,0001104657-15-000120,2015.0,Q3,10-Q,2015-11-02,NetIncomeLoss,0,USD,us-gaap,269,2015-11-03,,,,https://www.sec.gov/Archives/edgar/data/1104657/000110465715000120/
MTRN,2015-12-31,cfo,2015-02-27,same value as earliest filing,2014-01-01,2014-12-31,60281000.0,0001104657-15-000021,2014.0,FY,10-K,2015-02-27,NetCashProvidedByUsedInOperatingActivities,0,USD,us-gaap,365,2015-03-02,,,,https://www.sec.gov/Archives/edgar/data/1104657/000110465715000021/
MTRN,2015-12-31,cfo,2015-11-02,same value as earliest filing,2015-01-01,2015-10-02,44844000.0,0001104657-15-000120,2015.0,Q3,10-Q,2015-11-02,NetCashProvidedByUsedInOperatingActivities,0,USD,us-gaap,275,2015-11-03,,,,https://www.sec.gov/Archives/edgar/data/1104657/000110465715000120/
MTRN,2015-12-31,cfo,2015-11-02,same value as earliest filing,2015-01-01,2015-10-02,44844000.0,0001104657-15-000120,2015.0,Q3,10-Q,2015-11-02,NetCashProvidedByUsedInOperatingActivities,0,USD,us-gaap,275,2015-11-03,,,,https://www.sec.gov/Archives/edgar/data/1104657/000110465715000120/
MTRN,2015-12-31,cfo,2014-10-30,same value as earliest filing,2014-01-01,2014-09-26,21027000.0,0001104657-15-000120,2015.0,Q3,10-Q,2015-11-02,NetCashProvidedByUsedInOperatingActivities,0,USD,us-gaap,269,2015-11-03,,,,https://www.sec.gov/Archives/edgar/data/1104657/000110465715000120/
MTRN,2015-12-31,equipment_capex,2015-02-27,same value as earliest filing,2014-01-01,2014-12-31,29312000.0,0001104657-15-000021,2014.0,FY,10-K,2015-02-27,PaymentsToAcquirePropertyPlantAndEquipment,1,USD,us-gaap,365,2015-03-02,,,,https://www.sec.gov/Archives/edgar/data/1104657/000110465715000021/
MTRN,2015-12-31,equipment_capex,2015-11-02,same value as earliest filing,2015-01-01,2015-10-02,24085000.0,0001104657-15-000120,2015.0,Q3,10-Q,2015-11-02,PaymentsToAcquirePropertyPlantAndEquipment,1,USD,us-gaap,275,2015-11-03,,,,https://www.sec.gov/Archives/edgar/data/1104657/000110465715000120/
MTRN,2015-12-31,equipment_capex,2015-11-02,same value as earliest filing,2015-01-01,2015-10-02,24085000.0,0001104657-15-000120,2015.0,Q3,10-Q,2015-11-02,PaymentsToAcquirePropertyPlantAndEquipment,1,USD,us-gaap,275,2015-11-03,,,,https://www.sec.gov/Archives/edgar/data/1104657/000110465715000120/
MTRN,2015-12-31,equipment_capex,2014-10-30,same value as earliest filing,2014-01-01,2014-09-26,19843000.0,0001104657-15-000120,2015.0,Q3,10-Q,2015-11-02,PaymentsToAcquirePropertyPlantAndEquipment,1,USD,us-gaap,269,2015-11-03,,,,https://www.sec.gov/Archives/edgar/data/1104657/000110465715000120/
MTRN,2015-12-31,da,2015-02-27,same value as earliest filing,2014-01-01,2014-12-31,42721000.0,0001104657-15-000021,2014.0,FY,10-K,2015-02-27,DepreciationDepletionAndAmortization,0,USD,us-gaap,365,2015-03-02,,,,https://www.sec.gov/Archives/edgar/data/1104657/000110465715000021/
MTRN,2015-12-31,da,2015-11-02,same value as earliest filing,2015-01-01,2015-10-02,26069000.0,0001104657-15-000120,2015.0,Q3,10-Q,2015-11-02,DepreciationDepletionAndAmortization,0,USD,us-gaap,275,2015-11-03,,,,https://www.sec.gov/Archives/edgar/data/1104657/000110465715000120/
MTRN,2015-12-31,da,2015-11-02,same value as earliest filing,2015-01-01,2015-10-02,26069000.0,0001104657-15-000120,2015.0,Q3,10-Q,2015-11-02,DepreciationDepletionAndAmortization,0,USD,us-gaap,275,2015-11-03,,,,https://www.sec.gov/Archives/edgar/data/1104657/000110465715000120/
MTRN,2015-12-31,da,2014-10-30,changed from earliest filed value,2014-01-01,2014-09-26,26808000.0,0001104657-15-000120,2015.0,Q3,10-Q,2015-11-02,DepreciationDepletionAndAmortization,0,USD,us-gaap,269,2015-11-03,,,,https://www.sec.gov/Archives/edgar/data/1104657/000110465715000120/
MTRN,2015-12-31,mine_capex,2015-02-27,same value as earliest filing,2014-01-01,2014-12-31,1247000.0,0001104657-15-000021,2014.0,FY,10-K,2015-02-27,PaymentsToAcquireMiningAssets,0,USD,us-gaap,365,2015-03-02,,,,https://www.sec.gov/Archives/edgar/data/1104657/000110465715000021/
MTRN,2015-12-31,mine_capex,2012-08-08,same value as earliest filing,2012-01-01,2012-06-29,822000.0,0001193125-12-343102,2012.0,Q2,10-Q,2012-08-08,PaymentsToAcquireMiningAssets,0,USD,us-gaap,181,2012-08-09,,,,https://www.sec.gov/Archives/edgar/data/1104657/000119312512343102/
MTRN,2015-12-31,rolling_disclosed_diluted_eps,2015-02-27,same value as earliest filing,2014-01-01,2014-12-31,2.0,0001104657-15-000021,2014.0,FY,10-K,2015-02-27,EarningsPerShareDiluted,0,USD/shares,us-gaap,365,2015-03-02,,,,https://www.sec.gov/Archives/edgar/data/1104657/000110465715000021/
MTRN,2015-12-31,rolling_disclosed_diluted_eps,2015-11-02,same value as earliest filing,2015-01-01,2015-10-02,1.24,0001104657-15-000120,2015.0,Q3,10-Q,2015-11-02,EarningsPerShareDiluted,0,USD/shares,us-gaap,275,2015-11-03,,,,https://www.sec.gov/Archives/edgar/data/1104657/000110465715000120/
MTRN,2015-12-31,rolling_disclosed_diluted_eps,2015-11-02,same value as earliest filing,2015-01-01,2015-10-02,1.24,0001104657-15-000120,2015.0,Q3,10-Q,2015-11-02,EarningsPerShareDiluted,0,USD/shares,us-gaap,275,2015-11-03,,,,https://www.sec.gov/Archives/edgar/data/1104657/000110465715000120/
MTRN,2015-12-31,rolling_disclosed_diluted_eps,2014-10-30,same value as earliest filing,2014-01-01,2014-09-26,1.42,0001104657-15-000120,2015.0,Q3,10-Q,2015-11-02,EarningsPerShareDiluted,0,USD/shares,us-gaap,269,2015-11-03,,,,https://www.sec.gov/Archives/edgar/data/1104657/000110465715000120/
MTRN,2015-12-31,actual_shares,2015-11-02,same value as earliest filing,,2015-10-23,20002054.0,0001104657-15-000120,2015.0,Q3,10-Q,2015-11-02,EntityCommonStockSharesOutstanding,0,shares,dei,0,2015-11-03,CY2015Q3I,,,https://www.sec.gov/Archives/edgar/data/1104657/000110465715000120/
MTRN,2015-12-31,cash,2015-11-02,same value as earliest filing,,2015-10-02,24826000.0,0001104657-15-000120,2015.0,Q3,10-Q,2015-11-02,CashAndCashEquivalentsAtCarryingValue,0,USD,us-gaap,0,2015-11-03,,,,https://www.sec.gov/Archives/edgar/data/1104657/000110465715000120/
MTRN,2015-12-31,assets,2015-11-02,same value as earliest filing,,2015-10-02,774137000.0,0001104657-15-000120,2015.0,Q3,10-Q,2015-11-02,Assets,0,USD,us-gaap,0,2015-11-03,CY2015Q3I,,,https://www.sec.gov/Archives/edgar/data/1104657/000110465715000120/
MTRN,2015-12-31,equity,2015-11-02,same value as earliest filing,,2015-10-02,475136000.0,0001104657-15-000120,2015.0,Q3,10-Q,2015-11-02,StockholdersEquity,0,USD,us-gaap,0,2015-11-03,CY2015Q3I,,,https://www.sec.gov/Archives/edgar/data/1104657/000110465715000120/
MTRN,2015-12-31,debt_noncurrent,2015-11-02,same value as earliest filing,,2015-10-02,31038000.0,0001104657-15-000120,2015.0,Q3,10-Q,2015-11-02,LongTermDebtNoncurrent,0,USD,us-gaap,0,2015-11-03,CY2015Q3I,,,https://www.sec.gov/Archives/edgar/data/1104657/000110465715000120/
MTRN,2020-12-31,revenue,2020-02-13,same value as earliest filing,2019-01-01,2019-12-31,1185424000.0,0001104657-20-000013,2019.0,FY,10-K,2020-02-13,RevenueFromContractWithCustomerExcludingAssessedTax,0,USD,us-gaap,365,2020-02-14,,,,https://www.sec.gov/Archives/edgar/data/1104657/000110465720000013/
MTRN,2020-12-31,revenue,2020-10-22,same value as earliest filing,2020-01-01,2020-09-25,836585000.0,0001104657-20-000117,2020.0,Q3,10-Q,2020-10-22,RevenueFromContractWithCustomerExcludingAssessedTax,0,USD,us-gaap,269,2020-10-23,,,,https://www.sec.gov/Archives/edgar/data/1104657/000110465720000117/
MTRN,2020-12-31,revenue,2020-10-22,same value as earliest filing,2020-01-01,2020-09-25,836585000.0,0001104657-20-000117,2020.0,Q3,10-Q,2020-10-22,RevenueFromContractWithCustomerExcludingAssessedTax,0,USD,us-gaap,269,2020-10-23,,,,https://www.sec.gov/Archives/edgar/data/1104657/000110465720000117/
MTRN,2020-12-31,revenue,2019-10-24,same value as earliest filing,2019-01-01,2019-09-27,905263000.0,0001104657-20-000117,2020.0,Q3,10-Q,2020-10-22,RevenueFromContractWithCustomerExcludingAssessedTax,0,USD,us-gaap,270,2020-10-23,,,,https://www.sec.gov/Archives/edgar/data/1104657/000110465720000117/
MTRN,2020-12-31,operating_income,2020-02-13,same value as earliest filing,2019-01-01,2019-12-31,67000000.0,0001104657-20-000013,2019.0,FY,10-K,2020-02-13,OperatingIncomeLoss,0,USD,us-gaap,365,2020-02-14,,,,https://www.sec.gov/Archives/edgar/data/1104657/000110465720000013/
MTRN,2020-12-31,operating_income,2020-10-22,same value as earliest filing,2020-01-01,2020-09-25,4856000.0,0001104657-20-000117,2020.0,Q3,10-Q,2020-10-22,OperatingIncomeLoss,0,USD,us-gaap,269,2020-10-23,,,,https://www.sec.gov/Archives/edgar/data/1104657/000110465720000117/
MTRN,2020-12-31,operating_income,2020-10-22,same value as earliest filing,2020-01-01,2020-09-25,4856000.0,0001104657-20-000117,2020.0,Q3,10-Q,2020-10-22,OperatingIncomeLoss,0,USD,us-gaap,269,2020-10-23,,,,https://www.sec.gov/Archives/edgar/data/1104657/000110465720000117/
MTRN,2020-12-31,operating_income,2019-10-24,same value as earliest filing,2019-01-01,2019-09-27,50426000.0,0001104657-20-000117,2020.0,Q3,10-Q,2020-10-22,OperatingIncomeLoss,0,USD,us-gaap,270,2020-10-23,,,,https://www.sec.gov/Archives/edgar/data/1104657/000110465720000117/
MTRN,2020-12-31,net_income,2020-02-13,same value as earliest filing,2019-01-01,2019-12-31,50660000.0,0001104657-20-000013,2019.0,FY,10-K,2020-02-13,NetIncomeLoss,0,USD,us-gaap,365,2020-02-14,,,,https://www.sec.gov/Archives/edgar/data/1104657/000110465720000013/
MTRN,2020-12-31,net_income,2020-10-22,same value as earliest filing,2020-01-01,2020-09-25,10071000.0,0001104657-20-000117,2020.0,Q3,10-Q,2020-10-22,NetIncomeLoss,0,USD,us-gaap,269,2020-10-23,,,,https://www.sec.gov/Archives/edgar/data/1104657/000110465720000117/
MTRN,2020-12-31,net_income,2020-10-22,same value as earliest filing,2020-01-01,2020-09-25,10071000.0,0001104657-20-000117,2020.0,Q3,10-Q,2020-10-22,NetIncomeLoss,0,USD,us-gaap,269,2020-10-23,,,,https://www.sec.gov/Archives/edgar/data/1104657/000110465720000117/
MTRN,2020-12-31,net_income,2019-10-24,same value as earliest filing,2019-01-01,2019-09-27,35909000.0,0001104657-20-000117,2020.0,Q3,10-Q,2020-10-22,NetIncomeLoss,0,USD,us-gaap,270,2020-10-23,,,,https://www.sec.gov/Archives/edgar/data/1104657/000110465720000117/
MTRN,2020-12-31,cfo,2020-02-13,same value as earliest filing,2019-01-01,2019-12-31,99222000.0,0001104657-20-000013,2019.0,FY,10-K,2020-02-13,NetCashProvidedByUsedInOperatingActivities,0,USD,us-gaap,365,2020-02-14,,,,https://www.sec.gov/Archives/edgar/data/1104657/000110465720000013/
MTRN,2020-12-31,cfo,2020-10-22,same value as earliest filing,2020-01-01,2020-09-25,79444000.0,0001104657-20-000117,2020.0,Q3,10-Q,2020-10-22,NetCashProvidedByUsedInOperatingActivities,0,USD,us-gaap,269,2020-10-23,,,,https://www.sec.gov/Archives/edgar/data/1104657/000110465720000117/
MTRN,2020-12-31,cfo,2020-10-22,same value as earliest filing,2020-01-01,2020-09-25,79444000.0,0001104657-20-000117,2020.0,Q3,10-Q,2020-10-22,NetCashProvidedByUsedInOperatingActivities,0,USD,us-gaap,269,2020-10-23,,,,https://www.sec.gov/Archives/edgar/data/1104657/000110465720000117/
MTRN,2020-12-31,cfo,2019-10-24,same value as earliest filing,2019-01-01,2019-09-27,59536000.0,0001104657-20-000117,2020.0,Q3,10-Q,2020-10-22,NetCashProvidedByUsedInOperatingActivities,0,USD,us-gaap,270,2020-10-23,,,,https://www.sec.gov/Archives/edgar/data/1104657/000110465720000117/
MTRN,2020-12-31,equipment_capex,2020-02-13,same value as earliest filing,2019-01-01,2019-12-31,24251000.0,0001104657-20-000013,2019.0,FY,10-K,2020-02-13,PaymentsToAcquirePropertyPlantAndEquipment,1,USD,us-gaap,365,2020-02-14,,,,https://www.sec.gov/Archives/edgar/data/1104657/000110465720000013/
MTRN,2020-12-31,equipment_capex,2020-10-22,same value as earliest filing,2020-01-01,2020-09-25,46285000.0,0001104657-20-000117,2020.0,Q3,10-Q,2020-10-22,PaymentsToAcquirePropertyPlantAndEquipment,1,USD,us-gaap,269,2020-10-23,,,,https://www.sec.gov/Archives/edgar/data/1104657/000110465720000117/
MTRN,2020-12-31,equipment_capex,2020-10-22,same value as earliest filing,2020-01-01,2020-09-25,46285000.0,0001104657-20-000117,2020.0,Q3,10-Q,2020-10-22,PaymentsToAcquirePropertyPlantAndEquipment,1,USD,us-gaap,269,2020-10-23,,,,https://www.sec.gov/Archives/edgar/data/1104657/000110465720000117/
MTRN,2020-12-31,equipment_capex,2019-10-24,same value as earliest filing,2019-01-01,2019-09-27,18193000.0,0001104657-20-000117,2020.0,Q3,10-Q,2020-10-22,PaymentsToAcquirePropertyPlantAndEquipment,1,USD,us-gaap,270,2020-10-23,,,,https://www.sec.gov/Archives/edgar/data/1104657/000110465720000117/
MTRN,2020-12-31,da,2020-02-13,same value as earliest filing,2019-01-01,2019-12-31,41116000.0,0001104657-20-000013,2019.0,FY,10-K,2020-02-13,DepreciationDepletionAndAmortization,0,USD,us-gaap,365,2020-02-14,,,,https://www.sec.gov/Archives/edgar/data/1104657/000110465720000013/
MTRN,2020-12-31,da,2020-10-22,same value as earliest filing,2020-01-01,2020-09-25,32042000.0,0001104657-20-000117,2020.0,Q3,10-Q,2020-10-22,DepreciationDepletionAndAmortization,0,USD,us-gaap,269,2020-10-23,,,,https://www.sec.gov/Archives/edgar/data/1104657/000110465720000117/
MTRN,2020-12-31,da,2020-10-22,same value as earliest filing,2020-01-01,2020-09-25,32042000.0,0001104657-20-000117,2020.0,Q3,10-Q,2020-10-22,DepreciationDepletionAndAmortization,0,USD,us-gaap,269,2020-10-23,,,,https://www.sec.gov/Archives/edgar/data/1104657/000110465720000117/
MTRN,2020-12-31,da,2019-10-24,same value as earliest filing,2019-01-01,2019-09-27,31955000.0,0001104657-20-000117,2020.0,Q3,10-Q,2020-10-22,DepreciationDepletionAndAmortization,0,USD,us-gaap,270,2020-10-23,,,,https://www.sec.gov/Archives/edgar/data/1104657/000110465720000117/
MTRN,2020-12-31,mine_capex,2020-02-13,same value as earliest filing,2019-01-01,2019-12-31,2277000.0,0001104657-20-000013,2019.0,FY,10-K,2020-02-13,PaymentsToAcquireMiningAssets,0,USD,us-gaap,365,2020-02-14,CY2019,,,https://www.sec.gov/Archives/edgar/data/1104657/000110465720000013/
MTRN,2020-12-31,mine_capex,2019-10-24,same value as earliest filing,2019-01-01,2019-09-27,1903000.0,0001104657-19-000111,2019.0,Q3,10-Q,2019-10-24,PaymentsToAcquireMiningAssets,0,USD,us-gaap,270,2019-10-25,,,,https://www.sec.gov/Archives/edgar/data/1104657/000110465719000111/
MTRN,2020-12-31,rolling_disclosed_diluted_eps,2020-02-13,same value as earliest filing,2019-01-01,2019-12-31,2.45,0001104657-20-000013,2019.0,FY,10-K,2020-02-13,EarningsPerShareDiluted,0,USD/shares,us-gaap,365,2020-02-14,,,,https://www.sec.gov/Archives/edgar/data/1104657/000110465720000013/
MTRN,2020-12-31,rolling_disclosed_diluted_eps,2020-10-22,same value as earliest filing,2020-01-01,2020-09-25,0.49,0001104657-20-000117,2020.0,Q3,10-Q,2020-10-22,EarningsPerShareDiluted,0,USD/shares,us-gaap,269,2020-10-23,,,,https://www.sec.gov/Archives/edgar/data/1104657/000110465720000117/
MTRN,2020-12-31,rolling_disclosed_diluted_eps,2020-10-22,same value as earliest filing,2020-01-01,2020-09-25,0.49,0001104657-20-000117,2020.0,Q3,10-Q,2020-10-22,EarningsPerShareDiluted,0,USD/shares,us-gaap,269,2020-10-23,,,,https://www.sec.gov/Archives/edgar/data/1104657/000110465720000117/
MTRN,2020-12-31,rolling_disclosed_diluted_eps,2019-10-24,same value as earliest filing,2019-01-01,2019-09-27,1.74,0001104657-20-000117,2020.0,Q3,10-Q,2020-10-22,EarningsPerShareDiluted,0,USD/shares,us-gaap,270,2020-10-23,,,,https://www.sec.gov/Archives/edgar/data/1104657/000110465720000117/
MTRN,2020-12-31,actual_shares,2020-10-22,same value as earliest filing,,2020-09-25,20327254.0,0001104657-20-000117,2020.0,Q3,10-Q,2020-10-22,EntityCommonStockSharesOutstanding,0,shares,dei,0,2020-10-23,CY2020Q3I,,,https://www.sec.gov/Archives/edgar/data/1104657/000110465720000117/
MTRN,2020-12-31,cash,2020-10-22,same value as earliest filing,,2020-09-25,117754000.0,0001104657-20-000117,2020.0,Q3,10-Q,2020-10-22,CashAndCashEquivalentsAtCarryingValue,0,USD,us-gaap,0,2020-10-23,,,,https://www.sec.gov/Archives/edgar/data/1104657/000110465720000117/
MTRN,2020-12-31,assets,2020-10-22,same value as earliest filing,,2020-09-25,1084814000.0,0001104657-20-000117,2020.0,Q3,10-Q,2020-10-22,Assets,0,USD,us-gaap,0,2020-10-23,CY2020Q3I,,,https://www.sec.gov/Archives/edgar/data/1104657/000110465720000117/
MTRN,2020-12-31,equity,2020-10-22,same value as earliest filing,,2020-09-25,611781000.0,0001104657-20-000117,2020.0,Q3,10-Q,2020-10-22,StockholdersEquity,0,USD,us-gaap,0,2020-10-23,,,,https://www.sec.gov/Archives/edgar/data/1104657/000110465720000117/
MTRN,2020-12-31,debt_noncurrent,2020-10-22,same value as earliest filing,,2020-09-25,6374000.0,0001104657-20-000117,2020.0,Q3,10-Q,2020-10-22,LongTermDebtNoncurrent,0,USD,us-gaap,0,2020-10-23,CY2020Q3I,,,https://www.sec.gov/Archives/edgar/data/1104657/000110465720000117/
MTRN,2020-12-31,debt_current,2020-10-22,same value as earliest filing,,2020-09-25,2216000.0,0001104657-20-000117,2020.0,Q3,10-Q,2020-10-22,LongTermDebtCurrent,1,USD,us-gaap,0,2020-10-23,CY2020Q3I,,,https://www.sec.gov/Archives/edgar/data/1104657/000110465720000117/
MTRN,2025-12-31,revenue,2025-02-19,same value as earliest filing,2024-01-01,2024-12-31,1684739000.0,0001104657-25-000024,2024.0,FY,10-K,2025-02-19,RevenueFromContractWithCustomerExcludingAssessedTax,0,USD,us-gaap,366,2025-02-20,,,,https://www.sec.gov/Archives/edgar/data/1104657/000110465725000024/
MTRN,2025-12-31,revenue,2025-10-30,same value as earliest filing,2025-01-01,2025-09-26,1296796000.0,0001104657-25-000191,2025.0,Q3,10-Q,2025-10-30,RevenueFromContractWithCustomerExcludingAssessedTax,0,USD,us-gaap,269,2025-10-31,,,,https://www.sec.gov/Archives/edgar/data/1104657/000110465725000191/
MTRN,2025-12-31,revenue,2025-10-30,same value as earliest filing,2025-01-01,2025-09-26,1296796000.0,0001104657-25-000191,2025.0,Q3,10-Q,2025-10-30,RevenueFromContractWithCustomerExcludingAssessedTax,0,USD,us-gaap,269,2025-10-31,,,,https://www.sec.gov/Archives/edgar/data/1104657/000110465725000191/
MTRN,2025-12-31,revenue,2024-10-30,same value as earliest filing,2024-01-01,2024-09-27,1247868000.0,0001104657-25-000191,2025.0,Q3,10-Q,2025-10-30,RevenueFromContractWithCustomerExcludingAssessedTax,0,USD,us-gaap,271,2025-10-31,,,,https://www.sec.gov/Archives/edgar/data/1104657/000110465725000191/
MTRN,2025-12-31,operating_income,2025-02-19,same value as earliest filing,2024-01-01,2024-12-31,47223000.0,0001104657-25-000024,2024.0,FY,10-K,2025-02-19,OperatingIncomeLoss,0,USD,us-gaap,366,2025-02-20,,,,https://www.sec.gov/Archives/edgar/data/1104657/000110465725000024/
MTRN,2025-12-31,operating_income,2025-10-30,same value as earliest filing,2025-01-01,2025-09-26,98957000.0,0001104657-25-000191,2025.0,Q3,10-Q,2025-10-30,OperatingIncomeLoss,0,USD,us-gaap,269,2025-10-31,,,,https://www.sec.gov/Archives/edgar/data/1104657/000110465725000191/
MTRN,2025-12-31,operating_income,2025-10-30,same value as earliest filing,2025-01-01,2025-09-26,98957000.0,0001104657-25-000191,2025.0,Q3,10-Q,2025-10-30,OperatingIncomeLoss,0,USD,us-gaap,269,2025-10-31,,,,https://www.sec.gov/Archives/edgar/data/1104657/000110465725000191/
MTRN,2025-12-31,operating_income,2024-10-30,same value as earliest filing,2024-01-01,2024-09-27,85570000.0,0001104657-25-000191,2025.0,Q3,10-Q,2025-10-30,OperatingIncomeLoss,0,USD,us-gaap,271,2025-10-31,,,,https://www.sec.gov/Archives/edgar/data/1104657/000110465725000191/
MTRN,2025-12-31,net_income,2025-02-19,same value as earliest filing,2024-01-01,2024-12-31,5888000.0,0001104657-25-000024,2024.0,FY,10-K,2025-02-19,NetIncomeLoss,0,USD,us-gaap,366,2025-02-20,,,,https://www.sec.gov/Archives/edgar/data/1104657/000110465725000024/
MTRN,2025-12-31,net_income,2025-10-30,same value as earliest filing,2025-01-01,2025-09-26,68250000.0,0001104657-25-000191,2025.0,Q3,10-Q,2025-10-30,NetIncomeLoss,0,USD,us-gaap,269,2025-10-31,,,,https://www.sec.gov/Archives/edgar/data/1104657/000110465725000191/
MTRN,2025-12-31,net_income,2025-10-30,same value as earliest filing,2025-01-01,2025-09-26,68250000.0,0001104657-25-000191,2025.0,Q3,10-Q,2025-10-30,NetIncomeLoss,0,USD,us-gaap,269,2025-10-31,,,,https://www.sec.gov/Archives/edgar/data/1104657/000110465725000191/
MTRN,2025-12-31,net_income,2024-10-30,same value as earliest filing,2024-01-01,2024-09-27,54739000.0,0001104657-25-000191,2025.0,Q3,10-Q,2025-10-30,NetIncomeLoss,0,USD,us-gaap,271,2025-10-31,,,,https://www.sec.gov/Archives/edgar/data/1104657/000110465725000191/
MTRN,2025-12-31,cfo,2025-02-19,same value as earliest filing,2024-01-01,2024-12-31,87817000.0,0001104657-25-000024,2024.0,FY,10-K,2025-02-19,NetCashProvidedByUsedInOperatingActivities,0,USD,us-gaap,366,2025-02-20,,,,https://www.sec.gov/Archives/edgar/data/1104657/000110465725000024/
MTRN,2025-12-31,cfo,2025-10-30,same value as earliest filing,2025-01-01,2025-09-26,83724000.0,0001104657-25-000191,2025.0,Q3,10-Q,2025-10-30,NetCashProvidedByUsedInOperatingActivities,0,USD,us-gaap,269,2025-10-31,,,,https://www.sec.gov/Archives/edgar/data/1104657/000110465725000191/
MTRN,2025-12-31,cfo,2025-10-30,same value as earliest filing,2025-01-01,2025-09-26,83724000.0,0001104657-25-000191,2025.0,Q3,10-Q,2025-10-30,NetCashProvidedByUsedInOperatingActivities,0,USD,us-gaap,269,2025-10-31,,,,https://www.sec.gov/Archives/edgar/data/1104657/000110465725000191/
MTRN,2025-12-31,cfo,2024-10-30,same value as earliest filing,2024-01-01,2024-09-27,11564000.0,0001104657-25-000191,2025.0,Q3,10-Q,2025-10-30,NetCashProvidedByUsedInOperatingActivities,0,USD,us-gaap,271,2025-10-31,,,,https://www.sec.gov/Archives/edgar/data/1104657/000110465725000191/
MTRN,2025-12-31,equipment_capex,2025-02-19,same value as earliest filing,2024-01-01,2024-12-31,68649000.0,0001104657-25-000024,2024.0,FY,10-K,2025-02-19,PaymentsToAcquirePropertyPlantAndEquipment,1,USD,us-gaap,366,2025-02-20,CY2024,,,https://www.sec.gov/Archives/edgar/data/1104657/000110465725000024/
MTRN,2025-12-31,equipment_capex,2025-10-30,same value as earliest filing,2025-01-01,2025-09-26,38741000.0,0001104657-25-000191,2025.0,Q3,10-Q,2025-10-30,PaymentsToAcquireOtherPropertyPlantAndEquipment,0,USD,us-gaap,269,2025-10-31,,,,https://www.sec.gov/Archives/edgar/data/1104657/000110465725000191/
MTRN,2025-12-31,equipment_capex,2025-10-30,same value as earliest filing,2025-01-01,2025-09-26,38741000.0,0001104657-25-000191,2025.0,Q3,10-Q,2025-10-30,PaymentsToAcquireOtherPropertyPlantAndEquipment,0,USD,us-gaap,269,2025-10-31,,,,https://www.sec.gov/Archives/edgar/data/1104657/000110465725000191/
MTRN,2025-12-31,equipment_capex,2025-10-30,same value as earliest filing,2024-01-01,2024-09-27,50730000.0,0001104657-25-000191,2025.0,Q3,10-Q,2025-10-30,PaymentsToAcquireOtherPropertyPlantAndEquipment,0,USD,us-gaap,271,2025-10-31,,,,https://www.sec.gov/Archives/edgar/data/1104657/000110465725000191/
MTRN,2025-12-31,da,2025-02-19,same value as earliest filing,2024-01-01,2024-12-31,68676000.0,0001104657-25-000024,2024.0,FY,10-K,2025-02-19,DepreciationDepletionAndAmortization,0,USD,us-gaap,366,2025-02-20,,,,https://www.sec.gov/Archives/edgar/data/1104657/000110465725000024/
MTRN,2025-12-31,da,2025-10-30,same value as earliest filing,2025-01-01,2025-09-26,51551000.0,0001104657-25-000191,2025.0,Q3,10-Q,2025-10-30,DepreciationDepletionAndAmortization,0,USD,us-gaap,269,2025-10-31,,,,https://www.sec.gov/Archives/edgar/data/1104657/000110465725000191/
MTRN,2025-12-31,da,2025-10-30,same value as earliest filing,2025-01-01,2025-09-26,51551000.0,0001104657-25-000191,2025.0,Q3,10-Q,2025-10-30,DepreciationDepletionAndAmortization,0,USD,us-gaap,269,2025-10-31,,,,https://www.sec.gov/Archives/edgar/data/1104657/000110465725000191/
MTRN,2025-12-31,da,2024-10-30,same value as earliest filing,2024-01-01,2024-09-27,51291000.0,0001104657-25-000191,2025.0,Q3,10-Q,2025-10-30,DepreciationDepletionAndAmortization,0,USD,us-gaap,271,2025-10-31,,,,https://www.sec.gov/Archives/edgar/data/1104657/000110465725000191/
MTRN,2025-12-31,mine_capex,2025-02-19,same value as earliest filing,2024-01-01,2024-12-31,12159000.0,0001104657-25-000024,,,10-K,2025-02-19,PaymentsToAcquireMiningAssets,0,USD,us-gaap,366,2025-02-20,,Cash-flow statement: Payments for mine development; dash is explicit zero,True,https://www.sec.gov/Archives/edgar/data/1104657/000110465725000024/
MTRN,2025-12-31,mine_capex,2025-10-30,same value as earliest filing,2025-01-01,2025-09-26,19952000.0,0001104657-25-000191,2025.0,Q3,10-Q,2025-10-30,PaymentsToAcquireMiningAssets,0,USD,us-gaap,269,2025-10-31,,,,https://www.sec.gov/Archives/edgar/data/1104657/000110465725000191/
MTRN,2025-12-31,mine_capex,2025-10-30,same value as earliest filing,2025-01-01,2025-09-26,19952000.0,0001104657-25-000191,2025.0,Q3,10-Q,2025-10-30,PaymentsToAcquireMiningAssets,0,USD,us-gaap,269,2025-10-31,,,,https://www.sec.gov/Archives/edgar/data/1104657/000110465725000191/
MTRN,2025-12-31,mine_capex,2025-10-30,same value as earliest filing,2024-01-01,2024-09-27,10376000.0,0001104657-25-000191,2025.0,Q3,10-Q,2025-10-30,PaymentsToAcquireMiningAssets,0,USD,us-gaap,271,2025-10-31,,,,https://www.sec.gov/Archives/edgar/data/1104657/000110465725000191/
MTRN,2025-12-31,rolling_disclosed_diluted_eps,2025-02-19,same value as earliest filing,2024-01-01,2024-12-31,0.28,0001104657-25-000024,2024.0,FY,10-K,2025-02-19,EarningsPerShareDiluted,0,USD/shares,us-gaap,366,2025-02-20,,,,https://www.sec.gov/Archives/edgar/data/1104657/000110465725000024/
MTRN,2025-12-31,rolling_disclosed_diluted_eps,2025-10-30,same value as earliest filing,2025-01-01,2025-09-26,3.27,0001104657-25-000191,2025.0,Q3,10-Q,2025-10-30,EarningsPerShareDiluted,0,USD/shares,us-gaap,269,2025-10-31,,,,https://www.sec.gov/Archives/edgar/data/1104657/000110465725000191/
MTRN,2025-12-31,rolling_disclosed_diluted_eps,2025-10-30,same value as earliest filing,2025-01-01,2025-09-26,3.27,0001104657-25-000191,2025.0,Q3,10-Q,2025-10-30,EarningsPerShareDiluted,0,USD/shares,us-gaap,269,2025-10-31,,,,https://www.sec.gov/Archives/edgar/data/1104657/000110465725000191/
MTRN,2025-12-31,rolling_disclosed_diluted_eps,2024-10-30,same value as earliest filing,2024-01-01,2024-09-27,2.61,0001104657-25-000191,2025.0,Q3,10-Q,2025-10-30,EarningsPerShareDiluted,0,USD/shares,us-gaap,271,2025-10-31,,,,https://www.sec.gov/Archives/edgar/data/1104657/000110465725000191/
MTRN,2025-12-31,actual_shares,2025-10-30,same value as earliest filing,,2025-09-26,20732741.0,0001104657-25-000191,2025.0,Q3,10-Q,2025-10-30,EntityCommonStockSharesOutstanding,0,shares,dei,0,2025-10-31,CY2025Q3I,,,https://www.sec.gov/Archives/edgar/data/1104657/000110465725000191/
MTRN,2025-12-31,cash,2025-10-30,same value as earliest filing,,2025-09-26,16411000.0,0001104657-25-000191,2025.0,Q3,10-Q,2025-10-30,CashAndCashEquivalentsAtCarryingValue,0,USD,us-gaap,0,2025-10-31,CY2025Q3I,,,https://www.sec.gov/Archives/edgar/data/1104657/000110465725000191/
MTRN,2025-12-31,assets,2025-10-30,same value as earliest filing,,2025-09-26,1793173000.0,0001104657-25-000191,2025.0,Q3,10-Q,2025-10-30,Assets,0,USD,us-gaap,0,2025-10-31,CY2025Q3I,,,https://www.sec.gov/Archives/edgar/data/1104657/000110465725000191/
MTRN,2025-12-31,equity,2025-10-30,same value as earliest filing,,2025-09-26,934579000.0,0001104657-25-000191,2025.0,Q3,10-Q,2025-10-30,StockholdersEquity,0,USD,us-gaap,0,2025-10-31,CY2025Q3I,,,https://www.sec.gov/Archives/edgar/data/1104657/000110465725000191/
MTRN,2025-12-31,debt_noncurrent,2025-10-30,same value as earliest filing,,2025-09-26,446772000.0,0001104657-25-000191,2025.0,Q3,10-Q,2025-10-30,LongTermDebtNoncurrent,0,USD,us-gaap,0,2025-10-31,CY2025Q3I,,,https://www.sec.gov/Archives/edgar/data/1104657/000110465725000191/
MTRN,2025-12-31,debt_current,2025-10-30,same value as earliest filing,,2025-09-26,10166000.0,0001104657-25-000191,2025.0,Q3,10-Q,2025-10-30,LongTermDebtCurrent,1,USD,us-gaap,0,2025-10-31,CY2025Q3I,,,https://www.sec.gov/Archives/edgar/data/1104657/000110465725000191/
MTRN,2026-04-23,revenue,2026-02-12,same value as earliest filing,2025-01-01,2025-12-31,1786550000.0,0001104657-26-000011,2025.0,FY,10-K,2026-02-12,RevenueFromContractWithCustomerExcludingAssessedTax,0,USD,us-gaap,365,2026-02-13,CY2025,,,https://www.sec.gov/Archives/edgar/data/1104657/000110465726000011/
MTRN,2026-04-23,revenue,2025-10-30,same value as earliest filing,2025-01-01,2025-09-26,1296796000.0,0001104657-25-000191,2025.0,Q3,10-Q,2025-10-30,RevenueFromContractWithCustomerExcludingAssessedTax,0,USD,us-gaap,269,2025-10-31,,,,https://www.sec.gov/Archives/edgar/data/1104657/000110465725000191/
MTRN,2026-04-23,operating_income,2026-02-12,same value as earliest filing,2025-01-01,2025-12-31,109796000.0,0001104657-26-000011,2025.0,FY,10-K,2026-02-12,OperatingIncomeLoss,0,USD,us-gaap,365,2026-02-13,CY2025,,,https://www.sec.gov/Archives/edgar/data/1104657/000110465726000011/
MTRN,2026-04-23,operating_income,2025-10-30,same value as earliest filing,2025-01-01,2025-09-26,98957000.0,0001104657-25-000191,2025.0,Q3,10-Q,2025-10-30,OperatingIncomeLoss,0,USD,us-gaap,269,2025-10-31,,,,https://www.sec.gov/Archives/edgar/data/1104657/000110465725000191/
MTRN,2026-04-23,net_income,2026-02-12,same value as earliest filing,2025-01-01,2025-12-31,74823000.0,0001104657-26-000011,2025.0,FY,10-K,2026-02-12,NetIncomeLoss,0,USD,us-gaap,365,2026-02-13,CY2025,,,https://www.sec.gov/Archives/edgar/data/1104657/000110465726000011/
MTRN,2026-04-23,net_income,2025-10-30,same value as earliest filing,2025-01-01,2025-09-26,68250000.0,0001104657-25-000191,2025.0,Q3,10-Q,2025-10-30,NetIncomeLoss,0,USD,us-gaap,269,2025-10-31,,,,https://www.sec.gov/Archives/edgar/data/1104657/000110465725000191/
MTRN,2026-04-23,cfo,2026-02-12,same value as earliest filing,2025-01-01,2025-12-31,103243000.0,0001104657-26-000011,2025.0,FY,10-K,2026-02-12,NetCashProvidedByUsedInOperatingActivities,0,USD,us-gaap,365,2026-02-13,CY2025,,,https://www.sec.gov/Archives/edgar/data/1104657/000110465726000011/
MTRN,2026-04-23,cfo,2025-10-30,same value as earliest filing,2025-01-01,2025-09-26,83724000.0,0001104657-25-000191,2025.0,Q3,10-Q,2025-10-30,NetCashProvidedByUsedInOperatingActivities,0,USD,us-gaap,269,2025-10-31,,,,https://www.sec.gov/Archives/edgar/data/1104657/000110465725000191/
MTRN,2026-04-23,equipment_capex,2026-02-12,same value as earliest filing,2025-01-01,2025-12-31,53279000.0,0001104657-26-000011,2025.0,FY,10-K,2026-02-12,PaymentsToAcquireOtherPropertyPlantAndEquipment,0,USD,us-gaap,365,2026-02-13,CY2025,,,https://www.sec.gov/Archives/edgar/data/1104657/000110465726000011/
MTRN,2026-04-23,equipment_capex,2025-10-30,same value as earliest filing,2025-01-01,2025-09-26,38741000.0,0001104657-25-000191,2025.0,Q3,10-Q,2025-10-30,PaymentsToAcquireOtherPropertyPlantAndEquipment,0,USD,us-gaap,269,2025-10-31,,,,https://www.sec.gov/Archives/edgar/data/1104657/000110465725000191/
MTRN,2026-04-23,da,2026-02-12,same value as earliest filing,2025-01-01,2025-12-31,69074000.0,0001104657-26-000011,2025.0,FY,10-K,2026-02-12,DepreciationDepletionAndAmortization,0,USD,us-gaap,365,2026-02-13,CY2025,,,https://www.sec.gov/Archives/edgar/data/1104657/000110465726000011/
MTRN,2026-04-23,da,2025-10-30,same value as earliest filing,2025-01-01,2025-09-26,51551000.0,0001104657-25-000191,2025.0,Q3,10-Q,2025-10-30,DepreciationDepletionAndAmortization,0,USD,us-gaap,269,2025-10-31,,,,https://www.sec.gov/Archives/edgar/data/1104657/000110465725000191/
MTRN,2026-04-23,mine_capex,2026-02-12,same value as earliest filing,2025-01-01,2025-12-31,26288000.0,0001104657-26-000011,,,10-K,2026-02-12,PaymentsToAcquireMiningAssets,0,USD,us-gaap,365,2026-02-13,,Cash-flow statement: Payments for mine development; dash is explicit zero,True,https://www.sec.gov/Archives/edgar/data/1104657/000110465726000011/
MTRN,2026-04-23,mine_capex,2025-10-30,same value as earliest filing,2025-01-01,2025-09-26,19952000.0,0001104657-25-000191,2025.0,Q3,10-Q,2025-10-30,PaymentsToAcquireMiningAssets,0,USD,us-gaap,269,2025-10-31,,,,https://www.sec.gov/Archives/edgar/data/1104657/000110465725000191/
MTRN,2026-04-23,rolling_disclosed_diluted_eps,2026-02-12,same value as earliest filing,2025-01-01,2025-12-31,3.58,0001104657-26-000011,2025.0,FY,10-K,2026-02-12,EarningsPerShareDiluted,0,USD/shares,us-gaap,365,2026-02-13,CY2025,,,https://www.sec.gov/Archives/edgar/data/1104657/000110465726000011/
MTRN,2026-04-23,rolling_disclosed_diluted_eps,2025-10-30,same value as earliest filing,2025-01-01,2025-09-26,3.27,0001104657-25-000191,2025.0,Q3,10-Q,2025-10-30,EarningsPerShareDiluted,0,USD/shares,us-gaap,269,2025-10-31,,,,https://www.sec.gov/Archives/edgar/data/1104657/000110465725000191/
MTRN,2026-04-23,actual_shares,2026-02-12,same value as earliest filing,,2026-01-31,20736213.0,0001104657-26-000011,2025.0,FY,10-K,2026-02-12,EntityCommonStockSharesOutstanding,0,shares,dei,0,2026-02-13,CY2025Q4I,,,https://www.sec.gov/Archives/edgar/data/1104657/000110465726000011/
MTRN,2026-04-23,cash,2026-02-12,same value as earliest filing,,2025-12-31,13681000.0,0001104657-26-000011,2025.0,FY,10-K,2026-02-12,CashAndCashEquivalentsAtCarryingValue,0,USD,us-gaap,0,2026-02-13,,,,https://www.sec.gov/Archives/edgar/data/1104657/000110465726000011/
MTRN,2026-04-23,assets,2026-02-12,same value as earliest filing,,2025-12-31,1802801000.0,0001104657-26-000011,2025.0,FY,10-K,2026-02-12,Assets,0,USD,us-gaap,0,2026-02-13,,,,https://www.sec.gov/Archives/edgar/data/1104657/000110465726000011/
MTRN,2026-04-23,equity,2026-02-12,same value as earliest filing,,2025-12-31,943277000.0,0001104657-26-000011,2025.0,FY,10-K,2026-02-12,StockholdersEquity,0,USD,us-gaap,0,2026-02-13,,,,https://www.sec.gov/Archives/edgar/data/1104657/000110465726000011/
MTRN,2026-04-23,debt_noncurrent,2026-02-12,same value as earliest filing,,2025-12-31,436348000.0,0001104657-26-000011,2025.0,FY,10-K,2026-02-12,LongTermDebtNoncurrent,0,USD,us-gaap,0,2026-02-13,,,,https://www.sec.gov/Archives/edgar/data/1104657/000110465726000011/
MTRN,2026-04-23,debt_current,2026-02-12,same value as earliest filing,,2025-12-31,22445000.0,0001104657-26-000011,2025.0,FY,10-K,2026-02-12,LongTermDebtCurrent,1,USD,us-gaap,0,2026-02-13,,,,https://www.sec.gov/Archives/edgar/data/1104657/000110465726000011/
MTRN,2026-09-18,revenue,2026-02-12,same value as earliest filing,2025-01-01,2025-12-31,1786550000.0,0001104657-26-000011,2025.0,FY,10-K,2026-02-12,RevenueFromContractWithCustomerExcludingAssessedTax,0,USD,us-gaap,365,2026-02-13,CY2025,,,https://www.sec.gov/Archives/edgar/data/1104657/000110465726000011/
MTRN,2026-09-18,revenue,2026-08-05,same value as earliest filing,2026-01-01,2026-07-03,1163730000.0,0001104657-26-000044,2026.0,Q2,10-Q,2026-08-05,RevenueFromContractWithCustomerExcludingAssessedTax,0,USD,us-gaap,184,2026-08-06,,,,https://www.sec.gov/Archives/edgar/data/1104657/000110465726000044/
MTRN,2026-09-18,revenue,2026-08-05,same value as earliest filing,2026-01-01,2026-07-03,1163730000.0,0001104657-26-000044,2026.0,Q2,10-Q,2026-08-05,RevenueFromContractWithCustomerExcludingAssessedTax,0,USD,us-gaap,184,2026-08-06,,,,https://www.sec.gov/Archives/edgar/data/1104657/000110465726000044/
MTRN,2026-09-18,revenue,2025-07-30,same value as earliest filing,2025-01-01,2025-06-27,851988000.0,0001104657-26-000044,2026.0,Q2,10-Q,2026-08-05,RevenueFromContractWithCustomerExcludingAssessedTax,0,USD,us-gaap,178,2026-08-06,,,,https://www.sec.gov/Archives/edgar/data/1104657/000110465726000044/
MTRN,2026-09-18,operating_income,2026-02-12,same value as earliest filing,2025-01-01,2025-12-31,109796000.0,0001104657-26-000011,2025.0,FY,10-K,2026-02-12,OperatingIncomeLoss,0,USD,us-gaap,365,2026-02-13,CY2025,,,https://www.sec.gov/Archives/edgar/data/1104657/000110465726000011/
MTRN,2026-09-18,operating_income,2026-08-05,same value as earliest filing,2026-01-01,2026-07-03,79886000.0,0001104657-26-000044,2026.0,Q2,10-Q,2026-08-05,OperatingIncomeLoss,0,USD,us-gaap,184,2026-08-06,,,,https://www.sec.gov/Archives/edgar/data/1104657/000110465726000044/
MTRN,2026-09-18,operating_income,2026-08-05,same value as earliest filing,2026-01-01,2026-07-03,79886000.0,0001104657-26-000044,2026.0,Q2,10-Q,2026-08-05,OperatingIncomeLoss,0,USD,us-gaap,184,2026-08-06,,,,https://www.sec.gov/Archives/edgar/data/1104657/000110465726000044/
MTRN,2026-09-18,operating_income,2025-07-30,same value as earliest filing,2025-01-01,2025-06-27,64014000.0,0001104657-26-000044,2026.0,Q2,10-Q,2026-08-05,OperatingIncomeLoss,0,USD,us-gaap,178,2026-08-06,,,,https://www.sec.gov/Archives/edgar/data/1104657/000110465726000044/
MTRN,2026-09-18,net_income,2026-02-12,same value as earliest filing,2025-01-01,2025-12-31,74823000.0,0001104657-26-000011,2025.0,FY,10-K,2026-02-12,NetIncomeLoss,0,USD,us-gaap,365,2026-02-13,CY2025,,,https://www.sec.gov/Archives/edgar/data/1104657/000110465726000011/
MTRN,2026-09-18,net_income,2026-08-05,same value as earliest filing,2026-01-01,2026-07-03,58132000.0,0001104657-26-000044,2026.0,Q2,10-Q,2026-08-05,NetIncomeLoss,0,USD,us-gaap,184,2026-08-06,,,,https://www.sec.gov/Archives/edgar/data/1104657/000110465726000044/
MTRN,2026-09-18,net_income,2026-08-05,same value as earliest filing,2026-01-01,2026-07-03,58132000.0,0001104657-26-000044,2026.0,Q2,10-Q,2026-08-05,NetIncomeLoss,0,USD,us-gaap,184,2026-08-06,,,,https://www.sec.gov/Archives/edgar/data/1104657/000110465726000044/
MTRN,2026-09-18,net_income,2025-07-30,same value as earliest filing,2025-01-01,2025-06-27,42838000.0,0001104657-26-000044,2026.0,Q2,10-Q,2026-08-05,NetIncomeLoss,0,USD,us-gaap,178,2026-08-06,,,,https://www.sec.gov/Archives/edgar/data/1104657/000110465726000044/
MTRN,2026-09-18,cfo,2026-02-12,same value as earliest filing,2025-01-01,2025-12-31,103243000.0,0001104657-26-000011,2025.0,FY,10-K,2026-02-12,NetCashProvidedByUsedInOperatingActivities,0,USD,us-gaap,365,2026-02-13,CY2025,,,https://www.sec.gov/Archives/edgar/data/1104657/000110465726000011/
MTRN,2026-09-18,cfo,2026-08-05,same value as earliest filing,2026-01-01,2026-07-03,70506000.0,0001104657-26-000044,2026.0,Q2,10-Q,2026-08-05,NetCashProvidedByUsedInOperatingActivities,0,USD,us-gaap,184,2026-08-06,,,,https://www.sec.gov/Archives/edgar/data/1104657/000110465726000044/
MTRN,2026-09-18,cfo,2026-08-05,same value as earliest filing,2026-01-01,2026-07-03,70506000.0,0001104657-26-000044,2026.0,Q2,10-Q,2026-08-05,NetCashProvidedByUsedInOperatingActivities,0,USD,us-gaap,184,2026-08-06,,,,https://www.sec.gov/Archives/edgar/data/1104657/000110465726000044/
MTRN,2026-09-18,cfo,2025-07-30,same value as earliest filing,2025-01-01,2025-06-27,65442000.0,0001104657-26-000044,2026.0,Q2,10-Q,2026-08-05,NetCashProvidedByUsedInOperatingActivities,0,USD,us-gaap,178,2026-08-06,,,,https://www.sec.gov/Archives/edgar/data/1104657/000110465726000044/
MTRN,2026-09-18,equipment_capex,2026-02-12,same value as earliest filing,2025-01-01,2025-12-31,53279000.0,0001104657-26-000011,2025.0,FY,10-K,2026-02-12,PaymentsToAcquireOtherPropertyPlantAndEquipment,0,USD,us-gaap,365,2026-02-13,CY2025,,,https://www.sec.gov/Archives/edgar/data/1104657/000110465726000011/
MTRN,2026-09-18,equipment_capex,2026-08-05,same value as earliest filing,2026-01-01,2026-07-03,29818000.0,0001104657-26-000044,2026.0,Q2,10-Q,2026-08-05,PaymentsToAcquireOtherPropertyPlantAndEquipment,0,USD,us-gaap,184,2026-08-06,,,,https://www.sec.gov/Archives/edgar/data/1104657/000110465726000044/
MTRN,2026-09-18,equipment_capex,2026-08-05,same value as earliest filing,2026-01-01,2026-07-03,29818000.0,0001104657-26-000044,2026.0,Q2,10-Q,2026-08-05,PaymentsToAcquireOtherPropertyPlantAndEquipment,0,USD,us-gaap,184,2026-08-06,,,,https://www.sec.gov/Archives/edgar/data/1104657/000110465726000044/
MTRN,2026-09-18,equipment_capex,2025-07-30,same value as earliest filing,2025-01-01,2025-06-27,25003000.0,0001104657-26-000044,2026.0,Q2,10-Q,2026-08-05,PaymentsToAcquireOtherPropertyPlantAndEquipment,0,USD,us-gaap,178,2026-08-06,,,,https://www.sec.gov/Archives/edgar/data/1104657/000110465726000044/
MTRN,2026-09-18,da,2026-02-12,same value as earliest filing,2025-01-01,2025-12-31,69074000.0,0001104657-26-000011,2025.0,FY,10-K,2026-02-12,DepreciationDepletionAndAmortization,0,USD,us-gaap,365,2026-02-13,CY2025,,,https://www.sec.gov/Archives/edgar/data/1104657/000110465726000011/
MTRN,2026-09-18,da,2026-08-05,same value as earliest filing,2026-01-01,2026-07-03,37614000.0,0001104657-26-000044,2026.0,Q2,10-Q,2026-08-05,DepreciationDepletionAndAmortization,0,USD,us-gaap,184,2026-08-06,,,,https://www.sec.gov/Archives/edgar/data/1104657/000110465726000044/
MTRN,2026-09-18,da,2026-08-05,same value as earliest filing,2026-01-01,2026-07-03,37614000.0,0001104657-26-000044,2026.0,Q2,10-Q,2026-08-05,DepreciationDepletionAndAmortization,0,USD,us-gaap,184,2026-08-06,,,,https://www.sec.gov/Archives/edgar/data/1104657/000110465726000044/
MTRN,2026-09-18,da,2025-07-30,same value as earliest filing,2025-01-01,2025-06-27,34047000.0,0001104657-26-000044,2026.0,Q2,10-Q,2026-08-05,DepreciationDepletionAndAmortization,0,USD,us-gaap,178,2026-08-06,,,,https://www.sec.gov/Archives/edgar/data/1104657/000110465726000044/
MTRN,2026-09-18,mine_capex,2026-02-12,same value as earliest filing,2025-01-01,2025-12-31,26288000.0,0001104657-26-000011,,,10-K,2026-02-12,PaymentsToAcquireMiningAssets,0,USD,us-gaap,365,2026-02-13,,Cash-flow statement: Payments for mine development; dash is explicit zero,True,https://www.sec.gov/Archives/edgar/data/1104657/000110465726000011/
MTRN,2026-09-18,mine_capex,2026-08-05,same value as earliest filing,2026-01-01,2026-07-03,1661000.0,0001104657-26-000044,2026.0,Q2,10-Q,2026-08-05,PaymentsToAcquireMiningAssets,0,USD,us-gaap,184,2026-08-06,,,,https://www.sec.gov/Archives/edgar/data/1104657/000110465726000044/
MTRN,2026-09-18,mine_capex,2026-08-05,same value as earliest filing,2026-01-01,2026-07-03,1661000.0,0001104657-26-000044,2026.0,Q2,10-Q,2026-08-05,PaymentsToAcquireMiningAssets,0,USD,us-gaap,184,2026-08-06,,,,https://www.sec.gov/Archives/edgar/data/1104657/000110465726000044/
MTRN,2026-09-18,mine_capex,2025-07-30,same value as earliest filing,2025-01-01,2025-06-27,10175000.0,0001104657-26-000044,2026.0,Q2,10-Q,2026-08-05,PaymentsToAcquireMiningAssets,0,USD,us-gaap,178,2026-08-06,,,,https://www.sec.gov/Archives/edgar/data/1104657/000110465726000044/
MTRN,2026-09-18,rolling_disclosed_diluted_eps,2026-02-12,same value as earliest filing,2025-01-01,2025-12-31,3.58,0001104657-26-000011,2025.0,FY,10-K,2026-02-12,EarningsPerShareDiluted,0,USD/shares,us-gaap,365,2026-02-13,CY2025,,,https://www.sec.gov/Archives/edgar/data/1104657/000110465726000011/
MTRN,2026-09-18,rolling_disclosed_diluted_eps,2026-08-05,same value as earliest filing,2026-01-01,2026-07-03,2.76,0001104657-26-000044,2026.0,Q2,10-Q,2026-08-05,EarningsPerShareDiluted,0,USD/shares,us-gaap,184,2026-08-06,,,,https://www.sec.gov/Archives/edgar/data/1104657/000110465726000044/
MTRN,2026-09-18,rolling_disclosed_diluted_eps,2026-08-05,same value as earliest filing,2026-01-01,2026-07-03,2.76,0001104657-26-000044,2026.0,Q2,10-Q,2026-08-05,EarningsPerShareDiluted,0,USD/shares,us-gaap,184,2026-08-06,,,,https://www.sec.gov/Archives/edgar/data/1104657/000110465726000044/
MTRN,2026-09-18,rolling_disclosed_diluted_eps,2025-07-30,same value as earliest filing,2025-01-01,2025-06-27,2.05,0001104657-26-000044,2026.0,Q2,10-Q,2026-08-05,EarningsPerShareDiluted,0,USD/shares,us-gaap,178,2026-08-06,,,,https://www.sec.gov/Archives/edgar/data/1104657/000110465726000044/
MTRN,2026-09-18,actual_shares,2026-08-05,same value as earliest filing,,2026-07-03,20833725.0,0001104657-26-000044,2026.0,Q2,10-Q,2026-08-05,EntityCommonStockSharesOutstanding,0,shares,dei,0,2026-08-06,CY2026Q2I,,,https://www.sec.gov/Archives/edgar/data/1104657/000110465726000044/
MTRN,2026-09-18,cash,2026-08-05,same value as earliest filing,,2026-07-03,19987000.0,0001104657-26-000044,2026.0,Q2,10-Q,2026-08-05,CashAndCashEquivalentsAtCarryingValue,0,USD,us-gaap,0,2026-08-06,CY2026Q2I,,,https://www.sec.gov/Archives/edgar/data/1104657/000110465726000044/
MTRN,2026-09-18,assets,2026-08-05,same value as earliest filing,,2026-07-03,1870697000.0,0001104657-26-000044,2026.0,Q2,10-Q,2026-08-05,Assets,0,USD,us-gaap,0,2026-08-06,CY2026Q2I,,,https://www.sec.gov/Archives/edgar/data/1104657/000110465726000044/
MTRN,2026-09-18,equity,2026-08-05,same value as earliest filing,,2026-07-03,994867000.0,0001104657-26-000044,2026.0,Q2,10-Q,2026-08-05,StockholdersEquity,0,USD,us-gaap,0,2026-08-06,CY2026Q2I,,,https://www.sec.gov/Archives/edgar/data/1104657/000110465726000044/
MTRN,2026-09-18,debt_noncurrent,2026-08-05,same value as earliest filing,,2026-07-03,423210000.0,0001104657-26-000044,2026.0,Q2,10-Q,2026-08-05,LongTermDebtNoncurrent,0,USD,us-gaap,0,2026-08-06,CY2026Q2I,,,https://www.sec.gov/Archives/edgar/data/1104657/000110465726000044/
MTRN,2026-09-18,debt_current,2026-08-05,same value as earliest filing,,2026-07-03,17478000.0,0001104657-26-000044,2026.0,Q2,10-Q,2026-08-05,LongTermDebtCurrent,1,USD,us-gaap,0,2026-08-06,CY2026Q2I,,,https://www.sec.gov/Archives/edgar/data/1104657/000110465726000044/
MTRN,2026-09-18,revenue,2016-02-25,same value as earliest filing,2015-01-01,2015-12-31,1025272000.0,0001104657-18-000007,2017.0,FY,10-K,2018-02-15,SalesRevenueGoodsNet,2,USD,us-gaap,365,2018-02-16,CY2015,,,https://www.sec.gov/Archives/edgar/data/1104657/000110465718000007/
MTRN,2026-09-18,operating_income,2016-02-25,same value as earliest filing,2015-01-01,2015-12-31,45268000.0,0001104657-18-000007,2017.0,FY,10-K,2018-02-15,OperatingIncomeLoss,0,USD,us-gaap,365,2018-02-16,CY2015,,,https://www.sec.gov/Archives/edgar/data/1104657/000110465718000007/
MTRN,2026-09-18,net_income,2016-02-25,same value as earliest filing,2015-01-01,2015-12-31,32158000.0,0001104657-18-000007,2017.0,FY,10-K,2018-02-15,NetIncomeLoss,0,USD,us-gaap,365,2018-02-16,CY2015,,,https://www.sec.gov/Archives/edgar/data/1104657/000110465718000007/
MTRN,2026-09-18,cfo,2016-02-25,changed from earliest filed value,2015-01-01,2015-12-31,91010000.0,0001104657-18-000007,2017.0,FY,10-K,2018-02-15,NetCashProvidedByUsedInOperatingActivities,0,USD,us-gaap,365,2018-02-16,CY2015,,,https://www.sec.gov/Archives/edgar/data/1104657/000110465718000007/
MTRN,2026-09-18,equipment_capex,2016-02-25,same value as earliest filing,2015-01-01,2015-12-31,29505000.0,0001104657-18-000007,2017.0,FY,10-K,2018-02-15,PaymentsToAcquirePropertyPlantAndEquipment,1,USD,us-gaap,365,2018-02-16,CY2015,,,https://www.sec.gov/Archives/edgar/data/1104657/000110465718000007/
MTRN,2026-09-18,da,2016-02-25,same value as earliest filing,2015-01-01,2015-12-31,38471000.0,0001104657-18-000007,2017.0,FY,10-K,2018-02-15,DepreciationDepletionAndAmortization,0,USD,us-gaap,365,2018-02-16,CY2015,,,https://www.sec.gov/Archives/edgar/data/1104657/000110465718000007/
MTRN,2026-09-18,mine_capex,2016-02-25,same value as earliest filing,2015-01-01,2015-12-31,22585000.0,0001104657-18-000007,2017.0,FY,10-K,2018-02-15,PaymentsToAcquireMiningAssets,0,USD,us-gaap,365,2018-02-16,CY2015,,,https://www.sec.gov/Archives/edgar/data/1104657/000110465718000007/
MTRN,2026-09-18,revenue,2019-02-14,same value as earliest filing,2016-01-01,2016-12-31,969236000.0,0001104657-19-000007,2018.0,FY,10-K,2019-02-14,RevenueFromContractWithCustomerExcludingAssessedTax,0,USD,us-gaap,366,2019-02-15,CY2016,,,https://www.sec.gov/Archives/edgar/data/1104657/000110465719000007/
MTRN,2026-09-18,operating_income,2017-02-17,changed from earliest filed value,2016-01-01,2016-12-31,28880000.0,0001104657-19-000007,2018.0,FY,10-K,2019-02-14,OperatingIncomeLoss,0,USD,us-gaap,366,2019-02-15,CY2016,,,https://www.sec.gov/Archives/edgar/data/1104657/000110465719000007/
MTRN,2026-09-18,net_income,2017-02-17,same value as earliest filing,2016-01-01,2016-12-31,25740000.0,0001104657-19-000007,2018.0,FY,10-K,2019-02-14,NetIncomeLoss,0,USD,us-gaap,366,2019-02-15,CY2016,,,https://www.sec.gov/Archives/edgar/data/1104657/000110465719000007/
MTRN,2026-09-18,cfo,2017-02-17,changed from earliest filed value,2016-01-01,2016-12-31,68180000.0,0001104657-19-000007,2018.0,FY,10-K,2019-02-14,NetCashProvidedByUsedInOperatingActivities,0,USD,us-gaap,366,2019-02-15,CY2016,,,https://www.sec.gov/Archives/edgar/data/1104657/000110465719000007/
MTRN,2026-09-18,equipment_capex,2017-02-17,same value as earliest filing,2016-01-01,2016-12-31,27177000.0,0001104657-19-000007,2018.0,FY,10-K,2019-02-14,PaymentsToAcquirePropertyPlantAndEquipment,1,USD,us-gaap,366,2019-02-15,CY2016,,,https://www.sec.gov/Archives/edgar/data/1104657/000110465719000007/
MTRN,2026-09-18,da,2017-02-17,same value as earliest filing,2016-01-01,2016-12-31,45651000.0,0001104657-19-000007,2018.0,FY,10-K,2019-02-14,DepreciationDepletionAndAmortization,0,USD,us-gaap,366,2019-02-15,CY2016,,,https://www.sec.gov/Archives/edgar/data/1104657/000110465719000007/
MTRN,2026-09-18,mine_capex,2017-02-17,same value as earliest filing,2016-01-01,2016-12-31,9861000.0,0001104657-19-000007,2018.0,FY,10-K,2019-02-14,PaymentsToAcquireMiningAssets,0,USD,us-gaap,366,2019-02-15,CY2016,,,https://www.sec.gov/Archives/edgar/data/1104657/000110465719000007/
MTRN,2026-09-18,revenue,2019-02-14,same value as earliest filing,2017-01-01,2017-12-31,1139447000.0,0001104657-20-000013,2019.0,FY,10-K,2020-02-13,RevenueFromContractWithCustomerExcludingAssessedTax,0,USD,us-gaap,365,2020-02-14,CY2017,,,https://www.sec.gov/Archives/edgar/data/1104657/000110465720000013/
MTRN,2026-09-18,operating_income,2018-02-15,changed from earliest filed value,2017-01-01,2017-12-31,40031000.0,0001104657-20-000013,2019.0,FY,10-K,2020-02-13,OperatingIncomeLoss,0,USD,us-gaap,365,2020-02-14,CY2017,,,https://www.sec.gov/Archives/edgar/data/1104657/000110465720000013/
MTRN,2026-09-18,net_income,2018-02-15,same value as earliest filing,2017-01-01,2017-12-31,11451000.0,0001104657-20-000013,2019.0,FY,10-K,2020-02-13,NetIncomeLoss,0,USD,us-gaap,365,2020-02-14,CY2017,,,https://www.sec.gov/Archives/edgar/data/1104657/000110465720000013/
MTRN,2026-09-18,cfo,2018-02-15,same value as earliest filing,2017-01-01,2017-12-31,67795000.0,0001104657-20-000013,2019.0,FY,10-K,2020-02-13,NetCashProvidedByUsedInOperatingActivities,0,USD,us-gaap,365,2020-02-14,CY2017,,,https://www.sec.gov/Archives/edgar/data/1104657/000110465720000013/
MTRN,2026-09-18,equipment_capex,2018-02-15,same value as earliest filing,2017-01-01,2017-12-31,27516000.0,0001104657-20-000013,2019.0,FY,10-K,2020-02-13,PaymentsToAcquirePropertyPlantAndEquipment,1,USD,us-gaap,365,2020-02-14,CY2017,,,https://www.sec.gov/Archives/edgar/data/1104657/000110465720000013/
MTRN,2026-09-18,da,2018-02-15,same value as earliest filing,2017-01-01,2017-12-31,42751000.0,0001104657-20-000013,2019.0,FY,10-K,2020-02-13,DepreciationDepletionAndAmortization,0,USD,us-gaap,365,2020-02-14,CY2017,,,https://www.sec.gov/Archives/edgar/data/1104657/000110465720000013/
MTRN,2026-09-18,mine_capex,2018-02-15,same value as earliest filing,2017-01-01,2017-12-31,1560000.0,0001104657-20-000013,2019.0,FY,10-K,2020-02-13,PaymentsToAcquireMiningAssets,0,USD,us-gaap,365,2020-02-14,CY2017,,,https://www.sec.gov/Archives/edgar/data/1104657/000110465720000013/
MTRN,2026-09-18,revenue,2019-02-14,same value as earliest filing,2018-01-01,2018-12-31,1207815000.0,0001104657-21-000010,2020.0,FY,10-K,2021-02-18,RevenueFromContractWithCustomerExcludingAssessedTax,0,USD,us-gaap,365,2021-02-19,CY2018,,,https://www.sec.gov/Archives/edgar/data/1104657/000110465721000010/
MTRN,2026-09-18,operating_income,2019-02-14,changed from earliest filed value,2018-01-01,2018-12-31,61752000.0,0001104657-21-000010,2020.0,FY,10-K,2021-02-18,OperatingIncomeLoss,0,USD,us-gaap,365,2021-02-19,CY2018,,,https://www.sec.gov/Archives/edgar/data/1104657/000110465721000010/
MTRN,2026-09-18,net_income,2019-02-14,changed from earliest filed value,2018-01-01,2018-12-31,21044000.0,0001104657-21-000010,2020.0,FY,10-K,2021-02-18,NetIncomeLoss,0,USD,us-gaap,365,2021-02-19,CY2018,,,https://www.sec.gov/Archives/edgar/data/1104657/000110465721000010/
MTRN,2026-09-18,cfo,2019-02-14,same value as earliest filing,2018-01-01,2018-12-31,76374000.0,0001104657-21-000010,2020.0,FY,10-K,2021-02-18,NetCashProvidedByUsedInOperatingActivities,0,USD,us-gaap,365,2021-02-19,CY2018,,,https://www.sec.gov/Archives/edgar/data/1104657/000110465721000010/
MTRN,2026-09-18,equipment_capex,2019-02-14,same value as earliest filing,2018-01-01,2018-12-31,27702000.0,0001104657-21-000010,2020.0,FY,10-K,2021-02-18,PaymentsToAcquirePropertyPlantAndEquipment,1,USD,us-gaap,365,2021-02-19,CY2018,,,https://www.sec.gov/Archives/edgar/data/1104657/000110465721000010/
MTRN,2026-09-18,da,2019-02-14,same value as earliest filing,2018-01-01,2018-12-31,35524000.0,0001104657-21-000010,2020.0,FY,10-K,2021-02-18,DepreciationDepletionAndAmortization,0,USD,us-gaap,365,2021-02-19,CY2018,,,https://www.sec.gov/Archives/edgar/data/1104657/000110465721000010/
MTRN,2026-09-18,mine_capex,2019-02-14,same value as earliest filing,2018-01-01,2018-12-31,6558000.0,0001104657-20-000013,2019.0,FY,10-K,2020-02-13,PaymentsToAcquireMiningAssets,0,USD,us-gaap,365,2020-02-14,CY2018,,,https://www.sec.gov/Archives/edgar/data/1104657/000110465720000013/
MTRN,2026-09-18,revenue,2020-02-13,same value as earliest filing,2019-01-01,2019-12-31,1185424000.0,0001104657-22-000021,2021.0,FY,10-K,2022-02-17,RevenueFromContractWithCustomerExcludingAssessedTax,0,USD,us-gaap,365,2022-02-18,CY2019,,,https://www.sec.gov/Archives/edgar/data/1104657/000110465722000021/
MTRN,2026-09-18,operating_income,2020-02-13,changed from earliest filed value,2019-01-01,2019-12-31,70546000.0,0001104657-22-000021,2021.0,FY,10-K,2022-02-17,OperatingIncomeLoss,0,USD,us-gaap,365,2022-02-18,CY2019,,,https://www.sec.gov/Archives/edgar/data/1104657/000110465722000021/
MTRN,2026-09-18,net_income,2020-02-13,changed from earliest filed value,2019-01-01,2019-12-31,53394000.0,0001104657-22-000021,2021.0,FY,10-K,2022-02-17,NetIncomeLoss,0,USD,us-gaap,365,2022-02-18,CY2019,,,https://www.sec.gov/Archives/edgar/data/1104657/000110465722000021/
MTRN,2026-09-18,cfo,2020-02-13,same value as earliest filing,2019-01-01,2019-12-31,99222000.0,0001104657-22-000021,2021.0,FY,10-K,2022-02-17,NetCashProvidedByUsedInOperatingActivities,0,USD,us-gaap,365,2022-02-18,CY2019,,,https://www.sec.gov/Archives/edgar/data/1104657/000110465722000021/
MTRN,2026-09-18,equipment_capex,2020-02-13,same value as earliest filing,2019-01-01,2019-12-31,24251000.0,0001104657-22-000021,2021.0,FY,10-K,2022-02-17,PaymentsToAcquirePropertyPlantAndEquipment,1,USD,us-gaap,365,2022-02-18,CY2019,,,https://www.sec.gov/Archives/edgar/data/1104657/000110465722000021/
MTRN,2026-09-18,da,2020-02-13,same value as earliest filing,2019-01-01,2019-12-31,41116000.0,0001104657-22-000021,2021.0,FY,10-K,2022-02-17,DepreciationDepletionAndAmortization,0,USD,us-gaap,365,2022-02-18,CY2019,,,https://www.sec.gov/Archives/edgar/data/1104657/000110465722000021/
MTRN,2026-09-18,mine_capex,2020-02-13,same value as earliest filing,2019-01-01,2019-12-31,2277000.0,0001104657-20-000013,2019.0,FY,10-K,2020-02-13,PaymentsToAcquireMiningAssets,0,USD,us-gaap,365,2020-02-14,CY2019,,,https://www.sec.gov/Archives/edgar/data/1104657/000110465720000013/
MTRN,2026-09-18,revenue,2021-02-18,same value as earliest filing,2020-01-01,2020-12-31,1176274000.0,0001104657-23-000019,2022.0,FY,10-K,2023-02-16,RevenueFromContractWithCustomerExcludingAssessedTax,0,USD,us-gaap,366,2023-02-17,CY2020,,,https://www.sec.gov/Archives/edgar/data/1104657/000110465723000019/
MTRN,2026-09-18,operating_income,2021-02-18,same value as earliest filing,2020-01-01,2020-12-31,8215000.0,0001104657-23-000019,2022.0,FY,10-K,2023-02-16,OperatingIncomeLoss,0,USD,us-gaap,366,2023-02-17,CY2020,,,https://www.sec.gov/Archives/edgar/data/1104657/000110465723000019/
MTRN,2026-09-18,net_income,2021-02-18,same value as earliest filing,2020-01-01,2020-12-31,15462000.0,0001104657-23-000019,2022.0,FY,10-K,2023-02-16,NetIncomeLoss,0,USD,us-gaap,366,2023-02-17,CY2020,,,https://www.sec.gov/Archives/edgar/data/1104657/000110465723000019/
MTRN,2026-09-18,cfo,2021-02-18,same value as earliest filing,2020-01-01,2020-12-31,101057000.0,0001104657-23-000019,2022.0,FY,10-K,2023-02-16,NetCashProvidedByUsedInOperatingActivities,0,USD,us-gaap,366,2023-02-17,CY2020,,,https://www.sec.gov/Archives/edgar/data/1104657/000110465723000019/
MTRN,2026-09-18,equipment_capex,2021-02-18,same value as earliest filing,2020-01-01,2020-12-31,67274000.0,0001104657-23-000019,2022.0,FY,10-K,2023-02-16,PaymentsToAcquirePropertyPlantAndEquipment,1,USD,us-gaap,366,2023-02-17,CY2020,,,https://www.sec.gov/Archives/edgar/data/1104657/000110465723000019/
MTRN,2026-09-18,da,2021-02-18,same value as earliest filing,2020-01-01,2020-12-31,42384000.0,0001104657-23-000019,2022.0,FY,10-K,2023-02-16,DepreciationDepletionAndAmortization,0,USD,us-gaap,366,2023-02-17,CY2020,,,https://www.sec.gov/Archives/edgar/data/1104657/000110465723000019/
MTRN,2026-09-18,revenue,2022-02-17,same value as earliest filing,2021-01-01,2021-12-31,1510644000.0,0001104657-24-000019,2023.0,FY,10-K,2024-02-15,RevenueFromContractWithCustomerExcludingAssessedTax,0,USD,us-gaap,365,2024-02-16,CY2021,,,https://www.sec.gov/Archives/edgar/data/1104657/000110465724000019/
MTRN,2026-09-18,operating_income,2022-02-17,same value as earliest filing,2021-01-01,2021-12-31,77111000.0,0001104657-24-000019,2023.0,FY,10-K,2024-02-15,OperatingIncomeLoss,0,USD,us-gaap,365,2024-02-16,CY2021,,,https://www.sec.gov/Archives/edgar/data/1104657/000110465724000019/
MTRN,2026-09-18,net_income,2022-02-17,same value as earliest filing,2021-01-01,2021-12-31,72474000.0,0001104657-24-000019,2023.0,FY,10-K,2024-02-15,NetIncomeLoss,0,USD,us-gaap,365,2024-02-16,CY2021,,,https://www.sec.gov/Archives/edgar/data/1104657/000110465724000019/
MTRN,2026-09-18,cfo,2022-02-17,same value as earliest filing,2021-01-01,2021-12-31,90241000.0,0001104657-24-000019,2023.0,FY,10-K,2024-02-15,NetCashProvidedByUsedInOperatingActivities,0,USD,us-gaap,365,2024-02-16,CY2021,,,https://www.sec.gov/Archives/edgar/data/1104657/000110465724000019/
MTRN,2026-09-18,equipment_capex,2022-02-17,same value as earliest filing,2021-01-01,2021-12-31,102910000.0,0001104657-24-000019,2023.0,FY,10-K,2024-02-15,PaymentsToAcquirePropertyPlantAndEquipment,1,USD,us-gaap,365,2024-02-16,CY2021,,,https://www.sec.gov/Archives/edgar/data/1104657/000110465724000019/
MTRN,2026-09-18,da,2022-02-17,same value as earliest filing,2021-01-01,2021-12-31,44137000.0,0001104657-24-000019,2023.0,FY,10-K,2024-02-15,DepreciationDepletionAndAmortization,0,USD,us-gaap,365,2024-02-16,CY2021,,,https://www.sec.gov/Archives/edgar/data/1104657/000110465724000019/
MTRN,2026-09-18,mine_capex,2022-02-17,same value as earliest filing,2021-01-01,2021-12-31,0.0,0001104657-22-000021,,,10-K,2022-02-17,PaymentsToAcquireMiningAssets,0,USD,us-gaap,365,2022-02-18,,Cash-flow statement: Payments for mine development; dash is explicit zero,True,https://www.sec.gov/Archives/edgar/data/1104657/000110465722000021/
MTRN,2026-09-18,revenue,2023-02-16,same value as earliest filing,2022-01-01,2022-12-31,1757109000.0,0001104657-25-000024,2024.0,FY,10-K,2025-02-19,RevenueFromContractWithCustomerExcludingAssessedTax,0,USD,us-gaap,365,2025-02-20,CY2022,,,https://www.sec.gov/Archives/edgar/data/1104657/000110465725000024/
MTRN,2026-09-18,operating_income,2023-02-16,same value as earliest filing,2022-01-01,2022-12-31,119755000.0,0001104657-25-000024,2024.0,FY,10-K,2025-02-19,OperatingIncomeLoss,0,USD,us-gaap,365,2025-02-20,CY2022,,,https://www.sec.gov/Archives/edgar/data/1104657/000110465725000024/
MTRN,2026-09-18,net_income,2023-02-16,same value as earliest filing,2022-01-01,2022-12-31,85990000.0,0001104657-25-000024,2024.0,FY,10-K,2025-02-19,NetIncomeLoss,0,USD,us-gaap,365,2025-02-20,CY2022,,,https://www.sec.gov/Archives/edgar/data/1104657/000110465725000024/
MTRN,2026-09-18,cfo,2023-02-16,same value as earliest filing,2022-01-01,2022-12-31,115958000.0,0001104657-25-000024,2024.0,FY,10-K,2025-02-19,NetCashProvidedByUsedInOperatingActivities,0,USD,us-gaap,365,2025-02-20,CY2022,,,https://www.sec.gov/Archives/edgar/data/1104657/000110465725000024/
MTRN,2026-09-18,equipment_capex,2023-02-16,same value as earliest filing,2022-01-01,2022-12-31,77608000.0,0001104657-25-000024,2024.0,FY,10-K,2025-02-19,PaymentsToAcquirePropertyPlantAndEquipment,1,USD,us-gaap,365,2025-02-20,CY2022,,,https://www.sec.gov/Archives/edgar/data/1104657/000110465725000024/
MTRN,2026-09-18,da,2023-02-16,same value as earliest filing,2022-01-01,2022-12-31,53436000.0,0001104657-25-000024,2024.0,FY,10-K,2025-02-19,DepreciationDepletionAndAmortization,0,USD,us-gaap,365,2025-02-20,CY2022,,,https://www.sec.gov/Archives/edgar/data/1104657/000110465725000024/
MTRN,2026-09-18,mine_capex,2023-02-16,same value as earliest filing,2022-01-01,2022-12-31,0.0,0001104657-23-000019,,,10-K,2023-02-16,PaymentsToAcquireMiningAssets,0,USD,us-gaap,365,2023-02-17,,Cash-flow statement: Payments for mine development; dash is explicit zero,True,https://www.sec.gov/Archives/edgar/data/1104657/000110465723000019/
MTRN,2026-09-18,revenue,2024-02-15,same value as earliest filing,2023-01-01,2023-12-31,1665187000.0,0001104657-26-000011,2025.0,FY,10-K,2026-02-12,RevenueFromContractWithCustomerExcludingAssessedTax,0,USD,us-gaap,365,2026-02-13,CY2023,,,https://www.sec.gov/Archives/edgar/data/1104657/000110465726000011/
MTRN,2026-09-18,operating_income,2024-02-15,same value as earliest filing,2023-01-01,2023-12-31,136444000.0,0001104657-26-000011,2025.0,FY,10-K,2026-02-12,OperatingIncomeLoss,0,USD,us-gaap,365,2026-02-13,CY2023,,,https://www.sec.gov/Archives/edgar/data/1104657/000110465726000011/
MTRN,2026-09-18,net_income,2024-02-15,same value as earliest filing,2023-01-01,2023-12-31,95702000.0,0001104657-26-000011,2025.0,FY,10-K,2026-02-12,NetIncomeLoss,0,USD,us-gaap,365,2026-02-13,CY2023,,,https://www.sec.gov/Archives/edgar/data/1104657/000110465726000011/
MTRN,2026-09-18,cfo,2024-02-15,same value as earliest filing,2023-01-01,2023-12-31,144414000.0,0001104657-26-000011,2025.0,FY,10-K,2026-02-12,NetCashProvidedByUsedInOperatingActivities,0,USD,us-gaap,365,2026-02-13,CY2023,,,https://www.sec.gov/Archives/edgar/data/1104657/000110465726000011/
MTRN,2026-09-18,equipment_capex,2026-02-12,same value as earliest filing,2023-01-01,2023-12-31,110550000.0,0001104657-26-000011,2025.0,FY,10-K,2026-02-12,PaymentsToAcquireOtherPropertyPlantAndEquipment,0,USD,us-gaap,365,2026-02-13,CY2023,,,https://www.sec.gov/Archives/edgar/data/1104657/000110465726000011/
MTRN,2026-09-18,da,2024-02-15,same value as earliest filing,2023-01-01,2023-12-31,61644000.0,0001104657-26-000011,2025.0,FY,10-K,2026-02-12,DepreciationDepletionAndAmortization,0,USD,us-gaap,365,2026-02-13,CY2023,,,https://www.sec.gov/Archives/edgar/data/1104657/000110465726000011/
MTRN,2026-09-18,mine_capex,2024-02-15,same value as earliest filing,2023-01-01,2023-12-31,9326000.0,0001104657-24-000019,,,10-K,2024-02-15,PaymentsToAcquireMiningAssets,0,USD,us-gaap,365,2024-02-16,,Cash-flow statement: Payments for mine development; dash is explicit zero,True,https://www.sec.gov/Archives/edgar/data/1104657/000110465724000019/
MTRN,2026-09-18,revenue,2025-02-19,same value as earliest filing,2024-01-01,2024-12-31,1684739000.0,0001104657-26-000011,2025.0,FY,10-K,2026-02-12,RevenueFromContractWithCustomerExcludingAssessedTax,0,USD,us-gaap,366,2026-02-13,CY2024,,,https://www.sec.gov/Archives/edgar/data/1104657/000110465726000011/
MTRN,2026-09-18,operating_income,2025-02-19,same value as earliest filing,2024-01-01,2024-12-31,47223000.0,0001104657-26-000011,2025.0,FY,10-K,2026-02-12,OperatingIncomeLoss,0,USD,us-gaap,366,2026-02-13,CY2024,,,https://www.sec.gov/Archives/edgar/data/1104657/000110465726000011/
MTRN,2026-09-18,net_income,2025-02-19,same value as earliest filing,2024-01-01,2024-12-31,5888000.0,0001104657-26-000011,2025.0,FY,10-K,2026-02-12,NetIncomeLoss,0,USD,us-gaap,366,2026-02-13,CY2024,,,https://www.sec.gov/Archives/edgar/data/1104657/000110465726000011/
MTRN,2026-09-18,cfo,2025-02-19,same value as earliest filing,2024-01-01,2024-12-31,87817000.0,0001104657-26-000011,2025.0,FY,10-K,2026-02-12,NetCashProvidedByUsedInOperatingActivities,0,USD,us-gaap,366,2026-02-13,CY2024,,,https://www.sec.gov/Archives/edgar/data/1104657/000110465726000011/
MTRN,2026-09-18,equipment_capex,2026-02-12,same value as earliest filing,2024-01-01,2024-12-31,68649000.0,0001104657-26-000011,2025.0,FY,10-K,2026-02-12,PaymentsToAcquireOtherPropertyPlantAndEquipment,0,USD,us-gaap,366,2026-02-13,CY2024,,,https://www.sec.gov/Archives/edgar/data/1104657/000110465726000011/
MTRN,2026-09-18,da,2025-02-19,same value as earliest filing,2024-01-01,2024-12-31,68676000.0,0001104657-26-000011,2025.0,FY,10-K,2026-02-12,DepreciationDepletionAndAmortization,0,USD,us-gaap,366,2026-02-13,CY2024,,,https://www.sec.gov/Archives/edgar/data/1104657/000110465726000011/
MTRN,2026-09-18,mine_capex,2025-02-19,same value as earliest filing,2024-01-01,2024-12-31,12159000.0,0001104657-25-000024,,,10-K,2025-02-19,PaymentsToAcquireMiningAssets,0,USD,us-gaap,366,2025-02-20,,Cash-flow statement: Payments for mine development; dash is explicit zero,True,https://www.sec.gov/Archives/edgar/data/1104657/000110465725000024/
MTRN,2026-09-18,revenue,2026-02-12,same value as earliest filing,2025-01-01,2025-12-31,1786550000.0,0001104657-26-000011,2025.0,FY,10-K,2026-02-12,RevenueFromContractWithCustomerExcludingAssessedTax,0,USD,us-gaap,365,2026-02-13,CY2025,,,https://www.sec.gov/Archives/edgar/data/1104657/000110465726000011/
MTRN,2026-09-18,operating_income,2026-02-12,same value as earliest filing,2025-01-01,2025-12-31,109796000.0,0001104657-26-000011,2025.0,FY,10-K,2026-02-12,OperatingIncomeLoss,0,USD,us-gaap,365,2026-02-13,CY2025,,,https://www.sec.gov/Archives/edgar/data/1104657/000110465726000011/
MTRN,2026-09-18,net_income,2026-02-12,same value as earliest filing,2025-01-01,2025-12-31,74823000.0,0001104657-26-000011,2025.0,FY,10-K,2026-02-12,NetIncomeLoss,0,USD,us-gaap,365,2026-02-13,CY2025,,,https://www.sec.gov/Archives/edgar/data/1104657/000110465726000011/
MTRN,2026-09-18,cfo,2026-02-12,same value as earliest filing,2025-01-01,2025-12-31,103243000.0,0001104657-26-000011,2025.0,FY,10-K,2026-02-12,NetCashProvidedByUsedInOperatingActivities,0,USD,us-gaap,365,2026-02-13,CY2025,,,https://www.sec.gov/Archives/edgar/data/1104657/000110465726000011/
MTRN,2026-09-18,equipment_capex,2026-02-12,same value as earliest filing,2025-01-01,2025-12-31,53279000.0,0001104657-26-000011,2025.0,FY,10-K,2026-02-12,PaymentsToAcquireOtherPropertyPlantAndEquipment,0,USD,us-gaap,365,2026-02-13,CY2025,,,https://www.sec.gov/Archives/edgar/data/1104657/000110465726000011/
MTRN,2026-09-18,da,2026-02-12,same value as earliest filing,2025-01-01,2025-12-31,69074000.0,0001104657-26-000011,2025.0,FY,10-K,2026-02-12,DepreciationDepletionAndAmortization,0,USD,us-gaap,365,2026-02-13,CY2025,,,https://www.sec.gov/Archives/edgar/data/1104657/000110465726000011/
MTRN,2026-09-18,mine_capex,2026-02-12,same value as earliest filing,2025-01-01,2025-12-31,26288000.0,0001104657-26-000011,,,10-K,2026-02-12,PaymentsToAcquireMiningAssets,0,USD,us-gaap,365,2026-02-13,,Cash-flow statement: Payments for mine development; dash is explicit zero,True,https://www.sec.gov/Archives/edgar/data/1104657/000110465726000011/
MTRN,2026-09-18,quarter_revenue,2020-04-23,same value as earliest filing,2020-01-01,2020-03-27,277946000.0,0001104657-21-000044,2021.0,Q1,10-Q,2021-04-29,RevenueFromContractWithCustomerExcludingAssessedTax,0,USD,us-gaap,87,2021-04-30,CY2020Q1,,,https://www.sec.gov/Archives/edgar/data/1104657/000110465721000044/
MTRN,2026-09-18,quarter_operating_income,2020-04-23,changed from earliest filed value,2020-01-01,2020-03-27,-5568000.0,0001104657-21-000044,2021.0,Q1,10-Q,2021-04-29,OperatingIncomeLoss,0,USD,us-gaap,87,2021-04-30,CY2020Q1,,,https://www.sec.gov/Archives/edgar/data/1104657/000110465721000044/
MTRN,2026-09-18,quarter_net_income,2020-04-23,changed from earliest filed value,2020-01-01,2020-03-27,-3878000.0,0001104657-21-000044,2021.0,Q1,10-Q,2021-04-29,NetIncomeLoss,0,USD,us-gaap,87,2021-04-30,CY2020Q1,,,https://www.sec.gov/Archives/edgar/data/1104657/000110465721000044/
MTRN,2026-09-18,quarter_eps,2020-04-23,changed from earliest filed value,2020-01-01,2020-03-27,-0.19,0001104657-21-000044,2021.0,Q1,10-Q,2021-04-29,EarningsPerShareDiluted,0,USD/shares,us-gaap,87,2021-04-30,CY2020Q1,,,https://www.sec.gov/Archives/edgar/data/1104657/000110465721000044/
MTRN,2026-09-18,quarter_revenue,2020-07-23,same value as earliest filing,2020-03-28,2020-06-26,271468000.0,0001104657-21-000078,2021.0,Q2,10-Q,2021-08-03,RevenueFromContractWithCustomerExcludingAssessedTax,0,USD,us-gaap,91,2021-08-04,CY2020Q2,,,https://www.sec.gov/Archives/edgar/data/1104657/000110465721000078/
MTRN,2026-09-18,quarter_operating_income,2020-07-23,changed from earliest filed value,2020-03-28,2020-06-26,7571000.0,0001104657-21-000078,2021.0,Q2,10-Q,2021-08-03,OperatingIncomeLoss,0,USD,us-gaap,91,2021-08-04,CY2020Q2,,,https://www.sec.gov/Archives/edgar/data/1104657/000110465721000078/
MTRN,2026-09-18,quarter_net_income,2020-07-23,changed from earliest filed value,2020-03-28,2020-06-26,5803000.0,0001104657-21-000078,2021.0,Q2,10-Q,2021-08-03,NetIncomeLoss,0,USD,us-gaap,91,2021-08-04,CY2020Q2,,,https://www.sec.gov/Archives/edgar/data/1104657/000110465721000078/
MTRN,2026-09-18,quarter_eps,2020-07-23,changed from earliest filed value,2020-03-28,2020-06-26,0.28,0001104657-21-000078,2021.0,Q2,10-Q,2021-08-03,EarningsPerShareDiluted,0,USD/shares,us-gaap,91,2021-08-04,CY2020Q2,,,https://www.sec.gov/Archives/edgar/data/1104657/000110465721000078/
MTRN,2026-09-18,quarter_revenue,2020-10-22,same value as earliest filing,2020-06-27,2020-09-25,287171000.0,0001104657-21-000107,2021.0,Q3,10-Q,2021-11-02,RevenueFromContractWithCustomerExcludingAssessedTax,0,USD,us-gaap,91,2021-11-03,CY2020Q3,,,https://www.sec.gov/Archives/edgar/data/1104657/000110465721000107/
MTRN,2026-09-18,quarter_operating_income,2020-10-22,changed from earliest filed value,2020-06-27,2020-09-25,-616000.0,0001104657-21-000107,2021.0,Q3,10-Q,2021-11-02,OperatingIncomeLoss,0,USD,us-gaap,91,2021-11-03,CY2020Q3,,,https://www.sec.gov/Archives/edgar/data/1104657/000110465721000107/
MTRN,2026-09-18,quarter_net_income,2020-10-22,changed from earliest filed value,2020-06-27,2020-09-25,5471000.0,0001104657-21-000107,2021.0,Q3,10-Q,2021-11-02,NetIncomeLoss,0,USD,us-gaap,91,2021-11-03,CY2020Q3,,,https://www.sec.gov/Archives/edgar/data/1104657/000110465721000107/
MTRN,2026-09-18,quarter_eps,2020-10-22,changed from earliest filed value,2020-06-27,2020-09-25,0.27,0001104657-21-000107,2021.0,Q3,10-Q,2021-11-02,EarningsPerShareDiluted,0,USD/shares,us-gaap,91,2021-11-03,CY2020Q3,,,https://www.sec.gov/Archives/edgar/data/1104657/000110465721000107/
MTRN,2026-09-18,quarter_revenue,2021-02-18,same value as earliest filing,2020-09-26,2020-12-31,339689000.0,0001104657-21-000010,2020.0,FY,10-K,2021-02-18,RevenueFromContractWithCustomerExcludingAssessedTax,0,USD,us-gaap,97,2021-02-19,CY2020Q4,,,https://www.sec.gov/Archives/edgar/data/1104657/000110465721000010/
MTRN,2026-09-18,quarter_operating_income,2021-02-18,same value as earliest filing,2020-09-26,2020-12-31,6828000.0,0001104657-21-000010,2020.0,FY,10-K,2021-02-18,OperatingIncomeLoss,0,USD,us-gaap,97,2021-02-19,CY2020Q4,,,https://www.sec.gov/Archives/edgar/data/1104657/000110465721000010/
MTRN,2026-09-18,quarter_net_income,2021-02-18,same value as earliest filing,2020-09-26,2020-12-31,8066000.0,0001104657-21-000010,2020.0,FY,10-K,2021-02-18,NetIncomeLoss,0,USD,us-gaap,97,2021-02-19,CY2020Q4,,,https://www.sec.gov/Archives/edgar/data/1104657/000110465721000010/
MTRN,2026-09-18,quarter_eps,2021-02-18,same value as earliest filing,2020-09-26,2020-12-31,0.39,0001104657-21-000010,2020.0,FY,10-K,2021-02-18,EarningsPerShareDiluted,0,USD/shares,us-gaap,97,2021-02-19,CY2020Q4,,,https://www.sec.gov/Archives/edgar/data/1104657/000110465721000010/
MTRN,2026-09-18,quarter_revenue,2021-04-29,same value as earliest filing,2021-01-01,2021-04-02,354386000.0,0001104657-22-000073,2022.0,Q1,10-Q,2022-04-28,RevenueFromContractWithCustomerExcludingAssessedTax,0,USD,us-gaap,92,2022-04-29,CY2021Q1,,,https://www.sec.gov/Archives/edgar/data/1104657/000110465722000073/
MTRN,2026-09-18,quarter_operating_income,2021-04-29,same value as earliest filing,2021-01-01,2021-04-02,19718000.0,0001104657-22-000073,2022.0,Q1,10-Q,2022-04-28,OperatingIncomeLoss,0,USD,us-gaap,92,2022-04-29,CY2021Q1,,,https://www.sec.gov/Archives/edgar/data/1104657/000110465722000073/
MTRN,2026-09-18,quarter_net_income,2021-04-29,same value as earliest filing,2021-01-01,2021-04-02,16767000.0,0001104657-22-000073,2022.0,Q1,10-Q,2022-04-28,NetIncomeLoss,0,USD,us-gaap,92,2022-04-29,CY2021Q1,,,https://www.sec.gov/Archives/edgar/data/1104657/000110465722000073/
MTRN,2026-09-18,quarter_eps,2021-04-29,same value as earliest filing,2021-01-01,2021-04-02,0.81,0001104657-22-000073,2022.0,Q1,10-Q,2022-04-28,EarningsPerShareDiluted,0,USD/shares,us-gaap,92,2022-04-29,CY2021Q1,,,https://www.sec.gov/Archives/edgar/data/1104657/000110465722000073/
MTRN,2026-09-18,quarter_revenue,2021-08-03,same value as earliest filing,2021-04-03,2021-07-02,370999000.0,0001104657-22-000126,2022.0,Q2,10-Q,2022-08-03,RevenueFromContractWithCustomerExcludingAssessedTax,0,USD,us-gaap,91,2022-08-04,CY2021Q2,,,https://www.sec.gov/Archives/edgar/data/1104657/000110465722000126/
MTRN,2026-09-18,quarter_operating_income,2021-08-03,same value as earliest filing,2021-04-03,2021-07-02,20723000.0,0001104657-22-000126,2022.0,Q2,10-Q,2022-08-03,OperatingIncomeLoss,0,USD,us-gaap,91,2022-08-04,CY2021Q2,,,https://www.sec.gov/Archives/edgar/data/1104657/000110465722000126/
MTRN,2026-09-18,quarter_net_income,2021-08-03,same value as earliest filing,2021-04-03,2021-07-02,17868000.0,0001104657-22-000126,2022.0,Q2,10-Q,2022-08-03,NetIncomeLoss,0,USD,us-gaap,91,2022-08-04,CY2021Q2,,,https://www.sec.gov/Archives/edgar/data/1104657/000110465722000126/
MTRN,2026-09-18,quarter_eps,2021-08-03,same value as earliest filing,2021-04-03,2021-07-02,0.87,0001104657-22-000126,2022.0,Q2,10-Q,2022-08-03,EarningsPerShareDiluted,0,USD/shares,us-gaap,91,2022-08-04,CY2021Q2,,,https://www.sec.gov/Archives/edgar/data/1104657/000110465722000126/
MTRN,2026-09-18,quarter_revenue,2021-11-02,same value as earliest filing,2021-07-03,2021-10-01,388028000.0,0001104657-22-000157,2022.0,Q3,10-Q,2022-11-02,RevenueFromContractWithCustomerExcludingAssessedTax,0,USD,us-gaap,91,2022-11-03,CY2021Q3,,,https://www.sec.gov/Archives/edgar/data/1104657/000110465722000157/
MTRN,2026-09-18,quarter_operating_income,2021-11-02,same value as earliest filing,2021-07-03,2021-10-01,21160000.0,0001104657-22-000157,2022.0,Q3,10-Q,2022-11-02,OperatingIncomeLoss,0,USD,us-gaap,91,2022-11-03,CY2021Q3,,,https://www.sec.gov/Archives/edgar/data/1104657/000110465722000157/
MTRN,2026-09-18,quarter_net_income,2021-11-02,same value as earliest filing,2021-07-03,2021-10-01,18156000.0,0001104657-22-000157,2022.0,Q3,10-Q,2022-11-02,NetIncomeLoss,0,USD,us-gaap,91,2022-11-03,CY2021Q3,,,https://www.sec.gov/Archives/edgar/data/1104657/000110465722000157/
MTRN,2026-09-18,quarter_eps,2021-11-02,same value as earliest filing,2021-07-03,2021-10-01,0.88,0001104657-22-000157,2022.0,Q3,10-Q,2022-11-02,EarningsPerShareDiluted,0,USD/shares,us-gaap,91,2022-11-03,CY2021Q3,,,https://www.sec.gov/Archives/edgar/data/1104657/000110465722000157/
MTRN,2026-09-18,quarter_revenue,2022-04-28,same value as earliest filing,2022-01-01,2022-04-01,449045000.0,0001104657-23-000065,2023.0,Q1,10-Q,2023-05-03,RevenueFromContractWithCustomerExcludingAssessedTax,0,USD,us-gaap,91,2023-05-04,CY2022Q1,,,https://www.sec.gov/Archives/edgar/data/1104657/000110465723000065/
MTRN,2026-09-18,quarter_operating_income,2022-04-28,same value as earliest filing,2022-01-01,2022-04-01,19606000.0,0001104657-23-000065,2023.0,Q1,10-Q,2023-05-03,OperatingIncomeLoss,0,USD,us-gaap,91,2023-05-04,CY2022Q1,,,https://www.sec.gov/Archives/edgar/data/1104657/000110465723000065/
MTRN,2026-09-18,quarter_net_income,2022-04-28,same value as earliest filing,2022-01-01,2022-04-01,14019000.0,0001104657-23-000065,2023.0,Q1,10-Q,2023-05-03,NetIncomeLoss,0,USD,us-gaap,91,2023-05-04,CY2022Q1,,,https://www.sec.gov/Archives/edgar/data/1104657/000110465723000065/
MTRN,2026-09-18,quarter_eps,2022-04-28,same value as earliest filing,2022-01-01,2022-04-01,0.68,0001104657-23-000065,2023.0,Q1,10-Q,2023-05-03,EarningsPerShareDiluted,0,USD/shares,us-gaap,91,2023-05-04,CY2022Q1,,,https://www.sec.gov/Archives/edgar/data/1104657/000110465723000065/
MTRN,2026-09-18,quarter_revenue,2022-08-03,same value as earliest filing,2022-04-02,2022-07-01,445295000.0,0001104657-23-000124,2023.0,Q2,10-Q,2023-08-02,RevenueFromContractWithCustomerExcludingAssessedTax,0,USD,us-gaap,91,2023-08-03,CY2022Q2,,,https://www.sec.gov/Archives/edgar/data/1104657/000110465723000124/
MTRN,2026-09-18,quarter_operating_income,2022-08-03,same value as earliest filing,2022-04-02,2022-07-01,31860000.0,0001104657-23-000124,2023.0,Q2,10-Q,2023-08-02,OperatingIncomeLoss,0,USD,us-gaap,91,2023-08-03,CY2022Q2,,,https://www.sec.gov/Archives/edgar/data/1104657/000110465723000124/
MTRN,2026-09-18,quarter_net_income,2022-08-03,same value as earliest filing,2022-04-02,2022-07-01,23255000.0,0001104657-23-000124,2023.0,Q2,10-Q,2023-08-02,NetIncomeLoss,0,USD,us-gaap,91,2023-08-03,CY2022Q2,,,https://www.sec.gov/Archives/edgar/data/1104657/000110465723000124/
MTRN,2026-09-18,quarter_eps,2022-08-03,same value as earliest filing,2022-04-02,2022-07-01,1.12,0001104657-23-000124,2023.0,Q2,10-Q,2023-08-02,EarningsPerShareDiluted,0,USD/shares,us-gaap,91,2023-08-03,CY2022Q2,,,https://www.sec.gov/Archives/edgar/data/1104657/000110465723000124/
MTRN,2026-09-18,quarter_revenue,2022-11-02,same value as earliest filing,2022-07-02,2022-09-30,428191000.0,0001104657-23-000155,2023.0,Q3,10-Q,2023-11-01,RevenueFromContractWithCustomerExcludingAssessedTax,0,USD,us-gaap,91,2023-11-02,CY2022Q3,,,https://www.sec.gov/Archives/edgar/data/1104657/000110465723000155/
MTRN,2026-09-18,quarter_operating_income,2022-11-02,same value as earliest filing,2022-07-02,2022-09-30,29097000.0,0001104657-23-000155,2023.0,Q3,10-Q,2023-11-01,OperatingIncomeLoss,0,USD,us-gaap,91,2023-11-02,CY2022Q3,,,https://www.sec.gov/Archives/edgar/data/1104657/000110465723000155/
MTRN,2026-09-18,quarter_net_income,2022-11-02,same value as earliest filing,2022-07-02,2022-09-30,19952000.0,0001104657-23-000155,2023.0,Q3,10-Q,2023-11-01,NetIncomeLoss,0,USD,us-gaap,91,2023-11-02,CY2022Q3,,,https://www.sec.gov/Archives/edgar/data/1104657/000110465723000155/
MTRN,2026-09-18,quarter_eps,2022-11-02,same value as earliest filing,2022-07-02,2022-09-30,0.96,0001104657-23-000155,2023.0,Q3,10-Q,2023-11-01,EarningsPerShareDiluted,0,USD/shares,us-gaap,91,2023-11-02,CY2022Q3,,,https://www.sec.gov/Archives/edgar/data/1104657/000110465723000155/
MTRN,2026-09-18,quarter_revenue,2023-05-03,same value as earliest filing,2023-01-01,2023-03-31,442526000.0,0001104657-24-000066,2024.0,Q1,10-Q,2024-05-02,RevenueFromContractWithCustomerExcludingAssessedTax,0,USD,us-gaap,90,2024-05-03,CY2023Q1,,,https://www.sec.gov/Archives/edgar/data/1104657/000110465724000066/
MTRN,2026-09-18,quarter_operating_income,2023-05-03,same value as earliest filing,2023-01-01,2023-03-31,36940000.0,0001104657-24-000066,2024.0,Q1,10-Q,2024-05-02,OperatingIncomeLoss,0,USD,us-gaap,90,2024-05-03,CY2023Q1,,,https://www.sec.gov/Archives/edgar/data/1104657/000110465724000066/
MTRN,2026-09-18,quarter_net_income,2023-05-03,same value as earliest filing,2023-01-01,2023-03-31,25588000.0,0001104657-24-000066,2024.0,Q1,10-Q,2024-05-02,NetIncomeLoss,0,USD,us-gaap,90,2024-05-03,CY2023Q1,,,https://www.sec.gov/Archives/edgar/data/1104657/000110465724000066/
MTRN,2026-09-18,quarter_eps,2023-05-03,same value as earliest filing,2023-01-01,2023-03-31,1.23,0001104657-24-000066,2024.0,Q1,10-Q,2024-05-02,EarningsPerShareDiluted,0,USD/shares,us-gaap,90,2024-05-03,CY2023Q1,,,https://www.sec.gov/Archives/edgar/data/1104657/000110465724000066/
MTRN,2026-09-18,quarter_revenue,2023-08-02,same value as earliest filing,2023-04-01,2023-06-30,398551000.0,0001104657-24-000116,2024.0,Q2,10-Q,2024-08-06,RevenueFromContractWithCustomerExcludingAssessedTax,0,USD,us-gaap,91,2024-08-07,CY2023Q2,,,https://www.sec.gov/Archives/edgar/data/1104657/000110465724000116/
MTRN,2026-09-18,quarter_operating_income,2023-08-02,same value as earliest filing,2023-04-01,2023-06-30,35344000.0,0001104657-24-000116,2024.0,Q2,10-Q,2024-08-06,OperatingIncomeLoss,0,USD,us-gaap,91,2024-08-07,CY2023Q2,,,https://www.sec.gov/Archives/edgar/data/1104657/000110465724000116/
MTRN,2026-09-18,quarter_net_income,2023-08-02,same value as earliest filing,2023-04-01,2023-06-30,24082000.0,0001104657-24-000116,2024.0,Q2,10-Q,2024-08-06,NetIncomeLoss,0,USD,us-gaap,91,2024-08-07,CY2023Q2,,,https://www.sec.gov/Archives/edgar/data/1104657/000110465724000116/
MTRN,2026-09-18,quarter_eps,2023-08-02,same value as earliest filing,2023-04-01,2023-06-30,1.15,0001104657-24-000116,2024.0,Q2,10-Q,2024-08-06,EarningsPerShareDiluted,0,USD/shares,us-gaap,91,2024-08-07,CY2023Q2,,,https://www.sec.gov/Archives/edgar/data/1104657/000110465724000116/
MTRN,2026-09-18,quarter_revenue,2023-11-01,same value as earliest filing,2023-07-01,2023-09-29,403067000.0,0001104657-24-000146,2024.0,Q3,10-Q,2024-10-30,RevenueFromContractWithCustomerExcludingAssessedTax,0,USD,us-gaap,91,2024-10-31,CY2023Q3,,,https://www.sec.gov/Archives/edgar/data/1104657/000110465724000146/
MTRN,2026-09-18,quarter_operating_income,2023-11-01,same value as earliest filing,2023-07-01,2023-09-29,36520000.0,0001104657-24-000146,2024.0,Q3,10-Q,2024-10-30,OperatingIncomeLoss,0,USD,us-gaap,91,2024-10-31,CY2023Q3,,,https://www.sec.gov/Archives/edgar/data/1104657/000110465724000146/
MTRN,2026-09-18,quarter_net_income,2023-11-01,same value as earliest filing,2023-07-01,2023-09-29,26564000.0,0001104657-24-000146,2024.0,Q3,10-Q,2024-10-30,NetIncomeLoss,0,USD,us-gaap,91,2024-10-31,CY2023Q3,,,https://www.sec.gov/Archives/edgar/data/1104657/000110465724000146/
MTRN,2026-09-18,quarter_eps,2023-11-01,same value as earliest filing,2023-07-01,2023-09-29,1.27,0001104657-24-000146,2024.0,Q3,10-Q,2024-10-30,EarningsPerShareDiluted,0,USD/shares,us-gaap,91,2024-10-31,CY2023Q3,,,https://www.sec.gov/Archives/edgar/data/1104657/000110465724000146/
MTRN,2026-09-18,quarter_revenue,2024-05-02,same value as earliest filing,2024-01-01,2024-03-29,385287000.0,0001104657-25-000059,2025.0,Q1,10-Q,2025-05-01,RevenueFromContractWithCustomerExcludingAssessedTax,0,USD,us-gaap,89,2025-05-02,CY2024Q1,,,https://www.sec.gov/Archives/edgar/data/1104657/000110465725000059/
MTRN,2026-09-18,quarter_operating_income,2024-05-02,same value as earliest filing,2024-01-01,2024-03-29,22249000.0,0001104657-25-000059,2025.0,Q1,10-Q,2025-05-01,OperatingIncomeLoss,0,USD,us-gaap,89,2025-05-02,CY2024Q1,,,https://www.sec.gov/Archives/edgar/data/1104657/000110465725000059/
MTRN,2026-09-18,quarter_net_income,2024-05-02,same value as earliest filing,2024-01-01,2024-03-29,13409000.0,0001104657-25-000059,2025.0,Q1,10-Q,2025-05-01,NetIncomeLoss,0,USD,us-gaap,89,2025-05-02,CY2024Q1,,,https://www.sec.gov/Archives/edgar/data/1104657/000110465725000059/
MTRN,2026-09-18,quarter_eps,2024-05-02,same value as earliest filing,2024-01-01,2024-03-29,0.64,0001104657-25-000059,2025.0,Q1,10-Q,2025-05-01,EarningsPerShareDiluted,0,USD/shares,us-gaap,89,2025-05-02,CY2024Q1,,,https://www.sec.gov/Archives/edgar/data/1104657/000110465725000059/
MTRN,2026-09-18,quarter_revenue,2024-08-06,same value as earliest filing,2024-03-30,2024-06-28,425866000.0,0001104657-25-000144,2025.0,Q2,10-Q,2025-07-30,RevenueFromContractWithCustomerExcludingAssessedTax,0,USD,us-gaap,91,2025-07-31,CY2024Q2,,,https://www.sec.gov/Archives/edgar/data/1104657/000110465725000144/
MTRN,2026-09-18,quarter_operating_income,2024-08-06,same value as earliest filing,2024-03-30,2024-06-28,32062000.0,0001104657-25-000144,2025.0,Q2,10-Q,2025-07-30,OperatingIncomeLoss,0,USD,us-gaap,91,2025-07-31,CY2024Q2,,,https://www.sec.gov/Archives/edgar/data/1104657/000110465725000144/
MTRN,2026-09-18,quarter_net_income,2024-08-06,same value as earliest filing,2024-03-30,2024-06-28,19036000.0,0001104657-25-000144,2025.0,Q2,10-Q,2025-07-30,NetIncomeLoss,0,USD,us-gaap,91,2025-07-31,CY2024Q2,,,https://www.sec.gov/Archives/edgar/data/1104657/000110465725000144/
MTRN,2026-09-18,quarter_eps,2024-08-06,same value as earliest filing,2024-03-30,2024-06-28,0.91,0001104657-25-000144,2025.0,Q2,10-Q,2025-07-30,EarningsPerShareDiluted,0,USD/shares,us-gaap,91,2025-07-31,CY2024Q2,,,https://www.sec.gov/Archives/edgar/data/1104657/000110465725000144/
MTRN,2026-09-18,quarter_revenue,2024-10-30,same value as earliest filing,2024-06-29,2024-09-27,436715000.0,0001104657-25-000191,2025.0,Q3,10-Q,2025-10-30,RevenueFromContractWithCustomerExcludingAssessedTax,0,USD,us-gaap,91,2025-10-31,CY2024Q3,,,https://www.sec.gov/Archives/edgar/data/1104657/000110465725000191/
MTRN,2026-09-18,quarter_operating_income,2024-10-30,same value as earliest filing,2024-06-29,2024-09-27,31259000.0,0001104657-25-000191,2025.0,Q3,10-Q,2025-10-30,OperatingIncomeLoss,0,USD,us-gaap,91,2025-10-31,CY2024Q3,,,https://www.sec.gov/Archives/edgar/data/1104657/000110465725000191/
MTRN,2026-09-18,quarter_net_income,2024-10-30,same value as earliest filing,2024-06-29,2024-09-27,22294000.0,0001104657-25-000191,2025.0,Q3,10-Q,2025-10-30,NetIncomeLoss,0,USD,us-gaap,91,2025-10-31,CY2024Q3,,,https://www.sec.gov/Archives/edgar/data/1104657/000110465725000191/
MTRN,2026-09-18,quarter_eps,2024-10-30,same value as earliest filing,2024-06-29,2024-09-27,1.07,0001104657-25-000191,2025.0,Q3,10-Q,2025-10-30,EarningsPerShareDiluted,0,USD/shares,us-gaap,91,2025-10-31,CY2024Q3,,,https://www.sec.gov/Archives/edgar/data/1104657/000110465725000191/
MTRN,2026-09-18,quarter_revenue,2025-05-01,same value as earliest filing,2025-01-01,2025-03-28,420330000.0,0001104657-26-000029,2026.0,Q1,10-Q,2026-04-29,RevenueFromContractWithCustomerExcludingAssessedTax,0,USD,us-gaap,87,2026-04-30,CY2025Q1,,,https://www.sec.gov/Archives/edgar/data/1104657/000110465726000029/
MTRN,2026-09-18,quarter_operating_income,2025-05-01,same value as earliest filing,2025-01-01,2025-03-28,27195000.0,0001104657-26-000029,2026.0,Q1,10-Q,2026-04-29,OperatingIncomeLoss,0,USD,us-gaap,87,2026-04-30,CY2025Q1,,,https://www.sec.gov/Archives/edgar/data/1104657/000110465726000029/
MTRN,2026-09-18,quarter_net_income,2025-05-01,same value as earliest filing,2025-01-01,2025-03-28,17698000.0,0001104657-26-000029,2026.0,Q1,10-Q,2026-04-29,NetIncomeLoss,0,USD,us-gaap,87,2026-04-30,CY2025Q1,,,https://www.sec.gov/Archives/edgar/data/1104657/000110465726000029/
MTRN,2026-09-18,quarter_eps,2025-05-01,same value as earliest filing,2025-01-01,2025-03-28,0.85,0001104657-26-000029,2026.0,Q1,10-Q,2026-04-29,EarningsPerShareDiluted,0,USD/shares,us-gaap,87,2026-04-30,CY2025Q1,,,https://www.sec.gov/Archives/edgar/data/1104657/000110465726000029/
MTRN,2026-09-18,quarter_revenue,2025-07-30,same value as earliest filing,2025-03-29,2025-06-27,431658000.0,0001104657-26-000044,2026.0,Q2,10-Q,2026-08-05,RevenueFromContractWithCustomerExcludingAssessedTax,0,USD,us-gaap,91,2026-08-06,CY2025Q2,,,https://www.sec.gov/Archives/edgar/data/1104657/000110465726000044/
MTRN,2026-09-18,quarter_operating_income,2025-07-30,same value as earliest filing,2025-03-29,2025-06-27,36819000.0,0001104657-26-000044,2026.0,Q2,10-Q,2026-08-05,OperatingIncomeLoss,0,USD,us-gaap,91,2026-08-06,CY2025Q2,,,https://www.sec.gov/Archives/edgar/data/1104657/000110465726000044/
MTRN,2026-09-18,quarter_net_income,2025-07-30,same value as earliest filing,2025-03-29,2025-06-27,25140000.0,0001104657-26-000044,2026.0,Q2,10-Q,2026-08-05,NetIncomeLoss,0,USD,us-gaap,91,2026-08-06,CY2025Q2,,,https://www.sec.gov/Archives/edgar/data/1104657/000110465726000044/
MTRN,2026-09-18,quarter_eps,2025-07-30,same value as earliest filing,2025-03-29,2025-06-27,1.21,0001104657-26-000044,2026.0,Q2,10-Q,2026-08-05,EarningsPerShareDiluted,0,USD/shares,us-gaap,91,2026-08-06,CY2025Q2,,,https://www.sec.gov/Archives/edgar/data/1104657/000110465726000044/
MTRN,2026-09-18,quarter_revenue,2025-10-30,same value as earliest filing,2025-06-28,2025-09-26,444808000.0,0001104657-25-000191,2025.0,Q3,10-Q,2025-10-30,RevenueFromContractWithCustomerExcludingAssessedTax,0,USD,us-gaap,91,2025-10-31,CY2025Q3,,,https://www.sec.gov/Archives/edgar/data/1104657/000110465725000191/
MTRN,2026-09-18,quarter_operating_income,2025-10-30,same value as earliest filing,2025-06-28,2025-09-26,34943000.0,0001104657-25-000191,2025.0,Q3,10-Q,2025-10-30,OperatingIncomeLoss,0,USD,us-gaap,91,2025-10-31,CY2025Q3,,,https://www.sec.gov/Archives/edgar/data/1104657/000110465725000191/
MTRN,2026-09-18,quarter_net_income,2025-10-30,same value as earliest filing,2025-06-28,2025-09-26,25412000.0,0001104657-25-000191,2025.0,Q3,10-Q,2025-10-30,NetIncomeLoss,0,USD,us-gaap,91,2025-10-31,CY2025Q3,,,https://www.sec.gov/Archives/edgar/data/1104657/000110465725000191/
MTRN,2026-09-18,quarter_eps,2025-10-30,same value as earliest filing,2025-06-28,2025-09-26,1.22,0001104657-25-000191,2025.0,Q3,10-Q,2025-10-30,EarningsPerShareDiluted,0,USD/shares,us-gaap,91,2025-10-31,CY2025Q3,,,https://www.sec.gov/Archives/edgar/data/1104657/000110465725000191/
MTRN,2026-09-18,quarter_revenue,2026-04-29,same value as earliest filing,2026-01-01,2026-04-03,549824000.0,0001104657-26-000029,2026.0,Q1,10-Q,2026-04-29,RevenueFromContractWithCustomerExcludingAssessedTax,0,USD,us-gaap,93,2026-04-30,CY2026Q1,,,https://www.sec.gov/Archives/edgar/data/1104657/000110465726000029/
MTRN,2026-09-18,quarter_operating_income,2026-04-29,same value as earliest filing,2026-01-01,2026-04-03,28175000.0,0001104657-26-000029,2026.0,Q1,10-Q,2026-04-29,OperatingIncomeLoss,0,USD,us-gaap,93,2026-04-30,CY2026Q1,,,https://www.sec.gov/Archives/edgar/data/1104657/000110465726000029/
MTRN,2026-09-18,quarter_net_income,2026-04-29,same value as earliest filing,2026-01-01,2026-04-03,19373000.0,0001104657-26-000029,2026.0,Q1,10-Q,2026-04-29,NetIncomeLoss,0,USD,us-gaap,93,2026-04-30,CY2026Q1,,,https://www.sec.gov/Archives/edgar/data/1104657/000110465726000029/
MTRN,2026-09-18,quarter_eps,2026-04-29,same value as earliest filing,2026-01-01,2026-04-03,0.92,0001104657-26-000029,2026.0,Q1,10-Q,2026-04-29,EarningsPerShareDiluted,0,USD/shares,us-gaap,93,2026-04-30,CY2026Q1,,,https://www.sec.gov/Archives/edgar/data/1104657/000110465726000029/
MTRN,2026-09-18,quarter_revenue,2026-08-05,same value as earliest filing,2026-04-04,2026-07-03,613906000.0,0001104657-26-000044,2026.0,Q2,10-Q,2026-08-05,RevenueFromContractWithCustomerExcludingAssessedTax,0,USD,us-gaap,91,2026-08-06,CY2026Q2,,,https://www.sec.gov/Archives/edgar/data/1104657/000110465726000044/
MTRN,2026-09-18,quarter_operating_income,2026-08-05,same value as earliest filing,2026-04-04,2026-07-03,51711000.0,0001104657-26-000044,2026.0,Q2,10-Q,2026-08-05,OperatingIncomeLoss,0,USD,us-gaap,91,2026-08-06,CY2026Q2,,,https://www.sec.gov/Archives/edgar/data/1104657/000110465726000044/
MTRN,2026-09-18,quarter_net_income,2026-08-05,same value as earliest filing,2026-04-04,2026-07-03,38758000.0,0001104657-26-000044,2026.0,Q2,10-Q,2026-08-05,NetIncomeLoss,0,USD,us-gaap,91,2026-08-06,CY2026Q2,,,https://www.sec.gov/Archives/edgar/data/1104657/000110465726000044/
MTRN,2026-09-18,quarter_eps,2026-08-05,same value as earliest filing,2026-04-04,2026-07-03,1.84,0001104657-26-000044,2026.0,Q2,10-Q,2026-08-05,EarningsPerShareDiluted,0,USD/shares,us-gaap,91,2026-08-06,CY2026Q2,,,https://www.sec.gov/Archives/edgar/data/1104657/000110465726000044/
ENTG,2015-12-31,revenue,2015-02-26,same value as earliest filing,2014-01-01,2014-12-31,962069000.0,0001101302-15-000002,2014.0,FY,10-K,2015-02-26,SalesRevenueNet,1,USD,us-gaap,365,2015-02-27,,,,https://www.sec.gov/Archives/edgar/data/1101302/000110130215000002/
ENTG,2015-12-31,revenue,2015-10-29,same value as earliest filing,2015-01-01,2015-09-26,814335000.0,0001101302-15-000008,2015.0,Q3,10-Q,2015-10-29,SalesRevenueNet,1,USD,us-gaap,269,2015-10-30,,,,https://www.sec.gov/Archives/edgar/data/1101302/000110130215000008/
ENTG,2015-12-31,revenue,2015-10-29,same value as earliest filing,2015-01-01,2015-09-26,814335000.0,0001101302-15-000008,2015.0,Q3,10-Q,2015-10-29,SalesRevenueNet,1,USD,us-gaap,269,2015-10-30,,,,https://www.sec.gov/Archives/edgar/data/1101302/000110130215000008/
ENTG,2015-12-31,revenue,2014-10-31,same value as earliest filing,2014-01-01,2014-09-27,690436000.0,0001101302-15-000008,2015.0,Q3,10-Q,2015-10-29,SalesRevenueNet,1,USD,us-gaap,270,2015-10-30,,,,https://www.sec.gov/Archives/edgar/data/1101302/000110130215000008/
ENTG,2015-12-31,operating_income,2015-02-26,same value as earliest filing,2014-01-01,2014-12-31,21354000.0,0001101302-15-000002,2014.0,FY,10-K,2015-02-26,OperatingIncomeLoss,0,USD,us-gaap,365,2015-02-27,,,,https://www.sec.gov/Archives/edgar/data/1101302/000110130215000002/
ENTG,2015-12-31,operating_income,2015-10-29,same value as earliest filing,2015-01-01,2015-09-26,97952000.0,0001101302-15-000008,2015.0,Q3,10-Q,2015-10-29,OperatingIncomeLoss,0,USD,us-gaap,269,2015-10-30,,,,https://www.sec.gov/Archives/edgar/data/1101302/000110130215000008/
ENTG,2015-12-31,operating_income,2015-10-29,same value as earliest filing,2015-01-01,2015-09-26,97952000.0,0001101302-15-000008,2015.0,Q3,10-Q,2015-10-29,OperatingIncomeLoss,0,USD,us-gaap,269,2015-10-30,,,,https://www.sec.gov/Archives/edgar/data/1101302/000110130215000008/
ENTG,2015-12-31,operating_income,2014-10-31,same value as earliest filing,2014-01-01,2014-09-27,539000.0,0001101302-15-000008,2015.0,Q3,10-Q,2015-10-29,OperatingIncomeLoss,0,USD,us-gaap,270,2015-10-30,,,,https://www.sec.gov/Archives/edgar/data/1101302/000110130215000008/
ENTG,2015-12-31,net_income,2015-02-26,same value as earliest filing,2014-01-01,2014-12-31,7887000.0,0001101302-15-000002,2014.0,FY,10-K,2015-02-26,NetIncomeLoss,0,USD,us-gaap,365,2015-02-27,,,,https://www.sec.gov/Archives/edgar/data/1101302/000110130215000002/
ENTG,2015-12-31,net_income,2015-10-29,same value as earliest filing,2015-01-01,2015-09-26,62723000.0,0001101302-15-000008,2015.0,Q3,10-Q,2015-10-29,NetIncomeLoss,0,USD,us-gaap,269,2015-10-30,,,,https://www.sec.gov/Archives/edgar/data/1101302/000110130215000008/
ENTG,2015-12-31,net_income,2015-10-29,same value as earliest filing,2015-01-01,2015-09-26,62723000.0,0001101302-15-000008,2015.0,Q3,10-Q,2015-10-29,NetIncomeLoss,0,USD,us-gaap,269,2015-10-30,,,,https://www.sec.gov/Archives/edgar/data/1101302/000110130215000008/
ENTG,2015-12-31,net_income,2014-10-31,same value as earliest filing,2014-01-01,2014-09-27,-1425000.0,0001101302-15-000008,2015.0,Q3,10-Q,2015-10-29,NetIncomeLoss,0,USD,us-gaap,270,2015-10-30,,,,https://www.sec.gov/Archives/edgar/data/1101302/000110130215000008/
ENTG,2015-12-31,cfo,2015-02-26,same value as earliest filing,2014-01-01,2014-12-31,126423000.0,0001101302-15-000002,2014.0,FY,10-K,2015-02-26,NetCashProvidedByUsedInOperatingActivities,0,USD,us-gaap,365,2015-02-27,,,,https://www.sec.gov/Archives/edgar/data/1101302/000110130215000002/
ENTG,2015-12-31,cfo,2015-10-29,same value as earliest filing,2015-01-01,2015-09-26,68700000.0,0001101302-15-000008,2015.0,Q3,10-Q,2015-10-29,NetCashProvidedByUsedInOperatingActivities,0,USD,us-gaap,269,2015-10-30,,,,https://www.sec.gov/Archives/edgar/data/1101302/000110130215000008/
ENTG,2015-12-31,cfo,2015-10-29,same value as earliest filing,2015-01-01,2015-09-26,68700000.0,0001101302-15-000008,2015.0,Q3,10-Q,2015-10-29,NetCashProvidedByUsedInOperatingActivities,0,USD,us-gaap,269,2015-10-30,,,,https://www.sec.gov/Archives/edgar/data/1101302/000110130215000008/
ENTG,2015-12-31,cfo,2014-10-31,same value as earliest filing,2014-01-01,2014-09-27,91220000.0,0001101302-15-000008,2015.0,Q3,10-Q,2015-10-29,NetCashProvidedByUsedInOperatingActivities,0,USD,us-gaap,270,2015-10-30,,,,https://www.sec.gov/Archives/edgar/data/1101302/000110130215000008/
ENTG,2015-12-31,equipment_capex,2015-02-26,same value as earliest filing,2014-01-01,2014-12-31,57733000.0,0001101302-15-000002,2014.0,FY,10-K,2015-02-26,PaymentsToAcquirePropertyPlantAndEquipment,1,USD,us-gaap,365,2015-02-27,,,,https://www.sec.gov/Archives/edgar/data/1101302/000110130215000002/
ENTG,2015-12-31,equipment_capex,2015-10-29,same value as earliest filing,2015-01-01,2015-09-26,55696000.0,0001101302-15-000008,2015.0,Q3,10-Q,2015-10-29,PaymentsToAcquirePropertyPlantAndEquipment,1,USD,us-gaap,269,2015-10-30,,,,https://www.sec.gov/Archives/edgar/data/1101302/000110130215000008/
ENTG,2015-12-31,equipment_capex,2015-10-29,same value as earliest filing,2015-01-01,2015-09-26,55696000.0,0001101302-15-000008,2015.0,Q3,10-Q,2015-10-29,PaymentsToAcquirePropertyPlantAndEquipment,1,USD,us-gaap,269,2015-10-30,,,,https://www.sec.gov/Archives/edgar/data/1101302/000110130215000008/
ENTG,2015-12-31,equipment_capex,2014-10-31,same value as earliest filing,2014-01-01,2014-09-27,44013000.0,0001101302-15-000008,2015.0,Q3,10-Q,2015-10-29,PaymentsToAcquirePropertyPlantAndEquipment,1,USD,us-gaap,270,2015-10-30,,,,https://www.sec.gov/Archives/edgar/data/1101302/000110130215000008/
ENTG,2015-12-31,da,2015-02-26,same value as earliest filing,2014-01-01,2014-12-31,83704000.0,0001101302-15-000002,2014.0,FY,10-K,2015-02-26,DepreciationDepletionAndAmortization,0,USD,us-gaap,365,2015-02-27,,,,https://www.sec.gov/Archives/edgar/data/1101302/000110130215000002/
ENTG,2015-12-31,DA_component,2015-02-26,same value as earliest filing,2014-01-01,2014-12-31,46637000.0,0001101302-15-000002,2014.0,FY,10-K,2015-02-26,Depreciation,0,USD,us-gaap,365,2015-02-27,,,,https://www.sec.gov/Archives/edgar/data/1101302/000110130215000002/
ENTG,2015-12-31,DA_component,2015-10-29,same value as earliest filing,2015-01-01,2015-09-26,40080000.0,0001101302-15-000008,2015.0,Q3,10-Q,2015-10-29,Depreciation,0,USD,us-gaap,269,2015-10-30,,,,https://www.sec.gov/Archives/edgar/data/1101302/000110130215000008/
ENTG,2015-12-31,DA_component,2015-10-29,same value as earliest filing,2015-01-01,2015-09-26,40080000.0,0001101302-15-000008,2015.0,Q3,10-Q,2015-10-29,Depreciation,0,USD,us-gaap,269,2015-10-30,,,,https://www.sec.gov/Archives/edgar/data/1101302/000110130215000008/
ENTG,2015-12-31,DA_component,2014-10-31,same value as earliest filing,2014-01-01,2014-09-27,33005000.0,0001101302-15-000008,2015.0,Q3,10-Q,2015-10-29,Depreciation,0,USD,us-gaap,270,2015-10-30,,,,https://www.sec.gov/Archives/edgar/data/1101302/000110130215000008/
ENTG,2015-12-31,DA_component,2015-02-26,same value as earliest filing,2014-01-01,2014-12-31,37067000.0,0001101302-15-000002,2014.0,FY,10-K,2015-02-26,AmortizationOfIntangibleAssets,0,USD,us-gaap,365,2015-02-27,,,,https://www.sec.gov/Archives/edgar/data/1101302/000110130215000002/
ENTG,2015-12-31,DA_component,2015-10-29,same value as earliest filing,2015-01-01,2015-09-26,35908000.0,0001101302-15-000008,2015.0,Q3,10-Q,2015-10-29,AmortizationOfIntangibleAssets,0,USD,us-gaap,269,2015-10-30,,,,https://www.sec.gov/Archives/edgar/data/1101302/000110130215000008/
ENTG,2015-12-31,DA_component,2015-10-29,same value as earliest filing,2015-01-01,2015-09-26,35908000.0,0001101302-15-000008,2015.0,Q3,10-Q,2015-10-29,AmortizationOfIntangibleAssets,0,USD,us-gaap,269,2015-10-30,,,,https://www.sec.gov/Archives/edgar/data/1101302/000110130215000008/
ENTG,2015-12-31,DA_component,2014-10-31,same value as earliest filing,2014-01-01,2014-09-27,24854000.0,0001101302-15-000008,2015.0,Q3,10-Q,2015-10-29,AmortizationOfIntangibleAssets,0,USD,us-gaap,270,2015-10-30,,,,https://www.sec.gov/Archives/edgar/data/1101302/000110130215000008/
ENTG,2015-12-31,rolling_disclosed_diluted_eps,2015-02-26,same value as earliest filing,2014-01-01,2014-12-31,0.06,0001101302-15-000002,2014.0,FY,10-K,2015-02-26,EarningsPerShareDiluted,0,USD/shares,us-gaap,365,2015-02-27,,,,https://www.sec.gov/Archives/edgar/data/1101302/000110130215000002/
ENTG,2015-12-31,rolling_disclosed_diluted_eps,2015-10-29,same value as earliest filing,2015-01-01,2015-09-26,0.44,0001101302-15-000008,2015.0,Q3,10-Q,2015-10-29,EarningsPerShareDiluted,0,USD/shares,us-gaap,269,2015-10-30,,,,https://www.sec.gov/Archives/edgar/data/1101302/000110130215000008/
ENTG,2015-12-31,rolling_disclosed_diluted_eps,2015-10-29,same value as earliest filing,2015-01-01,2015-09-26,0.44,0001101302-15-000008,2015.0,Q3,10-Q,2015-10-29,EarningsPerShareDiluted,0,USD/shares,us-gaap,269,2015-10-30,,,,https://www.sec.gov/Archives/edgar/data/1101302/000110130215000008/
ENTG,2015-12-31,rolling_disclosed_diluted_eps,2014-10-31,same value as earliest filing,2014-01-01,2014-09-27,-0.01,0001101302-15-000008,2015.0,Q3,10-Q,2015-10-29,EarningsPerShareDiluted,0,USD/shares,us-gaap,270,2015-10-30,,,,https://www.sec.gov/Archives/edgar/data/1101302/000110130215000008/
ENTG,2015-12-31,actual_shares,2015-10-29,same value as earliest filing,,2015-10-27,140561354.0,0001101302-15-000008,2015.0,Q3,10-Q,2015-10-29,EntityCommonStockSharesOutstanding,0,shares,dei,0,2015-10-30,CY2015Q3I,,,https://www.sec.gov/Archives/edgar/data/1101302/000110130215000008/
ENTG,2015-12-31,cash,2015-10-29,same value as earliest filing,,2015-09-26,301061000.0,0001101302-15-000008,2015.0,Q3,10-Q,2015-10-29,CashAndCashEquivalentsAtCarryingValue,0,USD,us-gaap,0,2015-10-30,,,,https://www.sec.gov/Archives/edgar/data/1101302/000110130215000008/
ENTG,2015-12-31,assets,2015-10-29,same value as earliest filing,,2015-09-26,1678448000.0,0001101302-15-000008,2015.0,Q3,10-Q,2015-10-29,Assets,0,USD,us-gaap,0,2015-10-30,CY2015Q3I,,,https://www.sec.gov/Archives/edgar/data/1101302/000110130215000008/
ENTG,2015-12-31,equity,2015-10-29,same value as earliest filing,,2015-09-26,770135000.0,0001101302-15-000008,2015.0,Q3,10-Q,2015-10-29,StockholdersEquity,0,USD,us-gaap,0,2015-10-30,CY2015Q3I,,,https://www.sec.gov/Archives/edgar/data/1101302/000110130215000008/
ENTG,2015-12-31,debt_noncurrent,2015-10-29,same value as earliest filing,,2015-09-26,617130000.0,0001101302-15-000008,2015.0,Q3,10-Q,2015-10-29,LongTermDebtNoncurrent,0,USD,us-gaap,0,2015-10-30,CY2015Q3I,,,https://www.sec.gov/Archives/edgar/data/1101302/000110130215000008/
ENTG,2015-12-31,debt_current,2015-10-29,same value as earliest filing,,2015-09-26,50000000.0,0001101302-15-000008,2015.0,Q3,10-Q,2015-10-29,LongTermDebtCurrent,1,USD,us-gaap,0,2015-10-30,CY2015Q3I,,,https://www.sec.gov/Archives/edgar/data/1101302/000110130215000008/
ENTG,2020-12-31,revenue,2020-02-07,same value as earliest filing,2019-01-01,2019-12-31,1591066000.0,0001101302-20-000013,2019.0,FY,10-K,2020-02-07,RevenueFromContractWithCustomerExcludingAssessedTax,0,USD,us-gaap,365,2020-02-10,,,,https://www.sec.gov/Archives/edgar/data/1101302/000110130220000013/
ENTG,2020-12-31,revenue,2020-10-22,same value as earliest filing,2020-01-01,2020-09-26,1341719000.0,0001101302-20-000057,2020.0,Q3,10-Q,2020-10-22,RevenueFromContractWithCustomerExcludingAssessedTax,0,USD,us-gaap,270,2020-10-23,,,,https://www.sec.gov/Archives/edgar/data/1101302/000110130220000057/
ENTG,2020-12-31,revenue,2020-10-22,same value as earliest filing,2020-01-01,2020-09-26,1341719000.0,0001101302-20-000057,2020.0,Q3,10-Q,2020-10-22,RevenueFromContractWithCustomerExcludingAssessedTax,0,USD,us-gaap,270,2020-10-23,,,,https://www.sec.gov/Archives/edgar/data/1101302/000110130220000057/
ENTG,2020-12-31,revenue,2019-10-24,same value as earliest filing,2019-01-01,2019-09-28,1164068000.0,0001101302-20-000057,2020.0,Q3,10-Q,2020-10-22,RevenueFromContractWithCustomerExcludingAssessedTax,0,USD,us-gaap,271,2020-10-23,,,,https://www.sec.gov/Archives/edgar/data/1101302/000110130220000057/
ENTG,2020-12-31,operating_income,2020-02-07,same value as earliest filing,2019-01-01,2019-12-31,239278000.0,0001101302-20-000013,2019.0,FY,10-K,2020-02-07,OperatingIncomeLoss,0,USD,us-gaap,365,2020-02-10,,,,https://www.sec.gov/Archives/edgar/data/1101302/000110130220000013/
ENTG,2020-12-31,operating_income,2020-10-22,same value as earliest filing,2020-01-01,2020-09-26,282217000.0,0001101302-20-000057,2020.0,Q3,10-Q,2020-10-22,OperatingIncomeLoss,0,USD,us-gaap,270,2020-10-23,,,,https://www.sec.gov/Archives/edgar/data/1101302/000110130220000057/
ENTG,2020-12-31,operating_income,2020-10-22,same value as earliest filing,2020-01-01,2020-09-26,282217000.0,0001101302-20-000057,2020.0,Q3,10-Q,2020-10-22,OperatingIncomeLoss,0,USD,us-gaap,270,2020-10-23,,,,https://www.sec.gov/Archives/edgar/data/1101302/000110130220000057/
ENTG,2020-12-31,operating_income,2019-10-24,same value as earliest filing,2019-01-01,2019-09-28,155193000.0,0001101302-20-000057,2020.0,Q3,10-Q,2020-10-22,OperatingIncomeLoss,0,USD,us-gaap,271,2020-10-23,,,,https://www.sec.gov/Archives/edgar/data/1101302/000110130220000057/
ENTG,2020-12-31,net_income,2020-02-07,same value as earliest filing,2019-01-01,2019-12-31,254860000.0,0001101302-20-000013,2019.0,FY,10-K,2020-02-07,NetIncomeLoss,0,USD,us-gaap,365,2020-02-10,,,,https://www.sec.gov/Archives/edgar/data/1101302/000110130220000013/
ENTG,2020-12-31,net_income,2020-10-22,same value as earliest filing,2020-01-01,2020-09-26,208345000.0,0001101302-20-000057,2020.0,Q3,10-Q,2020-10-22,NetIncomeLoss,0,USD,us-gaap,270,2020-10-23,,,,https://www.sec.gov/Archives/edgar/data/1101302/000110130220000057/
ENTG,2020-12-31,net_income,2020-10-22,same value as earliest filing,2020-01-01,2020-09-26,208345000.0,0001101302-20-000057,2020.0,Q3,10-Q,2020-10-22,NetIncomeLoss,0,USD,us-gaap,270,2020-10-23,,,,https://www.sec.gov/Archives/edgar/data/1101302/000110130220000057/
ENTG,2020-12-31,net_income,2019-10-24,same value as earliest filing,2019-01-01,2019-09-28,197422000.0,0001101302-20-000057,2020.0,Q3,10-Q,2020-10-22,NetIncomeLoss,0,USD,us-gaap,271,2020-10-23,,,,https://www.sec.gov/Archives/edgar/data/1101302/000110130220000057/
ENTG,2020-12-31,cfo,2020-02-07,same value as earliest filing,2019-01-01,2019-12-31,382298000.0,0001101302-20-000013,2019.0,FY,10-K,2020-02-07,NetCashProvidedByUsedInOperatingActivities,0,USD,us-gaap,365,2020-02-10,,,,https://www.sec.gov/Archives/edgar/data/1101302/000110130220000013/
ENTG,2020-12-31,cfo,2020-10-22,same value as earliest filing,2020-01-01,2020-09-26,242656000.0,0001101302-20-000057,2020.0,Q3,10-Q,2020-10-22,NetCashProvidedByUsedInOperatingActivities,0,USD,us-gaap,270,2020-10-23,,,,https://www.sec.gov/Archives/edgar/data/1101302/000110130220000057/
ENTG,2020-12-31,cfo,2020-10-22,same value as earliest filing,2020-01-01,2020-09-26,242656000.0,0001101302-20-000057,2020.0,Q3,10-Q,2020-10-22,NetCashProvidedByUsedInOperatingActivities,0,USD,us-gaap,270,2020-10-23,,,,https://www.sec.gov/Archives/edgar/data/1101302/000110130220000057/
ENTG,2020-12-31,cfo,2019-10-24,same value as earliest filing,2019-01-01,2019-09-28,253654000.0,0001101302-20-000057,2020.0,Q3,10-Q,2020-10-22,NetCashProvidedByUsedInOperatingActivities,0,USD,us-gaap,271,2020-10-23,,,,https://www.sec.gov/Archives/edgar/data/1101302/000110130220000057/
ENTG,2020-12-31,equipment_capex,2020-02-07,same value as earliest filing,2019-01-01,2019-12-31,112355000.0,0001101302-20-000013,2019.0,FY,10-K,2020-02-07,PaymentsToAcquirePropertyPlantAndEquipment,1,USD,us-gaap,365,2020-02-10,,,,https://www.sec.gov/Archives/edgar/data/1101302/000110130220000013/
ENTG,2020-12-31,equipment_capex,2020-10-22,same value as earliest filing,2020-01-01,2020-09-26,79560000.0,0001101302-20-000057,2020.0,Q3,10-Q,2020-10-22,PaymentsToAcquirePropertyPlantAndEquipment,1,USD,us-gaap,270,2020-10-23,,,,https://www.sec.gov/Archives/edgar/data/1101302/000110130220000057/
ENTG,2020-12-31,equipment_capex,2020-10-22,same value as earliest filing,2020-01-01,2020-09-26,79560000.0,0001101302-20-000057,2020.0,Q3,10-Q,2020-10-22,PaymentsToAcquirePropertyPlantAndEquipment,1,USD,us-gaap,270,2020-10-23,,,,https://www.sec.gov/Archives/edgar/data/1101302/000110130220000057/
ENTG,2020-12-31,equipment_capex,2019-10-24,same value as earliest filing,2019-01-01,2019-09-28,86423000.0,0001101302-20-000057,2020.0,Q3,10-Q,2020-10-22,PaymentsToAcquirePropertyPlantAndEquipment,1,USD,us-gaap,271,2020-10-23,,,,https://www.sec.gov/Archives/edgar/data/1101302/000110130220000057/
ENTG,2020-12-31,da,2020-02-07,same value as earliest filing,2019-01-01,2019-12-31,141403000.0,0001101302-20-000013,2019.0,FY,10-K,2020-02-07,DepreciationDepletionAndAmortization,0,USD,us-gaap,365,2020-02-10,,,,https://www.sec.gov/Archives/edgar/data/1101302/000110130220000013/
ENTG,2020-12-31,DA_component,2020-02-07,same value as earliest filing,2019-01-01,2019-12-31,74975000.0,0001101302-20-000013,2019.0,FY,10-K,2020-02-07,Depreciation,0,USD,us-gaap,365,2020-02-10,,,,https://www.sec.gov/Archives/edgar/data/1101302/000110130220000013/
ENTG,2020-12-31,DA_component,2020-10-22,same value as earliest filing,2020-01-01,2020-09-26,62064000.0,0001101302-20-000057,2020.0,Q3,10-Q,2020-10-22,Depreciation,0,USD,us-gaap,270,2020-10-23,,,,https://www.sec.gov/Archives/edgar/data/1101302/000110130220000057/
ENTG,2020-12-31,DA_component,2020-10-22,same value as earliest filing,2020-01-01,2020-09-26,62064000.0,0001101302-20-000057,2020.0,Q3,10-Q,2020-10-22,Depreciation,0,USD,us-gaap,270,2020-10-23,,,,https://www.sec.gov/Archives/edgar/data/1101302/000110130220000057/
ENTG,2020-12-31,DA_component,2019-10-24,same value as earliest filing,2019-01-01,2019-09-28,54623000.0,0001101302-20-000057,2020.0,Q3,10-Q,2020-10-22,Depreciation,0,USD,us-gaap,271,2020-10-23,,,,https://www.sec.gov/Archives/edgar/data/1101302/000110130220000057/
ENTG,2020-12-31,DA_component,2020-02-07,same value as earliest filing,2019-01-01,2019-12-31,66428000.0,0001101302-20-000013,2019.0,FY,10-K,2020-02-07,AmortizationOfIntangibleAssets,0,USD,us-gaap,365,2020-02-10,,,,https://www.sec.gov/Archives/edgar/data/1101302/000110130220000013/
ENTG,2020-12-31,DA_component,2020-10-22,same value as earliest filing,2020-01-01,2020-09-26,41176000.0,0001101302-20-000057,2020.0,Q3,10-Q,2020-10-22,AmortizationOfIntangibleAssets,0,USD,us-gaap,270,2020-10-23,,,,https://www.sec.gov/Archives/edgar/data/1101302/000110130220000057/
ENTG,2020-12-31,DA_component,2020-10-22,same value as earliest filing,2020-01-01,2020-09-26,41176000.0,0001101302-20-000057,2020.0,Q3,10-Q,2020-10-22,AmortizationOfIntangibleAssets,0,USD,us-gaap,270,2020-10-23,,,,https://www.sec.gov/Archives/edgar/data/1101302/000110130220000057/
ENTG,2020-12-31,DA_component,2019-10-24,same value as earliest filing,2019-01-01,2019-09-28,50400000.0,0001101302-20-000057,2020.0,Q3,10-Q,2020-10-22,AmortizationOfIntangibleAssets,0,USD,us-gaap,271,2020-10-23,,,,https://www.sec.gov/Archives/edgar/data/1101302/000110130220000057/
ENTG,2020-12-31,rolling_disclosed_diluted_eps,2020-02-07,same value as earliest filing,2019-01-01,2019-12-31,1.87,0001101302-20-000013,2019.0,FY,10-K,2020-02-07,EarningsPerShareDiluted,0,USD/shares,us-gaap,365,2020-02-10,,,,https://www.sec.gov/Archives/edgar/data/1101302/000110130220000013/
ENTG,2020-12-31,rolling_disclosed_diluted_eps,2020-10-22,same value as earliest filing,2020-01-01,2020-09-26,1.53,0001101302-20-000057,2020.0,Q3,10-Q,2020-10-22,EarningsPerShareDiluted,0,USD/shares,us-gaap,270,2020-10-23,,,,https://www.sec.gov/Archives/edgar/data/1101302/000110130220000057/
ENTG,2020-12-31,rolling_disclosed_diluted_eps,2020-10-22,same value as earliest filing,2020-01-01,2020-09-26,1.53,0001101302-20-000057,2020.0,Q3,10-Q,2020-10-22,EarningsPerShareDiluted,0,USD/shares,us-gaap,270,2020-10-23,,,,https://www.sec.gov/Archives/edgar/data/1101302/000110130220000057/
ENTG,2020-12-31,rolling_disclosed_diluted_eps,2019-10-24,same value as earliest filing,2019-01-01,2019-09-28,1.45,0001101302-20-000057,2020.0,Q3,10-Q,2020-10-22,EarningsPerShareDiluted,0,USD/shares,us-gaap,271,2020-10-23,,,,https://www.sec.gov/Archives/edgar/data/1101302/000110130220000057/
ENTG,2020-12-31,actual_shares,2020-10-22,same value as earliest filing,,2020-10-19,134992425.0,0001101302-20-000057,2020.0,Q3,10-Q,2020-10-22,EntityCommonStockSharesOutstanding,0,shares,dei,0,2020-10-23,CY2020Q3I,,,https://www.sec.gov/Archives/edgar/data/1101302/000110130220000057/
ENTG,2020-12-31,cash,2020-10-22,same value as earliest filing,,2020-09-26,447972000.0,0001101302-20-000057,2020.0,Q3,10-Q,2020-10-22,CashAndCashEquivalentsAtCarryingValue,0,USD,us-gaap,0,2020-10-23,,,,https://www.sec.gov/Archives/edgar/data/1101302/000110130220000057/
ENTG,2020-12-31,assets,2020-10-22,same value as earliest filing,,2020-09-26,2801628000.0,0001101302-20-000057,2020.0,Q3,10-Q,2020-10-22,Assets,0,USD,us-gaap,0,2020-10-23,CY2020Q3I,,,https://www.sec.gov/Archives/edgar/data/1101302/000110130220000057/
ENTG,2020-12-31,debt_noncurrent,2020-10-22,same value as earliest filing,,2020-09-26,1085380000.0,0001101302-20-000057,2020.0,Q3,10-Q,2020-10-22,LongTermDebtNoncurrent,0,USD,us-gaap,0,2020-10-23,CY2020Q3I,,,https://www.sec.gov/Archives/edgar/data/1101302/000110130220000057/
ENTG,2020-12-31,debt_current,2020-10-22,same value as earliest filing,,2020-09-26,0.0,0001101302-20-000057,2020.0,Q3,10-Q,2020-10-22,LongTermDebtCurrent,1,USD,us-gaap,0,2020-10-23,CY2020Q3I,,,https://www.sec.gov/Archives/edgar/data/1101302/000110130220000057/
ENTG,2025-12-31,revenue,2025-02-12,same value as earliest filing,2024-01-01,2024-12-31,3241208000.0,0001101302-25-000015,2024.0,FY,10-K,2025-02-12,RevenueFromContractWithCustomerExcludingAssessedTax,0,USD,us-gaap,366,2025-02-13,,,,https://www.sec.gov/Archives/edgar/data/1101302/000110130225000015/
ENTG,2025-12-31,revenue,2025-10-30,same value as earliest filing,2025-01-01,2025-09-27,2372700000.0,0001101302-25-000103,2025.0,Q3,10-Q,2025-10-30,RevenueFromContractWithCustomerExcludingAssessedTax,0,USD,us-gaap,270,2025-10-31,,,,https://www.sec.gov/Archives/edgar/data/1101302/000110130225000103/
ENTG,2025-12-31,revenue,2025-10-30,same value as earliest filing,2025-01-01,2025-09-27,2372700000.0,0001101302-25-000103,2025.0,Q3,10-Q,2025-10-30,RevenueFromContractWithCustomerExcludingAssessedTax,0,USD,us-gaap,270,2025-10-31,,,,https://www.sec.gov/Archives/edgar/data/1101302/000110130225000103/
ENTG,2025-12-31,revenue,2024-11-04,changed from earliest filed value,2024-01-01,2024-09-28,2391400000.0,0001101302-25-000103,2025.0,Q3,10-Q,2025-10-30,RevenueFromContractWithCustomerExcludingAssessedTax,0,USD,us-gaap,272,2025-10-31,,,,https://www.sec.gov/Archives/edgar/data/1101302/000110130225000103/
ENTG,2025-12-31,operating_income,2025-02-12,same value as earliest filing,2024-01-01,2024-12-31,533922000.0,0001101302-25-000015,2024.0,FY,10-K,2025-02-12,OperatingIncomeLoss,0,USD,us-gaap,366,2025-02-13,,,,https://www.sec.gov/Archives/edgar/data/1101302/000110130225000015/
ENTG,2025-12-31,operating_income,2025-10-30,same value as earliest filing,2025-01-01,2025-09-27,351000000.0,0001101302-25-000103,2025.0,Q3,10-Q,2025-10-30,OperatingIncomeLoss,0,USD,us-gaap,270,2025-10-31,,,,https://www.sec.gov/Archives/edgar/data/1101302/000110130225000103/
ENTG,2025-12-31,operating_income,2025-10-30,same value as earliest filing,2025-01-01,2025-09-27,351000000.0,0001101302-25-000103,2025.0,Q3,10-Q,2025-10-30,OperatingIncomeLoss,0,USD,us-gaap,270,2025-10-31,,,,https://www.sec.gov/Archives/edgar/data/1101302/000110130225000103/
ENTG,2025-12-31,operating_income,2024-11-04,changed from earliest filed value,2024-01-01,2024-09-28,383900000.0,0001101302-25-000103,2025.0,Q3,10-Q,2025-10-30,OperatingIncomeLoss,0,USD,us-gaap,272,2025-10-31,,,,https://www.sec.gov/Archives/edgar/data/1101302/000110130225000103/
ENTG,2025-12-31,net_income,2025-02-12,same value as earliest filing,2024-01-01,2024-12-31,292787000.0,0001101302-25-000015,2024.0,FY,10-K,2025-02-12,NetIncomeLoss,0,USD,us-gaap,366,2025-02-13,,,,https://www.sec.gov/Archives/edgar/data/1101302/000110130225000015/
ENTG,2025-12-31,net_income,2025-10-30,same value as earliest filing,2025-01-01,2025-09-27,186200000.0,0001101302-25-000103,2025.0,Q3,10-Q,2025-10-30,NetIncomeLoss,0,USD,us-gaap,270,2025-10-31,,,,https://www.sec.gov/Archives/edgar/data/1101302/000110130225000103/
ENTG,2025-12-31,net_income,2025-10-30,same value as earliest filing,2025-01-01,2025-09-27,186200000.0,0001101302-25-000103,2025.0,Q3,10-Q,2025-10-30,NetIncomeLoss,0,USD,us-gaap,270,2025-10-31,,,,https://www.sec.gov/Archives/edgar/data/1101302/000110130225000103/
ENTG,2025-12-31,net_income,2024-11-04,changed from earliest filed value,2024-01-01,2024-09-28,190500000.0,0001101302-25-000103,2025.0,Q3,10-Q,2025-10-30,NetIncomeLoss,0,USD,us-gaap,272,2025-10-31,,,,https://www.sec.gov/Archives/edgar/data/1101302/000110130225000103/
ENTG,2025-12-31,cfo,2025-02-12,same value as earliest filing,2024-01-01,2024-12-31,631721000.0,0001101302-25-000015,2024.0,FY,10-K,2025-02-12,NetCashProvidedByUsedInOperatingActivities,0,USD,us-gaap,366,2025-02-13,,,,https://www.sec.gov/Archives/edgar/data/1101302/000110130225000015/
ENTG,2025-12-31,cfo,2025-10-30,same value as earliest filing,2025-01-01,2025-09-27,503400000.0,0001101302-25-000103,2025.0,Q3,10-Q,2025-10-30,NetCashProvidedByUsedInOperatingActivities,0,USD,us-gaap,270,2025-10-31,,,,https://www.sec.gov/Archives/edgar/data/1101302/000110130225000103/
ENTG,2025-12-31,cfo,2025-10-30,same value as earliest filing,2025-01-01,2025-09-27,503400000.0,0001101302-25-000103,2025.0,Q3,10-Q,2025-10-30,NetCashProvidedByUsedInOperatingActivities,0,USD,us-gaap,270,2025-10-31,,,,https://www.sec.gov/Archives/edgar/data/1101302/000110130225000103/
ENTG,2025-12-31,cfo,2024-11-04,changed from earliest filed value,2024-01-01,2024-09-28,455600000.0,0001101302-25-000103,2025.0,Q3,10-Q,2025-10-30,NetCashProvidedByUsedInOperatingActivities,0,USD,us-gaap,272,2025-10-31,,,,https://www.sec.gov/Archives/edgar/data/1101302/000110130225000103/
ENTG,2025-12-31,equipment_capex,2025-02-12,same value as earliest filing,2024-01-01,2024-12-31,315606000.0,0001101302-25-000015,2024.0,FY,10-K,2025-02-12,PaymentsToAcquirePropertyPlantAndEquipment,1,USD,us-gaap,366,2025-02-13,,,,https://www.sec.gov/Archives/edgar/data/1101302/000110130225000015/
ENTG,2025-12-31,equipment_capex,2025-10-30,same value as earliest filing,2025-01-01,2025-09-27,241200000.0,0001101302-25-000103,2025.0,Q3,10-Q,2025-10-30,PaymentsToAcquirePropertyPlantAndEquipment,1,USD,us-gaap,270,2025-10-31,,,,https://www.sec.gov/Archives/edgar/data/1101302/000110130225000103/
ENTG,2025-12-31,equipment_capex,2025-10-30,same value as earliest filing,2025-01-01,2025-09-27,241200000.0,0001101302-25-000103,2025.0,Q3,10-Q,2025-10-30,PaymentsToAcquirePropertyPlantAndEquipment,1,USD,us-gaap,270,2025-10-31,,,,https://www.sec.gov/Archives/edgar/data/1101302/000110130225000103/
ENTG,2025-12-31,equipment_capex,2024-11-04,changed from earliest filed value,2024-01-01,2024-09-28,208100000.0,0001101302-25-000103,2025.0,Q3,10-Q,2025-10-30,PaymentsToAcquirePropertyPlantAndEquipment,1,USD,us-gaap,272,2025-10-31,,,,https://www.sec.gov/Archives/edgar/data/1101302/000110130225000103/
ENTG,2025-12-31,da,2025-02-12,same value as earliest filing,2024-01-01,2024-12-31,188120000.0,0001101302-25-000015,2024.0,FY,10-K,2025-02-12,DepreciationDepletionAndAmortization,0,USD,us-gaap,366,2025-02-13,,,,https://www.sec.gov/Archives/edgar/data/1101302/000110130225000015/
ENTG,2025-12-31,da,2025-10-30,same value as earliest filing,2025-01-01,2025-09-27,151600000.0,0001101302-25-000103,2025.0,Q3,10-Q,2025-10-30,DepreciationDepletionAndAmortization,0,USD,us-gaap,270,2025-10-31,,,,https://www.sec.gov/Archives/edgar/data/1101302/000110130225000103/
ENTG,2025-12-31,da,2025-10-30,same value as earliest filing,2025-01-01,2025-09-27,151600000.0,0001101302-25-000103,2025.0,Q3,10-Q,2025-10-30,DepreciationDepletionAndAmortization,0,USD,us-gaap,270,2025-10-31,,,,https://www.sec.gov/Archives/edgar/data/1101302/000110130225000103/
ENTG,2025-12-31,da,2025-10-30,same value as earliest filing,2024-01-01,2024-09-28,139800000.0,0001101302-25-000103,2025.0,Q3,10-Q,2025-10-30,DepreciationDepletionAndAmortization,0,USD,us-gaap,272,2025-10-31,,,,https://www.sec.gov/Archives/edgar/data/1101302/000110130225000103/
ENTG,2025-12-31,DA_component,2025-02-12,same value as earliest filing,2024-01-01,2024-12-31,188120000.0,0001101302-25-000015,2024.0,FY,10-K,2025-02-12,Depreciation,0,USD,us-gaap,366,2025-02-13,,,,https://www.sec.gov/Archives/edgar/data/1101302/000110130225000015/
ENTG,2025-12-31,DA_component,2025-10-30,same value as earliest filing,2025-01-01,2025-09-27,151600000.0,0001101302-25-000103,2025.0,Q3,10-Q,2025-10-30,Depreciation,0,USD,us-gaap,270,2025-10-31,,,,https://www.sec.gov/Archives/edgar/data/1101302/000110130225000103/
ENTG,2025-12-31,DA_component,2025-10-30,same value as earliest filing,2025-01-01,2025-09-27,151600000.0,0001101302-25-000103,2025.0,Q3,10-Q,2025-10-30,Depreciation,0,USD,us-gaap,270,2025-10-31,,,,https://www.sec.gov/Archives/edgar/data/1101302/000110130225000103/
ENTG,2025-12-31,DA_component,2024-11-04,changed from earliest filed value,2024-01-01,2024-09-28,139800000.0,0001101302-25-000103,2025.0,Q3,10-Q,2025-10-30,Depreciation,0,USD,us-gaap,272,2025-10-31,,,,https://www.sec.gov/Archives/edgar/data/1101302/000110130225000103/
ENTG,2025-12-31,DA_component,2025-02-12,same value as earliest filing,2024-01-01,2024-12-31,190119000.0,0001101302-25-000015,2024.0,FY,10-K,2025-02-12,AmortizationOfIntangibleAssets,0,USD,us-gaap,366,2025-02-13,,,,https://www.sec.gov/Archives/edgar/data/1101302/000110130225000015/
ENTG,2025-12-31,DA_component,2025-10-30,same value as earliest filing,2025-01-01,2025-09-27,138100000.0,0001101302-25-000103,2025.0,Q3,10-Q,2025-10-30,AmortizationOfIntangibleAssets,0,USD,us-gaap,270,2025-10-31,,,,https://www.sec.gov/Archives/edgar/data/1101302/000110130225000103/
ENTG,2025-12-31,DA_component,2025-10-30,same value as earliest filing,2025-01-01,2025-09-27,138100000.0,0001101302-25-000103,2025.0,Q3,10-Q,2025-10-30,AmortizationOfIntangibleAssets,0,USD,us-gaap,270,2025-10-31,,,,https://www.sec.gov/Archives/edgar/data/1101302/000110130225000103/
ENTG,2025-12-31,DA_component,2024-11-04,changed from earliest filed value,2024-01-01,2024-09-28,143900000.0,0001101302-25-000103,2025.0,Q3,10-Q,2025-10-30,AmortizationOfIntangibleAssets,0,USD,us-gaap,272,2025-10-31,,,,https://www.sec.gov/Archives/edgar/data/1101302/000110130225000103/
ENTG,2025-12-31,rolling_disclosed_diluted_eps,2025-02-12,same value as earliest filing,2024-01-01,2024-12-31,1.93,0001101302-25-000015,2024.0,FY,10-K,2025-02-12,EarningsPerShareDiluted,0,USD/shares,us-gaap,366,2025-02-13,,,,https://www.sec.gov/Archives/edgar/data/1101302/000110130225000015/
ENTG,2025-12-31,rolling_disclosed_diluted_eps,2025-10-30,same value as earliest filing,2025-01-01,2025-09-27,1.22,0001101302-25-000103,2025.0,Q3,10-Q,2025-10-30,EarningsPerShareDiluted,0,USD/shares,us-gaap,270,2025-10-31,,,,https://www.sec.gov/Archives/edgar/data/1101302/000110130225000103/
ENTG,2025-12-31,rolling_disclosed_diluted_eps,2025-10-30,same value as earliest filing,2025-01-01,2025-09-27,1.22,0001101302-25-000103,2025.0,Q3,10-Q,2025-10-30,EarningsPerShareDiluted,0,USD/shares,us-gaap,270,2025-10-31,,,,https://www.sec.gov/Archives/edgar/data/1101302/000110130225000103/
ENTG,2025-12-31,rolling_disclosed_diluted_eps,2024-11-04,changed from earliest filed value,2024-01-01,2024-09-28,1.25,0001101302-25-000103,2025.0,Q3,10-Q,2025-10-30,EarningsPerShareDiluted,0,USD/shares,us-gaap,272,2025-10-31,,,,https://www.sec.gov/Archives/edgar/data/1101302/000110130225000103/
ENTG,2025-12-31,actual_shares,2025-10-30,same value as earliest filing,,2025-10-27,151600000.0,0001101302-25-000103,2025.0,Q3,10-Q,2025-10-30,EntityCommonStockSharesOutstanding,0,shares,dei,0,2025-10-31,CY2025Q3I,,,https://www.sec.gov/Archives/edgar/data/1101302/000110130225000103/
ENTG,2025-12-31,cash,2025-10-30,same value as earliest filing,,2025-09-27,399800000.0,0001101302-25-000103,2025.0,Q3,10-Q,2025-10-30,CashAndCashEquivalentsAtCarryingValue,0,USD,us-gaap,0,2025-10-31,CY2025Q3I,,,https://www.sec.gov/Archives/edgar/data/1101302/000110130225000103/
ENTG,2025-12-31,assets,2025-10-30,same value as earliest filing,,2025-09-27,8401800000.0,0001101302-25-000103,2025.0,Q3,10-Q,2025-10-30,Assets,0,USD,us-gaap,0,2025-10-31,CY2025Q3I,,,https://www.sec.gov/Archives/edgar/data/1101302/000110130225000103/
ENTG,2025-12-31,debt_noncurrent,2025-10-30,same value as earliest filing,,2025-09-27,3842800000.0,0001101302-25-000103,2025.0,Q3,10-Q,2025-10-30,LongTermDebtNoncurrent,0,USD,us-gaap,0,2025-10-31,CY2025Q3I,,,https://www.sec.gov/Archives/edgar/data/1101302/000110130225000103/
ENTG,2025-12-31,debt_current,2025-10-30,same value as earliest filing,,2025-09-27,0.0,0001101302-25-000103,2025.0,Q3,10-Q,2025-10-30,LongTermDebtCurrent,1,USD,us-gaap,0,2025-10-31,CY2025Q3I,,,https://www.sec.gov/Archives/edgar/data/1101302/000110130225000103/
ENTG,2026-04-23,revenue,2026-02-11,same value as earliest filing,2025-01-01,2025-12-31,3196600000.0,0001101302-26-000012,2025.0,FY,10-K,2026-02-11,RevenueFromContractWithCustomerExcludingAssessedTax,0,USD,us-gaap,365,2026-02-12,CY2025,,,https://www.sec.gov/Archives/edgar/data/1101302/000110130226000012/
ENTG,2026-04-23,revenue,2025-10-30,same value as earliest filing,2025-01-01,2025-09-27,2372700000.0,0001101302-25-000103,2025.0,Q3,10-Q,2025-10-30,RevenueFromContractWithCustomerExcludingAssessedTax,0,USD,us-gaap,270,2025-10-31,,,,https://www.sec.gov/Archives/edgar/data/1101302/000110130225000103/
ENTG,2026-04-23,operating_income,2026-02-11,same value as earliest filing,2025-01-01,2025-12-31,455900000.0,0001101302-26-000012,2025.0,FY,10-K,2026-02-11,OperatingIncomeLoss,0,USD,us-gaap,365,2026-02-12,CY2025,,,https://www.sec.gov/Archives/edgar/data/1101302/000110130226000012/
ENTG,2026-04-23,operating_income,2025-10-30,same value as earliest filing,2025-01-01,2025-09-27,351000000.0,0001101302-25-000103,2025.0,Q3,10-Q,2025-10-30,OperatingIncomeLoss,0,USD,us-gaap,270,2025-10-31,,,,https://www.sec.gov/Archives/edgar/data/1101302/000110130225000103/
ENTG,2026-04-23,net_income,2026-02-11,same value as earliest filing,2025-01-01,2025-12-31,235600000.0,0001101302-26-000012,2025.0,FY,10-K,2026-02-11,NetIncomeLoss,0,USD,us-gaap,365,2026-02-12,CY2025,,,https://www.sec.gov/Archives/edgar/data/1101302/000110130226000012/
ENTG,2026-04-23,net_income,2025-10-30,same value as earliest filing,2025-01-01,2025-09-27,186200000.0,0001101302-25-000103,2025.0,Q3,10-Q,2025-10-30,NetIncomeLoss,0,USD,us-gaap,270,2025-10-31,,,,https://www.sec.gov/Archives/edgar/data/1101302/000110130225000103/
ENTG,2026-04-23,cfo,2026-02-11,same value as earliest filing,2025-01-01,2025-12-31,695400000.0,0001101302-26-000012,2025.0,FY,10-K,2026-02-11,NetCashProvidedByUsedInOperatingActivities,0,USD,us-gaap,365,2026-02-12,CY2025,,,https://www.sec.gov/Archives/edgar/data/1101302/000110130226000012/
ENTG,2026-04-23,cfo,2025-10-30,same value as earliest filing,2025-01-01,2025-09-27,503400000.0,0001101302-25-000103,2025.0,Q3,10-Q,2025-10-30,NetCashProvidedByUsedInOperatingActivities,0,USD,us-gaap,270,2025-10-31,,,,https://www.sec.gov/Archives/edgar/data/1101302/000110130225000103/
ENTG,2026-04-23,equipment_capex,2026-02-11,same value as earliest filing,2025-01-01,2025-12-31,299200000.0,0001101302-26-000012,2025.0,FY,10-K,2026-02-11,PaymentsToAcquirePropertyPlantAndEquipment,1,USD,us-gaap,365,2026-02-12,CY2025,,,https://www.sec.gov/Archives/edgar/data/1101302/000110130226000012/
ENTG,2026-04-23,equipment_capex,2025-10-30,same value as earliest filing,2025-01-01,2025-09-27,241200000.0,0001101302-25-000103,2025.0,Q3,10-Q,2025-10-30,PaymentsToAcquirePropertyPlantAndEquipment,1,USD,us-gaap,270,2025-10-31,,,,https://www.sec.gov/Archives/edgar/data/1101302/000110130225000103/
ENTG,2026-04-23,da,2026-02-11,same value as earliest filing,2025-01-01,2025-12-31,205300000.0,0001101302-26-000012,2025.0,FY,10-K,2026-02-11,DepreciationDepletionAndAmortization,0,USD,us-gaap,365,2026-02-12,CY2025,,,https://www.sec.gov/Archives/edgar/data/1101302/000110130226000012/
ENTG,2026-04-23,da,2025-10-30,same value as earliest filing,2025-01-01,2025-09-27,151600000.0,0001101302-25-000103,2025.0,Q3,10-Q,2025-10-30,DepreciationDepletionAndAmortization,0,USD,us-gaap,270,2025-10-31,,,,https://www.sec.gov/Archives/edgar/data/1101302/000110130225000103/
ENTG,2026-04-23,DA_component,2026-02-11,same value as earliest filing,2025-01-01,2025-12-31,205300000.0,0001101302-26-000012,2025.0,FY,10-K,2026-02-11,Depreciation,0,USD,us-gaap,365,2026-02-12,CY2025,,,https://www.sec.gov/Archives/edgar/data/1101302/000110130226000012/
ENTG,2026-04-23,DA_component,2025-10-30,same value as earliest filing,2025-01-01,2025-09-27,151600000.0,0001101302-25-000103,2025.0,Q3,10-Q,2025-10-30,Depreciation,0,USD,us-gaap,270,2025-10-31,,,,https://www.sec.gov/Archives/edgar/data/1101302/000110130225000103/
ENTG,2026-04-23,DA_component,2026-02-11,same value as earliest filing,2025-01-01,2025-12-31,184400000.0,0001101302-26-000012,2025.0,FY,10-K,2026-02-11,AmortizationOfIntangibleAssets,0,USD,us-gaap,365,2026-02-12,CY2025,,,https://www.sec.gov/Archives/edgar/data/1101302/000110130226000012/
ENTG,2026-04-23,DA_component,2025-10-30,same value as earliest filing,2025-01-01,2025-09-27,138100000.0,0001101302-25-000103,2025.0,Q3,10-Q,2025-10-30,AmortizationOfIntangibleAssets,0,USD,us-gaap,270,2025-10-31,,,,https://www.sec.gov/Archives/edgar/data/1101302/000110130225000103/
ENTG,2026-04-23,rolling_disclosed_diluted_eps,2026-02-11,same value as earliest filing,2025-01-01,2025-12-31,1.55,0001101302-26-000012,2025.0,FY,10-K,2026-02-11,EarningsPerShareDiluted,0,USD/shares,us-gaap,365,2026-02-12,CY2025,,,https://www.sec.gov/Archives/edgar/data/1101302/000110130226000012/
ENTG,2026-04-23,rolling_disclosed_diluted_eps,2025-10-30,same value as earliest filing,2025-01-01,2025-09-27,1.22,0001101302-25-000103,2025.0,Q3,10-Q,2025-10-30,EarningsPerShareDiluted,0,USD/shares,us-gaap,270,2025-10-31,,,,https://www.sec.gov/Archives/edgar/data/1101302/000110130225000103/
ENTG,2026-04-23,actual_shares,2026-02-11,same value as earliest filing,,2026-02-06,152000000.0,0001101302-26-000012,2025.0,FY,10-K,2026-02-11,EntityCommonStockSharesOutstanding,0,shares,dei,0,2026-02-12,CY2025Q4I,,,https://www.sec.gov/Archives/edgar/data/1101302/000110130226000012/
ENTG,2026-04-23,cash,2026-02-11,same value as earliest filing,,2025-12-31,360400000.0,0001101302-26-000012,2025.0,FY,10-K,2026-02-11,CashAndCashEquivalentsAtCarryingValue,0,USD,us-gaap,0,2026-02-12,,,,https://www.sec.gov/Archives/edgar/data/1101302/000110130226000012/
ENTG,2026-04-23,assets,2026-02-11,same value as earliest filing,,2025-12-31,8350500000.0,0001101302-26-000012,2025.0,FY,10-K,2026-02-11,Assets,0,USD,us-gaap,0,2026-02-12,,,,https://www.sec.gov/Archives/edgar/data/1101302/000110130226000012/
ENTG,2026-04-23,debt_noncurrent,2026-02-11,same value as earliest filing,,2025-12-31,3697600000.0,0001101302-26-000012,2025.0,FY,10-K,2026-02-11,LongTermDebtNoncurrent,0,USD,us-gaap,0,2026-02-12,,,,https://www.sec.gov/Archives/edgar/data/1101302/000110130226000012/
ENTG,2026-04-23,debt_current,2026-02-11,same value as earliest filing,,2025-12-31,0.0,0001101302-26-000012,2025.0,FY,10-K,2026-02-11,LongTermDebtMaturitiesRepaymentsOfPrincipalInNextTwelveMonths,2,USD,us-gaap,0,2026-02-12,CY2025Q4I,,,https://www.sec.gov/Archives/edgar/data/1101302/000110130226000012/
ENTG,2026-09-18,revenue,2026-02-11,same value as earliest filing,2025-01-01,2025-12-31,3196600000.0,0001101302-26-000012,2025.0,FY,10-K,2026-02-11,RevenueFromContractWithCustomerExcludingAssessedTax,0,USD,us-gaap,365,2026-02-12,CY2025,,,https://www.sec.gov/Archives/edgar/data/1101302/000110130226000012/
ENTG,2026-09-18,revenue,2026-08-04,same value as earliest filing,2026-01-01,2026-06-27,1695100000.0,0001101302-26-000150,2026.0,Q2,10-Q,2026-08-04,RevenueFromContractWithCustomerExcludingAssessedTax,0,USD,us-gaap,178,2026-08-05,,,,https://www.sec.gov/Archives/edgar/data/1101302/000110130226000150/
ENTG,2026-09-18,revenue,2026-08-04,same value as earliest filing,2026-01-01,2026-06-27,1695100000.0,0001101302-26-000150,2026.0,Q2,10-Q,2026-08-04,RevenueFromContractWithCustomerExcludingAssessedTax,0,USD,us-gaap,178,2026-08-05,,,,https://www.sec.gov/Archives/edgar/data/1101302/000110130226000150/
ENTG,2026-09-18,revenue,2025-07-30,same value as earliest filing,2025-01-01,2025-06-28,1565600000.0,0001101302-26-000150,2026.0,Q2,10-Q,2026-08-04,RevenueFromContractWithCustomerExcludingAssessedTax,0,USD,us-gaap,179,2026-08-05,,,,https://www.sec.gov/Archives/edgar/data/1101302/000110130226000150/
ENTG,2026-09-18,operating_income,2026-02-11,same value as earliest filing,2025-01-01,2025-12-31,455900000.0,0001101302-26-000012,2025.0,FY,10-K,2026-02-11,OperatingIncomeLoss,0,USD,us-gaap,365,2026-02-12,CY2025,,,https://www.sec.gov/Archives/edgar/data/1101302/000110130226000012/
ENTG,2026-09-18,operating_income,2026-08-04,same value as earliest filing,2026-01-01,2026-06-27,306200000.0,0001101302-26-000150,2026.0,Q2,10-Q,2026-08-04,OperatingIncomeLoss,0,USD,us-gaap,178,2026-08-05,,,,https://www.sec.gov/Archives/edgar/data/1101302/000110130226000150/
ENTG,2026-09-18,operating_income,2026-08-04,same value as earliest filing,2026-01-01,2026-06-27,306200000.0,0001101302-26-000150,2026.0,Q2,10-Q,2026-08-04,OperatingIncomeLoss,0,USD,us-gaap,178,2026-08-05,,,,https://www.sec.gov/Archives/edgar/data/1101302/000110130226000150/
ENTG,2026-09-18,operating_income,2025-07-30,same value as earliest filing,2025-01-01,2025-06-28,228400000.0,0001101302-26-000150,2026.0,Q2,10-Q,2026-08-04,OperatingIncomeLoss,0,USD,us-gaap,179,2026-08-05,,,,https://www.sec.gov/Archives/edgar/data/1101302/000110130226000150/
ENTG,2026-09-18,net_income,2026-02-11,same value as earliest filing,2025-01-01,2025-12-31,235600000.0,0001101302-26-000012,2025.0,FY,10-K,2026-02-11,NetIncomeLoss,0,USD,us-gaap,365,2026-02-12,CY2025,,,https://www.sec.gov/Archives/edgar/data/1101302/000110130226000012/
ENTG,2026-09-18,net_income,2026-08-04,same value as earliest filing,2026-01-01,2026-06-27,185600000.0,0001101302-26-000150,2026.0,Q2,10-Q,2026-08-04,NetIncomeLoss,0,USD,us-gaap,178,2026-08-05,,,,https://www.sec.gov/Archives/edgar/data/1101302/000110130226000150/
ENTG,2026-09-18,net_income,2026-08-04,same value as earliest filing,2026-01-01,2026-06-27,185600000.0,0001101302-26-000150,2026.0,Q2,10-Q,2026-08-04,NetIncomeLoss,0,USD,us-gaap,178,2026-08-05,,,,https://www.sec.gov/Archives/edgar/data/1101302/000110130226000150/
ENTG,2026-09-18,net_income,2025-07-30,same value as earliest filing,2025-01-01,2025-06-28,115700000.0,0001101302-26-000150,2026.0,Q2,10-Q,2026-08-04,NetIncomeLoss,0,USD,us-gaap,179,2026-08-05,,,,https://www.sec.gov/Archives/edgar/data/1101302/000110130226000150/
ENTG,2026-09-18,cfo,2026-02-11,same value as earliest filing,2025-01-01,2025-12-31,695400000.0,0001101302-26-000012,2025.0,FY,10-K,2026-02-11,NetCashProvidedByUsedInOperatingActivities,0,USD,us-gaap,365,2026-02-12,CY2025,,,https://www.sec.gov/Archives/edgar/data/1101302/000110130226000012/
ENTG,2026-09-18,cfo,2026-08-04,same value as earliest filing,2026-01-01,2026-06-27,339200000.0,0001101302-26-000150,2026.0,Q2,10-Q,2026-08-04,NetCashProvidedByUsedInOperatingActivities,0,USD,us-gaap,178,2026-08-05,,,,https://www.sec.gov/Archives/edgar/data/1101302/000110130226000150/
ENTG,2026-09-18,cfo,2026-08-04,same value as earliest filing,2026-01-01,2026-06-27,339200000.0,0001101302-26-000150,2026.0,Q2,10-Q,2026-08-04,NetCashProvidedByUsedInOperatingActivities,0,USD,us-gaap,178,2026-08-05,,,,https://www.sec.gov/Archives/edgar/data/1101302/000110130226000150/
ENTG,2026-09-18,cfo,2025-07-30,same value as earliest filing,2025-01-01,2025-06-28,253900000.0,0001101302-26-000150,2026.0,Q2,10-Q,2026-08-04,NetCashProvidedByUsedInOperatingActivities,0,USD,us-gaap,179,2026-08-05,,,,https://www.sec.gov/Archives/edgar/data/1101302/000110130226000150/
ENTG,2026-09-18,equipment_capex,2026-02-11,same value as earliest filing,2025-01-01,2025-12-31,299200000.0,0001101302-26-000012,2025.0,FY,10-K,2026-02-11,PaymentsToAcquirePropertyPlantAndEquipment,1,USD,us-gaap,365,2026-02-12,CY2025,,,https://www.sec.gov/Archives/edgar/data/1101302/000110130226000012/
ENTG,2026-09-18,equipment_capex,2026-08-04,same value as earliest filing,2026-01-01,2026-06-27,80800000.0,0001101302-26-000150,2026.0,Q2,10-Q,2026-08-04,PaymentsToAcquirePropertyPlantAndEquipment,1,USD,us-gaap,178,2026-08-05,,,,https://www.sec.gov/Archives/edgar/data/1101302/000110130226000150/
ENTG,2026-09-18,equipment_capex,2026-08-04,same value as earliest filing,2026-01-01,2026-06-27,80800000.0,0001101302-26-000150,2026.0,Q2,10-Q,2026-08-04,PaymentsToAcquirePropertyPlantAndEquipment,1,USD,us-gaap,178,2026-08-05,,,,https://www.sec.gov/Archives/edgar/data/1101302/000110130226000150/
ENTG,2026-09-18,equipment_capex,2025-07-30,same value as earliest filing,2025-01-01,2025-06-28,174500000.0,0001101302-26-000150,2026.0,Q2,10-Q,2026-08-04,PaymentsToAcquirePropertyPlantAndEquipment,1,USD,us-gaap,179,2026-08-05,,,,https://www.sec.gov/Archives/edgar/data/1101302/000110130226000150/
ENTG,2026-09-18,da,2026-02-11,same value as earliest filing,2025-01-01,2025-12-31,205300000.0,0001101302-26-000012,2025.0,FY,10-K,2026-02-11,DepreciationDepletionAndAmortization,0,USD,us-gaap,365,2026-02-12,CY2025,,,https://www.sec.gov/Archives/edgar/data/1101302/000110130226000012/
ENTG,2026-09-18,da,2026-08-04,same value as earliest filing,2026-01-01,2026-06-27,68500000.0,0001101302-26-000150,2026.0,Q2,10-Q,2026-08-04,DepreciationDepletionAndAmortization,0,USD,us-gaap,178,2026-08-05,,,,https://www.sec.gov/Archives/edgar/data/1101302/000110130226000150/
ENTG,2026-09-18,da,2026-08-04,same value as earliest filing,2026-01-01,2026-06-27,68500000.0,0001101302-26-000150,2026.0,Q2,10-Q,2026-08-04,DepreciationDepletionAndAmortization,0,USD,us-gaap,178,2026-08-05,,,,https://www.sec.gov/Archives/edgar/data/1101302/000110130226000150/
ENTG,2026-09-18,da,2025-07-30,same value as earliest filing,2025-01-01,2025-06-28,101200000.0,0001101302-26-000150,2026.0,Q2,10-Q,2026-08-04,DepreciationDepletionAndAmortization,0,USD,us-gaap,179,2026-08-05,,,,https://www.sec.gov/Archives/edgar/data/1101302/000110130226000150/
ENTG,2026-09-18,DA_component,2026-02-11,same value as earliest filing,2025-01-01,2025-12-31,205300000.0,0001101302-26-000012,2025.0,FY,10-K,2026-02-11,Depreciation,0,USD,us-gaap,365,2026-02-12,CY2025,,,https://www.sec.gov/Archives/edgar/data/1101302/000110130226000012/
ENTG,2026-09-18,DA_component,2026-08-04,same value as earliest filing,2026-01-01,2026-06-27,68500000.0,0001101302-26-000150,2026.0,Q2,10-Q,2026-08-04,Depreciation,0,USD,us-gaap,178,2026-08-05,,,,https://www.sec.gov/Archives/edgar/data/1101302/000110130226000150/
ENTG,2026-09-18,DA_component,2026-08-04,same value as earliest filing,2026-01-01,2026-06-27,68500000.0,0001101302-26-000150,2026.0,Q2,10-Q,2026-08-04,Depreciation,0,USD,us-gaap,178,2026-08-05,,,,https://www.sec.gov/Archives/edgar/data/1101302/000110130226000150/
ENTG,2026-09-18,DA_component,2025-07-30,same value as earliest filing,2025-01-01,2025-06-28,101200000.0,0001101302-26-000150,2026.0,Q2,10-Q,2026-08-04,Depreciation,0,USD,us-gaap,179,2026-08-05,,,,https://www.sec.gov/Archives/edgar/data/1101302/000110130226000150/
ENTG,2026-09-18,DA_component,2026-02-11,same value as earliest filing,2025-01-01,2025-12-31,184400000.0,0001101302-26-000012,2025.0,FY,10-K,2026-02-11,AmortizationOfIntangibleAssets,0,USD,us-gaap,365,2026-02-12,CY2025,,,https://www.sec.gov/Archives/edgar/data/1101302/000110130226000012/
ENTG,2026-09-18,DA_component,2026-08-04,same value as earliest filing,2026-01-01,2026-06-27,92400000.0,0001101302-26-000150,2026.0,Q2,10-Q,2026-08-04,AmortizationOfIntangibleAssets,0,USD,us-gaap,178,2026-08-05,,,,https://www.sec.gov/Archives/edgar/data/1101302/000110130226000150/
ENTG,2026-09-18,DA_component,2026-08-04,same value as earliest filing,2026-01-01,2026-06-27,92400000.0,0001101302-26-000150,2026.0,Q2,10-Q,2026-08-04,AmortizationOfIntangibleAssets,0,USD,us-gaap,178,2026-08-05,,,,https://www.sec.gov/Archives/edgar/data/1101302/000110130226000150/
ENTG,2026-09-18,DA_component,2025-07-30,same value as earliest filing,2025-01-01,2025-06-28,92100000.0,0001101302-26-000150,2026.0,Q2,10-Q,2026-08-04,AmortizationOfIntangibleAssets,0,USD,us-gaap,179,2026-08-05,,,,https://www.sec.gov/Archives/edgar/data/1101302/000110130226000150/
ENTG,2026-09-18,rolling_disclosed_diluted_eps,2026-02-11,same value as earliest filing,2025-01-01,2025-12-31,1.55,0001101302-26-000012,2025.0,FY,10-K,2026-02-11,EarningsPerShareDiluted,0,USD/shares,us-gaap,365,2026-02-12,CY2025,,,https://www.sec.gov/Archives/edgar/data/1101302/000110130226000012/
ENTG,2026-09-18,rolling_disclosed_diluted_eps,2026-08-04,same value as earliest filing,2026-01-01,2026-06-27,1.21,0001101302-26-000150,2026.0,Q2,10-Q,2026-08-04,EarningsPerShareDiluted,0,USD/shares,us-gaap,178,2026-08-05,,,,https://www.sec.gov/Archives/edgar/data/1101302/000110130226000150/
ENTG,2026-09-18,rolling_disclosed_diluted_eps,2026-08-04,same value as earliest filing,2026-01-01,2026-06-27,1.21,0001101302-26-000150,2026.0,Q2,10-Q,2026-08-04,EarningsPerShareDiluted,0,USD/shares,us-gaap,178,2026-08-05,,,,https://www.sec.gov/Archives/edgar/data/1101302/000110130226000150/
ENTG,2026-09-18,rolling_disclosed_diluted_eps,2025-07-30,same value as earliest filing,2025-01-01,2025-06-28,0.76,0001101302-26-000150,2026.0,Q2,10-Q,2026-08-04,EarningsPerShareDiluted,0,USD/shares,us-gaap,179,2026-08-05,,,,https://www.sec.gov/Archives/edgar/data/1101302/000110130226000150/
ENTG,2026-09-18,actual_shares,2026-08-04,same value as earliest filing,,2026-07-31,152800000.0,0001101302-26-000150,2026.0,Q2,10-Q,2026-08-04,EntityCommonStockSharesOutstanding,0,shares,dei,0,2026-08-05,CY2026Q2I,,,https://www.sec.gov/Archives/edgar/data/1101302/000110130226000150/
ENTG,2026-09-18,cash,2026-08-04,same value as earliest filing,,2026-06-27,353600000.0,0001101302-26-000150,2026.0,Q2,10-Q,2026-08-04,CashAndCashEquivalentsAtCarryingValue,0,USD,us-gaap,0,2026-08-05,CY2026Q2I,,,https://www.sec.gov/Archives/edgar/data/1101302/000110130226000150/
ENTG,2026-09-18,assets,2026-08-04,same value as earliest filing,,2026-06-27,8418500000.0,0001101302-26-000150,2026.0,Q2,10-Q,2026-08-04,Assets,0,USD,us-gaap,0,2026-08-05,CY2026Q2I,,,https://www.sec.gov/Archives/edgar/data/1101302/000110130226000150/
ENTG,2026-09-18,debt_noncurrent,2026-08-04,same value as earliest filing,,2026-06-27,3456000000.0,0001101302-26-000150,2026.0,Q2,10-Q,2026-08-04,LongTermDebtNoncurrent,0,USD,us-gaap,0,2026-08-05,CY2026Q2I,,,https://www.sec.gov/Archives/edgar/data/1101302/000110130226000150/
ENTG,2026-09-18,debt_current,2026-08-04,same value as earliest filing,,2026-06-27,0.0,0001101302-26-000150,2026.0,Q2,10-Q,2026-08-04,LongTermDebtCurrent,1,USD,us-gaap,0,2026-08-05,CY2026Q2I,,,https://www.sec.gov/Archives/edgar/data/1101302/000110130226000150/
ENTG,2026-09-18,revenue,2016-02-29,same value as earliest filing,2015-01-01,2015-12-31,1081121000.0,0001101302-18-000008,2017.0,FY,10-K,2018-02-15,SalesRevenueNet,1,USD,us-gaap,365,2018-02-16,CY2015,,,https://www.sec.gov/Archives/edgar/data/1101302/000110130218000008/
ENTG,2026-09-18,operating_income,2016-02-29,same value as earliest filing,2015-01-01,2015-12-31,118068000.0,0001101302-18-000008,2017.0,FY,10-K,2018-02-15,OperatingIncomeLoss,0,USD,us-gaap,365,2018-02-16,CY2015,,,https://www.sec.gov/Archives/edgar/data/1101302/000110130218000008/
ENTG,2026-09-18,net_income,2016-02-29,same value as earliest filing,2015-01-01,2015-12-31,80296000.0,0001101302-18-000008,2017.0,FY,10-K,2018-02-15,NetIncomeLoss,0,USD,us-gaap,365,2018-02-16,CY2015,,,https://www.sec.gov/Archives/edgar/data/1101302/000110130218000008/
ENTG,2026-09-18,cfo,2016-02-29,same value as earliest filing,2015-01-01,2015-12-31,120918000.0,0001101302-18-000008,2017.0,FY,10-K,2018-02-15,NetCashProvidedByUsedInOperatingActivities,0,USD,us-gaap,365,2018-02-16,CY2015,,,https://www.sec.gov/Archives/edgar/data/1101302/000110130218000008/
ENTG,2026-09-18,equipment_capex,2016-02-29,same value as earliest filing,2015-01-01,2015-12-31,71977000.0,0001101302-18-000008,2017.0,FY,10-K,2018-02-15,PaymentsToAcquirePropertyPlantAndEquipment,1,USD,us-gaap,365,2018-02-16,CY2015,,,https://www.sec.gov/Archives/edgar/data/1101302/000110130218000008/
ENTG,2026-09-18,da,2016-02-29,same value as earliest filing,2015-01-01,2015-12-31,101654000.0,0001101302-18-000008,2017.0,FY,10-K,2018-02-15,DepreciationDepletionAndAmortization,0,USD,us-gaap,365,2018-02-16,CY2015,,,https://www.sec.gov/Archives/edgar/data/1101302/000110130218000008/
ENTG,2026-09-18,DA_component,2016-02-29,same value as earliest filing,2015-01-01,2015-12-31,54305000.0,0001101302-18-000008,2017.0,FY,10-K,2018-02-15,Depreciation,0,USD,us-gaap,365,2018-02-16,CY2015,,,https://www.sec.gov/Archives/edgar/data/1101302/000110130218000008/
ENTG,2026-09-18,DA_component,2016-02-29,same value as earliest filing,2015-01-01,2015-12-31,47349000.0,0001101302-18-000008,2017.0,FY,10-K,2018-02-15,AmortizationOfIntangibleAssets,0,USD,us-gaap,365,2018-02-16,CY2015,,,https://www.sec.gov/Archives/edgar/data/1101302/000110130218000008/
ENTG,2026-09-18,revenue,2019-02-11,same value as earliest filing,2016-01-01,2016-12-31,1175270000.0,0001101302-19-000010,2018.0,FY,10-K,2019-02-11,RevenueFromContractWithCustomerExcludingAssessedTax,0,USD,us-gaap,366,2019-02-12,CY2016,,,https://www.sec.gov/Archives/edgar/data/1101302/000110130219000010/
ENTG,2026-09-18,operating_income,2017-02-17,same value as earliest filing,2016-01-01,2016-12-31,155536000.0,0001101302-19-000010,2018.0,FY,10-K,2019-02-11,OperatingIncomeLoss,0,USD,us-gaap,366,2019-02-12,CY2016,,,https://www.sec.gov/Archives/edgar/data/1101302/000110130219000010/
ENTG,2026-09-18,net_income,2017-02-17,same value as earliest filing,2016-01-01,2016-12-31,97147000.0,0001101302-19-000010,2018.0,FY,10-K,2019-02-11,NetIncomeLoss,0,USD,us-gaap,366,2019-02-12,CY2016,,,https://www.sec.gov/Archives/edgar/data/1101302/000110130219000010/
ENTG,2026-09-18,cfo,2017-02-17,same value as earliest filing,2016-01-01,2016-12-31,207555000.0,0001101302-19-000010,2018.0,FY,10-K,2019-02-11,NetCashProvidedByUsedInOperatingActivities,0,USD,us-gaap,366,2019-02-12,CY2016,,,https://www.sec.gov/Archives/edgar/data/1101302/000110130219000010/
ENTG,2026-09-18,equipment_capex,2017-02-17,same value as earliest filing,2016-01-01,2016-12-31,65260000.0,0001101302-19-000010,2018.0,FY,10-K,2019-02-11,PaymentsToAcquirePropertyPlantAndEquipment,1,USD,us-gaap,366,2019-02-12,CY2016,,,https://www.sec.gov/Archives/edgar/data/1101302/000110130219000010/
ENTG,2026-09-18,da,2017-02-17,same value as earliest filing,2016-01-01,2016-12-31,99886000.0,0001101302-19-000010,2018.0,FY,10-K,2019-02-11,DepreciationDepletionAndAmortization,0,USD,us-gaap,366,2019-02-12,CY2016,,,https://www.sec.gov/Archives/edgar/data/1101302/000110130219000010/
ENTG,2026-09-18,DA_component,2017-02-17,same value as earliest filing,2016-01-01,2016-12-31,55623000.0,0001101302-19-000010,2018.0,FY,10-K,2019-02-11,Depreciation,0,USD,us-gaap,366,2019-02-12,CY2016,,,https://www.sec.gov/Archives/edgar/data/1101302/000110130219000010/
ENTG,2026-09-18,DA_component,2017-02-17,same value as earliest filing,2016-01-01,2016-12-31,44263000.0,0001101302-19-000010,2018.0,FY,10-K,2019-02-11,AmortizationOfIntangibleAssets,0,USD,us-gaap,366,2019-02-12,CY2016,,,https://www.sec.gov/Archives/edgar/data/1101302/000110130219000010/
ENTG,2026-09-18,revenue,2019-02-11,same value as earliest filing,2017-01-01,2017-12-31,1342532000.0,0001101302-20-000013,2019.0,FY,10-K,2020-02-07,RevenueFromContractWithCustomerExcludingAssessedTax,0,USD,us-gaap,365,2020-02-10,CY2017,,,https://www.sec.gov/Archives/edgar/data/1101302/000110130220000013/
ENTG,2026-09-18,operating_income,2018-02-15,same value as earliest filing,2017-01-01,2017-12-31,241817000.0,0001101302-20-000013,2019.0,FY,10-K,2020-02-07,OperatingIncomeLoss,0,USD,us-gaap,365,2020-02-10,CY2017,,,https://www.sec.gov/Archives/edgar/data/1101302/000110130220000013/
ENTG,2026-09-18,net_income,2018-02-15,same value as earliest filing,2017-01-01,2017-12-31,85066000.0,0001101302-20-000013,2019.0,FY,10-K,2020-02-07,NetIncomeLoss,0,USD,us-gaap,365,2020-02-10,CY2017,,,https://www.sec.gov/Archives/edgar/data/1101302/000110130220000013/
ENTG,2026-09-18,cfo,2018-02-15,same value as earliest filing,2017-01-01,2017-12-31,293373000.0,0001101302-20-000013,2019.0,FY,10-K,2020-02-07,NetCashProvidedByUsedInOperatingActivities,0,USD,us-gaap,365,2020-02-10,CY2017,,,https://www.sec.gov/Archives/edgar/data/1101302/000110130220000013/
ENTG,2026-09-18,equipment_capex,2018-02-15,same value as earliest filing,2017-01-01,2017-12-31,93597000.0,0001101302-20-000013,2019.0,FY,10-K,2020-02-07,PaymentsToAcquirePropertyPlantAndEquipment,1,USD,us-gaap,365,2020-02-10,CY2017,,,https://www.sec.gov/Archives/edgar/data/1101302/000110130220000013/
ENTG,2026-09-18,da,2018-02-15,same value as earliest filing,2017-01-01,2017-12-31,102231000.0,0001101302-20-000013,2019.0,FY,10-K,2020-02-07,DepreciationDepletionAndAmortization,0,USD,us-gaap,365,2020-02-10,CY2017,,,https://www.sec.gov/Archives/edgar/data/1101302/000110130220000013/
ENTG,2026-09-18,DA_component,2018-02-15,same value as earliest filing,2017-01-01,2017-12-31,58208000.0,0001101302-20-000013,2019.0,FY,10-K,2020-02-07,Depreciation,0,USD,us-gaap,365,2020-02-10,CY2017,,,https://www.sec.gov/Archives/edgar/data/1101302/000110130220000013/
ENTG,2026-09-18,DA_component,2018-02-15,same value as earliest filing,2017-01-01,2017-12-31,44023000.0,0001101302-20-000013,2019.0,FY,10-K,2020-02-07,AmortizationOfIntangibleAssets,0,USD,us-gaap,365,2020-02-10,CY2017,,,https://www.sec.gov/Archives/edgar/data/1101302/000110130220000013/
ENTG,2026-09-18,revenue,2019-02-11,same value as earliest filing,2018-01-01,2018-12-31,1550497000.0,0001101302-21-000011,2020.0,FY,10-K,2021-02-05,RevenueFromContractWithCustomerExcludingAssessedTax,0,USD,us-gaap,365,2021-02-08,CY2018,,,https://www.sec.gov/Archives/edgar/data/1101302/000110130221000011/
ENTG,2026-09-18,operating_income,2019-02-11,same value as earliest filing,2018-01-01,2018-12-31,292689000.0,0001101302-21-000011,2020.0,FY,10-K,2021-02-05,OperatingIncomeLoss,0,USD,us-gaap,365,2021-02-08,CY2018,,,https://www.sec.gov/Archives/edgar/data/1101302/000110130221000011/
ENTG,2026-09-18,net_income,2019-02-11,same value as earliest filing,2018-01-01,2018-12-31,240755000.0,0001101302-21-000011,2020.0,FY,10-K,2021-02-05,NetIncomeLoss,0,USD,us-gaap,365,2021-02-08,CY2018,,,https://www.sec.gov/Archives/edgar/data/1101302/000110130221000011/
ENTG,2026-09-18,cfo,2019-02-11,same value as earliest filing,2018-01-01,2018-12-31,312576000.0,0001101302-21-000011,2020.0,FY,10-K,2021-02-05,NetCashProvidedByUsedInOperatingActivities,0,USD,us-gaap,365,2021-02-08,CY2018,,,https://www.sec.gov/Archives/edgar/data/1101302/000110130221000011/
ENTG,2026-09-18,equipment_capex,2019-02-11,same value as earliest filing,2018-01-01,2018-12-31,110153000.0,0001101302-21-000011,2020.0,FY,10-K,2021-02-05,PaymentsToAcquirePropertyPlantAndEquipment,1,USD,us-gaap,365,2021-02-08,CY2018,,,https://www.sec.gov/Archives/edgar/data/1101302/000110130221000011/
ENTG,2026-09-18,da,2019-02-11,same value as earliest filing,2018-01-01,2018-12-31,127268000.0,0001101302-21-000011,2020.0,FY,10-K,2021-02-05,DepreciationDepletionAndAmortization,0,USD,us-gaap,365,2021-02-08,CY2018,,,https://www.sec.gov/Archives/edgar/data/1101302/000110130221000011/
ENTG,2026-09-18,DA_component,2019-02-11,same value as earliest filing,2018-01-01,2018-12-31,65116000.0,0001101302-21-000011,2020.0,FY,10-K,2021-02-05,Depreciation,0,USD,us-gaap,365,2021-02-08,CY2018,,,https://www.sec.gov/Archives/edgar/data/1101302/000110130221000011/
ENTG,2026-09-18,DA_component,2019-02-11,same value as earliest filing,2018-01-01,2018-12-31,62152000.0,0001101302-21-000011,2020.0,FY,10-K,2021-02-05,AmortizationOfIntangibleAssets,0,USD,us-gaap,365,2021-02-08,CY2018,,,https://www.sec.gov/Archives/edgar/data/1101302/000110130221000011/
ENTG,2026-09-18,revenue,2020-02-07,same value as earliest filing,2019-01-01,2019-12-31,1591066000.0,0001101302-22-000010,2021.0,FY,10-K,2022-02-04,RevenueFromContractWithCustomerExcludingAssessedTax,0,USD,us-gaap,365,2022-02-07,CY2019,,,https://www.sec.gov/Archives/edgar/data/1101302/000110130222000010/
ENTG,2026-09-18,operating_income,2020-02-07,same value as earliest filing,2019-01-01,2019-12-31,239278000.0,0001101302-22-000010,2021.0,FY,10-K,2022-02-04,OperatingIncomeLoss,0,USD,us-gaap,365,2022-02-07,CY2019,,,https://www.sec.gov/Archives/edgar/data/1101302/000110130222000010/
ENTG,2026-09-18,net_income,2020-02-07,same value as earliest filing,2019-01-01,2019-12-31,254860000.0,0001101302-22-000010,2021.0,FY,10-K,2022-02-04,NetIncomeLoss,0,USD,us-gaap,365,2022-02-07,CY2019,,,https://www.sec.gov/Archives/edgar/data/1101302/000110130222000010/
ENTG,2026-09-18,cfo,2020-02-07,same value as earliest filing,2019-01-01,2019-12-31,382298000.0,0001101302-22-000010,2021.0,FY,10-K,2022-02-04,NetCashProvidedByUsedInOperatingActivities,0,USD,us-gaap,365,2022-02-07,CY2019,,,https://www.sec.gov/Archives/edgar/data/1101302/000110130222000010/
ENTG,2026-09-18,equipment_capex,2020-02-07,same value as earliest filing,2019-01-01,2019-12-31,112355000.0,0001101302-22-000010,2021.0,FY,10-K,2022-02-04,PaymentsToAcquirePropertyPlantAndEquipment,1,USD,us-gaap,365,2022-02-07,CY2019,,,https://www.sec.gov/Archives/edgar/data/1101302/000110130222000010/
ENTG,2026-09-18,da,2020-02-07,same value as earliest filing,2019-01-01,2019-12-31,141403000.0,0001101302-22-000010,2021.0,FY,10-K,2022-02-04,DepreciationDepletionAndAmortization,0,USD,us-gaap,365,2022-02-07,CY2019,,,https://www.sec.gov/Archives/edgar/data/1101302/000110130222000010/
ENTG,2026-09-18,DA_component,2020-02-07,same value as earliest filing,2019-01-01,2019-12-31,74975000.0,0001101302-22-000010,2021.0,FY,10-K,2022-02-04,Depreciation,0,USD,us-gaap,365,2022-02-07,CY2019,,,https://www.sec.gov/Archives/edgar/data/1101302/000110130222000010/
ENTG,2026-09-18,DA_component,2020-02-07,same value as earliest filing,2019-01-01,2019-12-31,66428000.0,0001101302-22-000010,2021.0,FY,10-K,2022-02-04,AmortizationOfIntangibleAssets,0,USD,us-gaap,365,2022-02-07,CY2019,,,https://www.sec.gov/Archives/edgar/data/1101302/000110130222000010/
ENTG,2026-09-18,revenue,2021-02-05,same value as earliest filing,2020-01-01,2020-12-31,1859313000.0,0001101302-23-000021,2022.0,FY,10-K,2023-02-23,RevenueFromContractWithCustomerExcludingAssessedTax,0,USD,us-gaap,366,2023-02-24,CY2020,,,https://www.sec.gov/Archives/edgar/data/1101302/000110130223000021/
ENTG,2026-09-18,operating_income,2021-02-05,same value as earliest filing,2020-01-01,2020-12-31,395445000.0,0001101302-23-000021,2022.0,FY,10-K,2023-02-23,OperatingIncomeLoss,0,USD,us-gaap,366,2023-02-24,CY2020,,,https://www.sec.gov/Archives/edgar/data/1101302/000110130223000021/
ENTG,2026-09-18,net_income,2021-02-05,same value as earliest filing,2020-01-01,2020-12-31,294969000.0,0001101302-23-000021,2022.0,FY,10-K,2023-02-23,NetIncomeLoss,0,USD,us-gaap,366,2023-02-24,CY2020,,,https://www.sec.gov/Archives/edgar/data/1101302/000110130223000021/
ENTG,2026-09-18,cfo,2021-02-05,same value as earliest filing,2020-01-01,2020-12-31,446674000.0,0001101302-23-000021,2022.0,FY,10-K,2023-02-23,NetCashProvidedByUsedInOperatingActivities,0,USD,us-gaap,366,2023-02-24,CY2020,,,https://www.sec.gov/Archives/edgar/data/1101302/000110130223000021/
ENTG,2026-09-18,equipment_capex,2021-02-05,same value as earliest filing,2020-01-01,2020-12-31,131752000.0,0001101302-23-000021,2022.0,FY,10-K,2023-02-23,PaymentsToAcquirePropertyPlantAndEquipment,1,USD,us-gaap,366,2023-02-24,CY2020,,,https://www.sec.gov/Archives/edgar/data/1101302/000110130223000021/
ENTG,2026-09-18,da,2021-02-05,same value as earliest filing,2020-01-01,2020-12-31,136522000.0,0001101302-23-000021,2022.0,FY,10-K,2023-02-23,DepreciationDepletionAndAmortization,0,USD,us-gaap,366,2023-02-24,CY2020,,,https://www.sec.gov/Archives/edgar/data/1101302/000110130223000021/
ENTG,2026-09-18,DA_component,2021-02-05,same value as earliest filing,2020-01-01,2020-12-31,83430000.0,0001101302-23-000021,2022.0,FY,10-K,2023-02-23,Depreciation,0,USD,us-gaap,366,2023-02-24,CY2020,,,https://www.sec.gov/Archives/edgar/data/1101302/000110130223000021/
ENTG,2026-09-18,DA_component,2021-02-05,same value as earliest filing,2020-01-01,2020-12-31,53092000.0,0001101302-23-000021,2022.0,FY,10-K,2023-02-23,AmortizationOfIntangibleAssets,0,USD,us-gaap,366,2023-02-24,CY2020,,,https://www.sec.gov/Archives/edgar/data/1101302/000110130223000021/
ENTG,2026-09-18,revenue,2022-02-04,same value as earliest filing,2021-01-01,2021-12-31,2298893000.0,0001101302-24-000009,2023.0,FY,10-K,2024-02-15,RevenueFromContractWithCustomerExcludingAssessedTax,0,USD,us-gaap,365,2024-02-16,CY2021,,,https://www.sec.gov/Archives/edgar/data/1101302/000110130224000009/
ENTG,2026-09-18,operating_income,2022-02-04,same value as earliest filing,2021-01-01,2021-12-31,551768000.0,0001101302-24-000009,2023.0,FY,10-K,2024-02-15,OperatingIncomeLoss,0,USD,us-gaap,365,2024-02-16,CY2021,,,https://www.sec.gov/Archives/edgar/data/1101302/000110130224000009/
ENTG,2026-09-18,net_income,2022-02-04,same value as earliest filing,2021-01-01,2021-12-31,409126000.0,0001101302-24-000009,2023.0,FY,10-K,2024-02-15,NetIncomeLoss,0,USD,us-gaap,365,2024-02-16,CY2021,,,https://www.sec.gov/Archives/edgar/data/1101302/000110130224000009/
ENTG,2026-09-18,cfo,2022-02-04,same value as earliest filing,2021-01-01,2021-12-31,400454000.0,0001101302-24-000009,2023.0,FY,10-K,2024-02-15,NetCashProvidedByUsedInOperatingActivities,0,USD,us-gaap,365,2024-02-16,CY2021,,,https://www.sec.gov/Archives/edgar/data/1101302/000110130224000009/
ENTG,2026-09-18,equipment_capex,2022-02-04,same value as earliest filing,2021-01-01,2021-12-31,210626000.0,0001101302-24-000009,2023.0,FY,10-K,2024-02-15,PaymentsToAcquirePropertyPlantAndEquipment,1,USD,us-gaap,365,2024-02-16,CY2021,,,https://www.sec.gov/Archives/edgar/data/1101302/000110130224000009/
ENTG,2026-09-18,da,2022-02-04,same value as earliest filing,2021-01-01,2021-12-31,138167000.0,0001101302-24-000009,2023.0,FY,10-K,2024-02-15,DepreciationDepletionAndAmortization,0,USD,us-gaap,365,2024-02-16,CY2021,,,https://www.sec.gov/Archives/edgar/data/1101302/000110130224000009/
ENTG,2026-09-18,DA_component,2022-02-04,same value as earliest filing,2021-01-01,2021-12-31,90311000.0,0001101302-24-000009,2023.0,FY,10-K,2024-02-15,Depreciation,0,USD,us-gaap,365,2024-02-16,CY2021,,,https://www.sec.gov/Archives/edgar/data/1101302/000110130224000009/
ENTG,2026-09-18,DA_component,2022-02-04,same value as earliest filing,2021-01-01,2021-12-31,47856000.0,0001101302-24-000009,2023.0,FY,10-K,2024-02-15,AmortizationOfIntangibleAssets,0,USD,us-gaap,365,2024-02-16,CY2021,,,https://www.sec.gov/Archives/edgar/data/1101302/000110130224000009/
ENTG,2026-09-18,revenue,2023-02-23,same value as earliest filing,2022-01-01,2022-12-31,3282033000.0,0001101302-25-000015,2024.0,FY,10-K,2025-02-12,RevenueFromContractWithCustomerExcludingAssessedTax,0,USD,us-gaap,365,2025-02-13,CY2022,,,https://www.sec.gov/Archives/edgar/data/1101302/000110130225000015/
ENTG,2026-09-18,operating_income,2023-02-23,same value as earliest filing,2022-01-01,2022-12-31,479981000.0,0001101302-25-000015,2024.0,FY,10-K,2025-02-12,OperatingIncomeLoss,0,USD,us-gaap,365,2025-02-13,CY2022,,,https://www.sec.gov/Archives/edgar/data/1101302/000110130225000015/
ENTG,2026-09-18,net_income,2023-02-23,same value as earliest filing,2022-01-01,2022-12-31,208920000.0,0001101302-25-000015,2024.0,FY,10-K,2025-02-12,NetIncomeLoss,0,USD,us-gaap,365,2025-02-13,CY2022,,,https://www.sec.gov/Archives/edgar/data/1101302/000110130225000015/
ENTG,2026-09-18,cfo,2023-02-23,changed from earliest filed value,2022-01-01,2022-12-31,363129000.0,0001101302-25-000015,2024.0,FY,10-K,2025-02-12,NetCashProvidedByUsedInOperatingActivities,0,USD,us-gaap,365,2025-02-13,CY2022,,,https://www.sec.gov/Archives/edgar/data/1101302/000110130225000015/
ENTG,2026-09-18,equipment_capex,2023-02-23,same value as earliest filing,2022-01-01,2022-12-31,466192000.0,0001101302-25-000015,2024.0,FY,10-K,2025-02-12,PaymentsToAcquirePropertyPlantAndEquipment,1,USD,us-gaap,365,2025-02-13,CY2022,,,https://www.sec.gov/Archives/edgar/data/1101302/000110130225000015/
ENTG,2026-09-18,da,2023-02-23,changed from earliest filed value,2022-01-01,2022-12-31,135371000.0,0001101302-25-000015,2024.0,FY,10-K,2025-02-12,DepreciationDepletionAndAmortization,0,USD,us-gaap,365,2025-02-13,CY2022,,,https://www.sec.gov/Archives/edgar/data/1101302/000110130225000015/
ENTG,2026-09-18,DA_component,2023-02-23,same value as earliest filing,2022-01-01,2022-12-31,135371000.0,0001101302-25-000015,2024.0,FY,10-K,2025-02-12,Depreciation,0,USD,us-gaap,365,2025-02-13,CY2022,,,https://www.sec.gov/Archives/edgar/data/1101302/000110130225000015/
ENTG,2026-09-18,DA_component,2023-02-23,same value as earliest filing,2022-01-01,2022-12-31,143953000.0,0001101302-25-000015,2024.0,FY,10-K,2025-02-12,AmortizationOfIntangibleAssets,0,USD,us-gaap,365,2025-02-13,CY2022,,,https://www.sec.gov/Archives/edgar/data/1101302/000110130225000015/
ENTG,2026-09-18,revenue,2024-02-15,changed from earliest filed value,2023-01-01,2023-12-31,3523900000.0,0001101302-26-000012,2025.0,FY,10-K,2026-02-11,RevenueFromContractWithCustomerExcludingAssessedTax,0,USD,us-gaap,365,2026-02-12,CY2023,,,https://www.sec.gov/Archives/edgar/data/1101302/000110130226000012/
ENTG,2026-09-18,operating_income,2024-02-15,changed from earliest filed value,2023-01-01,2023-12-31,499200000.0,0001101302-26-000012,2025.0,FY,10-K,2026-02-11,OperatingIncomeLoss,0,USD,us-gaap,365,2026-02-12,CY2023,,,https://www.sec.gov/Archives/edgar/data/1101302/000110130226000012/
ENTG,2026-09-18,net_income,2024-02-15,changed from earliest filed value,2023-01-01,2023-12-31,180700000.0,0001101302-26-000012,2025.0,FY,10-K,2026-02-11,NetIncomeLoss,0,USD,us-gaap,365,2026-02-12,CY2023,,,https://www.sec.gov/Archives/edgar/data/1101302/000110130226000012/
ENTG,2026-09-18,cfo,2024-02-15,changed from earliest filed value,2023-01-01,2023-12-31,644500000.0,0001101302-26-000012,2025.0,FY,10-K,2026-02-11,NetCashProvidedByUsedInOperatingActivities,0,USD,us-gaap,365,2026-02-12,CY2023,,,https://www.sec.gov/Archives/edgar/data/1101302/000110130226000012/
ENTG,2026-09-18,equipment_capex,2024-02-15,changed from earliest filed value,2023-01-01,2023-12-31,456800000.0,0001101302-26-000012,2025.0,FY,10-K,2026-02-11,PaymentsToAcquirePropertyPlantAndEquipment,1,USD,us-gaap,365,2026-02-12,CY2023,,,https://www.sec.gov/Archives/edgar/data/1101302/000110130226000012/
ENTG,2026-09-18,da,2024-02-15,changed from earliest filed value,2023-01-01,2023-12-31,172700000.0,0001101302-26-000012,2025.0,FY,10-K,2026-02-11,DepreciationDepletionAndAmortization,0,USD,us-gaap,365,2026-02-12,CY2023,,,https://www.sec.gov/Archives/edgar/data/1101302/000110130226000012/
ENTG,2026-09-18,DA_component,2024-02-15,changed from earliest filed value,2023-01-01,2023-12-31,172700000.0,0001101302-26-000012,2025.0,FY,10-K,2026-02-11,Depreciation,0,USD,us-gaap,365,2026-02-12,CY2023,,,https://www.sec.gov/Archives/edgar/data/1101302/000110130226000012/
ENTG,2026-09-18,DA_component,2024-02-15,changed from earliest filed value,2023-01-01,2023-12-31,214500000.0,0001101302-26-000012,2025.0,FY,10-K,2026-02-11,AmortizationOfIntangibleAssets,0,USD,us-gaap,365,2026-02-12,CY2023,,,https://www.sec.gov/Archives/edgar/data/1101302/000110130226000012/
ENTG,2026-09-18,revenue,2025-02-12,changed from earliest filed value,2024-01-01,2024-12-31,3241200000.0,0001101302-26-000012,2025.0,FY,10-K,2026-02-11,RevenueFromContractWithCustomerExcludingAssessedTax,0,USD,us-gaap,366,2026-02-12,CY2024,,,https://www.sec.gov/Archives/edgar/data/1101302/000110130226000012/
ENTG,2026-09-18,operating_income,2025-02-12,changed from earliest filed value,2024-01-01,2024-12-31,533900000.0,0001101302-26-000012,2025.0,FY,10-K,2026-02-11,OperatingIncomeLoss,0,USD,us-gaap,366,2026-02-12,CY2024,,,https://www.sec.gov/Archives/edgar/data/1101302/000110130226000012/
ENTG,2026-09-18,net_income,2025-02-12,changed from earliest filed value,2024-01-01,2024-12-31,292800000.0,0001101302-26-000012,2025.0,FY,10-K,2026-02-11,NetIncomeLoss,0,USD,us-gaap,366,2026-02-12,CY2024,,,https://www.sec.gov/Archives/edgar/data/1101302/000110130226000012/
ENTG,2026-09-18,cfo,2025-02-12,changed from earliest filed value,2024-01-01,2024-12-31,631700000.0,0001101302-26-000012,2025.0,FY,10-K,2026-02-11,NetCashProvidedByUsedInOperatingActivities,0,USD,us-gaap,366,2026-02-12,CY2024,,,https://www.sec.gov/Archives/edgar/data/1101302/000110130226000012/
ENTG,2026-09-18,equipment_capex,2025-02-12,changed from earliest filed value,2024-01-01,2024-12-31,315600000.0,0001101302-26-000012,2025.0,FY,10-K,2026-02-11,PaymentsToAcquirePropertyPlantAndEquipment,1,USD,us-gaap,366,2026-02-12,CY2024,,,https://www.sec.gov/Archives/edgar/data/1101302/000110130226000012/
ENTG,2026-09-18,da,2025-02-12,changed from earliest filed value,2024-01-01,2024-12-31,188100000.0,0001101302-26-000012,2025.0,FY,10-K,2026-02-11,DepreciationDepletionAndAmortization,0,USD,us-gaap,366,2026-02-12,CY2024,,,https://www.sec.gov/Archives/edgar/data/1101302/000110130226000012/
ENTG,2026-09-18,DA_component,2025-02-12,changed from earliest filed value,2024-01-01,2024-12-31,188100000.0,0001101302-26-000012,2025.0,FY,10-K,2026-02-11,Depreciation,0,USD,us-gaap,366,2026-02-12,CY2024,,,https://www.sec.gov/Archives/edgar/data/1101302/000110130226000012/
ENTG,2026-09-18,DA_component,2025-02-12,changed from earliest filed value,2024-01-01,2024-12-31,190100000.0,0001101302-26-000012,2025.0,FY,10-K,2026-02-11,AmortizationOfIntangibleAssets,0,USD,us-gaap,366,2026-02-12,CY2024,,,https://www.sec.gov/Archives/edgar/data/1101302/000110130226000012/
ENTG,2026-09-18,revenue,2026-02-11,same value as earliest filing,2025-01-01,2025-12-31,3196600000.0,0001101302-26-000012,2025.0,FY,10-K,2026-02-11,RevenueFromContractWithCustomerExcludingAssessedTax,0,USD,us-gaap,365,2026-02-12,CY2025,,,https://www.sec.gov/Archives/edgar/data/1101302/000110130226000012/
ENTG,2026-09-18,operating_income,2026-02-11,same value as earliest filing,2025-01-01,2025-12-31,455900000.0,0001101302-26-000012,2025.0,FY,10-K,2026-02-11,OperatingIncomeLoss,0,USD,us-gaap,365,2026-02-12,CY2025,,,https://www.sec.gov/Archives/edgar/data/1101302/000110130226000012/
ENTG,2026-09-18,net_income,2026-02-11,same value as earliest filing,2025-01-01,2025-12-31,235600000.0,0001101302-26-000012,2025.0,FY,10-K,2026-02-11,NetIncomeLoss,0,USD,us-gaap,365,2026-02-12,CY2025,,,https://www.sec.gov/Archives/edgar/data/1101302/000110130226000012/
ENTG,2026-09-18,cfo,2026-02-11,same value as earliest filing,2025-01-01,2025-12-31,695400000.0,0001101302-26-000012,2025.0,FY,10-K,2026-02-11,NetCashProvidedByUsedInOperatingActivities,0,USD,us-gaap,365,2026-02-12,CY2025,,,https://www.sec.gov/Archives/edgar/data/1101302/000110130226000012/
ENTG,2026-09-18,equipment_capex,2026-02-11,same value as earliest filing,2025-01-01,2025-12-31,299200000.0,0001101302-26-000012,2025.0,FY,10-K,2026-02-11,PaymentsToAcquirePropertyPlantAndEquipment,1,USD,us-gaap,365,2026-02-12,CY2025,,,https://www.sec.gov/Archives/edgar/data/1101302/000110130226000012/
ENTG,2026-09-18,da,2026-02-11,same value as earliest filing,2025-01-01,2025-12-31,205300000.0,0001101302-26-000012,2025.0,FY,10-K,2026-02-11,DepreciationDepletionAndAmortization,0,USD,us-gaap,365,2026-02-12,CY2025,,,https://www.sec.gov/Archives/edgar/data/1101302/000110130226000012/
ENTG,2026-09-18,DA_component,2026-02-11,same value as earliest filing,2025-01-01,2025-12-31,205300000.0,0001101302-26-000012,2025.0,FY,10-K,2026-02-11,Depreciation,0,USD,us-gaap,365,2026-02-12,CY2025,,,https://www.sec.gov/Archives/edgar/data/1101302/000110130226000012/
ENTG,2026-09-18,DA_component,2026-02-11,same value as earliest filing,2025-01-01,2025-12-31,184400000.0,0001101302-26-000012,2025.0,FY,10-K,2026-02-11,AmortizationOfIntangibleAssets,0,USD,us-gaap,365,2026-02-12,CY2025,,,https://www.sec.gov/Archives/edgar/data/1101302/000110130226000012/
ENTG,2026-09-18,quarter_revenue,2020-04-21,same value as earliest filing,2020-01-01,2020-03-28,412327000.0,0001101302-22-000010,2021.0,FY,10-K,2022-02-04,RevenueFromContractWithCustomerExcludingAssessedTax,0,USD,us-gaap,88,2022-02-07,CY2020Q1,,,https://www.sec.gov/Archives/edgar/data/1101302/000110130222000010/
ENTG,2026-09-18,quarter_operating_income,2020-04-21,same value as earliest filing,2020-01-01,2020-03-28,80744000.0,0001101302-21-000039,2021.0,Q1,10-Q,2021-04-27,OperatingIncomeLoss,0,USD,us-gaap,88,2021-04-28,CY2020Q1,,,https://www.sec.gov/Archives/edgar/data/1101302/000110130221000039/
ENTG,2026-09-18,quarter_net_income,2020-04-21,same value as earliest filing,2020-01-01,2020-03-28,61006000.0,0001101302-22-000010,2021.0,FY,10-K,2022-02-04,NetIncomeLoss,0,USD,us-gaap,88,2022-02-07,CY2020Q1,,,https://www.sec.gov/Archives/edgar/data/1101302/000110130222000010/
ENTG,2026-09-18,quarter_eps,2020-04-21,same value as earliest filing,2020-01-01,2020-03-28,0.45,0001101302-22-000010,2021.0,FY,10-K,2022-02-04,EarningsPerShareDiluted,0,USD/shares,us-gaap,88,2022-02-07,CY2020Q1,,,https://www.sec.gov/Archives/edgar/data/1101302/000110130222000010/
ENTG,2026-09-18,quarter_revenue,2020-07-23,same value as earliest filing,2020-03-29,2020-06-27,448405000.0,0001101302-22-000010,2021.0,FY,10-K,2022-02-04,RevenueFromContractWithCustomerExcludingAssessedTax,0,USD,us-gaap,91,2022-02-07,CY2020Q2,,,https://www.sec.gov/Archives/edgar/data/1101302/000110130222000010/
ENTG,2026-09-18,quarter_operating_income,2020-07-23,same value as earliest filing,2020-03-29,2020-06-27,94712000.0,0001101302-21-000066,2021.0,Q2,10-Q,2021-07-27,OperatingIncomeLoss,0,USD,us-gaap,91,2021-07-28,CY2020Q2,,,https://www.sec.gov/Archives/edgar/data/1101302/000110130221000066/
ENTG,2026-09-18,quarter_net_income,2020-07-23,same value as earliest filing,2020-03-29,2020-06-27,68036000.0,0001101302-22-000010,2021.0,FY,10-K,2022-02-04,NetIncomeLoss,0,USD,us-gaap,91,2022-02-07,CY2020Q2,,,https://www.sec.gov/Archives/edgar/data/1101302/000110130222000010/
ENTG,2026-09-18,quarter_eps,2020-07-23,same value as earliest filing,2020-03-29,2020-06-27,0.5,0001101302-22-000010,2021.0,FY,10-K,2022-02-04,EarningsPerShareDiluted,0,USD/shares,us-gaap,91,2022-02-07,CY2020Q2,,,https://www.sec.gov/Archives/edgar/data/1101302/000110130222000010/
ENTG,2026-09-18,quarter_revenue,2020-10-22,same value as earliest filing,2020-06-28,2020-09-26,480987000.0,0001101302-22-000010,2021.0,FY,10-K,2022-02-04,RevenueFromContractWithCustomerExcludingAssessedTax,0,USD,us-gaap,91,2022-02-07,CY2020Q3,,,https://www.sec.gov/Archives/edgar/data/1101302/000110130222000010/
ENTG,2026-09-18,quarter_operating_income,2020-10-22,same value as earliest filing,2020-06-28,2020-09-26,106761000.0,0001101302-21-000078,2021.0,Q3,10-Q,2021-10-26,OperatingIncomeLoss,0,USD,us-gaap,91,2021-10-27,CY2020Q3,,,https://www.sec.gov/Archives/edgar/data/1101302/000110130221000078/
ENTG,2026-09-18,quarter_net_income,2020-10-22,same value as earliest filing,2020-06-28,2020-09-26,79303000.0,0001101302-22-000010,2021.0,FY,10-K,2022-02-04,NetIncomeLoss,0,USD,us-gaap,91,2022-02-07,CY2020Q3,,,https://www.sec.gov/Archives/edgar/data/1101302/000110130222000010/
ENTG,2026-09-18,quarter_eps,2020-10-22,same value as earliest filing,2020-06-28,2020-09-26,0.58,0001101302-22-000010,2021.0,FY,10-K,2022-02-04,EarningsPerShareDiluted,0,USD/shares,us-gaap,91,2022-02-07,CY2020Q3,,,https://www.sec.gov/Archives/edgar/data/1101302/000110130222000010/
ENTG,2026-09-18,quarter_revenue,2021-02-05,same value as earliest filing,2020-09-27,2020-12-31,517594000.0,0001101302-22-000010,2021.0,FY,10-K,2022-02-04,RevenueFromContractWithCustomerExcludingAssessedTax,0,USD,us-gaap,96,2022-02-07,CY2020Q4,,,https://www.sec.gov/Archives/edgar/data/1101302/000110130222000010/
ENTG,2026-09-18,quarter_net_income,2021-02-05,same value as earliest filing,2020-09-27,2020-12-31,86624000.0,0001101302-22-000010,2021.0,FY,10-K,2022-02-04,NetIncomeLoss,0,USD,us-gaap,96,2022-02-07,CY2020Q4,,,https://www.sec.gov/Archives/edgar/data/1101302/000110130222000010/
ENTG,2026-09-18,quarter_eps,2021-02-05,same value as earliest filing,2020-09-27,2020-12-31,0.63,0001101302-22-000010,2021.0,FY,10-K,2022-02-04,EarningsPerShareDiluted,0,USD/shares,us-gaap,96,2022-02-07,CY2020Q4,,,https://www.sec.gov/Archives/edgar/data/1101302/000110130222000010/
ENTG,2026-09-18,quarter_revenue,2021-04-27,same value as earliest filing,2021-01-01,2021-04-03,512844000.0,0001101302-23-000021,2022.0,FY,10-K,2023-02-23,RevenueFromContractWithCustomerExcludingAssessedTax,0,USD,us-gaap,93,2023-02-24,CY2021Q1,,,https://www.sec.gov/Archives/edgar/data/1101302/000110130223000021/
ENTG,2026-09-18,quarter_operating_income,2021-04-27,same value as earliest filing,2021-01-01,2021-04-03,113978000.0,0001101302-22-000024,2022.0,Q1,10-Q,2022-04-26,OperatingIncomeLoss,0,USD,us-gaap,93,2022-04-27,CY2021Q1,,,https://www.sec.gov/Archives/edgar/data/1101302/000110130222000024/
ENTG,2026-09-18,quarter_net_income,2021-04-27,same value as earliest filing,2021-01-01,2021-04-03,84676000.0,0001101302-23-000021,2022.0,FY,10-K,2023-02-23,NetIncomeLoss,0,USD,us-gaap,93,2023-02-24,CY2021Q1,,,https://www.sec.gov/Archives/edgar/data/1101302/000110130223000021/
ENTG,2026-09-18,quarter_eps,2021-04-27,same value as earliest filing,2021-01-01,2021-04-03,0.62,0001101302-23-000021,2022.0,FY,10-K,2023-02-23,EarningsPerShareDiluted,0,USD/shares,us-gaap,93,2023-02-24,CY2021Q1,,,https://www.sec.gov/Archives/edgar/data/1101302/000110130223000021/
ENTG,2026-09-18,quarter_revenue,2021-07-27,same value as earliest filing,2021-04-04,2021-07-03,571352000.0,0001101302-23-000021,2022.0,FY,10-K,2023-02-23,RevenueFromContractWithCustomerExcludingAssessedTax,0,USD,us-gaap,91,2023-02-24,CY2021Q2,,,https://www.sec.gov/Archives/edgar/data/1101302/000110130223000021/
ENTG,2026-09-18,quarter_operating_income,2021-07-27,same value as earliest filing,2021-04-04,2021-07-03,138889000.0,0001101302-22-000042,2022.0,Q2,10-Q,2022-08-02,OperatingIncomeLoss,0,USD,us-gaap,91,2022-08-03,CY2021Q2,,,https://www.sec.gov/Archives/edgar/data/1101302/000110130222000042/
ENTG,2026-09-18,quarter_net_income,2021-07-27,same value as earliest filing,2021-04-04,2021-07-03,88770000.0,0001101302-23-000021,2022.0,FY,10-K,2023-02-23,NetIncomeLoss,0,USD,us-gaap,91,2023-02-24,CY2021Q2,,,https://www.sec.gov/Archives/edgar/data/1101302/000110130223000021/
ENTG,2026-09-18,quarter_eps,2021-07-27,same value as earliest filing,2021-04-04,2021-07-03,0.65,0001101302-23-000021,2022.0,FY,10-K,2023-02-23,EarningsPerShareDiluted,0,USD/shares,us-gaap,91,2023-02-24,CY2021Q2,,,https://www.sec.gov/Archives/edgar/data/1101302/000110130223000021/
ENTG,2026-09-18,quarter_revenue,2021-10-26,same value as earliest filing,2021-07-04,2021-10-02,579493000.0,0001101302-23-000021,2022.0,FY,10-K,2023-02-23,RevenueFromContractWithCustomerExcludingAssessedTax,0,USD,us-gaap,91,2023-02-24,CY2021Q3,,,https://www.sec.gov/Archives/edgar/data/1101302/000110130223000021/
ENTG,2026-09-18,quarter_operating_income,2021-10-26,same value as earliest filing,2021-07-04,2021-10-02,139357000.0,0001101302-22-000050,2022.0,Q3,10-Q,2022-11-02,OperatingIncomeLoss,0,USD,us-gaap,91,2022-11-03,CY2021Q3,,,https://www.sec.gov/Archives/edgar/data/1101302/000110130222000050/
ENTG,2026-09-18,quarter_net_income,2021-10-26,same value as earliest filing,2021-07-04,2021-10-02,117461000.0,0001101302-23-000021,2022.0,FY,10-K,2023-02-23,NetIncomeLoss,0,USD,us-gaap,91,2023-02-24,CY2021Q3,,,https://www.sec.gov/Archives/edgar/data/1101302/000110130223000021/
ENTG,2026-09-18,quarter_eps,2021-10-26,same value as earliest filing,2021-07-04,2021-10-02,0.86,0001101302-23-000021,2022.0,FY,10-K,2023-02-23,EarningsPerShareDiluted,0,USD/shares,us-gaap,91,2023-02-24,CY2021Q3,,,https://www.sec.gov/Archives/edgar/data/1101302/000110130223000021/
ENTG,2026-09-18,quarter_revenue,2022-02-04,same value as earliest filing,2021-10-03,2021-12-31,635204000.0,0001101302-23-000021,2022.0,FY,10-K,2023-02-23,RevenueFromContractWithCustomerExcludingAssessedTax,0,USD,us-gaap,90,2023-02-24,CY2021Q4,,,https://www.sec.gov/Archives/edgar/data/1101302/000110130223000021/
ENTG,2026-09-18,quarter_net_income,2022-02-04,same value as earliest filing,2021-10-03,2021-12-31,118219000.0,0001101302-23-000021,2022.0,FY,10-K,2023-02-23,NetIncomeLoss,0,USD,us-gaap,90,2023-02-24,CY2021Q4,,,https://www.sec.gov/Archives/edgar/data/1101302/000110130223000021/
ENTG,2026-09-18,quarter_eps,2022-02-04,same value as earliest filing,2021-10-03,2021-12-31,0.87,0001101302-23-000021,2022.0,FY,10-K,2023-02-23,EarningsPerShareDiluted,0,USD/shares,us-gaap,90,2023-02-24,CY2021Q4,,,https://www.sec.gov/Archives/edgar/data/1101302/000110130223000021/
ENTG,2026-09-18,quarter_revenue,2022-04-26,same value as earliest filing,2022-01-01,2022-04-02,649646000.0,0001101302-24-000009,2023.0,FY,10-K,2024-02-15,RevenueFromContractWithCustomerExcludingAssessedTax,0,USD,us-gaap,92,2024-02-16,CY2022Q1,,,https://www.sec.gov/Archives/edgar/data/1101302/000110130224000009/
ENTG,2026-09-18,quarter_operating_income,2022-04-26,same value as earliest filing,2022-01-01,2022-04-02,163346000.0,0001101302-23-000069,2023.0,Q1,10-Q,2023-05-11,OperatingIncomeLoss,0,USD,us-gaap,92,2023-05-12,CY2022Q1,,,https://www.sec.gov/Archives/edgar/data/1101302/000110130223000069/
ENTG,2026-09-18,quarter_net_income,2022-04-26,same value as earliest filing,2022-01-01,2022-04-02,125705000.0,0001101302-24-000009,2023.0,FY,10-K,2024-02-15,NetIncomeLoss,0,USD,us-gaap,92,2024-02-16,CY2022Q1,,,https://www.sec.gov/Archives/edgar/data/1101302/000110130224000009/
ENTG,2026-09-18,quarter_eps,2022-04-26,same value as earliest filing,2022-01-01,2022-04-02,0.92,0001101302-24-000009,2023.0,FY,10-K,2024-02-15,EarningsPerShareDiluted,0,USD/shares,us-gaap,92,2024-02-16,CY2022Q1,,,https://www.sec.gov/Archives/edgar/data/1101302/000110130224000009/
ENTG,2026-09-18,quarter_revenue,2022-08-02,same value as earliest filing,2022-04-03,2022-07-02,692489000.0,0001101302-24-000009,2023.0,FY,10-K,2024-02-15,RevenueFromContractWithCustomerExcludingAssessedTax,0,USD,us-gaap,91,2024-02-16,CY2022Q2,,,https://www.sec.gov/Archives/edgar/data/1101302/000110130224000009/
ENTG,2026-09-18,quarter_operating_income,2022-08-02,same value as earliest filing,2022-04-03,2022-07-02,157970000.0,0001101302-23-000082,2023.0,Q2,10-Q,2023-08-03,OperatingIncomeLoss,0,USD,us-gaap,91,2023-08-04,CY2022Q2,,,https://www.sec.gov/Archives/edgar/data/1101302/000110130223000082/
ENTG,2026-09-18,quarter_net_income,2022-08-02,same value as earliest filing,2022-04-03,2022-07-02,99491000.0,0001101302-24-000009,2023.0,FY,10-K,2024-02-15,NetIncomeLoss,0,USD,us-gaap,91,2024-02-16,CY2022Q2,,,https://www.sec.gov/Archives/edgar/data/1101302/000110130224000009/
ENTG,2026-09-18,quarter_eps,2022-08-02,same value as earliest filing,2022-04-03,2022-07-02,0.73,0001101302-24-000009,2023.0,FY,10-K,2024-02-15,EarningsPerShareDiluted,0,USD/shares,us-gaap,91,2024-02-16,CY2022Q2,,,https://www.sec.gov/Archives/edgar/data/1101302/000110130224000009/
ENTG,2026-09-18,quarter_revenue,2022-11-02,same value as earliest filing,2022-07-03,2022-10-01,993828000.0,0001101302-24-000009,2023.0,FY,10-K,2024-02-15,RevenueFromContractWithCustomerExcludingAssessedTax,0,USD,us-gaap,91,2024-02-16,CY2022Q3,,,https://www.sec.gov/Archives/edgar/data/1101302/000110130224000009/
ENTG,2026-09-18,quarter_operating_income,2022-11-02,same value as earliest filing,2022-07-03,2022-10-01,14889000.0,0001101302-23-000089,2023.0,Q3,10-Q,2023-11-02,OperatingIncomeLoss,0,USD,us-gaap,91,2023-11-03,CY2022Q3,,,https://www.sec.gov/Archives/edgar/data/1101302/000110130223000089/
ENTG,2026-09-18,quarter_net_income,2022-11-02,same value as earliest filing,2022-07-03,2022-10-01,-73703000.0,0001101302-24-000009,2023.0,FY,10-K,2024-02-15,NetIncomeLoss,0,USD,us-gaap,91,2024-02-16,CY2022Q3,,,https://www.sec.gov/Archives/edgar/data/1101302/000110130224000009/
ENTG,2026-09-18,quarter_eps,2022-11-02,same value as earliest filing,2022-07-03,2022-10-01,-0.5,0001101302-24-000009,2023.0,FY,10-K,2024-02-15,EarningsPerShareDiluted,0,USD/shares,us-gaap,91,2024-02-16,CY2022Q3,,,https://www.sec.gov/Archives/edgar/data/1101302/000110130224000009/
ENTG,2026-09-18,quarter_revenue,2023-02-23,same value as earliest filing,2022-10-02,2022-12-31,946070000.0,0001101302-24-000009,2023.0,FY,10-K,2024-02-15,RevenueFromContractWithCustomerExcludingAssessedTax,0,USD,us-gaap,91,2024-02-16,CY2022Q4,,,https://www.sec.gov/Archives/edgar/data/1101302/000110130224000009/
ENTG,2026-09-18,quarter_net_income,2023-02-23,same value as earliest filing,2022-10-02,2022-12-31,57427000.0,0001101302-24-000009,2023.0,FY,10-K,2024-02-15,NetIncomeLoss,0,USD,us-gaap,91,2024-02-16,CY2022Q4,,,https://www.sec.gov/Archives/edgar/data/1101302/000110130224000009/
ENTG,2026-09-18,quarter_eps,2023-02-23,same value as earliest filing,2022-10-02,2022-12-31,0.38,0001101302-24-000009,2023.0,FY,10-K,2024-02-15,EarningsPerShareDiluted,0,USD/shares,us-gaap,91,2024-02-16,CY2022Q4,,,https://www.sec.gov/Archives/edgar/data/1101302/000110130224000009/
ENTG,2026-09-18,quarter_revenue,2023-05-11,same value as earliest filing,2023-01-01,2023-04-01,922396000.0,0001101302-24-000040,2024.0,Q1,10-Q,2024-05-01,RevenueFromContractWithCustomerExcludingAssessedTax,0,USD,us-gaap,91,2024-05-02,CY2023Q1,,,https://www.sec.gov/Archives/edgar/data/1101302/000110130224000040/
ENTG,2026-09-18,quarter_operating_income,2023-05-11,same value as earliest filing,2023-01-01,2023-04-01,13466000.0,0001101302-24-000040,2024.0,Q1,10-Q,2024-05-01,OperatingIncomeLoss,0,USD,us-gaap,91,2024-05-02,CY2023Q1,,,https://www.sec.gov/Archives/edgar/data/1101302/000110130224000040/
ENTG,2026-09-18,quarter_net_income,2023-05-11,same value as earliest filing,2023-01-01,2023-04-01,-88166000.0,0001101302-24-000074,2024.0,Q3,10-Q,2024-11-04,NetIncomeLoss,0,USD,us-gaap,91,2024-11-05,CY2023Q1,,,https://www.sec.gov/Archives/edgar/data/1101302/000110130224000074/
ENTG,2026-09-18,quarter_eps,2023-05-11,same value as earliest filing,2023-01-01,2023-04-01,-0.59,0001101302-24-000040,2024.0,Q1,10-Q,2024-05-01,EarningsPerShareDiluted,0,USD/shares,us-gaap,91,2024-05-02,CY2023Q1,,,https://www.sec.gov/Archives/edgar/data/1101302/000110130224000040/
ENTG,2026-09-18,quarter_revenue,2023-08-03,same value as earliest filing,2023-04-02,2023-07-01,901000000.0,0001101302-24-000053,2024.0,Q2,10-Q,2024-07-31,RevenueFromContractWithCustomerExcludingAssessedTax,0,USD,us-gaap,91,2024-08-01,CY2023Q2,,,https://www.sec.gov/Archives/edgar/data/1101302/000110130224000053/
ENTG,2026-09-18,quarter_operating_income,2023-08-03,same value as earliest filing,2023-04-02,2023-07-01,267614000.0,0001101302-24-000053,2024.0,Q2,10-Q,2024-07-31,OperatingIncomeLoss,0,USD,us-gaap,91,2024-08-01,CY2023Q2,,,https://www.sec.gov/Archives/edgar/data/1101302/000110130224000053/
ENTG,2026-09-18,quarter_net_income,2023-08-03,same value as earliest filing,2023-04-02,2023-07-01,197646000.0,0001101302-24-000074,2024.0,Q3,10-Q,2024-11-04,NetIncomeLoss,0,USD,us-gaap,91,2024-11-05,CY2023Q2,,,https://www.sec.gov/Archives/edgar/data/1101302/000110130224000074/
ENTG,2026-09-18,quarter_eps,2023-08-03,same value as earliest filing,2023-04-02,2023-07-01,1.31,0001101302-24-000053,2024.0,Q2,10-Q,2024-07-31,EarningsPerShareDiluted,0,USD/shares,us-gaap,91,2024-08-01,CY2023Q2,,,https://www.sec.gov/Archives/edgar/data/1101302/000110130224000053/
ENTG,2026-09-18,quarter_revenue,2023-11-02,same value as earliest filing,2023-07-02,2023-09-30,888239000.0,0001101302-24-000074,2024.0,Q3,10-Q,2024-11-04,RevenueFromContractWithCustomerExcludingAssessedTax,0,USD,us-gaap,91,2024-11-05,CY2023Q3,,,https://www.sec.gov/Archives/edgar/data/1101302/000110130224000074/
ENTG,2026-09-18,quarter_operating_income,2023-11-02,same value as earliest filing,2023-07-02,2023-09-30,117061000.0,0001101302-24-000074,2024.0,Q3,10-Q,2024-11-04,OperatingIncomeLoss,0,USD,us-gaap,91,2024-11-05,CY2023Q3,,,https://www.sec.gov/Archives/edgar/data/1101302/000110130224000074/
ENTG,2026-09-18,quarter_net_income,2023-11-02,same value as earliest filing,2023-07-02,2023-09-30,33212000.0,0001101302-24-000074,2024.0,Q3,10-Q,2024-11-04,NetIncomeLoss,0,USD,us-gaap,91,2024-11-05,CY2023Q3,,,https://www.sec.gov/Archives/edgar/data/1101302/000110130224000074/
ENTG,2026-09-18,quarter_eps,2023-11-02,same value as earliest filing,2023-07-02,2023-09-30,0.22,0001101302-24-000074,2024.0,Q3,10-Q,2024-11-04,EarningsPerShareDiluted,0,USD/shares,us-gaap,91,2024-11-05,CY2023Q3,,,https://www.sec.gov/Archives/edgar/data/1101302/000110130224000074/
ENTG,2026-09-18,quarter_revenue,2024-02-15,same value as earliest filing,2023-10-01,2023-12-31,812291000.0,0001101302-24-000009,2023.0,FY,10-K,2024-02-15,RevenueFromContractWithCustomerExcludingAssessedTax,0,USD,us-gaap,92,2024-02-16,CY2023Q4,,,https://www.sec.gov/Archives/edgar/data/1101302/000110130224000009/
ENTG,2026-09-18,quarter_net_income,2024-02-15,same value as earliest filing,2023-10-01,2023-12-31,37977000.0,0001101302-24-000009,2023.0,FY,10-K,2024-02-15,NetIncomeLoss,0,USD,us-gaap,92,2024-02-16,CY2023Q4,,,https://www.sec.gov/Archives/edgar/data/1101302/000110130224000009/
ENTG,2026-09-18,quarter_eps,2024-02-15,same value as earliest filing,2023-10-01,2023-12-31,0.25,0001101302-24-000009,2023.0,FY,10-K,2024-02-15,EarningsPerShareDiluted,0,USD/shares,us-gaap,92,2024-02-16,CY2023Q4,,,https://www.sec.gov/Archives/edgar/data/1101302/000110130224000009/
ENTG,2026-09-18,quarter_revenue,2024-05-01,changed from earliest filed value,2024-01-01,2024-03-30,771000000.0,0001101302-25-000060,2025.0,Q1,10-Q,2025-05-07,RevenueFromContractWithCustomerExcludingAssessedTax,0,USD,us-gaap,90,2025-05-08,CY2024Q1,,,https://www.sec.gov/Archives/edgar/data/1101302/000110130225000060/
ENTG,2026-09-18,quarter_operating_income,2024-05-01,changed from earliest filed value,2024-01-01,2024-03-30,117600000.0,0001101302-25-000060,2025.0,Q1,10-Q,2025-05-07,OperatingIncomeLoss,0,USD,us-gaap,90,2025-05-08,CY2024Q1,,,https://www.sec.gov/Archives/edgar/data/1101302/000110130225000060/
ENTG,2026-09-18,quarter_net_income,2024-05-01,changed from earliest filed value,2024-01-01,2024-03-30,45300000.0,0001101302-25-000103,2025.0,Q3,10-Q,2025-10-30,NetIncomeLoss,0,USD,us-gaap,90,2025-10-31,CY2024Q1,,,https://www.sec.gov/Archives/edgar/data/1101302/000110130225000103/
ENTG,2026-09-18,quarter_eps,2024-05-01,same value as earliest filing,2024-01-01,2024-03-30,0.3,0001101302-25-000060,2025.0,Q1,10-Q,2025-05-07,EarningsPerShareDiluted,0,USD/shares,us-gaap,90,2025-05-08,CY2024Q1,,,https://www.sec.gov/Archives/edgar/data/1101302/000110130225000060/
ENTG,2026-09-18,quarter_revenue,2024-07-31,changed from earliest filed value,2024-03-31,2024-06-29,812700000.0,0001101302-25-000079,2025.0,Q2,10-Q,2025-07-30,RevenueFromContractWithCustomerExcludingAssessedTax,0,USD,us-gaap,91,2025-07-31,CY2024Q2,,,https://www.sec.gov/Archives/edgar/data/1101302/000110130225000079/
ENTG,2026-09-18,quarter_operating_income,2024-07-31,changed from earliest filed value,2024-03-31,2024-06-29,130100000.0,0001101302-25-000079,2025.0,Q2,10-Q,2025-07-30,OperatingIncomeLoss,0,USD,us-gaap,91,2025-07-31,CY2024Q2,,,https://www.sec.gov/Archives/edgar/data/1101302/000110130225000079/
ENTG,2026-09-18,quarter_net_income,2024-07-31,changed from earliest filed value,2024-03-31,2024-06-29,67700000.0,0001101302-25-000103,2025.0,Q3,10-Q,2025-10-30,NetIncomeLoss,0,USD,us-gaap,91,2025-10-31,CY2024Q2,,,https://www.sec.gov/Archives/edgar/data/1101302/000110130225000103/
ENTG,2026-09-18,quarter_eps,2024-07-31,same value as earliest filing,2024-03-31,2024-06-29,0.45,0001101302-25-000079,2025.0,Q2,10-Q,2025-07-30,EarningsPerShareDiluted,0,USD/shares,us-gaap,91,2025-07-31,CY2024Q2,,,https://www.sec.gov/Archives/edgar/data/1101302/000110130225000079/
ENTG,2026-09-18,quarter_revenue,2024-11-04,changed from earliest filed value,2024-06-30,2024-09-28,807700000.0,0001101302-25-000103,2025.0,Q3,10-Q,2025-10-30,RevenueFromContractWithCustomerExcludingAssessedTax,0,USD,us-gaap,91,2025-10-31,CY2024Q3,,,https://www.sec.gov/Archives/edgar/data/1101302/000110130225000103/
ENTG,2026-09-18,quarter_operating_income,2024-11-04,changed from earliest filed value,2024-06-30,2024-09-28,136200000.0,0001101302-25-000103,2025.0,Q3,10-Q,2025-10-30,OperatingIncomeLoss,0,USD,us-gaap,91,2025-10-31,CY2024Q3,,,https://www.sec.gov/Archives/edgar/data/1101302/000110130225000103/
ENTG,2026-09-18,quarter_net_income,2024-11-04,changed from earliest filed value,2024-06-30,2024-09-28,77500000.0,0001101302-25-000103,2025.0,Q3,10-Q,2025-10-30,NetIncomeLoss,0,USD,us-gaap,91,2025-10-31,CY2024Q3,,,https://www.sec.gov/Archives/edgar/data/1101302/000110130225000103/
ENTG,2026-09-18,quarter_eps,2024-11-04,same value as earliest filing,2024-06-30,2024-09-28,0.51,0001101302-25-000103,2025.0,Q3,10-Q,2025-10-30,EarningsPerShareDiluted,0,USD/shares,us-gaap,91,2025-10-31,CY2024Q3,,,https://www.sec.gov/Archives/edgar/data/1101302/000110130225000103/
ENTG,2026-09-18,quarter_revenue,2025-05-07,same value as earliest filing,2025-01-01,2025-03-29,773200000.0,0001101302-26-000102,2026.0,Q1,10-Q,2026-04-30,RevenueFromContractWithCustomerExcludingAssessedTax,0,USD,us-gaap,88,2026-05-01,CY2025Q1,,,https://www.sec.gov/Archives/edgar/data/1101302/000110130226000102/
ENTG,2026-09-18,quarter_operating_income,2025-05-07,same value as earliest filing,2025-01-01,2025-03-29,122300000.0,0001101302-26-000102,2026.0,Q1,10-Q,2026-04-30,OperatingIncomeLoss,0,USD,us-gaap,88,2026-05-01,CY2025Q1,,,https://www.sec.gov/Archives/edgar/data/1101302/000110130226000102/
ENTG,2026-09-18,quarter_net_income,2025-05-07,same value as earliest filing,2025-01-01,2025-03-29,62900000.0,0001101302-26-000150,2026.0,Q2,10-Q,2026-08-04,NetIncomeLoss,0,USD,us-gaap,88,2026-08-05,CY2025Q1,,,https://www.sec.gov/Archives/edgar/data/1101302/000110130226000150/
ENTG,2026-09-18,quarter_eps,2025-05-07,same value as earliest filing,2025-01-01,2025-03-29,0.41,0001101302-26-000102,2026.0,Q1,10-Q,2026-04-30,EarningsPerShareDiluted,0,USD/shares,us-gaap,88,2026-05-01,CY2025Q1,,,https://www.sec.gov/Archives/edgar/data/1101302/000110130226000102/
ENTG,2026-09-18,quarter_revenue,2025-07-30,same value as earliest filing,2025-03-30,2025-06-28,792400000.0,0001101302-26-000150,2026.0,Q2,10-Q,2026-08-04,RevenueFromContractWithCustomerExcludingAssessedTax,0,USD,us-gaap,91,2026-08-05,CY2025Q2,,,https://www.sec.gov/Archives/edgar/data/1101302/000110130226000150/
ENTG,2026-09-18,quarter_operating_income,2025-07-30,same value as earliest filing,2025-03-30,2025-06-28,106100000.0,0001101302-26-000150,2026.0,Q2,10-Q,2026-08-04,OperatingIncomeLoss,0,USD,us-gaap,91,2026-08-05,CY2025Q2,,,https://www.sec.gov/Archives/edgar/data/1101302/000110130226000150/
ENTG,2026-09-18,quarter_net_income,2025-07-30,same value as earliest filing,2025-03-30,2025-06-28,52800000.0,0001101302-26-000150,2026.0,Q2,10-Q,2026-08-04,NetIncomeLoss,0,USD,us-gaap,91,2026-08-05,CY2025Q2,,,https://www.sec.gov/Archives/edgar/data/1101302/000110130226000150/
ENTG,2026-09-18,quarter_eps,2025-07-30,same value as earliest filing,2025-03-30,2025-06-28,0.35,0001101302-26-000150,2026.0,Q2,10-Q,2026-08-04,EarningsPerShareDiluted,0,USD/shares,us-gaap,91,2026-08-05,CY2025Q2,,,https://www.sec.gov/Archives/edgar/data/1101302/000110130226000150/
ENTG,2026-09-18,quarter_revenue,2025-10-30,same value as earliest filing,2025-06-29,2025-09-27,807100000.0,0001101302-25-000103,2025.0,Q3,10-Q,2025-10-30,RevenueFromContractWithCustomerExcludingAssessedTax,0,USD,us-gaap,91,2025-10-31,CY2025Q3,,,https://www.sec.gov/Archives/edgar/data/1101302/000110130225000103/
ENTG,2026-09-18,quarter_operating_income,2025-10-30,same value as earliest filing,2025-06-29,2025-09-27,122600000.0,0001101302-25-000103,2025.0,Q3,10-Q,2025-10-30,OperatingIncomeLoss,0,USD,us-gaap,91,2025-10-31,CY2025Q3,,,https://www.sec.gov/Archives/edgar/data/1101302/000110130225000103/
ENTG,2026-09-18,quarter_net_income,2025-10-30,same value as earliest filing,2025-06-29,2025-09-27,70500000.0,0001101302-25-000103,2025.0,Q3,10-Q,2025-10-30,NetIncomeLoss,0,USD,us-gaap,91,2025-10-31,CY2025Q3,,,https://www.sec.gov/Archives/edgar/data/1101302/000110130225000103/
ENTG,2026-09-18,quarter_eps,2025-10-30,same value as earliest filing,2025-06-29,2025-09-27,0.46,0001101302-25-000103,2025.0,Q3,10-Q,2025-10-30,EarningsPerShareDiluted,0,USD/shares,us-gaap,91,2025-10-31,CY2025Q3,,,https://www.sec.gov/Archives/edgar/data/1101302/000110130225000103/
ENTG,2026-09-18,quarter_revenue,2026-04-30,same value as earliest filing,2026-01-01,2026-03-28,811900000.0,0001101302-26-000102,2026.0,Q1,10-Q,2026-04-30,RevenueFromContractWithCustomerExcludingAssessedTax,0,USD,us-gaap,87,2026-05-01,CY2026Q1,,,https://www.sec.gov/Archives/edgar/data/1101302/000110130226000102/
ENTG,2026-09-18,quarter_operating_income,2026-04-30,same value as earliest filing,2026-01-01,2026-03-28,141600000.0,0001101302-26-000102,2026.0,Q1,10-Q,2026-04-30,OperatingIncomeLoss,0,USD,us-gaap,87,2026-05-01,CY2026Q1,,,https://www.sec.gov/Archives/edgar/data/1101302/000110130226000102/
ENTG,2026-09-18,quarter_net_income,2026-04-30,same value as earliest filing,2026-01-01,2026-03-28,92000000.0,0001101302-26-000150,2026.0,Q2,10-Q,2026-08-04,NetIncomeLoss,0,USD,us-gaap,87,2026-08-05,CY2026Q1,,,https://www.sec.gov/Archives/edgar/data/1101302/000110130226000150/
ENTG,2026-09-18,quarter_eps,2026-04-30,same value as earliest filing,2026-01-01,2026-03-28,0.6,0001101302-26-000102,2026.0,Q1,10-Q,2026-04-30,EarningsPerShareDiluted,0,USD/shares,us-gaap,87,2026-05-01,CY2026Q1,,,https://www.sec.gov/Archives/edgar/data/1101302/000110130226000102/
ENTG,2026-09-18,quarter_revenue,2026-08-04,same value as earliest filing,2026-03-29,2026-06-27,883200000.0,0001101302-26-000150,2026.0,Q2,10-Q,2026-08-04,RevenueFromContractWithCustomerExcludingAssessedTax,0,USD,us-gaap,91,2026-08-05,CY2026Q2,,,https://www.sec.gov/Archives/edgar/data/1101302/000110130226000150/
ENTG,2026-09-18,quarter_operating_income,2026-08-04,same value as earliest filing,2026-03-29,2026-06-27,164600000.0,0001101302-26-000150,2026.0,Q2,10-Q,2026-08-04,OperatingIncomeLoss,0,USD,us-gaap,91,2026-08-05,CY2026Q2,,,https://www.sec.gov/Archives/edgar/data/1101302/000110130226000150/
ENTG,2026-09-18,quarter_net_income,2026-08-04,same value as earliest filing,2026-03-29,2026-06-27,93600000.0,0001101302-26-000150,2026.0,Q2,10-Q,2026-08-04,NetIncomeLoss,0,USD,us-gaap,91,2026-08-05,CY2026Q2,,,https://www.sec.gov/Archives/edgar/data/1101302/000110130226000150/
ENTG,2026-09-18,quarter_eps,2026-08-04,same value as earliest filing,2026-03-29,2026-06-27,0.61,0001101302-26-000150,2026.0,Q2,10-Q,2026-08-04,EarningsPerShareDiluted,0,USD/shares,us-gaap,91,2026-08-05,CY2026Q2,,,https://www.sec.gov/Archives/edgar/data/1101302/000110130226000150/
CRS,2015-12-31,revenue,2015-08-25,same value as earliest filing,2014-07-01,2015-06-30,2226700000.0,0000017843-15-000026,2015.0,FY,10-K,2015-08-25,SalesRevenueNet,1,USD,us-gaap,365,2015-08-26,,,,https://www.sec.gov/Archives/edgar/data/17843/000001784315000026/
CRS,2015-12-31,revenue,2015-10-30,same value as earliest filing,2015-07-01,2015-09-30,455600000.0,0000017843-15-000038,2016.0,Q1,10-Q,2015-10-30,SalesRevenueNet,1,USD,us-gaap,92,2015-11-02,,,,https://www.sec.gov/Archives/edgar/data/17843/000001784315000038/
CRS,2015-12-31,revenue,2015-10-30,same value as earliest filing,2015-07-01,2015-09-30,455600000.0,0000017843-15-000038,2016.0,Q1,10-Q,2015-10-30,SalesRevenueNet,1,USD,us-gaap,92,2015-11-02,,,,https://www.sec.gov/Archives/edgar/data/17843/000001784315000038/
CRS,2015-12-31,revenue,2014-10-31,same value as earliest filing,2014-07-01,2014-09-30,549800000.0,0000017843-15-000038,2016.0,Q1,10-Q,2015-10-30,SalesRevenueNet,1,USD,us-gaap,92,2015-11-02,,,,https://www.sec.gov/Archives/edgar/data/17843/000001784315000038/
CRS,2015-12-31,operating_income,2015-08-25,same value as earliest filing,2014-07-01,2015-06-30,111500000.0,0000017843-15-000026,2015.0,FY,10-K,2015-08-25,OperatingIncomeLoss,0,USD,us-gaap,365,2015-08-26,,,,https://www.sec.gov/Archives/edgar/data/17843/000001784315000026/
CRS,2015-12-31,operating_income,2015-10-30,same value as earliest filing,2015-07-01,2015-09-30,24800000.0,0000017843-15-000038,2016.0,Q1,10-Q,2015-10-30,OperatingIncomeLoss,0,USD,us-gaap,92,2015-11-02,,,,https://www.sec.gov/Archives/edgar/data/17843/000001784315000038/
CRS,2015-12-31,operating_income,2015-10-30,same value as earliest filing,2015-07-01,2015-09-30,24800000.0,0000017843-15-000038,2016.0,Q1,10-Q,2015-10-30,OperatingIncomeLoss,0,USD,us-gaap,92,2015-11-02,,,,https://www.sec.gov/Archives/edgar/data/17843/000001784315000038/
CRS,2015-12-31,operating_income,2014-10-31,same value as earliest filing,2014-07-01,2014-09-30,22100000.0,0000017843-15-000038,2016.0,Q1,10-Q,2015-10-30,OperatingIncomeLoss,0,USD,us-gaap,92,2015-11-02,,,,https://www.sec.gov/Archives/edgar/data/17843/000001784315000038/
CRS,2015-12-31,net_income,2015-08-25,same value as earliest filing,2014-07-01,2015-06-30,58700000.0,0000017843-15-000026,2015.0,FY,10-K,2015-08-25,NetIncomeLoss,0,USD,us-gaap,365,2015-08-26,,,,https://www.sec.gov/Archives/edgar/data/17843/000001784315000026/
CRS,2015-12-31,net_income,2014-10-31,same value as earliest filing,2014-07-01,2014-09-30,13500000.0,0001104659-14-075550,2015.0,Q1,10-Q,2014-10-31,NetIncomeLoss,0,USD,us-gaap,92,2014-11-03,CY2014Q3,,,https://www.sec.gov/Archives/edgar/data/17843/000110465914075550/
CRS,2015-12-31,cfo,2011-08-24,same value as earliest filing,2010-07-01,2011-06-30,64200000.0,0001193125-11-231043,2011.0,FY,10-K,2011-08-24,NetCashProvidedByUsedInOperatingActivities,0,USD,us-gaap,365,2011-08-25,CY2011,,,https://www.sec.gov/Archives/edgar/data/17843/000119312511231043/
CRS,2015-12-31,cfo,2012-05-04,same value as earliest filing,2011-07-01,2012-03-31,47900000.0,0001193125-12-212349,2012.0,Q3,10-Q,2012-05-04,NetCashProvidedByUsedInOperatingActivities,0,USD,us-gaap,275,2012-05-07,,,,https://www.sec.gov/Archives/edgar/data/17843/000119312512212349/
CRS,2015-12-31,cfo,2012-05-04,same value as earliest filing,2011-07-01,2012-03-31,47900000.0,0001193125-12-212349,2012.0,Q3,10-Q,2012-05-04,NetCashProvidedByUsedInOperatingActivities,0,USD,us-gaap,275,2012-05-07,,,,https://www.sec.gov/Archives/edgar/data/17843/000119312512212349/
CRS,2015-12-31,cfo,2011-05-06,same value as earliest filing,2010-07-01,2011-03-31,-53000000.0,0001193125-12-212349,2012.0,Q3,10-Q,2012-05-04,NetCashProvidedByUsedInOperatingActivities,0,USD,us-gaap,274,2012-05-07,,,,https://www.sec.gov/Archives/edgar/data/17843/000119312512212349/
CRS,2015-12-31,equipment_capex,2015-08-25,same value as earliest filing,2014-07-01,2015-06-30,170500000.0,0000017843-15-000026,2015.0,FY,10-K,2015-08-25,PaymentsToAcquireProductiveAssets,2,USD,us-gaap,365,2015-08-26,,,,https://www.sec.gov/Archives/edgar/data/17843/000001784315000026/
CRS,2015-12-31,equipment_capex,2015-10-30,same value as earliest filing,2015-07-01,2015-09-30,29900000.0,0000017843-15-000038,2016.0,Q1,10-Q,2015-10-30,PaymentsToAcquireProductiveAssets,2,USD,us-gaap,92,2015-11-02,,,,https://www.sec.gov/Archives/edgar/data/17843/000001784315000038/
CRS,2015-12-31,equipment_capex,2015-10-30,same value as earliest filing,2015-07-01,2015-09-30,29900000.0,0000017843-15-000038,2016.0,Q1,10-Q,2015-10-30,PaymentsToAcquireProductiveAssets,2,USD,us-gaap,92,2015-11-02,,,,https://www.sec.gov/Archives/edgar/data/17843/000001784315000038/
CRS,2015-12-31,equipment_capex,2014-10-31,same value as earliest filing,2014-07-01,2014-09-30,59000000.0,0000017843-15-000038,2016.0,Q1,10-Q,2015-10-30,PaymentsToAcquireProductiveAssets,2,USD,us-gaap,92,2015-11-02,CY2014Q3,,,https://www.sec.gov/Archives/edgar/data/17843/000001784315000038/
CRS,2015-12-31,da,2015-08-25,same value as earliest filing,2014-07-01,2015-06-30,122300000.0,0000017843-15-000026,2015.0,FY,10-K,2015-08-25,DepreciationDepletionAndAmortization,0,USD,us-gaap,365,2015-08-26,,,,https://www.sec.gov/Archives/edgar/data/17843/000001784315000026/
CRS,2015-12-31,da,2015-10-30,same value as earliest filing,2015-07-01,2015-09-30,29900000.0,0000017843-15-000038,2016.0,Q1,10-Q,2015-10-30,DepreciationDepletionAndAmortization,0,USD,us-gaap,92,2015-11-02,,,,https://www.sec.gov/Archives/edgar/data/17843/000001784315000038/
CRS,2015-12-31,da,2015-10-30,same value as earliest filing,2015-07-01,2015-09-30,29900000.0,0000017843-15-000038,2016.0,Q1,10-Q,2015-10-30,DepreciationDepletionAndAmortization,0,USD,us-gaap,92,2015-11-02,,,,https://www.sec.gov/Archives/edgar/data/17843/000001784315000038/
CRS,2015-12-31,da,2014-10-31,same value as earliest filing,2014-07-01,2014-09-30,30300000.0,0000017843-15-000038,2016.0,Q1,10-Q,2015-10-30,DepreciationDepletionAndAmortization,0,USD,us-gaap,92,2015-11-02,CY2014Q3,,,https://www.sec.gov/Archives/edgar/data/17843/000001784315000038/
CRS,2015-12-31,rolling_disclosed_diluted_eps,2015-08-25,same value as earliest filing,2014-07-01,2015-06-30,1.11,0000017843-15-000026,2015.0,FY,10-K,2015-08-25,EarningsPerShareDiluted,0,USD/shares,us-gaap,365,2015-08-26,,,,https://www.sec.gov/Archives/edgar/data/17843/000001784315000026/
CRS,2015-12-31,rolling_disclosed_diluted_eps,2015-10-30,same value as earliest filing,2015-07-01,2015-09-30,0.18,0000017843-15-000038,2016.0,Q1,10-Q,2015-10-30,EarningsPerShareDiluted,0,USD/shares,us-gaap,92,2015-11-02,,,,https://www.sec.gov/Archives/edgar/data/17843/000001784315000038/
CRS,2015-12-31,rolling_disclosed_diluted_eps,2015-10-30,same value as earliest filing,2015-07-01,2015-09-30,0.18,0000017843-15-000038,2016.0,Q1,10-Q,2015-10-30,EarningsPerShareDiluted,0,USD/shares,us-gaap,92,2015-11-02,,,,https://www.sec.gov/Archives/edgar/data/17843/000001784315000038/
CRS,2015-12-31,rolling_disclosed_diluted_eps,2014-10-31,same value as earliest filing,2014-07-01,2014-09-30,0.25,0000017843-15-000038,2016.0,Q1,10-Q,2015-10-30,EarningsPerShareDiluted,0,USD/shares,us-gaap,92,2015-11-02,,,,https://www.sec.gov/Archives/edgar/data/17843/000001784315000038/
CRS,2015-12-31,actual_shares,2015-10-30,same value as earliest filing,,2015-10-21,49121273.0,0000017843-15-000038,2016.0,Q1,10-Q,2015-10-30,EntityCommonStockSharesOutstanding,0,shares,dei,0,2015-11-02,CY2015Q3I,,,https://www.sec.gov/Archives/edgar/data/17843/000001784315000038/
CRS,2015-12-31,cash,2015-10-30,same value as earliest filing,,2015-09-30,30600000.0,0000017843-15-000038,2016.0,Q1,10-Q,2015-10-30,CashAndCashEquivalentsAtCarryingValue,0,USD,us-gaap,0,2015-11-02,,,,https://www.sec.gov/Archives/edgar/data/17843/000001784315000038/
CRS,2015-12-31,assets,2015-10-30,same value as earliest filing,,2015-09-30,2871100000.0,0000017843-15-000038,2016.0,Q1,10-Q,2015-10-30,Assets,0,USD,us-gaap,0,2015-11-02,CY2015Q3I,,,https://www.sec.gov/Archives/edgar/data/17843/000001784315000038/
CRS,2015-12-31,equity,2015-10-30,same value as earliest filing,,2015-09-30,1277200000.0,0000017843-15-000038,2016.0,Q1,10-Q,2015-10-30,StockholdersEquity,0,USD,us-gaap,0,2015-11-02,CY2015Q3I,,,https://www.sec.gov/Archives/edgar/data/17843/000001784315000038/
CRS,2015-12-31,debt_noncurrent,2015-10-30,same value as earliest filing,,2015-09-30,611000000.0,0000017843-15-000038,2016.0,Q1,10-Q,2015-10-30,LongTermDebtNoncurrent,0,USD,us-gaap,0,2015-11-02,CY2015Q3I,,,https://www.sec.gov/Archives/edgar/data/17843/000001784315000038/
CRS,2015-12-31,debt_current,2015-10-30,same value as earliest filing,,2015-09-30,0.0,0000017843-15-000038,2016.0,Q1,10-Q,2015-10-30,LongTermDebtMaturitiesRepaymentsOfPrincipalInNextTwelveMonths,2,USD,us-gaap,0,2015-11-02,CY2015Q3I,,,https://www.sec.gov/Archives/edgar/data/17843/000001784315000038/
CRS,2020-12-31,revenue,2020-09-04,same value as earliest filing,2019-07-01,2020-06-30,2181100000.0,0000017843-20-000071,2020.0,FY,10-K,2020-09-04,RevenueFromContractWithCustomerExcludingAssessedTax,0,USD,us-gaap,366,2020-09-08,,,,https://www.sec.gov/Archives/edgar/data/17843/000001784320000071/
CRS,2020-12-31,revenue,2020-10-22,same value as earliest filing,2020-07-01,2020-09-30,353300000.0,0000017843-20-000088,2021.0,Q1,10-Q,2020-10-22,RevenueFromContractWithCustomerExcludingAssessedTax,0,USD,us-gaap,92,2020-10-23,,,,https://www.sec.gov/Archives/edgar/data/17843/000001784320000088/
CRS,2020-12-31,revenue,2020-10-22,same value as earliest filing,2020-07-01,2020-09-30,353300000.0,0000017843-20-000088,2021.0,Q1,10-Q,2020-10-22,RevenueFromContractWithCustomerExcludingAssessedTax,0,USD,us-gaap,92,2020-10-23,,,,https://www.sec.gov/Archives/edgar/data/17843/000001784320000088/
CRS,2020-12-31,revenue,2019-10-24,same value as earliest filing,2019-07-01,2019-09-30,585400000.0,0000017843-20-000088,2021.0,Q1,10-Q,2020-10-22,RevenueFromContractWithCustomerExcludingAssessedTax,0,USD,us-gaap,92,2020-10-23,CY2019Q3,,,https://www.sec.gov/Archives/edgar/data/17843/000001784320000088/
CRS,2020-12-31,operating_income,2020-09-04,same value as earliest filing,2019-07-01,2020-06-30,25300000.0,0000017843-20-000071,2020.0,FY,10-K,2020-09-04,OperatingIncomeLoss,0,USD,us-gaap,366,2020-09-08,,,,https://www.sec.gov/Archives/edgar/data/17843/000001784320000071/
CRS,2020-12-31,operating_income,2020-10-22,same value as earliest filing,2020-07-01,2020-09-30,-48800000.0,0000017843-20-000088,2021.0,Q1,10-Q,2020-10-22,OperatingIncomeLoss,0,USD,us-gaap,92,2020-10-23,,,,https://www.sec.gov/Archives/edgar/data/17843/000001784320000088/
CRS,2020-12-31,operating_income,2020-10-22,same value as earliest filing,2020-07-01,2020-09-30,-48800000.0,0000017843-20-000088,2021.0,Q1,10-Q,2020-10-22,OperatingIncomeLoss,0,USD,us-gaap,92,2020-10-23,,,,https://www.sec.gov/Archives/edgar/data/17843/000001784320000088/
CRS,2020-12-31,operating_income,2019-10-24,same value as earliest filing,2019-07-01,2019-09-30,59800000.0,0000017843-20-000088,2021.0,Q1,10-Q,2020-10-22,OperatingIncomeLoss,0,USD,us-gaap,92,2020-10-23,CY2019Q3,,,https://www.sec.gov/Archives/edgar/data/17843/000001784320000088/
CRS,2020-12-31,net_income,2020-09-04,same value as earliest filing,2019-07-01,2020-06-30,1500000.0,0000017843-20-000071,2020.0,FY,10-K,2020-09-04,NetIncomeLoss,0,USD,us-gaap,366,2020-09-08,,,,https://www.sec.gov/Archives/edgar/data/17843/000001784320000071/
CRS,2020-12-31,net_income,2020-10-22,same value as earliest filing,2020-07-01,2020-09-30,-47100000.0,0000017843-20-000088,2021.0,Q1,10-Q,2020-10-22,NetIncomeLoss,0,USD,us-gaap,92,2020-10-23,,,,https://www.sec.gov/Archives/edgar/data/17843/000001784320000088/
CRS,2020-12-31,net_income,2020-10-22,same value as earliest filing,2020-07-01,2020-09-30,-47100000.0,0000017843-20-000088,2021.0,Q1,10-Q,2020-10-22,NetIncomeLoss,0,USD,us-gaap,92,2020-10-23,,,,https://www.sec.gov/Archives/edgar/data/17843/000001784320000088/
CRS,2020-12-31,net_income,2020-09-04,same value as earliest filing,2019-07-01,2019-09-30,41200000.0,0000017843-20-000088,2021.0,Q1,10-Q,2020-10-22,NetIncomeLoss,0,USD,us-gaap,92,2020-10-23,CY2019Q3,,,https://www.sec.gov/Archives/edgar/data/17843/000001784320000088/
CRS,2020-12-31,cfo,2020-09-04,same value as earliest filing,2019-07-01,2020-06-30,231800000.0,0000017843-20-000071,2020.0,FY,10-K,2020-09-04,NetCashProvidedByUsedInOperatingActivities,0,USD,us-gaap,366,2020-09-08,,,,https://www.sec.gov/Archives/edgar/data/17843/000001784320000071/
CRS,2020-12-31,cfo,2020-10-22,same value as earliest filing,2020-07-01,2020-09-30,88000000.0,0000017843-20-000088,2021.0,Q1,10-Q,2020-10-22,NetCashProvidedByUsedInOperatingActivities,0,USD,us-gaap,92,2020-10-23,,,,https://www.sec.gov/Archives/edgar/data/17843/000001784320000088/
CRS,2020-12-31,cfo,2020-10-22,same value as earliest filing,2020-07-01,2020-09-30,88000000.0,0000017843-20-000088,2021.0,Q1,10-Q,2020-10-22,NetCashProvidedByUsedInOperatingActivities,0,USD,us-gaap,92,2020-10-23,,,,https://www.sec.gov/Archives/edgar/data/17843/000001784320000088/
CRS,2020-12-31,cfo,2019-10-24,same value as earliest filing,2019-07-01,2019-09-30,700000.0,0000017843-20-000088,2021.0,Q1,10-Q,2020-10-22,NetCashProvidedByUsedInOperatingActivities,0,USD,us-gaap,92,2020-10-23,CY2019Q3,,,https://www.sec.gov/Archives/edgar/data/17843/000001784320000088/
CRS,2020-12-31,equipment_capex,2020-09-04,same value as earliest filing,2019-07-01,2020-06-30,171400000.0,0000017843-20-000071,2020.0,FY,10-K,2020-09-04,PaymentsToAcquireProductiveAssets,2,USD,us-gaap,366,2020-09-08,,,,https://www.sec.gov/Archives/edgar/data/17843/000001784320000071/
CRS,2020-12-31,equipment_capex,2020-10-22,same value as earliest filing,2020-07-01,2020-09-30,33300000.0,0000017843-20-000088,2021.0,Q1,10-Q,2020-10-22,PaymentsToAcquireProductiveAssets,2,USD,us-gaap,92,2020-10-23,,,,https://www.sec.gov/Archives/edgar/data/17843/000001784320000088/
CRS,2020-12-31,equipment_capex,2020-10-22,same value as earliest filing,2020-07-01,2020-09-30,33300000.0,0000017843-20-000088,2021.0,Q1,10-Q,2020-10-22,PaymentsToAcquireProductiveAssets,2,USD,us-gaap,92,2020-10-23,,,,https://www.sec.gov/Archives/edgar/data/17843/000001784320000088/
CRS,2020-12-31,equipment_capex,2019-10-24,same value as earliest filing,2019-07-01,2019-09-30,47500000.0,0000017843-20-000088,2021.0,Q1,10-Q,2020-10-22,PaymentsToAcquireProductiveAssets,2,USD,us-gaap,92,2020-10-23,CY2019Q3,,,https://www.sec.gov/Archives/edgar/data/17843/000001784320000088/
CRS,2020-12-31,da,2020-09-04,same value as earliest filing,2019-07-01,2020-06-30,123900000.0,0000017843-20-000071,2020.0,FY,10-K,2020-09-04,DepreciationDepletionAndAmortization,0,USD,us-gaap,366,2020-09-08,,,,https://www.sec.gov/Archives/edgar/data/17843/000001784320000071/
CRS,2020-12-31,da,2020-10-22,same value as earliest filing,2020-07-01,2020-09-30,30900000.0,0000017843-20-000088,2021.0,Q1,10-Q,2020-10-22,DepreciationDepletionAndAmortization,0,USD,us-gaap,92,2020-10-23,,,,https://www.sec.gov/Archives/edgar/data/17843/000001784320000088/
CRS,2020-12-31,da,2020-10-22,same value as earliest filing,2020-07-01,2020-09-30,30900000.0,0000017843-20-000088,2021.0,Q1,10-Q,2020-10-22,DepreciationDepletionAndAmortization,0,USD,us-gaap,92,2020-10-23,,,,https://www.sec.gov/Archives/edgar/data/17843/000001784320000088/
CRS,2020-12-31,da,2019-10-24,same value as earliest filing,2019-07-01,2019-09-30,30600000.0,0000017843-20-000088,2021.0,Q1,10-Q,2020-10-22,DepreciationDepletionAndAmortization,0,USD,us-gaap,92,2020-10-23,CY2019Q3,,,https://www.sec.gov/Archives/edgar/data/17843/000001784320000088/
CRS,2020-12-31,rolling_disclosed_diluted_eps,2020-09-04,same value as earliest filing,2019-07-01,2020-06-30,0.02,0000017843-20-000071,2020.0,FY,10-K,2020-09-04,EarningsPerShareDiluted,0,USD/shares,us-gaap,366,2020-09-08,,,,https://www.sec.gov/Archives/edgar/data/17843/000001784320000071/
CRS,2020-12-31,rolling_disclosed_diluted_eps,2020-10-22,same value as earliest filing,2020-07-01,2020-09-30,-0.98,0000017843-20-000088,2021.0,Q1,10-Q,2020-10-22,EarningsPerShareDiluted,0,USD/shares,us-gaap,92,2020-10-23,,,,https://www.sec.gov/Archives/edgar/data/17843/000001784320000088/
CRS,2020-12-31,rolling_disclosed_diluted_eps,2020-10-22,same value as earliest filing,2020-07-01,2020-09-30,-0.98,0000017843-20-000088,2021.0,Q1,10-Q,2020-10-22,EarningsPerShareDiluted,0,USD/shares,us-gaap,92,2020-10-23,,,,https://www.sec.gov/Archives/edgar/data/17843/000001784320000088/
CRS,2020-12-31,rolling_disclosed_diluted_eps,2019-10-24,same value as earliest filing,2019-07-01,2019-09-30,0.85,0000017843-20-000088,2021.0,Q1,10-Q,2020-10-22,EarningsPerShareDiluted,0,USD/shares,us-gaap,92,2020-10-23,CY2019Q3,,,https://www.sec.gov/Archives/edgar/data/17843/000001784320000088/
CRS,2020-12-31,actual_shares,2020-10-22,same value as earliest filing,,2020-10-16,48018407.0,0000017843-20-000088,2021.0,Q1,10-Q,2020-10-22,EntityCommonStockSharesOutstanding,0,shares,dei,0,2020-10-23,CY2020Q3I,,,https://www.sec.gov/Archives/edgar/data/17843/000001784320000088/
CRS,2020-12-31,cash,2020-10-22,same value as earliest filing,,2020-09-30,218900000.0,0000017843-20-000088,2021.0,Q1,10-Q,2020-10-22,CashAndCashEquivalentsAtCarryingValue,0,USD,us-gaap,0,2020-10-23,CY2020Q3I,,,https://www.sec.gov/Archives/edgar/data/17843/000001784320000088/
CRS,2020-12-31,assets,2020-10-22,same value as earliest filing,,2020-09-30,3128700000.0,0000017843-20-000088,2021.0,Q1,10-Q,2020-10-22,Assets,0,USD,us-gaap,0,2020-10-23,CY2020Q3I,,,https://www.sec.gov/Archives/edgar/data/17843/000001784320000088/
CRS,2020-12-31,equity,2020-10-22,same value as earliest filing,,2020-09-30,1407500000.0,0000017843-20-000088,2021.0,Q1,10-Q,2020-10-22,StockholdersEquity,0,USD,us-gaap,0,2020-10-23,,,,https://www.sec.gov/Archives/edgar/data/17843/000001784320000088/
CRS,2020-12-31,debt_noncurrent,2020-10-22,same value as earliest filing,,2020-09-30,693800000.0,0000017843-20-000088,2021.0,Q1,10-Q,2020-10-22,LongTermDebtNoncurrent,0,USD,us-gaap,0,2020-10-23,CY2020Q3I,,,https://www.sec.gov/Archives/edgar/data/17843/000001784320000088/
CRS,2020-12-31,debt_current,2020-10-22,same value as earliest filing,,2020-09-30,0.0,0000017843-20-000088,2021.0,Q1,10-Q,2020-10-22,LongTermDebtMaturitiesRepaymentsOfPrincipalInNextTwelveMonths,2,USD,us-gaap,0,2020-10-23,CY2020Q3I,,,https://www.sec.gov/Archives/edgar/data/17843/000001784320000088/
CRS,2025-12-31,revenue,2025-08-12,same value as earliest filing,2024-07-01,2025-06-30,2877100000.0,0000017843-25-000021,2025.0,FY,10-K,2025-08-12,RevenueFromContractWithCustomerExcludingAssessedTax,0,USD,us-gaap,365,2025-08-13,,,,https://www.sec.gov/Archives/edgar/data/17843/000001784325000021/
CRS,2025-12-31,revenue,2025-10-23,same value as earliest filing,2025-07-01,2025-09-30,733700000.0,0000017843-25-000029,2026.0,Q1,10-Q,2025-10-23,RevenueFromContractWithCustomerExcludingAssessedTax,0,USD,us-gaap,92,2025-10-24,,,,https://www.sec.gov/Archives/edgar/data/17843/000001784325000029/
CRS,2025-12-31,revenue,2025-10-23,same value as earliest filing,2025-07-01,2025-09-30,733700000.0,0000017843-25-000029,2026.0,Q1,10-Q,2025-10-23,RevenueFromContractWithCustomerExcludingAssessedTax,0,USD,us-gaap,92,2025-10-24,,,,https://www.sec.gov/Archives/edgar/data/17843/000001784325000029/
CRS,2025-12-31,revenue,2024-10-24,same value as earliest filing,2024-07-01,2024-09-30,717600000.0,0000017843-25-000029,2026.0,Q1,10-Q,2025-10-23,RevenueFromContractWithCustomerExcludingAssessedTax,0,USD,us-gaap,92,2025-10-24,,,,https://www.sec.gov/Archives/edgar/data/17843/000001784325000029/
CRS,2025-12-31,operating_income,2025-08-12,same value as earliest filing,2024-07-01,2025-06-30,521800000.0,0000017843-25-000021,2025.0,FY,10-K,2025-08-12,OperatingIncomeLoss,0,USD,us-gaap,365,2025-08-13,,,,https://www.sec.gov/Archives/edgar/data/17843/000001784325000021/
CRS,2025-12-31,operating_income,2025-10-23,same value as earliest filing,2025-07-01,2025-09-30,153300000.0,0000017843-25-000029,2026.0,Q1,10-Q,2025-10-23,OperatingIncomeLoss,0,USD,us-gaap,92,2025-10-24,,,,https://www.sec.gov/Archives/edgar/data/17843/000001784325000029/
CRS,2025-12-31,operating_income,2025-10-23,same value as earliest filing,2025-07-01,2025-09-30,153300000.0,0000017843-25-000029,2026.0,Q1,10-Q,2025-10-23,OperatingIncomeLoss,0,USD,us-gaap,92,2025-10-24,,,,https://www.sec.gov/Archives/edgar/data/17843/000001784325000029/
CRS,2025-12-31,operating_income,2024-10-24,same value as earliest filing,2024-07-01,2024-09-30,113600000.0,0000017843-25-000029,2026.0,Q1,10-Q,2025-10-23,OperatingIncomeLoss,0,USD,us-gaap,92,2025-10-24,,,,https://www.sec.gov/Archives/edgar/data/17843/000001784325000029/
CRS,2025-12-31,net_income,2025-08-12,same value as earliest filing,2024-07-01,2025-06-30,376000000.0,0000017843-25-000021,2025.0,FY,10-K,2025-08-12,NetIncomeLoss,0,USD,us-gaap,365,2025-08-13,,,,https://www.sec.gov/Archives/edgar/data/17843/000001784325000021/
CRS,2025-12-31,net_income,2025-10-23,same value as earliest filing,2025-07-01,2025-09-30,122500000.0,0000017843-25-000029,2026.0,Q1,10-Q,2025-10-23,NetIncomeLoss,0,USD,us-gaap,92,2025-10-24,,,,https://www.sec.gov/Archives/edgar/data/17843/000001784325000029/
CRS,2025-12-31,net_income,2025-10-23,same value as earliest filing,2025-07-01,2025-09-30,122500000.0,0000017843-25-000029,2026.0,Q1,10-Q,2025-10-23,NetIncomeLoss,0,USD,us-gaap,92,2025-10-24,,,,https://www.sec.gov/Archives/edgar/data/17843/000001784325000029/
CRS,2025-12-31,net_income,2024-10-24,same value as earliest filing,2024-07-01,2024-09-30,84800000.0,0000017843-25-000029,2026.0,Q1,10-Q,2025-10-23,NetIncomeLoss,0,USD,us-gaap,92,2025-10-24,,,,https://www.sec.gov/Archives/edgar/data/17843/000001784325000029/
CRS,2025-12-31,cfo,2025-08-12,same value as earliest filing,2024-07-01,2025-06-30,440400000.0,0000017843-25-000021,2025.0,FY,10-K,2025-08-12,NetCashProvidedByUsedInOperatingActivities,0,USD,us-gaap,365,2025-08-13,,,,https://www.sec.gov/Archives/edgar/data/17843/000001784325000021/
CRS,2025-12-31,cfo,2025-10-23,same value as earliest filing,2025-07-01,2025-09-30,39200000.0,0000017843-25-000029,2026.0,Q1,10-Q,2025-10-23,NetCashProvidedByUsedInOperatingActivities,0,USD,us-gaap,92,2025-10-24,CY2025Q3,,,https://www.sec.gov/Archives/edgar/data/17843/000001784325000029/
CRS,2025-12-31,cfo,2025-10-23,same value as earliest filing,2025-07-01,2025-09-30,39200000.0,0000017843-25-000029,2026.0,Q1,10-Q,2025-10-23,NetCashProvidedByUsedInOperatingActivities,0,USD,us-gaap,92,2025-10-24,CY2025Q3,,,https://www.sec.gov/Archives/edgar/data/17843/000001784325000029/
CRS,2025-12-31,cfo,2024-10-24,same value as earliest filing,2024-07-01,2024-09-30,40200000.0,0000017843-25-000029,2026.0,Q1,10-Q,2025-10-23,NetCashProvidedByUsedInOperatingActivities,0,USD,us-gaap,92,2025-10-24,CY2024Q3,,,https://www.sec.gov/Archives/edgar/data/17843/000001784325000029/
CRS,2025-12-31,equipment_capex,2025-08-12,same value as earliest filing,2024-07-01,2025-06-30,154300000.0,0000017843-25-000021,2025.0,FY,10-K,2025-08-12,PaymentsToAcquireProductiveAssets,2,USD,us-gaap,365,2025-08-13,,,,https://www.sec.gov/Archives/edgar/data/17843/000001784325000021/
CRS,2025-12-31,equipment_capex,2025-10-23,same value as earliest filing,2025-07-01,2025-09-30,42600000.0,0000017843-25-000029,2026.0,Q1,10-Q,2025-10-23,PaymentsToAcquireProductiveAssets,2,USD,us-gaap,92,2025-10-24,CY2025Q3,,,https://www.sec.gov/Archives/edgar/data/17843/000001784325000029/
CRS,2025-12-31,equipment_capex,2025-10-23,same value as earliest filing,2025-07-01,2025-09-30,42600000.0,0000017843-25-000029,2026.0,Q1,10-Q,2025-10-23,PaymentsToAcquireProductiveAssets,2,USD,us-gaap,92,2025-10-24,CY2025Q3,,,https://www.sec.gov/Archives/edgar/data/17843/000001784325000029/
CRS,2025-12-31,equipment_capex,2024-10-24,same value as earliest filing,2024-07-01,2024-09-30,26900000.0,0000017843-25-000029,2026.0,Q1,10-Q,2025-10-23,PaymentsToAcquireProductiveAssets,2,USD,us-gaap,92,2025-10-24,CY2024Q3,,,https://www.sec.gov/Archives/edgar/data/17843/000001784325000029/
CRS,2025-12-31,da,2025-08-12,same value as earliest filing,2024-07-01,2025-06-30,139200000.0,0000017843-25-000021,2025.0,FY,10-K,2025-08-12,DepreciationDepletionAndAmortization,0,USD,us-gaap,365,2025-08-13,,,,https://www.sec.gov/Archives/edgar/data/17843/000001784325000021/
CRS,2025-12-31,da,2025-10-23,same value as earliest filing,2025-07-01,2025-09-30,36000000.0,0000017843-25-000029,2026.0,Q1,10-Q,2025-10-23,DepreciationDepletionAndAmortization,0,USD,us-gaap,92,2025-10-24,CY2025Q3,,,https://www.sec.gov/Archives/edgar/data/17843/000001784325000029/
CRS,2025-12-31,da,2025-10-23,same value as earliest filing,2025-07-01,2025-09-30,36000000.0,0000017843-25-000029,2026.0,Q1,10-Q,2025-10-23,DepreciationDepletionAndAmortization,0,USD,us-gaap,92,2025-10-24,CY2025Q3,,,https://www.sec.gov/Archives/edgar/data/17843/000001784325000029/
CRS,2025-12-31,da,2024-10-24,same value as earliest filing,2024-07-01,2024-09-30,33800000.0,0000017843-25-000029,2026.0,Q1,10-Q,2025-10-23,DepreciationDepletionAndAmortization,0,USD,us-gaap,92,2025-10-24,CY2024Q3,,,https://www.sec.gov/Archives/edgar/data/17843/000001784325000029/
CRS,2025-12-31,rolling_disclosed_diluted_eps,2025-08-12,same value as earliest filing,2024-07-01,2025-06-30,7.42,0000017843-25-000021,2025.0,FY,10-K,2025-08-12,EarningsPerShareDiluted,0,USD/shares,us-gaap,365,2025-08-13,,,,https://www.sec.gov/Archives/edgar/data/17843/000001784325000021/
CRS,2025-12-31,rolling_disclosed_diluted_eps,2025-10-23,same value as earliest filing,2025-07-01,2025-09-30,2.43,0000017843-25-000029,2026.0,Q1,10-Q,2025-10-23,EarningsPerShareDiluted,0,USD/shares,us-gaap,92,2025-10-24,,,,https://www.sec.gov/Archives/edgar/data/17843/000001784325000029/
CRS,2025-12-31,rolling_disclosed_diluted_eps,2025-10-23,same value as earliest filing,2025-07-01,2025-09-30,2.43,0000017843-25-000029,2026.0,Q1,10-Q,2025-10-23,EarningsPerShareDiluted,0,USD/shares,us-gaap,92,2025-10-24,,,,https://www.sec.gov/Archives/edgar/data/17843/000001784325000029/
CRS,2025-12-31,rolling_disclosed_diluted_eps,2024-10-24,same value as earliest filing,2024-07-01,2024-09-30,1.67,0000017843-25-000029,2026.0,Q1,10-Q,2025-10-23,EarningsPerShareDiluted,0,USD/shares,us-gaap,92,2025-10-24,,,,https://www.sec.gov/Archives/edgar/data/17843/000001784325000029/
CRS,2025-12-31,actual_shares,2025-10-23,same value as earliest filing,,2025-10-20,49818822.0,0000017843-25-000029,2026.0,Q1,10-Q,2025-10-23,EntityCommonStockSharesOutstanding,0,shares,dei,0,2025-10-24,CY2025Q3I,,,https://www.sec.gov/Archives/edgar/data/17843/000001784325000029/
CRS,2025-12-31,cash,2025-10-23,same value as earliest filing,,2025-09-30,208000000.0,0000017843-25-000029,2026.0,Q1,10-Q,2025-10-23,CashAndCashEquivalentsAtCarryingValue,0,USD,us-gaap,0,2025-10-24,CY2025Q3I,,,https://www.sec.gov/Archives/edgar/data/17843/000001784325000029/
CRS,2025-12-31,assets,2025-10-23,same value as earliest filing,,2025-09-30,3402200000.0,0000017843-25-000029,2026.0,Q1,10-Q,2025-10-23,Assets,0,USD,us-gaap,0,2025-10-24,CY2025Q3I,,,https://www.sec.gov/Archives/edgar/data/17843/000001784325000029/
CRS,2025-12-31,equity,2025-10-23,same value as earliest filing,,2025-09-30,1911200000.0,0000017843-25-000029,2026.0,Q1,10-Q,2025-10-23,StockholdersEquity,0,USD,us-gaap,0,2025-10-24,,,,https://www.sec.gov/Archives/edgar/data/17843/000001784325000029/
CRS,2025-12-31,debt_noncurrent,2025-10-23,same value as earliest filing,,2025-09-30,695700000.0,0000017843-25-000029,2026.0,Q1,10-Q,2025-10-23,LongTermDebtNoncurrent,0,USD,us-gaap,0,2025-10-24,CY2025Q3I,,,https://www.sec.gov/Archives/edgar/data/17843/000001784325000029/
CRS,2026-04-23,revenue,2025-08-12,same value as earliest filing,2024-07-01,2025-06-30,2877100000.0,0000017843-25-000021,2025.0,FY,10-K,2025-08-12,RevenueFromContractWithCustomerExcludingAssessedTax,0,USD,us-gaap,365,2025-08-13,,,,https://www.sec.gov/Archives/edgar/data/17843/000001784325000021/
CRS,2026-04-23,revenue,2026-01-29,same value as earliest filing,2025-07-01,2025-12-31,1461700000.0,0000017843-26-000009,2026.0,Q2,10-Q,2026-01-29,RevenueFromContractWithCustomerExcludingAssessedTax,0,USD,us-gaap,184,2026-01-30,,,,https://www.sec.gov/Archives/edgar/data/17843/000001784326000009/
CRS,2026-04-23,revenue,2026-01-29,same value as earliest filing,2025-07-01,2025-12-31,1461700000.0,0000017843-26-000009,2026.0,Q2,10-Q,2026-01-29,RevenueFromContractWithCustomerExcludingAssessedTax,0,USD,us-gaap,184,2026-01-30,,,,https://www.sec.gov/Archives/edgar/data/17843/000001784326000009/
CRS,2026-04-23,revenue,2025-01-30,same value as earliest filing,2024-07-01,2024-12-31,1394500000.0,0000017843-26-000009,2026.0,Q2,10-Q,2026-01-29,RevenueFromContractWithCustomerExcludingAssessedTax,0,USD,us-gaap,184,2026-01-30,,,,https://www.sec.gov/Archives/edgar/data/17843/000001784326000009/
CRS,2026-04-23,operating_income,2025-08-12,same value as earliest filing,2024-07-01,2025-06-30,521800000.0,0000017843-25-000021,2025.0,FY,10-K,2025-08-12,OperatingIncomeLoss,0,USD,us-gaap,365,2025-08-13,,,,https://www.sec.gov/Archives/edgar/data/17843/000001784325000021/
CRS,2026-04-23,operating_income,2026-01-29,same value as earliest filing,2025-07-01,2025-12-31,308600000.0,0000017843-26-000009,2026.0,Q2,10-Q,2026-01-29,OperatingIncomeLoss,0,USD,us-gaap,184,2026-01-30,,,,https://www.sec.gov/Archives/edgar/data/17843/000001784326000009/
CRS,2026-04-23,operating_income,2026-01-29,same value as earliest filing,2025-07-01,2025-12-31,308600000.0,0000017843-26-000009,2026.0,Q2,10-Q,2026-01-29,OperatingIncomeLoss,0,USD,us-gaap,184,2026-01-30,,,,https://www.sec.gov/Archives/edgar/data/17843/000001784326000009/
CRS,2026-04-23,operating_income,2025-01-30,same value as earliest filing,2024-07-01,2024-12-31,232500000.0,0000017843-26-000009,2026.0,Q2,10-Q,2026-01-29,OperatingIncomeLoss,0,USD,us-gaap,184,2026-01-30,,,,https://www.sec.gov/Archives/edgar/data/17843/000001784326000009/
CRS,2026-04-23,net_income,2025-08-12,same value as earliest filing,2024-07-01,2025-06-30,376000000.0,0000017843-25-000021,2025.0,FY,10-K,2025-08-12,NetIncomeLoss,0,USD,us-gaap,365,2025-08-13,,,,https://www.sec.gov/Archives/edgar/data/17843/000001784325000021/
CRS,2026-04-23,net_income,2026-01-29,same value as earliest filing,2025-07-01,2025-12-31,227800000.0,0000017843-26-000009,2026.0,Q2,10-Q,2026-01-29,NetIncomeLoss,0,USD,us-gaap,184,2026-01-30,,,,https://www.sec.gov/Archives/edgar/data/17843/000001784326000009/
CRS,2026-04-23,net_income,2026-01-29,same value as earliest filing,2025-07-01,2025-12-31,227800000.0,0000017843-26-000009,2026.0,Q2,10-Q,2026-01-29,NetIncomeLoss,0,USD,us-gaap,184,2026-01-30,,,,https://www.sec.gov/Archives/edgar/data/17843/000001784326000009/
CRS,2026-04-23,net_income,2025-01-30,same value as earliest filing,2024-07-01,2024-12-31,168900000.0,0000017843-26-000009,2026.0,Q2,10-Q,2026-01-29,NetIncomeLoss,0,USD,us-gaap,184,2026-01-30,,,,https://www.sec.gov/Archives/edgar/data/17843/000001784326000009/
CRS,2026-04-23,cfo,2025-08-12,same value as earliest filing,2024-07-01,2025-06-30,440400000.0,0000017843-25-000021,2025.0,FY,10-K,2025-08-12,NetCashProvidedByUsedInOperatingActivities,0,USD,us-gaap,365,2025-08-13,,,,https://www.sec.gov/Archives/edgar/data/17843/000001784325000021/
CRS,2026-04-23,cfo,2026-01-29,same value as earliest filing,2025-07-01,2025-12-31,171400000.0,0000017843-26-000009,2026.0,Q2,10-Q,2026-01-29,NetCashProvidedByUsedInOperatingActivities,0,USD,us-gaap,184,2026-01-30,,,,https://www.sec.gov/Archives/edgar/data/17843/000001784326000009/
CRS,2026-04-23,cfo,2026-01-29,same value as earliest filing,2025-07-01,2025-12-31,171400000.0,0000017843-26-000009,2026.0,Q2,10-Q,2026-01-29,NetCashProvidedByUsedInOperatingActivities,0,USD,us-gaap,184,2026-01-30,,,,https://www.sec.gov/Archives/edgar/data/17843/000001784326000009/
CRS,2026-04-23,cfo,2025-01-30,same value as earliest filing,2024-07-01,2024-12-31,108100000.0,0000017843-26-000009,2026.0,Q2,10-Q,2026-01-29,NetCashProvidedByUsedInOperatingActivities,0,USD,us-gaap,184,2026-01-30,,,,https://www.sec.gov/Archives/edgar/data/17843/000001784326000009/
CRS,2026-04-23,equipment_capex,2025-08-12,same value as earliest filing,2024-07-01,2025-06-30,154300000.0,0000017843-25-000021,2025.0,FY,10-K,2025-08-12,PaymentsToAcquireProductiveAssets,2,USD,us-gaap,365,2025-08-13,,,,https://www.sec.gov/Archives/edgar/data/17843/000001784325000021/
CRS,2026-04-23,equipment_capex,2026-01-29,same value as earliest filing,2025-07-01,2025-12-31,88900000.0,0000017843-26-000009,2026.0,Q2,10-Q,2026-01-29,PaymentsToAcquireProductiveAssets,2,USD,us-gaap,184,2026-01-30,,,,https://www.sec.gov/Archives/edgar/data/17843/000001784326000009/
CRS,2026-04-23,equipment_capex,2026-01-29,same value as earliest filing,2025-07-01,2025-12-31,88900000.0,0000017843-26-000009,2026.0,Q2,10-Q,2026-01-29,PaymentsToAcquireProductiveAssets,2,USD,us-gaap,184,2026-01-30,,,,https://www.sec.gov/Archives/edgar/data/17843/000001784326000009/
CRS,2026-04-23,equipment_capex,2025-01-30,same value as earliest filing,2024-07-01,2024-12-31,56200000.0,0000017843-26-000009,2026.0,Q2,10-Q,2026-01-29,PaymentsToAcquireProductiveAssets,2,USD,us-gaap,184,2026-01-30,,,,https://www.sec.gov/Archives/edgar/data/17843/000001784326000009/
CRS,2026-04-23,da,2025-08-12,same value as earliest filing,2024-07-01,2025-06-30,139200000.0,0000017843-25-000021,2025.0,FY,10-K,2025-08-12,DepreciationDepletionAndAmortization,0,USD,us-gaap,365,2025-08-13,,,,https://www.sec.gov/Archives/edgar/data/17843/000001784325000021/
CRS,2026-04-23,da,2026-01-29,same value as earliest filing,2025-07-01,2025-12-31,72100000.0,0000017843-26-000009,2026.0,Q2,10-Q,2026-01-29,DepreciationDepletionAndAmortization,0,USD,us-gaap,184,2026-01-30,,,,https://www.sec.gov/Archives/edgar/data/17843/000001784326000009/
CRS,2026-04-23,da,2026-01-29,same value as earliest filing,2025-07-01,2025-12-31,72100000.0,0000017843-26-000009,2026.0,Q2,10-Q,2026-01-29,DepreciationDepletionAndAmortization,0,USD,us-gaap,184,2026-01-30,,,,https://www.sec.gov/Archives/edgar/data/17843/000001784326000009/
CRS,2026-04-23,da,2025-01-30,same value as earliest filing,2024-07-01,2024-12-31,68100000.0,0000017843-26-000009,2026.0,Q2,10-Q,2026-01-29,DepreciationDepletionAndAmortization,0,USD,us-gaap,184,2026-01-30,,,,https://www.sec.gov/Archives/edgar/data/17843/000001784326000009/
CRS,2026-04-23,rolling_disclosed_diluted_eps,2025-08-12,same value as earliest filing,2024-07-01,2025-06-30,7.42,0000017843-25-000021,2025.0,FY,10-K,2025-08-12,EarningsPerShareDiluted,0,USD/shares,us-gaap,365,2025-08-13,,,,https://www.sec.gov/Archives/edgar/data/17843/000001784325000021/
CRS,2026-04-23,rolling_disclosed_diluted_eps,2026-01-29,same value as earliest filing,2025-07-01,2025-12-31,4.52,0000017843-26-000009,2026.0,Q2,10-Q,2026-01-29,EarningsPerShareDiluted,0,USD/shares,us-gaap,184,2026-01-30,,,,https://www.sec.gov/Archives/edgar/data/17843/000001784326000009/
CRS,2026-04-23,rolling_disclosed_diluted_eps,2026-01-29,same value as earliest filing,2025-07-01,2025-12-31,4.52,0000017843-26-000009,2026.0,Q2,10-Q,2026-01-29,EarningsPerShareDiluted,0,USD/shares,us-gaap,184,2026-01-30,,,,https://www.sec.gov/Archives/edgar/data/17843/000001784326000009/
CRS,2026-04-23,rolling_disclosed_diluted_eps,2025-01-30,same value as earliest filing,2024-07-01,2024-12-31,3.33,0000017843-26-000009,2026.0,Q2,10-Q,2026-01-29,EarningsPerShareDiluted,0,USD/shares,us-gaap,184,2026-01-30,,,,https://www.sec.gov/Archives/edgar/data/17843/000001784326000009/
CRS,2026-04-23,actual_shares,2026-01-29,same value as earliest filing,,2026-01-26,49809717.0,0000017843-26-000009,2026.0,Q2,10-Q,2026-01-29,EntityCommonStockSharesOutstanding,0,shares,dei,0,2026-01-30,CY2025Q4I,,,https://www.sec.gov/Archives/edgar/data/17843/000001784326000009/
CRS,2026-04-23,cash,2026-01-29,same value as earliest filing,,2025-12-31,231900000.0,0000017843-26-000009,2026.0,Q2,10-Q,2026-01-29,CashAndCashEquivalentsAtCarryingValue,0,USD,us-gaap,0,2026-01-30,CY2025Q4I,,,https://www.sec.gov/Archives/edgar/data/17843/000001784326000009/
CRS,2026-04-23,assets,2026-01-29,same value as earliest filing,,2025-12-31,3504300000.0,0000017843-26-000009,2026.0,Q2,10-Q,2026-01-29,Assets,0,USD,us-gaap,0,2026-01-30,CY2025Q4I,,,https://www.sec.gov/Archives/edgar/data/17843/000001784326000009/
CRS,2026-04-23,equity,2026-01-29,same value as earliest filing,,2025-12-31,1985400000.0,0000017843-26-000009,2026.0,Q2,10-Q,2026-01-29,StockholdersEquity,0,USD,us-gaap,0,2026-01-30,,,,https://www.sec.gov/Archives/edgar/data/17843/000001784326000009/
CRS,2026-04-23,debt_noncurrent,2026-01-29,same value as earliest filing,,2025-12-31,690100000.0,0000017843-26-000009,2026.0,Q2,10-Q,2026-01-29,LongTermDebtNoncurrent,0,USD,us-gaap,0,2026-01-30,CY2025Q4I,,,https://www.sec.gov/Archives/edgar/data/17843/000001784326000009/
CRS,2026-09-18,revenue,2026-08-12,same value as earliest filing,2025-07-01,2026-06-30,3124200000.0,0000017843-26-000034,2026.0,FY,10-K,2026-08-12,RevenueFromContractWithCustomerExcludingAssessedTax,0,USD,us-gaap,365,2026-08-13,CY2026,,,https://www.sec.gov/Archives/edgar/data/17843/000001784326000034/
CRS,2026-09-18,revenue,2026-08-12,same value as earliest filing,2026-04-01,2026-06-30,851000000.0,0000017843-26-000034,2026.0,FY,10-K,2026-08-12,RevenueFromContractWithCustomerExcludingAssessedTax,0,USD,us-gaap,91,2026-08-13,CY2026Q2,,,https://www.sec.gov/Archives/edgar/data/17843/000001784326000034/
CRS,2026-09-18,operating_income,2026-08-12,same value as earliest filing,2025-07-01,2026-06-30,702000000.0,0000017843-26-000034,2026.0,FY,10-K,2026-08-12,OperatingIncomeLoss,0,USD,us-gaap,365,2026-08-13,CY2026,,,https://www.sec.gov/Archives/edgar/data/17843/000001784326000034/
CRS,2026-09-18,operating_income,2026-08-12,same value as earliest filing,2026-04-01,2026-06-30,206900000.0,0000017843-26-000034,2026.0,FY,10-K,2026-08-12,OperatingIncomeLoss,0,USD,us-gaap,91,2026-08-13,CY2026Q2,,,https://www.sec.gov/Archives/edgar/data/17843/000001784326000034/
CRS,2026-09-18,net_income,2026-08-12,same value as earliest filing,2025-07-01,2026-06-30,529800000.0,0000017843-26-000034,2026.0,FY,10-K,2026-08-12,NetIncomeLoss,0,USD,us-gaap,365,2026-08-13,,,,https://www.sec.gov/Archives/edgar/data/17843/000001784326000034/
CRS,2026-09-18,net_income,2026-08-12,same value as earliest filing,2026-04-01,2026-06-30,162400000.0,0000017843-26-000034,2026.0,FY,10-K,2026-08-12,NetIncomeLoss,0,USD,us-gaap,91,2026-08-13,CY2026Q2,,,https://www.sec.gov/Archives/edgar/data/17843/000001784326000034/
CRS,2026-09-18,cfo,2026-08-12,same value as earliest filing,2025-07-01,2026-06-30,605000000.0,0000017843-26-000034,2026.0,FY,10-K,2026-08-12,NetCashProvidedByUsedInOperatingActivities,0,USD,us-gaap,365,2026-08-13,CY2026,,,https://www.sec.gov/Archives/edgar/data/17843/000001784326000034/
CRS,2026-09-18,cfo,2026-04-29,same value as earliest filing,2025-07-01,2026-03-31,364900000.0,0000017843-26-000014,2026.0,Q3,10-Q,2026-04-29,NetCashProvidedByUsedInOperatingActivities,0,USD,us-gaap,274,2026-04-30,,,,https://www.sec.gov/Archives/edgar/data/17843/000001784326000014/
CRS,2026-09-18,equipment_capex,2026-08-12,same value as earliest filing,2025-07-01,2026-06-30,242700000.0,0000017843-26-000034,2026.0,FY,10-K,2026-08-12,PaymentsToAcquireProductiveAssets,2,USD,us-gaap,365,2026-08-13,CY2026,,,https://www.sec.gov/Archives/edgar/data/17843/000001784326000034/
CRS,2026-09-18,equipment_capex,2026-04-29,same value as earliest filing,2025-07-01,2026-03-31,157600000.0,0000017843-26-000014,2026.0,Q3,10-Q,2026-04-29,PaymentsToAcquireProductiveAssets,2,USD,us-gaap,274,2026-04-30,,,,https://www.sec.gov/Archives/edgar/data/17843/000001784326000014/
CRS,2026-09-18,da,2026-08-12,same value as earliest filing,2025-07-01,2026-06-30,147100000.0,0000017843-26-000034,2026.0,FY,10-K,2026-08-12,DepreciationDepletionAndAmortization,0,USD,us-gaap,365,2026-08-13,CY2026,,,https://www.sec.gov/Archives/edgar/data/17843/000001784326000034/
CRS,2026-09-18,da,2026-04-29,same value as earliest filing,2025-07-01,2026-03-31,108800000.0,0000017843-26-000014,2026.0,Q3,10-Q,2026-04-29,DepreciationDepletionAndAmortization,0,USD,us-gaap,274,2026-04-30,,,,https://www.sec.gov/Archives/edgar/data/17843/000001784326000014/
CRS,2026-09-18,rolling_disclosed_diluted_eps,2026-08-12,same value as earliest filing,2025-07-01,2026-06-30,10.52,0000017843-26-000034,2026.0,FY,10-K,2026-08-12,EarningsPerShareDiluted,0,USD/shares,us-gaap,365,2026-08-13,CY2026,,,https://www.sec.gov/Archives/edgar/data/17843/000001784326000034/
CRS,2026-09-18,rolling_disclosed_diluted_eps,2026-08-12,same value as earliest filing,2026-04-01,2026-06-30,3.23,0000017843-26-000034,2026.0,FY,10-K,2026-08-12,EarningsPerShareDiluted,0,USD/shares,us-gaap,91,2026-08-13,CY2026Q2,,,https://www.sec.gov/Archives/edgar/data/17843/000001784326000034/
CRS,2026-09-18,actual_shares,2026-08-12,same value as earliest filing,,2026-08-07,49558566.0,0000017843-26-000034,2026.0,FY,10-K,2026-08-12,EntityCommonStockSharesOutstanding,0,shares,dei,0,2026-08-13,CY2026Q2I,,,https://www.sec.gov/Archives/edgar/data/17843/000001784326000034/
CRS,2026-09-18,cash,2026-08-12,same value as earliest filing,,2026-06-30,393300000.0,0000017843-26-000034,2026.0,FY,10-K,2026-08-12,CashAndCashEquivalentsAtCarryingValue,0,USD,us-gaap,0,2026-08-13,CY2026Q2I,,,https://www.sec.gov/Archives/edgar/data/17843/000001784326000034/
CRS,2026-09-18,assets,2026-08-12,same value as earliest filing,,2026-06-30,3838300000.0,0000017843-26-000034,2026.0,FY,10-K,2026-08-12,Assets,0,USD,us-gaap,0,2026-08-13,CY2026Q2I,,,https://www.sec.gov/Archives/edgar/data/17843/000001784326000034/
CRS,2026-09-18,equity,2026-08-12,same value as earliest filing,,2026-06-30,2227600000.0,0000017843-26-000034,2026.0,FY,10-K,2026-08-12,StockholdersEquity,0,USD,us-gaap,0,2026-08-13,CY2026Q2I,,,https://www.sec.gov/Archives/edgar/data/17843/000001784326000034/
CRS,2026-09-18,debt_noncurrent,2026-08-12,same value as earliest filing,,2026-06-30,690700000.0,0000017843-26-000034,2026.0,FY,10-K,2026-08-12,LongTermDebtNoncurrent,0,USD,us-gaap,0,2026-08-13,CY2026Q2I,,,https://www.sec.gov/Archives/edgar/data/17843/000001784326000034/
CRS,2026-09-18,debt_current,2026-08-12,same value as earliest filing,,2026-06-30,0.0,0000017843-26-000034,2026.0,FY,10-K,2026-08-12,LongTermDebtMaturitiesRepaymentsOfPrincipalInNextTwelveMonths,2,USD,us-gaap,0,2026-08-13,CY2026Q2I,,,https://www.sec.gov/Archives/edgar/data/17843/000001784326000034/
CRS,2026-09-18,revenue,2015-08-25,same value as earliest filing,2014-07-01,2015-06-30,2226700000.0,0000017843-17-000050,2017.0,FY,10-K,2017-08-11,SalesRevenueNet,1,USD,us-gaap,365,2017-08-14,CY2015,,,https://www.sec.gov/Archives/edgar/data/17843/000001784317000050/
CRS,2026-09-18,operating_income,2015-08-25,same value as earliest filing,2014-07-01,2015-06-30,111500000.0,0000017843-17-000050,2017.0,FY,10-K,2017-08-11,OperatingIncomeLoss,0,USD,us-gaap,365,2017-08-14,CY2015,,,https://www.sec.gov/Archives/edgar/data/17843/000001784317000050/
CRS,2026-09-18,net_income,2015-08-25,same value as earliest filing,2014-07-01,2015-06-30,58700000.0,0000017843-17-000050,2017.0,FY,10-K,2017-08-11,NetIncomeLoss,0,USD,us-gaap,365,2017-08-14,CY2015,,,https://www.sec.gov/Archives/edgar/data/17843/000001784317000050/
CRS,2026-09-18,cfo,2016-08-18,same value as earliest filing,2014-07-01,2015-06-30,282600000.0,0000017843-17-000050,2017.0,FY,10-K,2017-08-11,NetCashProvidedByUsedInOperatingActivities,0,USD,us-gaap,365,2017-08-14,CY2015,,,https://www.sec.gov/Archives/edgar/data/17843/000001784317000050/
CRS,2026-09-18,equipment_capex,2015-08-25,same value as earliest filing,2014-07-01,2015-06-30,170500000.0,0000017843-17-000050,2017.0,FY,10-K,2017-08-11,PaymentsToAcquireProductiveAssets,2,USD,us-gaap,365,2017-08-14,CY2015,,,https://www.sec.gov/Archives/edgar/data/17843/000001784317000050/
CRS,2026-09-18,da,2015-08-25,same value as earliest filing,2014-07-01,2015-06-30,122300000.0,0000017843-17-000050,2017.0,FY,10-K,2017-08-11,DepreciationDepletionAndAmortization,0,USD,us-gaap,365,2017-08-14,CY2015,,,https://www.sec.gov/Archives/edgar/data/17843/000001784317000050/
CRS,2026-09-18,revenue,2016-08-18,same value as earliest filing,2015-07-01,2016-06-30,1813400000.0,0000017843-17-000050,2017.0,FY,10-K,2017-08-11,SalesRevenueNet,1,USD,us-gaap,366,2017-08-14,CY2016,,,https://www.sec.gov/Archives/edgar/data/17843/000001784317000050/
CRS,2026-09-18,operating_income,2016-08-18,same value as earliest filing,2015-07-01,2016-06-30,51600000.0,0000017843-18-000047,2018.0,FY,10-K,2018-08-14,OperatingIncomeLoss,0,USD,us-gaap,366,2018-08-15,CY2016,,,https://www.sec.gov/Archives/edgar/data/17843/000001784318000047/
CRS,2026-09-18,net_income,2016-08-18,same value as earliest filing,2015-07-01,2016-06-30,11300000.0,0000017843-18-000047,2018.0,FY,10-K,2018-08-14,NetIncomeLoss,0,USD,us-gaap,366,2018-08-15,CY2016,,,https://www.sec.gov/Archives/edgar/data/17843/000001784318000047/
CRS,2026-09-18,cfo,2016-08-18,changed from earliest filed value,2015-07-01,2016-06-30,257400000.0,0000017843-18-000047,2018.0,FY,10-K,2018-08-14,NetCashProvidedByUsedInOperatingActivities,0,USD,us-gaap,366,2018-08-15,CY2016,,,https://www.sec.gov/Archives/edgar/data/17843/000001784318000047/
CRS,2026-09-18,equipment_capex,2016-08-18,same value as earliest filing,2015-07-01,2016-06-30,95200000.0,0000017843-18-000047,2018.0,FY,10-K,2018-08-14,PaymentsToAcquireProductiveAssets,2,USD,us-gaap,366,2018-08-15,CY2016,,,https://www.sec.gov/Archives/edgar/data/17843/000001784318000047/
CRS,2026-09-18,da,2016-08-18,same value as earliest filing,2015-07-01,2016-06-30,119300000.0,0000017843-18-000047,2018.0,FY,10-K,2018-08-14,DepreciationDepletionAndAmortization,0,USD,us-gaap,366,2018-08-15,CY2016,,,https://www.sec.gov/Archives/edgar/data/17843/000001784318000047/
CRS,2026-09-18,revenue,2019-08-29,same value as earliest filing,2016-07-01,2017-06-30,1797600000.0,0000017843-19-000058,2019.0,FY,10-K,2019-08-29,RevenueFromContractWithCustomerExcludingAssessedTax,0,USD,us-gaap,365,2019-08-30,CY2017,,,https://www.sec.gov/Archives/edgar/data/17843/000001784319000058/
CRS,2026-09-18,operating_income,2017-08-11,changed from earliest filed value,2016-07-01,2017-06-30,121500000.0,0000017843-19-000058,2019.0,FY,10-K,2019-08-29,OperatingIncomeLoss,0,USD,us-gaap,365,2019-08-30,CY2017,,,https://www.sec.gov/Archives/edgar/data/17843/000001784319000058/
CRS,2026-09-18,net_income,2017-08-11,same value as earliest filing,2016-07-01,2017-06-30,47000000.0,0000017843-19-000058,2019.0,FY,10-K,2019-08-29,NetIncomeLoss,0,USD,us-gaap,365,2019-08-30,CY2017,,,https://www.sec.gov/Archives/edgar/data/17843/000001784319000058/
CRS,2026-09-18,cfo,2017-08-11,changed from earliest filed value,2016-07-01,2017-06-30,130300000.0,0000017843-19-000058,2019.0,FY,10-K,2019-08-29,NetCashProvidedByUsedInOperatingActivities,0,USD,us-gaap,365,2019-08-30,CY2017,,,https://www.sec.gov/Archives/edgar/data/17843/000001784319000058/
CRS,2026-09-18,equipment_capex,2017-08-11,same value as earliest filing,2016-07-01,2017-06-30,98500000.0,0000017843-19-000058,2019.0,FY,10-K,2019-08-29,PaymentsToAcquireProductiveAssets,2,USD,us-gaap,365,2019-08-30,CY2017,,,https://www.sec.gov/Archives/edgar/data/17843/000001784319000058/
CRS,2026-09-18,da,2017-08-11,same value as earliest filing,2016-07-01,2017-06-30,117800000.0,0000017843-19-000058,2019.0,FY,10-K,2019-08-29,DepreciationDepletionAndAmortization,0,USD,us-gaap,365,2019-08-30,CY2017,,,https://www.sec.gov/Archives/edgar/data/17843/000001784319000058/
CRS,2026-09-18,revenue,2019-08-29,same value as earliest filing,2017-07-01,2018-06-30,2157700000.0,0000017843-20-000071,2020.0,FY,10-K,2020-09-04,RevenueFromContractWithCustomerExcludingAssessedTax,0,USD,us-gaap,365,2020-09-08,CY2018,,,https://www.sec.gov/Archives/edgar/data/17843/000001784320000071/
CRS,2026-09-18,operating_income,2018-08-14,changed from earliest filed value,2017-07-01,2018-06-30,189300000.0,0000017843-20-000071,2020.0,FY,10-K,2020-09-04,OperatingIncomeLoss,0,USD,us-gaap,365,2020-09-08,CY2018,,,https://www.sec.gov/Archives/edgar/data/17843/000001784320000071/
CRS,2026-09-18,net_income,2018-08-14,same value as earliest filing,2017-07-01,2018-06-30,188500000.0,0000017843-20-000071,2020.0,FY,10-K,2020-09-04,NetIncomeLoss,0,USD,us-gaap,365,2020-09-08,CY2018,,,https://www.sec.gov/Archives/edgar/data/17843/000001784320000071/
CRS,2026-09-18,cfo,2018-08-14,same value as earliest filing,2017-07-01,2018-06-30,209200000.0,0000017843-20-000071,2020.0,FY,10-K,2020-09-04,NetCashProvidedByUsedInOperatingActivities,0,USD,us-gaap,365,2020-09-08,CY2018,,,https://www.sec.gov/Archives/edgar/data/17843/000001784320000071/
CRS,2026-09-18,equipment_capex,2018-08-14,same value as earliest filing,2017-07-01,2018-06-30,135000000.0,0000017843-20-000071,2020.0,FY,10-K,2020-09-04,PaymentsToAcquireProductiveAssets,2,USD,us-gaap,365,2020-09-08,CY2018,,,https://www.sec.gov/Archives/edgar/data/17843/000001784320000071/
CRS,2026-09-18,da,2018-08-14,same value as earliest filing,2017-07-01,2018-06-30,116600000.0,0000017843-20-000071,2020.0,FY,10-K,2020-09-04,DepreciationDepletionAndAmortization,0,USD,us-gaap,365,2020-09-08,CY2018,,,https://www.sec.gov/Archives/edgar/data/17843/000001784320000071/
CRS,2026-09-18,revenue,2019-08-29,same value as earliest filing,2018-07-01,2019-06-30,2380200000.0,0000017843-21-000030,2021.0,FY,10-K,2021-08-19,RevenueFromContractWithCustomerExcludingAssessedTax,0,USD,us-gaap,365,2021-08-20,CY2019,,,https://www.sec.gov/Archives/edgar/data/17843/000001784321000030/
CRS,2026-09-18,operating_income,2019-08-29,same value as earliest filing,2018-07-01,2019-06-30,241400000.0,0000017843-21-000030,2021.0,FY,10-K,2021-08-19,OperatingIncomeLoss,0,USD,us-gaap,365,2021-08-20,CY2019,,,https://www.sec.gov/Archives/edgar/data/17843/000001784321000030/
CRS,2026-09-18,net_income,2019-08-29,same value as earliest filing,2018-07-01,2019-06-30,167000000.0,0000017843-21-000030,2021.0,FY,10-K,2021-08-19,NetIncomeLoss,0,USD,us-gaap,365,2021-08-20,CY2019,,,https://www.sec.gov/Archives/edgar/data/17843/000001784321000030/
CRS,2026-09-18,cfo,2019-08-29,same value as earliest filing,2018-07-01,2019-06-30,232400000.0,0000017843-21-000030,2021.0,FY,10-K,2021-08-19,NetCashProvidedByUsedInOperatingActivities,0,USD,us-gaap,365,2021-08-20,CY2019,,,https://www.sec.gov/Archives/edgar/data/17843/000001784321000030/
CRS,2026-09-18,equipment_capex,2019-08-29,same value as earliest filing,2018-07-01,2019-06-30,180300000.0,0000017843-21-000030,2021.0,FY,10-K,2021-08-19,PaymentsToAcquireProductiveAssets,2,USD,us-gaap,365,2021-08-20,CY2019,,,https://www.sec.gov/Archives/edgar/data/17843/000001784321000030/
CRS,2026-09-18,da,2019-08-29,same value as earliest filing,2018-07-01,2019-06-30,121500000.0,0000017843-21-000030,2021.0,FY,10-K,2021-08-19,DepreciationDepletionAndAmortization,0,USD,us-gaap,365,2021-08-20,CY2019,,,https://www.sec.gov/Archives/edgar/data/17843/000001784321000030/
CRS,2026-09-18,revenue,2020-09-04,same value as earliest filing,2019-07-01,2020-06-30,2181100000.0,0000017843-22-000019,2022.0,FY,10-K,2022-08-15,RevenueFromContractWithCustomerExcludingAssessedTax,0,USD,us-gaap,366,2022-08-16,CY2020,,,https://www.sec.gov/Archives/edgar/data/17843/000001784322000019/
CRS,2026-09-18,operating_income,2020-09-04,same value as earliest filing,2019-07-01,2020-06-30,25300000.0,0000017843-22-000019,2022.0,FY,10-K,2022-08-15,OperatingIncomeLoss,0,USD,us-gaap,366,2022-08-16,CY2020,,,https://www.sec.gov/Archives/edgar/data/17843/000001784322000019/
CRS,2026-09-18,net_income,2020-09-04,same value as earliest filing,2019-07-01,2020-06-30,1500000.0,0000017843-22-000019,2022.0,FY,10-K,2022-08-15,NetIncomeLoss,0,USD,us-gaap,366,2022-08-16,CY2020,,,https://www.sec.gov/Archives/edgar/data/17843/000001784322000019/
CRS,2026-09-18,cfo,2020-09-04,same value as earliest filing,2019-07-01,2020-06-30,231800000.0,0000017843-22-000019,2022.0,FY,10-K,2022-08-15,NetCashProvidedByUsedInOperatingActivities,0,USD,us-gaap,366,2022-08-16,CY2020,,,https://www.sec.gov/Archives/edgar/data/17843/000001784322000019/
CRS,2026-09-18,equipment_capex,2020-09-04,same value as earliest filing,2019-07-01,2020-06-30,171400000.0,0000017843-22-000019,2022.0,FY,10-K,2022-08-15,PaymentsToAcquireProductiveAssets,2,USD,us-gaap,366,2022-08-16,CY2020,,,https://www.sec.gov/Archives/edgar/data/17843/000001784322000019/
CRS,2026-09-18,da,2020-09-04,same value as earliest filing,2019-07-01,2020-06-30,123900000.0,0000017843-22-000019,2022.0,FY,10-K,2022-08-15,DepreciationDepletionAndAmortization,0,USD,us-gaap,366,2022-08-16,CY2020,,,https://www.sec.gov/Archives/edgar/data/17843/000001784322000019/
CRS,2026-09-18,revenue,2021-08-19,same value as earliest filing,2020-07-01,2021-06-30,1475600000.0,0000017843-23-000021,2023.0,FY,10-K,2023-08-11,RevenueFromContractWithCustomerExcludingAssessedTax,0,USD,us-gaap,365,2023-08-14,CY2021,,,https://www.sec.gov/Archives/edgar/data/17843/000001784323000021/
CRS,2026-09-18,operating_income,2021-08-19,same value as earliest filing,2020-07-01,2021-06-30,-248600000.0,0000017843-23-000021,2023.0,FY,10-K,2023-08-11,OperatingIncomeLoss,0,USD,us-gaap,365,2023-08-14,CY2021,,,https://www.sec.gov/Archives/edgar/data/17843/000001784323000021/
CRS,2026-09-18,net_income,2021-08-19,same value as earliest filing,2020-07-01,2021-06-30,-229600000.0,0000017843-23-000021,2023.0,FY,10-K,2023-08-11,NetIncomeLoss,0,USD,us-gaap,365,2023-08-14,CY2021,,,https://www.sec.gov/Archives/edgar/data/17843/000001784323000021/
CRS,2026-09-18,cfo,2021-08-19,same value as earliest filing,2020-07-01,2021-06-30,250000000.0,0000017843-23-000021,2023.0,FY,10-K,2023-08-11,NetCashProvidedByUsedInOperatingActivities,0,USD,us-gaap,365,2023-08-14,CY2021,,,https://www.sec.gov/Archives/edgar/data/17843/000001784323000021/
CRS,2026-09-18,equipment_capex,2021-08-19,same value as earliest filing,2020-07-01,2021-06-30,100500000.0,0000017843-23-000021,2023.0,FY,10-K,2023-08-11,PaymentsToAcquireProductiveAssets,2,USD,us-gaap,365,2023-08-14,CY2021,,,https://www.sec.gov/Archives/edgar/data/17843/000001784323000021/
CRS,2026-09-18,da,2021-08-19,same value as earliest filing,2020-07-01,2021-06-30,123600000.0,0000017843-23-000021,2023.0,FY,10-K,2023-08-11,DepreciationDepletionAndAmortization,0,USD,us-gaap,365,2023-08-14,CY2021,,,https://www.sec.gov/Archives/edgar/data/17843/000001784323000021/
CRS,2026-09-18,revenue,2022-08-15,same value as earliest filing,2021-07-01,2022-06-30,1836300000.0,0000017843-24-000014,2024.0,FY,10-K,2024-08-13,RevenueFromContractWithCustomerExcludingAssessedTax,0,USD,us-gaap,365,2024-08-14,CY2022,,,https://www.sec.gov/Archives/edgar/data/17843/000001784324000014/
CRS,2026-09-18,operating_income,2022-08-15,same value as earliest filing,2021-07-01,2022-06-30,-24900000.0,0000017843-24-000014,2024.0,FY,10-K,2024-08-13,OperatingIncomeLoss,0,USD,us-gaap,365,2024-08-14,CY2022,,,https://www.sec.gov/Archives/edgar/data/17843/000001784324000014/
CRS,2026-09-18,net_income,2022-08-15,same value as earliest filing,2021-07-01,2022-06-30,-49100000.0,0000017843-24-000014,2024.0,FY,10-K,2024-08-13,NetIncomeLoss,0,USD,us-gaap,365,2024-08-14,,,,https://www.sec.gov/Archives/edgar/data/17843/000001784324000014/
CRS,2026-09-18,cfo,2022-08-15,same value as earliest filing,2021-07-01,2022-06-30,6000000.0,0000017843-24-000014,2024.0,FY,10-K,2024-08-13,NetCashProvidedByUsedInOperatingActivities,0,USD,us-gaap,365,2024-08-14,CY2022,,,https://www.sec.gov/Archives/edgar/data/17843/000001784324000014/
CRS,2026-09-18,equipment_capex,2022-08-15,same value as earliest filing,2021-07-01,2022-06-30,91300000.0,0000017843-24-000014,2024.0,FY,10-K,2024-08-13,PaymentsToAcquireProductiveAssets,2,USD,us-gaap,365,2024-08-14,CY2022,,,https://www.sec.gov/Archives/edgar/data/17843/000001784324000014/
CRS,2026-09-18,da,2022-08-15,same value as earliest filing,2021-07-01,2022-06-30,131400000.0,0000017843-24-000014,2024.0,FY,10-K,2024-08-13,DepreciationDepletionAndAmortization,0,USD,us-gaap,365,2024-08-14,CY2022,,,https://www.sec.gov/Archives/edgar/data/17843/000001784324000014/
CRS,2026-09-18,revenue,2023-08-11,same value as earliest filing,2022-07-01,2023-06-30,2550300000.0,0000017843-25-000021,2025.0,FY,10-K,2025-08-12,RevenueFromContractWithCustomerExcludingAssessedTax,0,USD,us-gaap,365,2025-08-13,CY2023,,,https://www.sec.gov/Archives/edgar/data/17843/000001784325000021/
CRS,2026-09-18,operating_income,2023-08-11,same value as earliest filing,2022-07-01,2023-06-30,133100000.0,0000017843-25-000021,2025.0,FY,10-K,2025-08-12,OperatingIncomeLoss,0,USD,us-gaap,365,2025-08-13,CY2023,,,https://www.sec.gov/Archives/edgar/data/17843/000001784325000021/
CRS,2026-09-18,net_income,2023-08-11,same value as earliest filing,2022-07-01,2023-06-30,56400000.0,0000017843-25-000021,2025.0,FY,10-K,2025-08-12,NetIncomeLoss,0,USD,us-gaap,365,2025-08-13,,,,https://www.sec.gov/Archives/edgar/data/17843/000001784325000021/
CRS,2026-09-18,cfo,2023-08-11,same value as earliest filing,2022-07-01,2023-06-30,14700000.0,0000017843-25-000021,2025.0,FY,10-K,2025-08-12,NetCashProvidedByUsedInOperatingActivities,0,USD,us-gaap,365,2025-08-13,CY2023,,,https://www.sec.gov/Archives/edgar/data/17843/000001784325000021/
CRS,2026-09-18,equipment_capex,2023-08-11,same value as earliest filing,2022-07-01,2023-06-30,82300000.0,0000017843-25-000021,2025.0,FY,10-K,2025-08-12,PaymentsToAcquireProductiveAssets,2,USD,us-gaap,365,2025-08-13,CY2023,,,https://www.sec.gov/Archives/edgar/data/17843/000001784325000021/
CRS,2026-09-18,da,2023-08-11,same value as earliest filing,2022-07-01,2023-06-30,131000000.0,0000017843-25-000021,2025.0,FY,10-K,2025-08-12,DepreciationDepletionAndAmortization,0,USD,us-gaap,365,2025-08-13,CY2023,,,https://www.sec.gov/Archives/edgar/data/17843/000001784325000021/
CRS,2026-09-18,revenue,2024-08-13,same value as earliest filing,2023-07-01,2024-06-30,2759700000.0,0000017843-26-000034,2026.0,FY,10-K,2026-08-12,RevenueFromContractWithCustomerExcludingAssessedTax,0,USD,us-gaap,366,2026-08-13,CY2024,,,https://www.sec.gov/Archives/edgar/data/17843/000001784326000034/
CRS,2026-09-18,operating_income,2024-08-13,same value as earliest filing,2023-07-01,2024-06-30,323100000.0,0000017843-26-000034,2026.0,FY,10-K,2026-08-12,OperatingIncomeLoss,0,USD,us-gaap,366,2026-08-13,CY2024,,,https://www.sec.gov/Archives/edgar/data/17843/000001784326000034/
CRS,2026-09-18,net_income,2024-08-13,same value as earliest filing,2023-07-01,2024-06-30,186500000.0,0000017843-26-000034,2026.0,FY,10-K,2026-08-12,NetIncomeLoss,0,USD,us-gaap,366,2026-08-13,,,,https://www.sec.gov/Archives/edgar/data/17843/000001784326000034/
CRS,2026-09-18,cfo,2024-08-13,same value as earliest filing,2023-07-01,2024-06-30,274900000.0,0000017843-26-000034,2026.0,FY,10-K,2026-08-12,NetCashProvidedByUsedInOperatingActivities,0,USD,us-gaap,366,2026-08-13,CY2024,,,https://www.sec.gov/Archives/edgar/data/17843/000001784326000034/
CRS,2026-09-18,equipment_capex,2024-08-13,same value as earliest filing,2023-07-01,2024-06-30,96600000.0,0000017843-26-000034,2026.0,FY,10-K,2026-08-12,PaymentsToAcquireProductiveAssets,2,USD,us-gaap,366,2026-08-13,CY2024,,,https://www.sec.gov/Archives/edgar/data/17843/000001784326000034/
CRS,2026-09-18,da,2024-08-13,same value as earliest filing,2023-07-01,2024-06-30,134600000.0,0000017843-26-000034,2026.0,FY,10-K,2026-08-12,DepreciationDepletionAndAmortization,0,USD,us-gaap,366,2026-08-13,CY2024,,,https://www.sec.gov/Archives/edgar/data/17843/000001784326000034/
CRS,2026-09-18,revenue,2025-08-12,same value as earliest filing,2024-07-01,2025-06-30,2877100000.0,0000017843-26-000034,2026.0,FY,10-K,2026-08-12,RevenueFromContractWithCustomerExcludingAssessedTax,0,USD,us-gaap,365,2026-08-13,CY2025,,,https://www.sec.gov/Archives/edgar/data/17843/000001784326000034/
CRS,2026-09-18,operating_income,2025-08-12,same value as earliest filing,2024-07-01,2025-06-30,521800000.0,0000017843-26-000034,2026.0,FY,10-K,2026-08-12,OperatingIncomeLoss,0,USD,us-gaap,365,2026-08-13,CY2025,,,https://www.sec.gov/Archives/edgar/data/17843/000001784326000034/
CRS,2026-09-18,net_income,2025-08-12,same value as earliest filing,2024-07-01,2025-06-30,376000000.0,0000017843-26-000034,2026.0,FY,10-K,2026-08-12,NetIncomeLoss,0,USD,us-gaap,365,2026-08-13,,,,https://www.sec.gov/Archives/edgar/data/17843/000001784326000034/
CRS,2026-09-18,cfo,2025-08-12,same value as earliest filing,2024-07-01,2025-06-30,440400000.0,0000017843-26-000034,2026.0,FY,10-K,2026-08-12,NetCashProvidedByUsedInOperatingActivities,0,USD,us-gaap,365,2026-08-13,CY2025,,,https://www.sec.gov/Archives/edgar/data/17843/000001784326000034/
CRS,2026-09-18,equipment_capex,2025-08-12,same value as earliest filing,2024-07-01,2025-06-30,154300000.0,0000017843-26-000034,2026.0,FY,10-K,2026-08-12,PaymentsToAcquireProductiveAssets,2,USD,us-gaap,365,2026-08-13,CY2025,,,https://www.sec.gov/Archives/edgar/data/17843/000001784326000034/
CRS,2026-09-18,da,2025-08-12,same value as earliest filing,2024-07-01,2025-06-30,139200000.0,0000017843-26-000034,2026.0,FY,10-K,2026-08-12,DepreciationDepletionAndAmortization,0,USD,us-gaap,365,2026-08-13,CY2025,,,https://www.sec.gov/Archives/edgar/data/17843/000001784326000034/
CRS,2026-09-18,revenue,2026-08-12,same value as earliest filing,2025-07-01,2026-06-30,3124200000.0,0000017843-26-000034,2026.0,FY,10-K,2026-08-12,RevenueFromContractWithCustomerExcludingAssessedTax,0,USD,us-gaap,365,2026-08-13,CY2026,,,https://www.sec.gov/Archives/edgar/data/17843/000001784326000034/
CRS,2026-09-18,operating_income,2026-08-12,same value as earliest filing,2025-07-01,2026-06-30,702000000.0,0000017843-26-000034,2026.0,FY,10-K,2026-08-12,OperatingIncomeLoss,0,USD,us-gaap,365,2026-08-13,CY2026,,,https://www.sec.gov/Archives/edgar/data/17843/000001784326000034/
CRS,2026-09-18,net_income,2026-08-12,same value as earliest filing,2025-07-01,2026-06-30,529800000.0,0000017843-26-000034,2026.0,FY,10-K,2026-08-12,NetIncomeLoss,0,USD,us-gaap,365,2026-08-13,,,,https://www.sec.gov/Archives/edgar/data/17843/000001784326000034/
CRS,2026-09-18,cfo,2026-08-12,same value as earliest filing,2025-07-01,2026-06-30,605000000.0,0000017843-26-000034,2026.0,FY,10-K,2026-08-12,NetCashProvidedByUsedInOperatingActivities,0,USD,us-gaap,365,2026-08-13,CY2026,,,https://www.sec.gov/Archives/edgar/data/17843/000001784326000034/
CRS,2026-09-18,equipment_capex,2026-08-12,same value as earliest filing,2025-07-01,2026-06-30,242700000.0,0000017843-26-000034,2026.0,FY,10-K,2026-08-12,PaymentsToAcquireProductiveAssets,2,USD,us-gaap,365,2026-08-13,CY2026,,,https://www.sec.gov/Archives/edgar/data/17843/000001784326000034/
CRS,2026-09-18,da,2026-08-12,same value as earliest filing,2025-07-01,2026-06-30,147100000.0,0000017843-26-000034,2026.0,FY,10-K,2026-08-12,DepreciationDepletionAndAmortization,0,USD,us-gaap,365,2026-08-13,CY2026,,,https://www.sec.gov/Archives/edgar/data/17843/000001784326000034/
CRS,2026-09-18,quarter_revenue,2020-04-30,same value as earliest filing,2020-01-01,2020-03-31,585400000.0,0000017843-21-000015,2021.0,Q3,10-Q,2021-04-29,RevenueFromContractWithCustomerExcludingAssessedTax,0,USD,us-gaap,91,2021-04-30,CY2020Q1,,,https://www.sec.gov/Archives/edgar/data/17843/000001784321000015/
CRS,2026-09-18,quarter_operating_income,2020-04-30,same value as earliest filing,2020-01-01,2020-03-31,58700000.0,0000017843-21-000015,2021.0,Q3,10-Q,2021-04-29,OperatingIncomeLoss,0,USD,us-gaap,91,2021-04-30,CY2020Q1,,,https://www.sec.gov/Archives/edgar/data/17843/000001784321000015/
CRS,2026-09-18,quarter_net_income,2020-04-30,same value as earliest filing,2020-01-01,2020-03-31,39900000.0,0000017843-21-000015,2021.0,Q3,10-Q,2021-04-29,NetIncomeLoss,0,USD,us-gaap,91,2021-04-30,CY2020Q1,,,https://www.sec.gov/Archives/edgar/data/17843/000001784321000015/
CRS,2026-09-18,quarter_eps,2020-04-30,same value as earliest filing,2020-01-01,2020-03-31,0.82,0000017843-21-000015,2021.0,Q3,10-Q,2021-04-29,EarningsPerShareDiluted,0,USD/shares,us-gaap,91,2021-04-30,CY2020Q1,,,https://www.sec.gov/Archives/edgar/data/17843/000001784321000015/
CRS,2026-09-18,quarter_revenue,2020-09-04,same value as earliest filing,2020-04-01,2020-06-30,437300000.0,0000017843-20-000071,2020.0,FY,10-K,2020-09-04,RevenueFromContractWithCustomerExcludingAssessedTax,0,USD,us-gaap,91,2020-09-08,CY2020Q2,,,https://www.sec.gov/Archives/edgar/data/17843/000001784320000071/
CRS,2026-09-18,quarter_operating_income,2020-09-04,same value as earliest filing,2020-04-01,2020-06-30,-148200000.0,0000017843-20-000071,2020.0,FY,10-K,2020-09-04,OperatingIncomeLoss,0,USD,us-gaap,91,2020-09-08,CY2020Q2,,,https://www.sec.gov/Archives/edgar/data/17843/000001784320000071/
CRS,2026-09-18,quarter_net_income,2020-09-04,same value as earliest filing,2020-04-01,2020-06-30,-118400000.0,0000017843-20-000071,2020.0,FY,10-K,2020-09-04,NetIncomeLoss,0,USD,us-gaap,91,2020-09-08,CY2020Q2,,,https://www.sec.gov/Archives/edgar/data/17843/000001784320000071/
CRS,2026-09-18,quarter_eps,2020-09-04,same value as earliest filing,2020-04-01,2020-06-30,-2.46,0000017843-20-000071,2020.0,FY,10-K,2020-09-04,EarningsPerShareDiluted,0,USD/shares,us-gaap,91,2020-09-08,CY2020Q2,,,https://www.sec.gov/Archives/edgar/data/17843/000001784320000071/
CRS,2026-09-18,quarter_revenue,2020-10-22,same value as earliest filing,2020-07-01,2020-09-30,353300000.0,0000017843-21-000035,2022.0,Q1,10-Q,2021-10-28,RevenueFromContractWithCustomerExcludingAssessedTax,0,USD,us-gaap,92,2021-10-29,CY2020Q3,,,https://www.sec.gov/Archives/edgar/data/17843/000001784321000035/
CRS,2026-09-18,quarter_operating_income,2020-10-22,same value as earliest filing,2020-07-01,2020-09-30,-48800000.0,0000017843-21-000035,2022.0,Q1,10-Q,2021-10-28,OperatingIncomeLoss,0,USD,us-gaap,92,2021-10-29,CY2020Q3,,,https://www.sec.gov/Archives/edgar/data/17843/000001784321000035/
CRS,2026-09-18,quarter_net_income,2020-10-22,same value as earliest filing,2020-07-01,2020-09-30,-47100000.0,0000017843-21-000035,2022.0,Q1,10-Q,2021-10-28,NetIncomeLoss,0,USD,us-gaap,92,2021-10-29,CY2020Q3,,,https://www.sec.gov/Archives/edgar/data/17843/000001784321000035/
CRS,2026-09-18,quarter_eps,2020-10-22,same value as earliest filing,2020-07-01,2020-09-30,-0.98,0000017843-21-000035,2022.0,Q1,10-Q,2021-10-28,EarningsPerShareDiluted,0,USD/shares,us-gaap,92,2021-10-29,CY2020Q3,,,https://www.sec.gov/Archives/edgar/data/17843/000001784321000035/
CRS,2026-09-18,quarter_revenue,2021-01-29,same value as earliest filing,2020-10-01,2020-12-31,348800000.0,0000017843-22-000005,2022.0,Q2,10-Q,2022-02-02,RevenueFromContractWithCustomerExcludingAssessedTax,0,USD,us-gaap,92,2022-02-03,CY2020Q4,,,https://www.sec.gov/Archives/edgar/data/17843/000001784322000005/
CRS,2026-09-18,quarter_operating_income,2021-01-29,same value as earliest filing,2020-10-01,2020-12-31,-89000000.0,0000017843-22-000005,2022.0,Q2,10-Q,2022-02-02,OperatingIncomeLoss,0,USD,us-gaap,92,2022-02-03,CY2020Q4,,,https://www.sec.gov/Archives/edgar/data/17843/000001784322000005/
CRS,2026-09-18,quarter_net_income,2021-01-29,same value as earliest filing,2020-10-01,2020-12-31,-84900000.0,0000017843-22-000005,2022.0,Q2,10-Q,2022-02-02,NetIncomeLoss,0,USD,us-gaap,92,2022-02-03,CY2020Q4,,,https://www.sec.gov/Archives/edgar/data/17843/000001784322000005/
CRS,2026-09-18,quarter_eps,2021-01-29,same value as earliest filing,2020-10-01,2020-12-31,-1.76,0000017843-22-000005,2022.0,Q2,10-Q,2022-02-02,EarningsPerShareDiluted,0,USD/shares,us-gaap,92,2022-02-03,CY2020Q4,,,https://www.sec.gov/Archives/edgar/data/17843/000001784322000005/
CRS,2026-09-18,quarter_revenue,2021-04-29,same value as earliest filing,2021-01-01,2021-03-31,351900000.0,0000017843-22-000008,2022.0,Q3,10-Q,2022-04-28,RevenueFromContractWithCustomerExcludingAssessedTax,0,USD,us-gaap,90,2022-04-29,CY2021Q1,,,https://www.sec.gov/Archives/edgar/data/17843/000001784322000008/
CRS,2026-09-18,quarter_operating_income,2021-04-29,same value as earliest filing,2021-01-01,2021-03-31,-40000000.0,0000017843-22-000008,2022.0,Q3,10-Q,2022-04-28,OperatingIncomeLoss,0,USD,us-gaap,90,2022-04-29,CY2021Q1,,,https://www.sec.gov/Archives/edgar/data/17843/000001784322000008/
CRS,2026-09-18,quarter_net_income,2021-04-29,same value as earliest filing,2021-01-01,2021-03-31,-40500000.0,0000017843-22-000008,2022.0,Q3,10-Q,2022-04-28,NetIncomeLoss,0,USD,us-gaap,90,2022-04-29,CY2021Q1,,,https://www.sec.gov/Archives/edgar/data/17843/000001784322000008/
CRS,2026-09-18,quarter_eps,2021-04-29,same value as earliest filing,2021-01-01,2021-03-31,-0.84,0000017843-22-000008,2022.0,Q3,10-Q,2022-04-28,EarningsPerShareDiluted,0,USD/shares,us-gaap,90,2022-04-29,CY2021Q1,,,https://www.sec.gov/Archives/edgar/data/17843/000001784322000008/
CRS,2026-09-18,quarter_revenue,2021-10-28,same value as earliest filing,2021-07-01,2021-09-30,387600000.0,0000017843-22-000022,2023.0,Q1,10-Q,2022-10-27,RevenueFromContractWithCustomerExcludingAssessedTax,0,USD,us-gaap,92,2022-10-28,CY2021Q3,,,https://www.sec.gov/Archives/edgar/data/17843/000001784322000022/
CRS,2026-09-18,quarter_operating_income,2021-10-28,same value as earliest filing,2021-07-01,2021-09-30,-19100000.0,0000017843-22-000022,2023.0,Q1,10-Q,2022-10-27,OperatingIncomeLoss,0,USD,us-gaap,92,2022-10-28,CY2021Q3,,,https://www.sec.gov/Archives/edgar/data/17843/000001784322000022/
CRS,2026-09-18,quarter_net_income,2021-10-28,same value as earliest filing,2021-07-01,2021-09-30,-14800000.0,0000017843-22-000022,2023.0,Q1,10-Q,2022-10-27,NetIncomeLoss,0,USD,us-gaap,92,2022-10-28,CY2021Q3,,,https://www.sec.gov/Archives/edgar/data/17843/000001784322000022/
CRS,2026-09-18,quarter_eps,2021-10-28,same value as earliest filing,2021-07-01,2021-09-30,-0.31,0000017843-22-000022,2023.0,Q1,10-Q,2022-10-27,EarningsPerShareDiluted,0,USD/shares,us-gaap,92,2022-10-28,CY2021Q3,,,https://www.sec.gov/Archives/edgar/data/17843/000001784322000022/
CRS,2026-09-18,quarter_revenue,2022-02-02,same value as earliest filing,2021-10-01,2021-12-31,396000000.0,0000017843-23-000005,2023.0,Q2,10-Q,2023-01-26,RevenueFromContractWithCustomerExcludingAssessedTax,0,USD,us-gaap,92,2023-01-27,CY2021Q4,,,https://www.sec.gov/Archives/edgar/data/17843/000001784323000005/
CRS,2026-09-18,quarter_operating_income,2022-02-02,same value as earliest filing,2021-10-01,2021-12-31,-31500000.0,0000017843-23-000005,2023.0,Q2,10-Q,2023-01-26,OperatingIncomeLoss,0,USD,us-gaap,92,2023-01-27,CY2021Q4,,,https://www.sec.gov/Archives/edgar/data/17843/000001784323000005/
CRS,2026-09-18,quarter_net_income,2022-02-02,same value as earliest filing,2021-10-01,2021-12-31,-29400000.0,0000017843-23-000005,2023.0,Q2,10-Q,2023-01-26,NetIncomeLoss,0,USD,us-gaap,92,2023-01-27,CY2021Q4,,,https://www.sec.gov/Archives/edgar/data/17843/000001784323000005/
CRS,2026-09-18,quarter_eps,2022-02-02,same value as earliest filing,2021-10-01,2021-12-31,-0.61,0000017843-23-000005,2023.0,Q2,10-Q,2023-01-26,EarningsPerShareDiluted,0,USD/shares,us-gaap,92,2023-01-27,CY2021Q4,,,https://www.sec.gov/Archives/edgar/data/17843/000001784323000005/
CRS,2026-09-18,quarter_revenue,2022-04-28,same value as earliest filing,2022-01-01,2022-03-31,489000000.0,0000017843-23-000009,2023.0,Q3,10-Q,2023-04-27,RevenueFromContractWithCustomerExcludingAssessedTax,0,USD,us-gaap,90,2023-04-28,CY2022Q1,,,https://www.sec.gov/Archives/edgar/data/17843/000001784323000009/
CRS,2026-09-18,quarter_operating_income,2022-04-28,same value as earliest filing,2022-01-01,2022-03-31,1100000.0,0000017843-23-000009,2023.0,Q3,10-Q,2023-04-27,OperatingIncomeLoss,0,USD,us-gaap,90,2023-04-28,CY2022Q1,,,https://www.sec.gov/Archives/edgar/data/17843/000001784323000009/
CRS,2026-09-18,quarter_net_income,2022-04-28,same value as earliest filing,2022-01-01,2022-03-31,-7500000.0,0000017843-23-000009,2023.0,Q3,10-Q,2023-04-27,NetIncomeLoss,0,USD,us-gaap,90,2023-04-28,CY2022Q1,,,https://www.sec.gov/Archives/edgar/data/17843/000001784323000009/
CRS,2026-09-18,quarter_eps,2022-04-28,same value as earliest filing,2022-01-01,2022-03-31,-0.16,0000017843-23-000009,2023.0,Q3,10-Q,2023-04-27,EarningsPerShareDiluted,0,USD/shares,us-gaap,90,2023-04-28,CY2022Q1,,,https://www.sec.gov/Archives/edgar/data/17843/000001784323000009/
CRS,2026-09-18,quarter_revenue,2022-10-27,same value as earliest filing,2022-07-01,2022-09-30,522900000.0,0000017843-23-000025,2024.0,Q1,10-Q,2023-10-26,RevenueFromContractWithCustomerExcludingAssessedTax,0,USD,us-gaap,92,2023-10-27,CY2022Q3,,,https://www.sec.gov/Archives/edgar/data/17843/000001784323000025/
CRS,2026-09-18,quarter_operating_income,2022-10-27,same value as earliest filing,2022-07-01,2022-09-30,8300000.0,0000017843-23-000025,2024.0,Q1,10-Q,2023-10-26,OperatingIncomeLoss,0,USD,us-gaap,92,2023-10-27,CY2022Q3,,,https://www.sec.gov/Archives/edgar/data/17843/000001784323000025/
CRS,2026-09-18,quarter_net_income,2022-10-27,same value as earliest filing,2022-07-01,2022-09-30,-6900000.0,0000017843-23-000025,2024.0,Q1,10-Q,2023-10-26,NetIncomeLoss,0,USD,us-gaap,92,2023-10-27,CY2022Q3,,,https://www.sec.gov/Archives/edgar/data/17843/000001784323000025/
CRS,2026-09-18,quarter_eps,2022-10-27,same value as earliest filing,2022-07-01,2022-09-30,-0.14,0000017843-23-000025,2024.0,Q1,10-Q,2023-10-26,EarningsPerShareDiluted,0,USD/shares,us-gaap,92,2023-10-27,CY2022Q3,,,https://www.sec.gov/Archives/edgar/data/17843/000001784323000025/
CRS,2026-09-18,quarter_revenue,2023-01-26,same value as earliest filing,2022-10-01,2022-12-31,579100000.0,0000017843-24-000003,2024.0,Q2,10-Q,2024-01-25,RevenueFromContractWithCustomerExcludingAssessedTax,0,USD,us-gaap,92,2024-01-26,CY2022Q4,,,https://www.sec.gov/Archives/edgar/data/17843/000001784324000003/
CRS,2026-09-18,quarter_operating_income,2023-01-26,same value as earliest filing,2022-10-01,2022-12-31,22600000.0,0000017843-24-000003,2024.0,Q2,10-Q,2024-01-25,OperatingIncomeLoss,0,USD,us-gaap,92,2024-01-26,CY2022Q4,,,https://www.sec.gov/Archives/edgar/data/17843/000001784324000003/
CRS,2026-09-18,quarter_net_income,2023-01-26,same value as earliest filing,2022-10-01,2022-12-31,6200000.0,0000017843-24-000003,2024.0,Q2,10-Q,2024-01-25,NetIncomeLoss,0,USD,us-gaap,92,2024-01-26,CY2022Q4,,,https://www.sec.gov/Archives/edgar/data/17843/000001784324000003/
CRS,2026-09-18,quarter_eps,2023-01-26,same value as earliest filing,2022-10-01,2022-12-31,0.13,0000017843-24-000003,2024.0,Q2,10-Q,2024-01-25,EarningsPerShareDiluted,0,USD/shares,us-gaap,92,2024-01-26,CY2022Q4,,,https://www.sec.gov/Archives/edgar/data/17843/000001784324000003/
CRS,2026-09-18,quarter_revenue,2023-04-27,same value as earliest filing,2023-01-01,2023-03-31,690100000.0,0000017843-24-000006,2024.0,Q3,10-Q,2024-05-01,RevenueFromContractWithCustomerExcludingAssessedTax,0,USD,us-gaap,90,2024-05-02,CY2023Q1,,,https://www.sec.gov/Archives/edgar/data/17843/000001784324000006/
CRS,2026-09-18,quarter_operating_income,2023-04-27,same value as earliest filing,2023-01-01,2023-03-31,39300000.0,0000017843-24-000006,2024.0,Q3,10-Q,2024-05-01,OperatingIncomeLoss,0,USD,us-gaap,90,2024-05-02,CY2023Q1,,,https://www.sec.gov/Archives/edgar/data/17843/000001784324000006/
CRS,2026-09-18,quarter_net_income,2023-04-27,same value as earliest filing,2023-01-01,2023-03-31,18600000.0,0000017843-24-000006,2024.0,Q3,10-Q,2024-05-01,NetIncomeLoss,0,USD,us-gaap,90,2024-05-02,CY2023Q1,,,https://www.sec.gov/Archives/edgar/data/17843/000001784324000006/
CRS,2026-09-18,quarter_eps,2023-04-27,same value as earliest filing,2023-01-01,2023-03-31,0.38,0000017843-24-000006,2024.0,Q3,10-Q,2024-05-01,EarningsPerShareDiluted,0,USD/shares,us-gaap,90,2024-05-02,CY2023Q1,,,https://www.sec.gov/Archives/edgar/data/17843/000001784324000006/
CRS,2026-09-18,quarter_revenue,2023-08-11,same value as earliest filing,2023-04-01,2023-06-30,1836300000.0,0000017843-23-000021,2023.0,FY,10-K,2023-08-11,RevenueFromContractWithCustomerExcludingAssessedTax,0,USD,us-gaap,91,2023-08-14,CY2023Q2,,,https://www.sec.gov/Archives/edgar/data/17843/000001784323000021/
CRS,2026-09-18,quarter_revenue,2023-10-26,same value as earliest filing,2023-07-01,2023-09-30,651900000.0,0000017843-24-000017,2025.0,Q1,10-Q,2024-10-24,RevenueFromContractWithCustomerExcludingAssessedTax,0,USD,us-gaap,92,2024-10-25,CY2023Q3,,,https://www.sec.gov/Archives/edgar/data/17843/000001784324000017/
CRS,2026-09-18,quarter_operating_income,2023-10-26,same value as earliest filing,2023-07-01,2023-09-30,69000000.0,0000017843-24-000017,2025.0,Q1,10-Q,2024-10-24,OperatingIncomeLoss,0,USD,us-gaap,92,2024-10-25,CY2023Q3,,,https://www.sec.gov/Archives/edgar/data/17843/000001784324000017/
CRS,2026-09-18,quarter_net_income,2023-10-26,same value as earliest filing,2023-07-01,2023-09-30,43900000.0,0000017843-24-000017,2025.0,Q1,10-Q,2024-10-24,NetIncomeLoss,0,USD,us-gaap,92,2024-10-25,CY2023Q3,,,https://www.sec.gov/Archives/edgar/data/17843/000001784324000017/
CRS,2026-09-18,quarter_eps,2023-10-26,same value as earliest filing,2023-07-01,2023-09-30,0.88,0000017843-24-000017,2025.0,Q1,10-Q,2024-10-24,EarningsPerShareDiluted,0,USD/shares,us-gaap,92,2024-10-25,CY2023Q3,,,https://www.sec.gov/Archives/edgar/data/17843/000001784324000017/
CRS,2026-09-18,quarter_revenue,2024-01-25,same value as earliest filing,2023-10-01,2023-12-31,624200000.0,0000017843-25-000003,2025.0,Q2,10-Q,2025-01-30,RevenueFromContractWithCustomerExcludingAssessedTax,0,USD,us-gaap,92,2025-01-31,CY2023Q4,,,https://www.sec.gov/Archives/edgar/data/17843/000001784325000003/
CRS,2026-09-18,quarter_operating_income,2024-01-25,same value as earliest filing,2023-10-01,2023-12-31,69800000.0,0000017843-25-000003,2025.0,Q2,10-Q,2025-01-30,OperatingIncomeLoss,0,USD,us-gaap,92,2025-01-31,CY2023Q4,,,https://www.sec.gov/Archives/edgar/data/17843/000001784325000003/
CRS,2026-09-18,quarter_net_income,2024-01-25,same value as earliest filing,2023-10-01,2023-12-31,42700000.0,0000017843-25-000003,2025.0,Q2,10-Q,2025-01-30,NetIncomeLoss,0,USD,us-gaap,92,2025-01-31,CY2023Q4,,,https://www.sec.gov/Archives/edgar/data/17843/000001784325000003/
CRS,2026-09-18,quarter_eps,2024-01-25,same value as earliest filing,2023-10-01,2023-12-31,0.85,0000017843-25-000003,2025.0,Q2,10-Q,2025-01-30,EarningsPerShareDiluted,0,USD/shares,us-gaap,92,2025-01-31,CY2023Q4,,,https://www.sec.gov/Archives/edgar/data/17843/000001784325000003/
CRS,2026-09-18,quarter_revenue,2024-05-01,same value as earliest filing,2024-01-01,2024-03-31,684900000.0,0000017843-25-000011,2025.0,Q3,10-Q,2025-04-24,RevenueFromContractWithCustomerExcludingAssessedTax,0,USD,us-gaap,91,2025-04-25,CY2024Q1,,,https://www.sec.gov/Archives/edgar/data/17843/000001784325000011/
CRS,2026-09-18,quarter_operating_income,2024-05-01,same value as earliest filing,2024-01-01,2024-03-31,75900000.0,0000017843-25-000011,2025.0,Q3,10-Q,2025-04-24,OperatingIncomeLoss,0,USD,us-gaap,91,2025-04-25,CY2024Q1,,,https://www.sec.gov/Archives/edgar/data/17843/000001784325000011/
CRS,2026-09-18,quarter_net_income,2024-05-01,same value as earliest filing,2024-01-01,2024-03-31,6300000.0,0000017843-25-000011,2025.0,Q3,10-Q,2025-04-24,NetIncomeLoss,0,USD,us-gaap,91,2025-04-25,CY2024Q1,,,https://www.sec.gov/Archives/edgar/data/17843/000001784325000011/
CRS,2026-09-18,quarter_eps,2024-05-01,same value as earliest filing,2024-01-01,2024-03-31,0.12,0000017843-25-000011,2025.0,Q3,10-Q,2025-04-24,EarningsPerShareDiluted,0,USD/shares,us-gaap,91,2025-04-25,CY2024Q1,,,https://www.sec.gov/Archives/edgar/data/17843/000001784325000011/
CRS,2026-09-18,quarter_revenue,2024-10-24,same value as earliest filing,2024-07-01,2024-09-30,717600000.0,0000017843-26-000034,2026.0,FY,10-K,2026-08-12,RevenueFromContractWithCustomerExcludingAssessedTax,0,USD,us-gaap,92,2026-08-13,CY2024Q3,,,https://www.sec.gov/Archives/edgar/data/17843/000001784326000034/
CRS,2026-09-18,quarter_operating_income,2024-10-24,same value as earliest filing,2024-07-01,2024-09-30,113600000.0,0000017843-26-000034,2026.0,FY,10-K,2026-08-12,OperatingIncomeLoss,0,USD,us-gaap,92,2026-08-13,CY2024Q3,,,https://www.sec.gov/Archives/edgar/data/17843/000001784326000034/
CRS,2026-09-18,quarter_net_income,2024-10-24,same value as earliest filing,2024-07-01,2024-09-30,84800000.0,0000017843-26-000034,2026.0,FY,10-K,2026-08-12,NetIncomeLoss,0,USD,us-gaap,92,2026-08-13,CY2024Q3,,,https://www.sec.gov/Archives/edgar/data/17843/000001784326000034/
CRS,2026-09-18,quarter_eps,2024-10-24,same value as earliest filing,2024-07-01,2024-09-30,1.67,0000017843-26-000034,2026.0,FY,10-K,2026-08-12,EarningsPerShareDiluted,0,USD/shares,us-gaap,92,2026-08-13,CY2024Q3,,,https://www.sec.gov/Archives/edgar/data/17843/000001784326000034/
CRS,2026-09-18,quarter_revenue,2025-01-30,same value as earliest filing,2024-10-01,2024-12-31,676900000.0,0000017843-26-000034,2026.0,FY,10-K,2026-08-12,RevenueFromContractWithCustomerExcludingAssessedTax,0,USD,us-gaap,92,2026-08-13,CY2024Q4,,,https://www.sec.gov/Archives/edgar/data/17843/000001784326000034/
CRS,2026-09-18,quarter_operating_income,2025-01-30,same value as earliest filing,2024-10-01,2024-12-31,118900000.0,0000017843-26-000034,2026.0,FY,10-K,2026-08-12,OperatingIncomeLoss,0,USD,us-gaap,92,2026-08-13,CY2024Q4,,,https://www.sec.gov/Archives/edgar/data/17843/000001784326000034/
CRS,2026-09-18,quarter_net_income,2025-01-30,same value as earliest filing,2024-10-01,2024-12-31,84100000.0,0000017843-26-000034,2026.0,FY,10-K,2026-08-12,NetIncomeLoss,0,USD,us-gaap,92,2026-08-13,CY2024Q4,,,https://www.sec.gov/Archives/edgar/data/17843/000001784326000034/
CRS,2026-09-18,quarter_eps,2025-01-30,same value as earliest filing,2024-10-01,2024-12-31,1.66,0000017843-26-000034,2026.0,FY,10-K,2026-08-12,EarningsPerShareDiluted,0,USD/shares,us-gaap,92,2026-08-13,CY2024Q4,,,https://www.sec.gov/Archives/edgar/data/17843/000001784326000034/
CRS,2026-09-18,quarter_revenue,2025-04-24,same value as earliest filing,2025-01-01,2025-03-31,727000000.0,0000017843-26-000034,2026.0,FY,10-K,2026-08-12,RevenueFromContractWithCustomerExcludingAssessedTax,0,USD,us-gaap,90,2026-08-13,CY2025Q1,,,https://www.sec.gov/Archives/edgar/data/17843/000001784326000034/
CRS,2026-09-18,quarter_operating_income,2025-04-24,same value as earliest filing,2025-01-01,2025-03-31,137800000.0,0000017843-26-000034,2026.0,FY,10-K,2026-08-12,OperatingIncomeLoss,0,USD,us-gaap,90,2026-08-13,CY2025Q1,,,https://www.sec.gov/Archives/edgar/data/17843/000001784326000034/
CRS,2026-09-18,quarter_net_income,2025-04-24,same value as earliest filing,2025-01-01,2025-03-31,95400000.0,0000017843-26-000034,2026.0,FY,10-K,2026-08-12,NetIncomeLoss,0,USD,us-gaap,90,2026-08-13,CY2025Q1,,,https://www.sec.gov/Archives/edgar/data/17843/000001784326000034/
CRS,2026-09-18,quarter_eps,2025-04-24,same value as earliest filing,2025-01-01,2025-03-31,1.88,0000017843-26-000034,2026.0,FY,10-K,2026-08-12,EarningsPerShareDiluted,0,USD/shares,us-gaap,90,2026-08-13,CY2025Q1,,,https://www.sec.gov/Archives/edgar/data/17843/000001784326000034/
CRS,2026-09-18,quarter_revenue,2026-08-12,same value as earliest filing,2025-04-01,2025-06-30,755600000.0,0000017843-26-000034,2026.0,FY,10-K,2026-08-12,RevenueFromContractWithCustomerExcludingAssessedTax,0,USD,us-gaap,91,2026-08-13,CY2025Q2,,,https://www.sec.gov/Archives/edgar/data/17843/000001784326000034/
CRS,2026-09-18,quarter_operating_income,2026-08-12,same value as earliest filing,2025-04-01,2025-06-30,151400000.0,0000017843-26-000034,2026.0,FY,10-K,2026-08-12,OperatingIncomeLoss,0,USD,us-gaap,91,2026-08-13,CY2025Q2,,,https://www.sec.gov/Archives/edgar/data/17843/000001784326000034/
CRS,2026-09-18,quarter_net_income,2026-08-12,same value as earliest filing,2025-04-01,2025-06-30,111700000.0,0000017843-26-000034,2026.0,FY,10-K,2026-08-12,NetIncomeLoss,0,USD,us-gaap,91,2026-08-13,CY2025Q2,,,https://www.sec.gov/Archives/edgar/data/17843/000001784326000034/
CRS,2026-09-18,quarter_eps,2026-08-12,same value as earliest filing,2025-04-01,2025-06-30,2.21,0000017843-26-000034,2026.0,FY,10-K,2026-08-12,EarningsPerShareDiluted,0,USD/shares,us-gaap,91,2026-08-13,CY2025Q2,,,https://www.sec.gov/Archives/edgar/data/17843/000001784326000034/
CRS,2026-09-18,quarter_revenue,2025-10-23,same value as earliest filing,2025-07-01,2025-09-30,733700000.0,0000017843-26-000034,2026.0,FY,10-K,2026-08-12,RevenueFromContractWithCustomerExcludingAssessedTax,0,USD,us-gaap,92,2026-08-13,CY2025Q3,,,https://www.sec.gov/Archives/edgar/data/17843/000001784326000034/
CRS,2026-09-18,quarter_operating_income,2025-10-23,same value as earliest filing,2025-07-01,2025-09-30,153300000.0,0000017843-26-000034,2026.0,FY,10-K,2026-08-12,OperatingIncomeLoss,0,USD,us-gaap,92,2026-08-13,CY2025Q3,,,https://www.sec.gov/Archives/edgar/data/17843/000001784326000034/
CRS,2026-09-18,quarter_net_income,2025-10-23,same value as earliest filing,2025-07-01,2025-09-30,122500000.0,0000017843-26-000034,2026.0,FY,10-K,2026-08-12,NetIncomeLoss,0,USD,us-gaap,92,2026-08-13,CY2025Q3,,,https://www.sec.gov/Archives/edgar/data/17843/000001784326000034/
CRS,2026-09-18,quarter_eps,2025-10-23,same value as earliest filing,2025-07-01,2025-09-30,2.43,0000017843-26-000034,2026.0,FY,10-K,2026-08-12,EarningsPerShareDiluted,0,USD/shares,us-gaap,92,2026-08-13,CY2025Q3,,,https://www.sec.gov/Archives/edgar/data/17843/000001784326000034/
CRS,2026-09-18,quarter_revenue,2026-01-29,same value as earliest filing,2025-10-01,2025-12-31,728000000.0,0000017843-26-000034,2026.0,FY,10-K,2026-08-12,RevenueFromContractWithCustomerExcludingAssessedTax,0,USD,us-gaap,92,2026-08-13,CY2025Q4,,,https://www.sec.gov/Archives/edgar/data/17843/000001784326000034/
CRS,2026-09-18,quarter_operating_income,2026-01-29,same value as earliest filing,2025-10-01,2025-12-31,155200000.0,0000017843-26-000034,2026.0,FY,10-K,2026-08-12,OperatingIncomeLoss,0,USD,us-gaap,92,2026-08-13,CY2025Q4,,,https://www.sec.gov/Archives/edgar/data/17843/000001784326000034/
CRS,2026-09-18,quarter_net_income,2026-01-29,same value as earliest filing,2025-10-01,2025-12-31,105300000.0,0000017843-26-000034,2026.0,FY,10-K,2026-08-12,NetIncomeLoss,0,USD,us-gaap,92,2026-08-13,CY2025Q4,,,https://www.sec.gov/Archives/edgar/data/17843/000001784326000034/
CRS,2026-09-18,quarter_eps,2026-01-29,same value as earliest filing,2025-10-01,2025-12-31,2.09,0000017843-26-000034,2026.0,FY,10-K,2026-08-12,EarningsPerShareDiluted,0,USD/shares,us-gaap,92,2026-08-13,CY2025Q4,,,https://www.sec.gov/Archives/edgar/data/17843/000001784326000034/
CRS,2026-09-18,quarter_revenue,2026-04-29,same value as earliest filing,2026-01-01,2026-03-31,811500000.0,0000017843-26-000034,2026.0,FY,10-K,2026-08-12,RevenueFromContractWithCustomerExcludingAssessedTax,0,USD,us-gaap,90,2026-08-13,CY2026Q1,,,https://www.sec.gov/Archives/edgar/data/17843/000001784326000034/
CRS,2026-09-18,quarter_operating_income,2026-04-29,same value as earliest filing,2026-01-01,2026-03-31,186500000.0,0000017843-26-000034,2026.0,FY,10-K,2026-08-12,OperatingIncomeLoss,0,USD,us-gaap,90,2026-08-13,CY2026Q1,,,https://www.sec.gov/Archives/edgar/data/17843/000001784326000034/
CRS,2026-09-18,quarter_net_income,2026-04-29,same value as earliest filing,2026-01-01,2026-03-31,139600000.0,0000017843-26-000034,2026.0,FY,10-K,2026-08-12,NetIncomeLoss,0,USD,us-gaap,90,2026-08-13,CY2026Q1,,,https://www.sec.gov/Archives/edgar/data/17843/000001784326000034/
CRS,2026-09-18,quarter_eps,2026-04-29,same value as earliest filing,2026-01-01,2026-03-31,2.77,0000017843-26-000034,2026.0,FY,10-K,2026-08-12,EarningsPerShareDiluted,0,USD/shares,us-gaap,90,2026-08-13,CY2026Q1,,,https://www.sec.gov/Archives/edgar/data/17843/000001784326000034/
CRS,2026-09-18,quarter_revenue,2026-08-12,same value as earliest filing,2026-04-01,2026-06-30,851000000.0,0000017843-26-000034,2026.0,FY,10-K,2026-08-12,RevenueFromContractWithCustomerExcludingAssessedTax,0,USD,us-gaap,91,2026-08-13,CY2026Q2,,,https://www.sec.gov/Archives/edgar/data/17843/000001784326000034/
CRS,2026-09-18,quarter_operating_income,2026-08-12,same value as earliest filing,2026-04-01,2026-06-30,206900000.0,0000017843-26-000034,2026.0,FY,10-K,2026-08-12,OperatingIncomeLoss,0,USD,us-gaap,91,2026-08-13,CY2026Q2,,,https://www.sec.gov/Archives/edgar/data/17843/000001784326000034/
CRS,2026-09-18,quarter_net_income,2026-08-12,same value as earliest filing,2026-04-01,2026-06-30,162400000.0,0000017843-26-000034,2026.0,FY,10-K,2026-08-12,NetIncomeLoss,0,USD,us-gaap,91,2026-08-13,CY2026Q2,,,https://www.sec.gov/Archives/edgar/data/17843/000001784326000034/
CRS,2026-09-18,quarter_eps,2026-08-12,same value as earliest filing,2026-04-01,2026-06-30,3.23,0000017843-26-000034,2026.0,FY,10-K,2026-08-12,EarningsPerShareDiluted,0,USD/shares,us-gaap,91,2026-08-13,CY2026Q2,,,https://www.sec.gov/Archives/edgar/data/17843/000001784326000034/
ATI,2015-12-31,revenue,2015-02-26,same value as earliest filing,2014-01-01,2014-12-31,4223400000.0,0001018963-15-000005,2014.0,FY,10-K,2015-02-26,SalesRevenueGoodsNet,2,USD,us-gaap,365,2015-02-27,,,,https://www.sec.gov/Archives/edgar/data/1018963/000101896315000005/
ATI,2015-12-31,revenue,2015-10-29,same value as earliest filing,2015-01-01,2015-09-30,2980700000.0,0001018963-15-000045,2015.0,Q3,10-Q,2015-10-29,SalesRevenueGoodsNet,2,USD,us-gaap,273,2015-10-30,,,,https://www.sec.gov/Archives/edgar/data/1018963/000101896315000045/
ATI,2015-12-31,revenue,2015-10-29,same value as earliest filing,2015-01-01,2015-09-30,2980700000.0,0001018963-15-000045,2015.0,Q3,10-Q,2015-10-29,SalesRevenueGoodsNet,2,USD,us-gaap,273,2015-10-30,,,,https://www.sec.gov/Archives/edgar/data/1018963/000101896315000045/
ATI,2015-12-31,revenue,2014-10-31,same value as earliest filing,2014-01-01,2014-09-30,3175900000.0,0001018963-15-000045,2015.0,Q3,10-Q,2015-10-29,SalesRevenueGoodsNet,2,USD,us-gaap,273,2015-10-30,,,,https://www.sec.gov/Archives/edgar/data/1018963/000101896315000045/
ATI,2015-12-31,operating_income,2015-02-26,same value as earliest filing,2014-01-01,2014-12-31,106100000.0,0001018963-15-000005,2014.0,FY,10-K,2015-02-26,OperatingIncomeLoss,0,USD,us-gaap,365,2015-02-27,,,,https://www.sec.gov/Archives/edgar/data/1018963/000101896315000005/
ATI,2015-12-31,operating_income,2015-10-29,same value as earliest filing,2015-01-01,2015-09-30,-40200000.0,0001018963-15-000045,2015.0,Q3,10-Q,2015-10-29,OperatingIncomeLoss,0,USD,us-gaap,273,2015-10-30,,,,https://www.sec.gov/Archives/edgar/data/1018963/000101896315000045/
ATI,2015-12-31,operating_income,2015-10-29,same value as earliest filing,2015-01-01,2015-09-30,-40200000.0,0001018963-15-000045,2015.0,Q3,10-Q,2015-10-29,OperatingIncomeLoss,0,USD,us-gaap,273,2015-10-30,,,,https://www.sec.gov/Archives/edgar/data/1018963/000101896315000045/
ATI,2015-12-31,operating_income,2014-10-31,same value as earliest filing,2014-01-01,2014-09-30,54600000.0,0001018963-15-000045,2015.0,Q3,10-Q,2015-10-29,OperatingIncomeLoss,0,USD,us-gaap,273,2015-10-30,,,,https://www.sec.gov/Archives/edgar/data/1018963/000101896315000045/
ATI,2015-12-31,net_income,2015-02-26,same value as earliest filing,2014-01-01,2014-12-31,-2600000.0,0001018963-15-000005,2014.0,FY,10-K,2015-02-26,NetIncomeLoss,0,USD,us-gaap,365,2015-02-27,,,,https://www.sec.gov/Archives/edgar/data/1018963/000101896315000005/
ATI,2015-12-31,net_income,2015-10-29,same value as earliest filing,2015-01-01,2015-09-30,-151000000.0,0001018963-15-000045,2015.0,Q3,10-Q,2015-10-29,NetIncomeLoss,0,USD,us-gaap,273,2015-10-30,,,,https://www.sec.gov/Archives/edgar/data/1018963/000101896315000045/
ATI,2015-12-31,net_income,2015-10-29,same value as earliest filing,2015-01-01,2015-09-30,-151000000.0,0001018963-15-000045,2015.0,Q3,10-Q,2015-10-29,NetIncomeLoss,0,USD,us-gaap,273,2015-10-30,,,,https://www.sec.gov/Archives/edgar/data/1018963/000101896315000045/
ATI,2015-12-31,net_income,2014-10-31,same value as earliest filing,2014-01-01,2014-09-30,-24700000.0,0001018963-15-000045,2015.0,Q3,10-Q,2015-10-29,NetIncomeLoss,0,USD,us-gaap,273,2015-10-30,,,,https://www.sec.gov/Archives/edgar/data/1018963/000101896315000045/
ATI,2015-12-31,cfo,2015-02-26,same value as earliest filing,2014-01-01,2014-12-31,55900000.0,0001018963-15-000005,2014.0,FY,10-K,2015-02-26,NetCashProvidedByUsedInOperatingActivities,0,USD,us-gaap,365,2015-02-27,,,,https://www.sec.gov/Archives/edgar/data/1018963/000101896315000005/
ATI,2015-12-31,cfo,2015-10-29,same value as earliest filing,2015-01-01,2015-09-30,108900000.0,0001018963-15-000045,2015.0,Q3,10-Q,2015-10-29,NetCashProvidedByUsedInOperatingActivities,0,USD,us-gaap,273,2015-10-30,,,,https://www.sec.gov/Archives/edgar/data/1018963/000101896315000045/
ATI,2015-12-31,cfo,2015-10-29,same value as earliest filing,2015-01-01,2015-09-30,108900000.0,0001018963-15-000045,2015.0,Q3,10-Q,2015-10-29,NetCashProvidedByUsedInOperatingActivities,0,USD,us-gaap,273,2015-10-30,,,,https://www.sec.gov/Archives/edgar/data/1018963/000101896315000045/
ATI,2015-12-31,cfo,2014-10-31,same value as earliest filing,2014-01-01,2014-09-30,-38200000.0,0001018963-15-000045,2015.0,Q3,10-Q,2015-10-29,NetCashProvidedByUsedInOperatingActivities,0,USD,us-gaap,273,2015-10-30,,,,https://www.sec.gov/Archives/edgar/data/1018963/000101896315000045/
ATI,2015-12-31,equipment_capex,2015-02-26,same value as earliest filing,2014-01-01,2014-12-31,225700000.0,0001018963-15-000005,2014.0,FY,10-K,2015-02-26,PaymentsToAcquireProductiveAssets,2,USD,us-gaap,365,2015-02-27,,,,https://www.sec.gov/Archives/edgar/data/1018963/000101896315000005/
ATI,2015-12-31,equipment_capex,2015-10-29,same value as earliest filing,2015-01-01,2015-09-30,99500000.0,0001018963-15-000045,2015.0,Q3,10-Q,2015-10-29,PaymentsToAcquireProductiveAssets,2,USD,us-gaap,273,2015-10-30,,,,https://www.sec.gov/Archives/edgar/data/1018963/000101896315000045/
ATI,2015-12-31,equipment_capex,2015-10-29,same value as earliest filing,2015-01-01,2015-09-30,99500000.0,0001018963-15-000045,2015.0,Q3,10-Q,2015-10-29,PaymentsToAcquireProductiveAssets,2,USD,us-gaap,273,2015-10-30,,,,https://www.sec.gov/Archives/edgar/data/1018963/000101896315000045/
ATI,2015-12-31,equipment_capex,2014-10-31,same value as earliest filing,2014-01-01,2014-09-30,157500000.0,0001018963-15-000045,2015.0,Q3,10-Q,2015-10-29,PaymentsToAcquireProductiveAssets,2,USD,us-gaap,273,2015-10-30,,,,https://www.sec.gov/Archives/edgar/data/1018963/000101896315000045/
ATI,2015-12-31,da,2015-02-26,same value as earliest filing,2014-01-01,2014-12-31,176800000.0,0001018963-15-000005,2014.0,FY,10-K,2015-02-26,DepreciationDepletionAndAmortization,0,USD,us-gaap,365,2015-02-27,,,,https://www.sec.gov/Archives/edgar/data/1018963/000101896315000005/
ATI,2015-12-31,da,2015-10-29,same value as earliest filing,2015-01-01,2015-09-30,141400000.0,0001018963-15-000045,2015.0,Q3,10-Q,2015-10-29,DepreciationDepletionAndAmortization,0,USD,us-gaap,273,2015-10-30,,,,https://www.sec.gov/Archives/edgar/data/1018963/000101896315000045/
ATI,2015-12-31,da,2015-10-29,same value as earliest filing,2015-01-01,2015-09-30,141400000.0,0001018963-15-000045,2015.0,Q3,10-Q,2015-10-29,DepreciationDepletionAndAmortization,0,USD,us-gaap,273,2015-10-30,,,,https://www.sec.gov/Archives/edgar/data/1018963/000101896315000045/
ATI,2015-12-31,da,2014-10-31,same value as earliest filing,2014-01-01,2014-09-30,131600000.0,0001018963-15-000045,2015.0,Q3,10-Q,2015-10-29,DepreciationDepletionAndAmortization,0,USD,us-gaap,273,2015-10-30,,,,https://www.sec.gov/Archives/edgar/data/1018963/000101896315000045/
ATI,2015-12-31,rolling_disclosed_diluted_eps,2015-02-26,same value as earliest filing,2014-01-01,2014-12-31,-0.03,0001018963-15-000005,2014.0,FY,10-K,2015-02-26,EarningsPerShareDiluted,0,USD/shares,us-gaap,365,2015-02-27,,,,https://www.sec.gov/Archives/edgar/data/1018963/000101896315000005/
ATI,2015-12-31,rolling_disclosed_diluted_eps,2015-10-29,same value as earliest filing,2015-01-01,2015-09-30,-1.41,0001018963-15-000045,2015.0,Q3,10-Q,2015-10-29,EarningsPerShareDiluted,0,USD/shares,us-gaap,273,2015-10-30,,,,https://www.sec.gov/Archives/edgar/data/1018963/000101896315000045/
ATI,2015-12-31,rolling_disclosed_diluted_eps,2015-10-29,same value as earliest filing,2015-01-01,2015-09-30,-1.41,0001018963-15-000045,2015.0,Q3,10-Q,2015-10-29,EarningsPerShareDiluted,0,USD/shares,us-gaap,273,2015-10-30,,,,https://www.sec.gov/Archives/edgar/data/1018963/000101896315000045/
ATI,2015-12-31,rolling_disclosed_diluted_eps,2014-10-31,same value as earliest filing,2014-01-01,2014-09-30,-0.23,0001018963-15-000045,2015.0,Q3,10-Q,2015-10-29,EarningsPerShareDiluted,0,USD/shares,us-gaap,273,2015-10-30,,,,https://www.sec.gov/Archives/edgar/data/1018963/000101896315000045/
ATI,2015-12-31,actual_shares,2015-10-29,same value as earliest filing,,2015-10-23,109208000.0,0001018963-15-000045,2015.0,Q3,10-Q,2015-10-29,EntityCommonStockSharesOutstanding,0,shares,dei,0,2015-10-30,CY2015Q3I,,,https://www.sec.gov/Archives/edgar/data/1018963/000101896315000045/
ATI,2015-12-31,cash,2015-10-29,same value as earliest filing,,2015-09-30,197500000.0,0001018963-15-000045,2015.0,Q3,10-Q,2015-10-29,CashAndCashEquivalentsAtCarryingValue,0,USD,us-gaap,0,2015-10-30,,,,https://www.sec.gov/Archives/edgar/data/1018963/000101896315000045/
ATI,2015-12-31,assets,2015-10-29,same value as earliest filing,,2015-09-30,6161100000.0,0001018963-15-000045,2015.0,Q3,10-Q,2015-10-29,Assets,0,USD,us-gaap,0,2015-10-30,CY2015Q3I,,,https://www.sec.gov/Archives/edgar/data/1018963/000101896315000045/
ATI,2015-12-31,equity,2015-10-29,same value as earliest filing,,2015-09-30,2405700000.0,0001018963-15-000045,2015.0,Q3,10-Q,2015-10-29,StockholdersEquity,0,USD,us-gaap,0,2015-10-30,CY2015Q3I,,,https://www.sec.gov/Archives/edgar/data/1018963/000101896315000045/
ATI,2020-12-31,revenue,2020-02-25,same value as earliest filing,2019-01-01,2019-12-31,4122500000.0,0001018963-20-000004,2019.0,FY,10-K,2020-02-25,RevenueFromContractWithCustomerExcludingAssessedTax,0,USD,us-gaap,365,2020-02-26,,,,https://www.sec.gov/Archives/edgar/data/1018963/000101896320000004/
ATI,2020-12-31,revenue,2020-10-29,same value as earliest filing,2020-01-01,2020-09-30,2323800000.0,0001628280-20-015070,2020.0,Q3,10-Q,2020-10-29,RevenueFromContractWithCustomerExcludingAssessedTax,0,USD,us-gaap,274,2020-10-30,,,,https://www.sec.gov/Archives/edgar/data/1018963/000162828020015070/
ATI,2020-12-31,revenue,2020-10-29,same value as earliest filing,2020-01-01,2020-09-30,2323800000.0,0001628280-20-015070,2020.0,Q3,10-Q,2020-10-29,RevenueFromContractWithCustomerExcludingAssessedTax,0,USD,us-gaap,274,2020-10-30,,,,https://www.sec.gov/Archives/edgar/data/1018963/000162828020015070/
ATI,2020-12-31,revenue,2019-11-01,same value as earliest filing,2019-01-01,2019-09-30,3103900000.0,0001628280-20-015070,2020.0,Q3,10-Q,2020-10-29,RevenueFromContractWithCustomerExcludingAssessedTax,0,USD,us-gaap,273,2020-10-30,,,,https://www.sec.gov/Archives/edgar/data/1018963/000162828020015070/
ATI,2020-12-31,operating_income,2020-02-25,same value as earliest filing,2019-01-01,2019-12-31,366100000.0,0001018963-20-000004,2019.0,FY,10-K,2020-02-25,OperatingIncomeLoss,0,USD,us-gaap,365,2020-02-26,,,,https://www.sec.gov/Archives/edgar/data/1018963/000101896320000004/
ATI,2020-12-31,operating_income,2020-10-29,same value as earliest filing,2020-01-01,2020-09-30,-214600000.0,0001628280-20-015070,2020.0,Q3,10-Q,2020-10-29,OperatingIncomeLoss,0,USD,us-gaap,274,2020-10-30,,,,https://www.sec.gov/Archives/edgar/data/1018963/000162828020015070/
ATI,2020-12-31,operating_income,2020-10-29,same value as earliest filing,2020-01-01,2020-09-30,-214600000.0,0001628280-20-015070,2020.0,Q3,10-Q,2020-10-29,OperatingIncomeLoss,0,USD,us-gaap,274,2020-10-30,,,,https://www.sec.gov/Archives/edgar/data/1018963/000162828020015070/
ATI,2020-12-31,operating_income,2019-11-01,same value as earliest filing,2019-01-01,2019-09-30,267600000.0,0001628280-20-015070,2020.0,Q3,10-Q,2020-10-29,OperatingIncomeLoss,0,USD,us-gaap,273,2020-10-30,,,,https://www.sec.gov/Archives/edgar/data/1018963/000162828020015070/
ATI,2020-12-31,net_income,2020-02-25,same value as earliest filing,2019-01-01,2019-12-31,257600000.0,0001018963-20-000004,2019.0,FY,10-K,2020-02-25,NetIncomeLoss,0,USD,us-gaap,365,2020-02-26,,,,https://www.sec.gov/Archives/edgar/data/1018963/000101896320000004/
ATI,2020-12-31,net_income,2020-10-29,same value as earliest filing,2020-01-01,2020-09-30,-451600000.0,0001628280-20-015070,2020.0,Q3,10-Q,2020-10-29,NetIncomeLoss,0,USD,us-gaap,274,2020-10-30,,,,https://www.sec.gov/Archives/edgar/data/1018963/000162828020015070/
ATI,2020-12-31,net_income,2020-10-29,same value as earliest filing,2020-01-01,2020-09-30,-451600000.0,0001628280-20-015070,2020.0,Q3,10-Q,2020-10-29,NetIncomeLoss,0,USD,us-gaap,274,2020-10-30,,,,https://www.sec.gov/Archives/edgar/data/1018963/000162828020015070/
ATI,2020-12-31,net_income,2019-11-01,same value as earliest filing,2019-01-01,2019-09-30,201100000.0,0001628280-20-015070,2020.0,Q3,10-Q,2020-10-29,NetIncomeLoss,0,USD,us-gaap,273,2020-10-30,,,,https://www.sec.gov/Archives/edgar/data/1018963/000162828020015070/
ATI,2020-12-31,cfo,2020-02-25,same value as earliest filing,2019-01-01,2019-12-31,230100000.0,0001018963-20-000004,2019.0,FY,10-K,2020-02-25,NetCashProvidedByUsedInOperatingActivities,0,USD,us-gaap,365,2020-02-26,,,,https://www.sec.gov/Archives/edgar/data/1018963/000101896320000004/
ATI,2020-12-31,cfo,2020-10-29,same value as earliest filing,2020-01-01,2020-09-30,45000000.0,0001628280-20-015070,2020.0,Q3,10-Q,2020-10-29,NetCashProvidedByUsedInOperatingActivities,0,USD,us-gaap,274,2020-10-30,,,,https://www.sec.gov/Archives/edgar/data/1018963/000162828020015070/
ATI,2020-12-31,cfo,2020-10-29,same value as earliest filing,2020-01-01,2020-09-30,45000000.0,0001628280-20-015070,2020.0,Q3,10-Q,2020-10-29,NetCashProvidedByUsedInOperatingActivities,0,USD,us-gaap,274,2020-10-30,,,,https://www.sec.gov/Archives/edgar/data/1018963/000162828020015070/
ATI,2020-12-31,cfo,2019-11-01,same value as earliest filing,2019-01-01,2019-09-30,-10000000.0,0001628280-20-015070,2020.0,Q3,10-Q,2020-10-29,NetCashProvidedByUsedInOperatingActivities,0,USD,us-gaap,273,2020-10-30,,,,https://www.sec.gov/Archives/edgar/data/1018963/000162828020015070/
ATI,2020-12-31,equipment_capex,2020-02-25,same value as earliest filing,2019-01-01,2019-12-31,168200000.0,0001018963-20-000004,2019.0,FY,10-K,2020-02-25,PaymentsToAcquireProductiveAssets,2,USD,us-gaap,365,2020-02-26,,,,https://www.sec.gov/Archives/edgar/data/1018963/000101896320000004/
ATI,2020-12-31,equipment_capex,2020-10-29,same value as earliest filing,2020-01-01,2020-09-30,94600000.0,0001628280-20-015070,2020.0,Q3,10-Q,2020-10-29,PaymentsToAcquireProductiveAssets,2,USD,us-gaap,274,2020-10-30,,,,https://www.sec.gov/Archives/edgar/data/1018963/000162828020015070/
ATI,2020-12-31,equipment_capex,2020-10-29,same value as earliest filing,2020-01-01,2020-09-30,94600000.0,0001628280-20-015070,2020.0,Q3,10-Q,2020-10-29,PaymentsToAcquireProductiveAssets,2,USD,us-gaap,274,2020-10-30,,,,https://www.sec.gov/Archives/edgar/data/1018963/000162828020015070/
ATI,2020-12-31,equipment_capex,2019-11-01,same value as earliest filing,2019-01-01,2019-09-30,98100000.0,0001628280-20-015070,2020.0,Q3,10-Q,2020-10-29,PaymentsToAcquireProductiveAssets,2,USD,us-gaap,273,2020-10-30,,,,https://www.sec.gov/Archives/edgar/data/1018963/000162828020015070/
ATI,2020-12-31,da,2020-02-25,same value as earliest filing,2019-01-01,2019-12-31,151100000.0,0001018963-20-000004,2019.0,FY,10-K,2020-02-25,DepreciationDepletionAndAmortization,0,USD,us-gaap,365,2020-02-26,,,,https://www.sec.gov/Archives/edgar/data/1018963/000101896320000004/
ATI,2020-12-31,da,2020-10-29,same value as earliest filing,2020-01-01,2020-09-30,108300000.0,0001628280-20-015070,2020.0,Q3,10-Q,2020-10-29,DepreciationDepletionAndAmortization,0,USD,us-gaap,274,2020-10-30,,,,https://www.sec.gov/Archives/edgar/data/1018963/000162828020015070/
ATI,2020-12-31,da,2020-10-29,same value as earliest filing,2020-01-01,2020-09-30,108300000.0,0001628280-20-015070,2020.0,Q3,10-Q,2020-10-29,DepreciationDepletionAndAmortization,0,USD,us-gaap,274,2020-10-30,,,,https://www.sec.gov/Archives/edgar/data/1018963/000162828020015070/
ATI,2020-12-31,da,2019-11-01,same value as earliest filing,2019-01-01,2019-09-30,114600000.0,0001628280-20-015070,2020.0,Q3,10-Q,2020-10-29,DepreciationDepletionAndAmortization,0,USD,us-gaap,273,2020-10-30,,,,https://www.sec.gov/Archives/edgar/data/1018963/000162828020015070/
ATI,2020-12-31,rolling_disclosed_diluted_eps,2020-02-25,same value as earliest filing,2019-01-01,2019-12-31,1.85,0001018963-20-000004,2019.0,FY,10-K,2020-02-25,EarningsPerShareDiluted,0,USD/shares,us-gaap,365,2020-02-26,,,,https://www.sec.gov/Archives/edgar/data/1018963/000101896320000004/
ATI,2020-12-31,rolling_disclosed_diluted_eps,2020-10-29,same value as earliest filing,2020-01-01,2020-09-30,-3.57,0001628280-20-015070,2020.0,Q3,10-Q,2020-10-29,EarningsPerShareDiluted,0,USD/shares,us-gaap,274,2020-10-30,,,,https://www.sec.gov/Archives/edgar/data/1018963/000162828020015070/
ATI,2020-12-31,rolling_disclosed_diluted_eps,2020-10-29,same value as earliest filing,2020-01-01,2020-09-30,-3.57,0001628280-20-015070,2020.0,Q3,10-Q,2020-10-29,EarningsPerShareDiluted,0,USD/shares,us-gaap,274,2020-10-30,,,,https://www.sec.gov/Archives/edgar/data/1018963/000162828020015070/
ATI,2020-12-31,rolling_disclosed_diluted_eps,2019-11-01,same value as earliest filing,2019-01-01,2019-09-30,1.44,0001628280-20-015070,2020.0,Q3,10-Q,2020-10-29,EarningsPerShareDiluted,0,USD/shares,us-gaap,273,2020-10-30,,,,https://www.sec.gov/Archives/edgar/data/1018963/000162828020015070/
ATI,2020-12-31,actual_shares,2020-10-29,same value as earliest filing,,2020-10-16,126816444.0,0001628280-20-015070,2020.0,Q3,10-Q,2020-10-29,EntityCommonStockSharesOutstanding,0,shares,dei,0,2020-10-30,CY2020Q3I,,,https://www.sec.gov/Archives/edgar/data/1018963/000162828020015070/
ATI,2020-12-31,cash,2020-10-29,same value as earliest filing,,2020-09-30,572200000.0,0001628280-20-015070,2020.0,Q3,10-Q,2020-10-29,CashAndCashEquivalentsAtCarryingValue,0,USD,us-gaap,0,2020-10-30,CY2020Q3I,,,https://www.sec.gov/Archives/edgar/data/1018963/000162828020015070/
ATI,2020-12-31,assets,2020-10-29,same value as earliest filing,,2020-09-30,5063900000.0,0001628280-20-015070,2020.0,Q3,10-Q,2020-10-29,Assets,0,USD,us-gaap,0,2020-10-30,CY2020Q3I,,,https://www.sec.gov/Archives/edgar/data/1018963/000162828020015070/
ATI,2020-12-31,equity,2020-10-29,same value as earliest filing,,2020-09-30,1733700000.0,0001628280-20-015070,2020.0,Q3,10-Q,2020-10-29,StockholdersEquity,0,USD,us-gaap,0,2020-10-30,CY2020Q3I,,,https://www.sec.gov/Archives/edgar/data/1018963/000162828020015070/
ATI,2025-12-31,revenue,2025-02-21,same value as earliest filing,2024-01-01,2024-12-29,4362100000.0,0001628280-25-007092,2024.0,FY,10-K,2025-02-21,RevenueFromContractWithCustomerExcludingAssessedTax,0,USD,us-gaap,364,2025-02-24,,,,https://www.sec.gov/Archives/edgar/data/1018963/000162828025007092/
ATI,2025-12-31,revenue,2025-10-28,same value as earliest filing,2024-12-30,2025-09-28,3410300000.0,0001628280-25-046675,2025.0,Q3,10-Q,2025-10-28,RevenueFromContractWithCustomerExcludingAssessedTax,0,USD,us-gaap,273,2025-10-29,,,,https://www.sec.gov/Archives/edgar/data/1018963/000162828025046675/
ATI,2025-12-31,revenue,2025-10-28,same value as earliest filing,2024-12-30,2025-09-28,3410300000.0,0001628280-25-046675,2025.0,Q3,10-Q,2025-10-28,RevenueFromContractWithCustomerExcludingAssessedTax,0,USD,us-gaap,273,2025-10-29,,,,https://www.sec.gov/Archives/edgar/data/1018963/000162828025046675/
ATI,2025-12-31,revenue,2024-10-29,same value as earliest filing,2024-01-01,2024-09-29,3189400000.0,0001628280-25-046675,2025.0,Q3,10-Q,2025-10-28,RevenueFromContractWithCustomerExcludingAssessedTax,0,USD,us-gaap,273,2025-10-29,,,,https://www.sec.gov/Archives/edgar/data/1018963/000162828025046675/
ATI,2025-12-31,operating_income,2025-02-21,same value as earliest filing,2024-01-01,2024-12-29,608900000.0,0001628280-25-007092,2024.0,FY,10-K,2025-02-21,OperatingIncomeLoss,0,USD,us-gaap,364,2025-02-24,,,,https://www.sec.gov/Archives/edgar/data/1018963/000162828025007092/
ATI,2025-12-31,operating_income,2025-10-28,same value as earliest filing,2024-12-30,2025-09-28,470300000.0,0001628280-25-046675,2025.0,Q3,10-Q,2025-10-28,OperatingIncomeLoss,0,USD,us-gaap,273,2025-10-29,,,,https://www.sec.gov/Archives/edgar/data/1018963/000162828025046675/
ATI,2025-12-31,operating_income,2025-10-28,same value as earliest filing,2024-12-30,2025-09-28,470300000.0,0001628280-25-046675,2025.0,Q3,10-Q,2025-10-28,OperatingIncomeLoss,0,USD,us-gaap,273,2025-10-29,,,,https://www.sec.gov/Archives/edgar/data/1018963/000162828025046675/
ATI,2025-12-31,operating_income,2024-10-29,same value as earliest filing,2024-01-01,2024-09-29,400000000.0,0001628280-25-046675,2025.0,Q3,10-Q,2025-10-28,OperatingIncomeLoss,0,USD,us-gaap,273,2025-10-29,,,,https://www.sec.gov/Archives/edgar/data/1018963/000162828025046675/
ATI,2025-12-31,net_income,2025-02-21,same value as earliest filing,2024-01-01,2024-12-29,367800000.0,0001628280-25-007092,2024.0,FY,10-K,2025-02-21,NetIncomeLoss,0,USD,us-gaap,364,2025-02-24,,,,https://www.sec.gov/Archives/edgar/data/1018963/000162828025007092/
ATI,2025-12-31,net_income,2025-10-28,same value as earliest filing,2024-12-30,2025-09-28,307700000.0,0001628280-25-046675,2025.0,Q3,10-Q,2025-10-28,NetIncomeLoss,0,USD,us-gaap,273,2025-10-29,,,,https://www.sec.gov/Archives/edgar/data/1018963/000162828025046675/
ATI,2025-12-31,net_income,2025-10-28,same value as earliest filing,2024-12-30,2025-09-28,307700000.0,0001628280-25-046675,2025.0,Q3,10-Q,2025-10-28,NetIncomeLoss,0,USD,us-gaap,273,2025-10-29,,,,https://www.sec.gov/Archives/edgar/data/1018963/000162828025046675/
ATI,2025-12-31,net_income,2024-10-29,same value as earliest filing,2024-01-01,2024-09-29,230700000.0,0001628280-25-046675,2025.0,Q3,10-Q,2025-10-28,NetIncomeLoss,0,USD,us-gaap,273,2025-10-29,,,,https://www.sec.gov/Archives/edgar/data/1018963/000162828025046675/
ATI,2025-12-31,cfo,2025-02-21,same value as earliest filing,2024-01-01,2024-12-29,407200000.0,0001628280-25-007092,2024.0,FY,10-K,2025-02-21,NetCashProvidedByUsedInOperatingActivities,0,USD,us-gaap,364,2025-02-24,,,,https://www.sec.gov/Archives/edgar/data/1018963/000162828025007092/
ATI,2025-12-31,cfo,2025-10-28,same value as earliest filing,2024-12-30,2025-09-28,298500000.0,0001628280-25-046675,2025.0,Q3,10-Q,2025-10-28,NetCashProvidedByUsedInOperatingActivities,0,USD,us-gaap,273,2025-10-29,,,,https://www.sec.gov/Archives/edgar/data/1018963/000162828025046675/
ATI,2025-12-31,cfo,2025-10-28,same value as earliest filing,2024-12-30,2025-09-28,298500000.0,0001628280-25-046675,2025.0,Q3,10-Q,2025-10-28,NetCashProvidedByUsedInOperatingActivities,0,USD,us-gaap,273,2025-10-29,,,,https://www.sec.gov/Archives/edgar/data/1018963/000162828025046675/
ATI,2025-12-31,cfo,2024-10-29,same value as earliest filing,2024-01-01,2024-09-29,26300000.0,0001628280-25-046675,2025.0,Q3,10-Q,2025-10-28,NetCashProvidedByUsedInOperatingActivities,0,USD,us-gaap,273,2025-10-29,,,,https://www.sec.gov/Archives/edgar/data/1018963/000162828025046675/
ATI,2025-12-31,equipment_capex,2025-02-21,same value as earliest filing,2024-01-01,2024-12-29,239100000.0,0001628280-25-007092,2024.0,FY,10-K,2025-02-21,PaymentsToAcquireProductiveAssets,2,USD,us-gaap,364,2025-02-24,,,,https://www.sec.gov/Archives/edgar/data/1018963/000162828025007092/
ATI,2025-12-31,equipment_capex,2025-10-28,same value as earliest filing,2024-12-30,2025-09-28,187900000.0,0001628280-25-046675,2025.0,Q3,10-Q,2025-10-28,PaymentsToAcquireProductiveAssets,2,USD,us-gaap,273,2025-10-29,,,,https://www.sec.gov/Archives/edgar/data/1018963/000162828025046675/
ATI,2025-12-31,equipment_capex,2025-10-28,same value as earliest filing,2024-12-30,2025-09-28,187900000.0,0001628280-25-046675,2025.0,Q3,10-Q,2025-10-28,PaymentsToAcquireProductiveAssets,2,USD,us-gaap,273,2025-10-29,,,,https://www.sec.gov/Archives/edgar/data/1018963/000162828025046675/
ATI,2025-12-31,equipment_capex,2024-10-29,same value as earliest filing,2024-01-01,2024-09-29,191800000.0,0001628280-25-046675,2025.0,Q3,10-Q,2025-10-28,PaymentsToAcquireProductiveAssets,2,USD,us-gaap,273,2025-10-29,,,,https://www.sec.gov/Archives/edgar/data/1018963/000162828025046675/
ATI,2025-12-31,da,2025-02-21,same value as earliest filing,2024-01-01,2024-12-29,151500000.0,0001628280-25-007092,2024.0,FY,10-K,2025-02-21,DepreciationDepletionAndAmortization,0,USD,us-gaap,364,2025-02-24,,,,https://www.sec.gov/Archives/edgar/data/1018963/000162828025007092/
ATI,2025-12-31,da,2025-10-28,same value as earliest filing,2024-12-30,2025-09-28,125000000.0,0001628280-25-046675,2025.0,Q3,10-Q,2025-10-28,DepreciationDepletionAndAmortization,0,USD,us-gaap,273,2025-10-29,,,,https://www.sec.gov/Archives/edgar/data/1018963/000162828025046675/
ATI,2025-12-31,da,2025-10-28,same value as earliest filing,2024-12-30,2025-09-28,125000000.0,0001628280-25-046675,2025.0,Q3,10-Q,2025-10-28,DepreciationDepletionAndAmortization,0,USD,us-gaap,273,2025-10-29,,,,https://www.sec.gov/Archives/edgar/data/1018963/000162828025046675/
ATI,2025-12-31,da,2024-10-29,same value as earliest filing,2024-01-01,2024-09-29,112400000.0,0001628280-25-046675,2025.0,Q3,10-Q,2025-10-28,DepreciationDepletionAndAmortization,0,USD,us-gaap,273,2025-10-29,,,,https://www.sec.gov/Archives/edgar/data/1018963/000162828025046675/
ATI,2025-12-31,rolling_disclosed_diluted_eps,2025-02-21,same value as earliest filing,2024-01-01,2024-12-29,2.55,0001628280-25-007092,2024.0,FY,10-K,2025-02-21,EarningsPerShareDiluted,0,USD/shares,us-gaap,364,2025-02-24,,,,https://www.sec.gov/Archives/edgar/data/1018963/000162828025007092/
ATI,2025-12-31,rolling_disclosed_diluted_eps,2025-10-28,same value as earliest filing,2024-12-30,2025-09-28,2.16,0001628280-25-046675,2025.0,Q3,10-Q,2025-10-28,EarningsPerShareDiluted,0,USD/shares,us-gaap,273,2025-10-29,,,,https://www.sec.gov/Archives/edgar/data/1018963/000162828025046675/
ATI,2025-12-31,rolling_disclosed_diluted_eps,2025-10-28,same value as earliest filing,2024-12-30,2025-09-28,2.16,0001628280-25-046675,2025.0,Q3,10-Q,2025-10-28,EarningsPerShareDiluted,0,USD/shares,us-gaap,273,2025-10-29,,,,https://www.sec.gov/Archives/edgar/data/1018963/000162828025046675/
ATI,2025-12-31,rolling_disclosed_diluted_eps,2024-10-29,same value as earliest filing,2024-01-01,2024-09-29,1.61,0001628280-25-046675,2025.0,Q3,10-Q,2025-10-28,EarningsPerShareDiluted,0,USD/shares,us-gaap,273,2025-10-29,,,,https://www.sec.gov/Archives/edgar/data/1018963/000162828025046675/
ATI,2025-12-31,actual_shares,2025-10-28,same value as earliest filing,,2025-10-10,135863661.0,0001628280-25-046675,2025.0,Q3,10-Q,2025-10-28,EntityCommonStockSharesOutstanding,0,shares,dei,0,2025-10-29,CY2025Q3I,,,https://www.sec.gov/Archives/edgar/data/1018963/000162828025046675/
ATI,2025-12-31,cash,2025-10-28,same value as earliest filing,,2025-09-28,372200000.0,0001628280-25-046675,2025.0,Q3,10-Q,2025-10-28,CashAndCashEquivalentsAtCarryingValue,0,USD,us-gaap,0,2025-10-29,CY2025Q3I,,,https://www.sec.gov/Archives/edgar/data/1018963/000162828025046675/
ATI,2025-12-31,assets,2025-10-28,same value as earliest filing,,2025-09-28,5002700000.0,0001628280-25-046675,2025.0,Q3,10-Q,2025-10-28,Assets,0,USD,us-gaap,0,2025-10-29,CY2025Q3I,,,https://www.sec.gov/Archives/edgar/data/1018963/000162828025046675/
ATI,2025-12-31,equity,2025-10-28,same value as earliest filing,,2025-09-28,1707000000.0,0001628280-25-046675,2025.0,Q3,10-Q,2025-10-28,StockholdersEquity,0,USD,us-gaap,0,2025-10-29,CY2025Q3I,,,https://www.sec.gov/Archives/edgar/data/1018963/000162828025046675/
ATI,2026-04-23,revenue,2026-02-20,same value as earliest filing,2024-12-30,2025-12-28,4587400000.0,0001628280-26-010140,2025.0,FY,10-K,2026-02-20,RevenueFromContractWithCustomerExcludingAssessedTax,0,USD,us-gaap,364,2026-02-23,CY2025,,,https://www.sec.gov/Archives/edgar/data/1018963/000162828026010140/
ATI,2026-04-23,revenue,2025-10-28,same value as earliest filing,2024-12-30,2025-09-28,3410300000.0,0001628280-25-046675,2025.0,Q3,10-Q,2025-10-28,RevenueFromContractWithCustomerExcludingAssessedTax,0,USD,us-gaap,273,2025-10-29,,,,https://www.sec.gov/Archives/edgar/data/1018963/000162828025046675/
ATI,2026-04-23,operating_income,2026-02-20,same value as earliest filing,2024-12-30,2025-12-28,640900000.0,0001628280-26-010140,2025.0,FY,10-K,2026-02-20,OperatingIncomeLoss,0,USD,us-gaap,364,2026-02-23,CY2025,,,https://www.sec.gov/Archives/edgar/data/1018963/000162828026010140/
ATI,2026-04-23,operating_income,2025-10-28,same value as earliest filing,2024-12-30,2025-09-28,470300000.0,0001628280-25-046675,2025.0,Q3,10-Q,2025-10-28,OperatingIncomeLoss,0,USD,us-gaap,273,2025-10-29,,,,https://www.sec.gov/Archives/edgar/data/1018963/000162828025046675/
ATI,2026-04-23,net_income,2026-02-20,same value as earliest filing,2024-12-30,2025-12-28,404300000.0,0001628280-26-010140,2025.0,FY,10-K,2026-02-20,NetIncomeLoss,0,USD,us-gaap,364,2026-02-23,CY2025,,,https://www.sec.gov/Archives/edgar/data/1018963/000162828026010140/
ATI,2026-04-23,net_income,2025-10-28,same value as earliest filing,2024-12-30,2025-09-28,307700000.0,0001628280-25-046675,2025.0,Q3,10-Q,2025-10-28,NetIncomeLoss,0,USD,us-gaap,273,2025-10-29,,,,https://www.sec.gov/Archives/edgar/data/1018963/000162828025046675/
ATI,2026-04-23,cfo,2026-02-20,same value as earliest filing,2024-12-30,2025-12-28,614300000.0,0001628280-26-010140,2025.0,FY,10-K,2026-02-20,NetCashProvidedByUsedInOperatingActivities,0,USD,us-gaap,364,2026-02-23,CY2025,,,https://www.sec.gov/Archives/edgar/data/1018963/000162828026010140/
ATI,2026-04-23,cfo,2025-10-28,same value as earliest filing,2024-12-30,2025-09-28,298500000.0,0001628280-25-046675,2025.0,Q3,10-Q,2025-10-28,NetCashProvidedByUsedInOperatingActivities,0,USD,us-gaap,273,2025-10-29,,,,https://www.sec.gov/Archives/edgar/data/1018963/000162828025046675/
ATI,2026-04-23,equipment_capex,2026-02-20,same value as earliest filing,2024-12-30,2025-12-28,280600000.0,0001628280-26-010140,2025.0,FY,10-K,2026-02-20,PaymentsToAcquireProductiveAssets,2,USD,us-gaap,364,2026-02-23,CY2025,,,https://www.sec.gov/Archives/edgar/data/1018963/000162828026010140/
ATI,2026-04-23,equipment_capex,2025-10-28,same value as earliest filing,2024-12-30,2025-09-28,187900000.0,0001628280-25-046675,2025.0,Q3,10-Q,2025-10-28,PaymentsToAcquireProductiveAssets,2,USD,us-gaap,273,2025-10-29,,,,https://www.sec.gov/Archives/edgar/data/1018963/000162828025046675/
ATI,2026-04-23,da,2026-02-20,same value as earliest filing,2024-12-30,2025-12-28,168100000.0,0001628280-26-010140,2025.0,FY,10-K,2026-02-20,DepreciationDepletionAndAmortization,0,USD,us-gaap,364,2026-02-23,CY2025,,,https://www.sec.gov/Archives/edgar/data/1018963/000162828026010140/
ATI,2026-04-23,da,2025-10-28,same value as earliest filing,2024-12-30,2025-09-28,125000000.0,0001628280-25-046675,2025.0,Q3,10-Q,2025-10-28,DepreciationDepletionAndAmortization,0,USD,us-gaap,273,2025-10-29,,,,https://www.sec.gov/Archives/edgar/data/1018963/000162828025046675/
ATI,2026-04-23,rolling_disclosed_diluted_eps,2026-02-20,same value as earliest filing,2024-12-30,2025-12-28,2.85,0001628280-26-010140,2025.0,FY,10-K,2026-02-20,EarningsPerShareDiluted,0,USD/shares,us-gaap,364,2026-02-23,CY2025,,,https://www.sec.gov/Archives/edgar/data/1018963/000162828026010140/
ATI,2026-04-23,rolling_disclosed_diluted_eps,2025-10-28,same value as earliest filing,2024-12-30,2025-09-28,2.16,0001628280-25-046675,2025.0,Q3,10-Q,2025-10-28,EarningsPerShareDiluted,0,USD/shares,us-gaap,273,2025-10-29,,,,https://www.sec.gov/Archives/edgar/data/1018963/000162828025046675/
ATI,2026-04-23,actual_shares,2026-02-20,same value as earliest filing,,2026-01-30,136936299.0,0001628280-26-010140,2025.0,FY,10-K,2026-02-20,EntityCommonStockSharesOutstanding,0,shares,dei,0,2026-02-23,CY2025Q4I,,,https://www.sec.gov/Archives/edgar/data/1018963/000162828026010140/
ATI,2026-04-23,cash,2026-02-20,same value as earliest filing,,2025-12-28,416700000.0,0001628280-26-010140,2025.0,FY,10-K,2026-02-20,CashAndCashEquivalentsAtCarryingValue,0,USD,us-gaap,0,2026-02-23,,,,https://www.sec.gov/Archives/edgar/data/1018963/000162828026010140/
ATI,2026-04-23,assets,2026-02-20,same value as earliest filing,,2025-12-28,5099600000.0,0001628280-26-010140,2025.0,FY,10-K,2026-02-20,Assets,0,USD,us-gaap,0,2026-02-23,,,,https://www.sec.gov/Archives/edgar/data/1018963/000162828026010140/
ATI,2026-04-23,equity,2026-02-20,same value as earliest filing,,2025-12-28,1804500000.0,0001628280-26-010140,2025.0,FY,10-K,2026-02-20,StockholdersEquity,0,USD,us-gaap,0,2026-02-23,,,,https://www.sec.gov/Archives/edgar/data/1018963/000162828026010140/
ATI,2026-04-23,debt_total,2026-02-20,same value as earliest filing,,2025-12-28,1749400000.0,0001628280-26-010140,2025.0,FY,10-K,2026-02-20,DebtAndCapitalLeaseObligations,0,USD,us-gaap,0,2026-02-23,,,,https://www.sec.gov/Archives/edgar/data/1018963/000162828026010140/
ATI,2026-09-18,revenue,2026-02-20,same value as earliest filing,2024-12-30,2025-12-28,4587400000.0,0001628280-26-010140,2025.0,FY,10-K,2026-02-20,RevenueFromContractWithCustomerExcludingAssessedTax,0,USD,us-gaap,364,2026-02-23,CY2025,,,https://www.sec.gov/Archives/edgar/data/1018963/000162828026010140/
ATI,2026-09-18,revenue,2026-08-06,same value as earliest filing,2025-12-29,2026-06-28,2412600000.0,0001628280-26-054233,2026.0,Q2,10-Q,2026-08-06,RevenueFromContractWithCustomerExcludingAssessedTax,0,USD,us-gaap,182,2026-08-07,,,,https://www.sec.gov/Archives/edgar/data/1018963/000162828026054233/
ATI,2026-09-18,revenue,2026-08-06,same value as earliest filing,2025-12-29,2026-06-28,2412600000.0,0001628280-26-054233,2026.0,Q2,10-Q,2026-08-06,RevenueFromContractWithCustomerExcludingAssessedTax,0,USD,us-gaap,182,2026-08-07,,,,https://www.sec.gov/Archives/edgar/data/1018963/000162828026054233/
ATI,2026-09-18,revenue,2025-07-31,same value as earliest filing,2024-12-30,2025-06-29,2284800000.0,0001628280-26-054233,2026.0,Q2,10-Q,2026-08-06,RevenueFromContractWithCustomerExcludingAssessedTax,0,USD,us-gaap,182,2026-08-07,,,,https://www.sec.gov/Archives/edgar/data/1018963/000162828026054233/
ATI,2026-09-18,operating_income,2026-02-20,same value as earliest filing,2024-12-30,2025-12-28,640900000.0,0001628280-26-010140,2025.0,FY,10-K,2026-02-20,OperatingIncomeLoss,0,USD,us-gaap,364,2026-02-23,CY2025,,,https://www.sec.gov/Archives/edgar/data/1018963/000162828026010140/
ATI,2026-09-18,operating_income,2026-08-06,same value as earliest filing,2025-12-29,2026-06-28,383800000.0,0001628280-26-054233,2026.0,Q2,10-Q,2026-08-06,OperatingIncomeLoss,0,USD,us-gaap,182,2026-08-07,,,,https://www.sec.gov/Archives/edgar/data/1018963/000162828026054233/
ATI,2026-09-18,operating_income,2026-08-06,same value as earliest filing,2025-12-29,2026-06-28,383800000.0,0001628280-26-054233,2026.0,Q2,10-Q,2026-08-06,OperatingIncomeLoss,0,USD,us-gaap,182,2026-08-07,,,,https://www.sec.gov/Archives/edgar/data/1018963/000162828026054233/
ATI,2026-09-18,operating_income,2025-07-31,same value as earliest filing,2024-12-30,2025-06-29,307900000.0,0001628280-26-054233,2026.0,Q2,10-Q,2026-08-06,OperatingIncomeLoss,0,USD,us-gaap,182,2026-08-07,,,,https://www.sec.gov/Archives/edgar/data/1018963/000162828026054233/
ATI,2026-09-18,net_income,2026-02-20,same value as earliest filing,2024-12-30,2025-12-28,404300000.0,0001628280-26-010140,2025.0,FY,10-K,2026-02-20,NetIncomeLoss,0,USD,us-gaap,364,2026-02-23,CY2025,,,https://www.sec.gov/Archives/edgar/data/1018963/000162828026010140/
ATI,2026-09-18,net_income,2026-08-06,same value as earliest filing,2025-12-29,2026-06-28,269200000.0,0001628280-26-054233,2026.0,Q2,10-Q,2026-08-06,NetIncomeLoss,0,USD,us-gaap,182,2026-08-07,,,,https://www.sec.gov/Archives/edgar/data/1018963/000162828026054233/
ATI,2026-09-18,net_income,2026-08-06,same value as earliest filing,2025-12-29,2026-06-28,269200000.0,0001628280-26-054233,2026.0,Q2,10-Q,2026-08-06,NetIncomeLoss,0,USD,us-gaap,182,2026-08-07,,,,https://www.sec.gov/Archives/edgar/data/1018963/000162828026054233/
ATI,2026-09-18,net_income,2025-07-31,same value as earliest filing,2024-12-30,2025-06-29,197700000.0,0001628280-26-054233,2026.0,Q2,10-Q,2026-08-06,NetIncomeLoss,0,USD,us-gaap,182,2026-08-07,,,,https://www.sec.gov/Archives/edgar/data/1018963/000162828026054233/
ATI,2026-09-18,cfo,2026-02-20,same value as earliest filing,2024-12-30,2025-12-28,614300000.0,0001628280-26-010140,2025.0,FY,10-K,2026-02-20,NetCashProvidedByUsedInOperatingActivities,0,USD,us-gaap,364,2026-02-23,CY2025,,,https://www.sec.gov/Archives/edgar/data/1018963/000162828026010140/
ATI,2026-09-18,cfo,2026-08-06,same value as earliest filing,2025-12-29,2026-06-28,260000000.0,0001628280-26-054233,2026.0,Q2,10-Q,2026-08-06,NetCashProvidedByUsedInOperatingActivities,0,USD,us-gaap,182,2026-08-07,,,,https://www.sec.gov/Archives/edgar/data/1018963/000162828026054233/
ATI,2026-09-18,cfo,2026-08-06,same value as earliest filing,2025-12-29,2026-06-28,260000000.0,0001628280-26-054233,2026.0,Q2,10-Q,2026-08-06,NetCashProvidedByUsedInOperatingActivities,0,USD,us-gaap,182,2026-08-07,,,,https://www.sec.gov/Archives/edgar/data/1018963/000162828026054233/
ATI,2026-09-18,cfo,2025-07-31,same value as earliest filing,2024-12-30,2025-06-29,69000000.0,0001628280-26-054233,2026.0,Q2,10-Q,2026-08-06,NetCashProvidedByUsedInOperatingActivities,0,USD,us-gaap,182,2026-08-07,,,,https://www.sec.gov/Archives/edgar/data/1018963/000162828026054233/
ATI,2026-09-18,equipment_capex,2026-02-20,same value as earliest filing,2024-12-30,2025-12-28,280600000.0,0001628280-26-010140,2025.0,FY,10-K,2026-02-20,PaymentsToAcquireProductiveAssets,2,USD,us-gaap,364,2026-02-23,CY2025,,,https://www.sec.gov/Archives/edgar/data/1018963/000162828026010140/
ATI,2026-09-18,equipment_capex,2026-08-06,same value as earliest filing,2025-12-29,2026-06-28,123800000.0,0001628280-26-054233,2026.0,Q2,10-Q,2026-08-06,PaymentsToAcquireProductiveAssets,2,USD,us-gaap,182,2026-08-07,,,,https://www.sec.gov/Archives/edgar/data/1018963/000162828026054233/
ATI,2026-09-18,equipment_capex,2026-08-06,same value as earliest filing,2025-12-29,2026-06-28,123800000.0,0001628280-26-054233,2026.0,Q2,10-Q,2026-08-06,PaymentsToAcquireProductiveAssets,2,USD,us-gaap,182,2026-08-07,,,,https://www.sec.gov/Archives/edgar/data/1018963/000162828026054233/
ATI,2026-09-18,equipment_capex,2025-07-31,same value as earliest filing,2024-12-30,2025-06-29,125400000.0,0001628280-26-054233,2026.0,Q2,10-Q,2026-08-06,PaymentsToAcquireProductiveAssets,2,USD,us-gaap,182,2026-08-07,,,,https://www.sec.gov/Archives/edgar/data/1018963/000162828026054233/
ATI,2026-09-18,da,2026-02-20,same value as earliest filing,2024-12-30,2025-12-28,168100000.0,0001628280-26-010140,2025.0,FY,10-K,2026-02-20,DepreciationDepletionAndAmortization,0,USD,us-gaap,364,2026-02-23,CY2025,,,https://www.sec.gov/Archives/edgar/data/1018963/000162828026010140/
ATI,2026-09-18,da,2026-08-06,same value as earliest filing,2025-12-29,2026-06-28,89000000.0,0001628280-26-054233,2026.0,Q2,10-Q,2026-08-06,DepreciationDepletionAndAmortization,0,USD,us-gaap,182,2026-08-07,,,,https://www.sec.gov/Archives/edgar/data/1018963/000162828026054233/
ATI,2026-09-18,da,2026-08-06,same value as earliest filing,2025-12-29,2026-06-28,89000000.0,0001628280-26-054233,2026.0,Q2,10-Q,2026-08-06,DepreciationDepletionAndAmortization,0,USD,us-gaap,182,2026-08-07,,,,https://www.sec.gov/Archives/edgar/data/1018963/000162828026054233/
ATI,2026-09-18,da,2025-07-31,same value as earliest filing,2024-12-30,2025-06-29,82400000.0,0001628280-26-054233,2026.0,Q2,10-Q,2026-08-06,DepreciationDepletionAndAmortization,0,USD,us-gaap,182,2026-08-07,,,,https://www.sec.gov/Archives/edgar/data/1018963/000162828026054233/
ATI,2026-09-18,rolling_disclosed_diluted_eps,2026-02-20,same value as earliest filing,2024-12-30,2025-12-28,2.85,0001628280-26-010140,2025.0,FY,10-K,2026-02-20,EarningsPerShareDiluted,0,USD/shares,us-gaap,364,2026-02-23,CY2025,,,https://www.sec.gov/Archives/edgar/data/1018963/000162828026010140/
ATI,2026-09-18,rolling_disclosed_diluted_eps,2026-08-06,same value as earliest filing,2025-12-29,2026-06-28,1.94,0001628280-26-054233,2026.0,Q2,10-Q,2026-08-06,EarningsPerShareDiluted,0,USD/shares,us-gaap,182,2026-08-07,,,,https://www.sec.gov/Archives/edgar/data/1018963/000162828026054233/
ATI,2026-09-18,rolling_disclosed_diluted_eps,2026-08-06,same value as earliest filing,2025-12-29,2026-06-28,1.94,0001628280-26-054233,2026.0,Q2,10-Q,2026-08-06,EarningsPerShareDiluted,0,USD/shares,us-gaap,182,2026-08-07,,,,https://www.sec.gov/Archives/edgar/data/1018963/000162828026054233/
ATI,2026-09-18,rolling_disclosed_diluted_eps,2025-07-31,same value as earliest filing,2024-12-30,2025-06-29,1.38,0001628280-26-054233,2026.0,Q2,10-Q,2026-08-06,EarningsPerShareDiluted,0,USD/shares,us-gaap,182,2026-08-07,,,,https://www.sec.gov/Archives/edgar/data/1018963/000162828026054233/
ATI,2026-09-18,actual_shares,2026-08-06,same value as earliest filing,,2026-08-03,136170383.0,0001628280-26-054233,2026.0,Q2,10-Q,2026-08-06,EntityCommonStockSharesOutstanding,0,shares,dei,0,2026-08-07,CY2026Q2I,,,https://www.sec.gov/Archives/edgar/data/1018963/000162828026054233/
ATI,2026-09-18,cash,2026-08-06,same value as earliest filing,,2026-06-28,783000000.0,0001628280-26-054233,2026.0,Q2,10-Q,2026-08-06,CashAndCashEquivalentsAtCarryingValue,0,USD,us-gaap,0,2026-08-07,CY2026Q2I,,,https://www.sec.gov/Archives/edgar/data/1018963/000162828026054233/
ATI,2026-09-18,assets,2026-08-06,same value as earliest filing,,2026-06-28,5738900000.0,0001628280-26-054233,2026.0,Q2,10-Q,2026-08-06,Assets,0,USD,us-gaap,0,2026-08-07,CY2026Q2I,,,https://www.sec.gov/Archives/edgar/data/1018963/000162828026054233/
ATI,2026-09-18,equity,2026-08-06,same value as earliest filing,,2026-06-28,1876700000.0,0001628280-26-054233,2026.0,Q2,10-Q,2026-08-06,StockholdersEquity,0,USD,us-gaap,0,2026-08-07,CY2026Q2I,,,https://www.sec.gov/Archives/edgar/data/1018963/000162828026054233/
ATI,2026-09-18,debt_total,2026-08-06,same value as earliest filing,,2026-06-28,2192000000.0,0001628280-26-054233,2026.0,Q2,10-Q,2026-08-06,DebtAndCapitalLeaseObligations,0,USD,us-gaap,0,2026-08-07,CY2026Q2I,,,https://www.sec.gov/Archives/edgar/data/1018963/000162828026054233/
ATI,2026-09-18,revenue,2016-02-26,same value as earliest filing,2015-01-01,2015-12-31,3719600000.0,0001018963-18-000004,2017.0,FY,10-K,2018-02-20,SalesRevenueGoodsNet,2,USD,us-gaap,365,2018-02-21,CY2015,,,https://www.sec.gov/Archives/edgar/data/1018963/000101896318000004/
ATI,2026-09-18,operating_income,2016-02-26,same value as earliest filing,2015-01-01,2015-12-31,-369400000.0,0001018963-18-000004,2017.0,FY,10-K,2018-02-20,OperatingIncomeLoss,0,USD,us-gaap,365,2018-02-21,CY2015,,,https://www.sec.gov/Archives/edgar/data/1018963/000101896318000004/
ATI,2026-09-18,net_income,2016-02-26,same value as earliest filing,2015-01-01,2015-12-31,-377900000.0,0001018963-18-000004,2017.0,FY,10-K,2018-02-20,NetIncomeLoss,0,USD,us-gaap,365,2018-02-21,CY2015,,,https://www.sec.gov/Archives/edgar/data/1018963/000101896318000004/
ATI,2026-09-18,cfo,2016-02-26,same value as earliest filing,2015-01-01,2015-12-31,131400000.0,0001018963-18-000004,2017.0,FY,10-K,2018-02-20,NetCashProvidedByUsedInOperatingActivities,0,USD,us-gaap,365,2018-02-21,CY2015,,,https://www.sec.gov/Archives/edgar/data/1018963/000101896318000004/
ATI,2026-09-18,equipment_capex,2016-02-26,same value as earliest filing,2015-01-01,2015-12-31,144500000.0,0001018963-18-000004,2017.0,FY,10-K,2018-02-20,PaymentsToAcquireProductiveAssets,2,USD,us-gaap,365,2018-02-21,CY2015,,,https://www.sec.gov/Archives/edgar/data/1018963/000101896318000004/
ATI,2026-09-18,da,2016-02-26,same value as earliest filing,2015-01-01,2015-12-31,189900000.0,0001018963-18-000004,2017.0,FY,10-K,2018-02-20,DepreciationDepletionAndAmortization,0,USD,us-gaap,365,2018-02-21,CY2015,,,https://www.sec.gov/Archives/edgar/data/1018963/000101896318000004/
ATI,2026-09-18,revenue,2019-02-28,same value as earliest filing,2016-01-01,2016-12-31,3134600000.0,0001018963-19-000007,2018.0,FY,10-K,2019-02-28,RevenueFromContractWithCustomerExcludingAssessedTax,0,USD,us-gaap,366,2019-03-01,CY2016,,,https://www.sec.gov/Archives/edgar/data/1018963/000101896319000007/
ATI,2026-09-18,operating_income,2017-02-24,changed from earliest filed value,2016-01-01,2016-12-31,-541800000.0,0001018963-19-000007,2018.0,FY,10-K,2019-02-28,OperatingIncomeLoss,0,USD,us-gaap,366,2019-03-01,CY2016,,,https://www.sec.gov/Archives/edgar/data/1018963/000101896319000007/
ATI,2026-09-18,net_income,2017-02-24,same value as earliest filing,2016-01-01,2016-12-31,-640900000.0,0001018963-19-000007,2018.0,FY,10-K,2019-02-28,NetIncomeLoss,0,USD,us-gaap,366,2019-03-01,CY2016,,,https://www.sec.gov/Archives/edgar/data/1018963/000101896319000007/
ATI,2026-09-18,cfo,2017-02-24,same value as earliest filing,2016-01-01,2016-12-31,-43700000.0,0001018963-19-000007,2018.0,FY,10-K,2019-02-28,NetCashProvidedByUsedInOperatingActivities,0,USD,us-gaap,366,2019-03-01,CY2016,,,https://www.sec.gov/Archives/edgar/data/1018963/000101896319000007/
ATI,2026-09-18,equipment_capex,2017-02-24,same value as earliest filing,2016-01-01,2016-12-31,202200000.0,0001018963-19-000007,2018.0,FY,10-K,2019-02-28,PaymentsToAcquireProductiveAssets,2,USD,us-gaap,366,2019-03-01,CY2016,,,https://www.sec.gov/Archives/edgar/data/1018963/000101896319000007/
ATI,2026-09-18,da,2017-02-24,same value as earliest filing,2016-01-01,2016-12-31,170300000.0,0001018963-19-000007,2018.0,FY,10-K,2019-02-28,DepreciationDepletionAndAmortization,0,USD,us-gaap,366,2019-03-01,CY2016,,,https://www.sec.gov/Archives/edgar/data/1018963/000101896319000007/
ATI,2026-09-18,revenue,2019-02-28,same value as earliest filing,2017-01-01,2017-12-31,3525100000.0,0001018963-20-000004,2019.0,FY,10-K,2020-02-25,RevenueFromContractWithCustomerExcludingAssessedTax,0,USD,us-gaap,365,2020-02-26,,,,https://www.sec.gov/Archives/edgar/data/1018963/000101896320000004/
ATI,2026-09-18,operating_income,2018-02-20,changed from earliest filed value,2017-01-01,2017-12-31,134600000.0,0001018963-20-000004,2019.0,FY,10-K,2020-02-25,OperatingIncomeLoss,0,USD,us-gaap,365,2020-02-26,,,,https://www.sec.gov/Archives/edgar/data/1018963/000101896320000004/
ATI,2026-09-18,net_income,2018-02-20,same value as earliest filing,2017-01-01,2017-12-31,-91900000.0,0001018963-20-000004,2019.0,FY,10-K,2020-02-25,NetIncomeLoss,0,USD,us-gaap,365,2020-02-26,,,,https://www.sec.gov/Archives/edgar/data/1018963/000101896320000004/
ATI,2026-09-18,cfo,2018-02-20,same value as earliest filing,2017-01-01,2017-12-31,22400000.0,0001018963-20-000004,2019.0,FY,10-K,2020-02-25,NetCashProvidedByUsedInOperatingActivities,0,USD,us-gaap,365,2020-02-26,,,,https://www.sec.gov/Archives/edgar/data/1018963/000101896320000004/
ATI,2026-09-18,equipment_capex,2018-02-20,same value as earliest filing,2017-01-01,2017-12-31,122700000.0,0001018963-20-000004,2019.0,FY,10-K,2020-02-25,PaymentsToAcquireProductiveAssets,2,USD,us-gaap,365,2020-02-26,,,,https://www.sec.gov/Archives/edgar/data/1018963/000101896320000004/
ATI,2026-09-18,da,2018-02-20,same value as earliest filing,2017-01-01,2017-12-31,160800000.0,0001018963-20-000004,2019.0,FY,10-K,2020-02-25,DepreciationDepletionAndAmortization,0,USD,us-gaap,365,2020-02-26,,,,https://www.sec.gov/Archives/edgar/data/1018963/000101896320000004/
ATI,2026-09-18,revenue,2019-02-28,same value as earliest filing,2018-01-01,2018-12-31,4046600000.0,0001628280-21-003434,2020.0,FY,10-K,2021-02-26,RevenueFromContractWithCustomerExcludingAssessedTax,0,USD,us-gaap,365,2021-03-01,CY2018,,,https://www.sec.gov/Archives/edgar/data/1018963/000162828021003434/
ATI,2026-09-18,operating_income,2019-02-28,same value as earliest filing,2018-01-01,2018-12-31,362100000.0,0001628280-21-003434,2020.0,FY,10-K,2021-02-26,OperatingIncomeLoss,0,USD,us-gaap,365,2021-03-01,CY2018,,,https://www.sec.gov/Archives/edgar/data/1018963/000162828021003434/
ATI,2026-09-18,net_income,2019-02-28,same value as earliest filing,2018-01-01,2018-12-31,222400000.0,0001628280-21-003434,2020.0,FY,10-K,2021-02-26,NetIncomeLoss,0,USD,us-gaap,365,2021-03-01,CY2018,,,https://www.sec.gov/Archives/edgar/data/1018963/000162828021003434/
ATI,2026-09-18,cfo,2019-02-28,same value as earliest filing,2018-01-01,2018-12-31,392800000.0,0001628280-21-003434,2020.0,FY,10-K,2021-02-26,NetCashProvidedByUsedInOperatingActivities,0,USD,us-gaap,365,2021-03-01,CY2018,,,https://www.sec.gov/Archives/edgar/data/1018963/000162828021003434/
ATI,2026-09-18,equipment_capex,2019-02-28,same value as earliest filing,2018-01-01,2018-12-31,139200000.0,0001628280-21-003434,2020.0,FY,10-K,2021-02-26,PaymentsToAcquireProductiveAssets,2,USD,us-gaap,365,2021-03-01,CY2018,,,https://www.sec.gov/Archives/edgar/data/1018963/000162828021003434/
ATI,2026-09-18,da,2019-02-28,same value as earliest filing,2018-01-01,2018-12-31,156400000.0,0001628280-21-003434,2020.0,FY,10-K,2021-02-26,DepreciationDepletionAndAmortization,0,USD,us-gaap,365,2021-03-01,CY2018,,,https://www.sec.gov/Archives/edgar/data/1018963/000162828021003434/
ATI,2026-09-18,revenue,2020-02-25,same value as earliest filing,2019-01-01,2019-12-31,4122500000.0,0001628280-22-003961,2021.0,FY,10-K,2022-02-25,RevenueFromContractWithCustomerExcludingAssessedTax,0,USD,us-gaap,365,2022-02-28,CY2019,,,https://www.sec.gov/Archives/edgar/data/1018963/000162828022003961/
ATI,2026-09-18,operating_income,2020-02-25,changed from earliest filed value,2019-01-01,2019-12-31,366300000.0,0001628280-22-003961,2021.0,FY,10-K,2022-02-25,OperatingIncomeLoss,0,USD,us-gaap,365,2022-02-28,CY2019,,,https://www.sec.gov/Archives/edgar/data/1018963/000162828022003961/
ATI,2026-09-18,net_income,2020-02-25,changed from earliest filed value,2019-01-01,2019-12-31,252500000.0,0001628280-22-003961,2021.0,FY,10-K,2022-02-25,NetIncomeLoss,0,USD,us-gaap,365,2022-02-28,CY2019,,,https://www.sec.gov/Archives/edgar/data/1018963/000162828022003961/
ATI,2026-09-18,cfo,2020-02-25,same value as earliest filing,2019-01-01,2019-12-31,230100000.0,0001628280-22-003961,2021.0,FY,10-K,2022-02-25,NetCashProvidedByUsedInOperatingActivities,0,USD,us-gaap,365,2022-02-28,CY2019,,,https://www.sec.gov/Archives/edgar/data/1018963/000162828022003961/
ATI,2026-09-18,equipment_capex,2020-02-25,same value as earliest filing,2019-01-01,2019-12-31,168200000.0,0001628280-22-003961,2021.0,FY,10-K,2022-02-25,PaymentsToAcquireProductiveAssets,2,USD,us-gaap,365,2022-02-28,CY2019,,,https://www.sec.gov/Archives/edgar/data/1018963/000162828022003961/
ATI,2026-09-18,da,2020-02-25,same value as earliest filing,2019-01-01,2019-12-31,151100000.0,0001628280-22-003961,2021.0,FY,10-K,2022-02-25,DepreciationDepletionAndAmortization,0,USD,us-gaap,365,2022-02-28,CY2019,,,https://www.sec.gov/Archives/edgar/data/1018963/000162828022003961/
ATI,2026-09-18,revenue,2021-02-26,same value as earliest filing,2020-01-01,2020-12-31,2982100000.0,0001628280-23-005017,2022.0,FY,10-K,2023-02-24,RevenueFromContractWithCustomerExcludingAssessedTax,0,USD,us-gaap,366,2023-02-27,CY2020,,,https://www.sec.gov/Archives/edgar/data/1018963/000162828023005017/
ATI,2026-09-18,operating_income,2021-02-26,same value as earliest filing,2020-01-01,2020-12-31,-1302700000.0,0001628280-23-005017,2022.0,FY,10-K,2023-02-24,OperatingIncomeLoss,0,USD,us-gaap,366,2023-02-27,CY2020,,,https://www.sec.gov/Archives/edgar/data/1018963/000162828023005017/
ATI,2026-09-18,net_income,2021-02-26,same value as earliest filing,2020-01-01,2020-12-31,-1572600000.0,0001628280-23-005017,2022.0,FY,10-K,2023-02-24,NetIncomeLoss,0,USD,us-gaap,366,2023-02-27,CY2020,,,https://www.sec.gov/Archives/edgar/data/1018963/000162828023005017/
ATI,2026-09-18,cfo,2021-02-26,same value as earliest filing,2020-01-01,2020-12-31,166900000.0,0001628280-23-005017,2022.0,FY,10-K,2023-02-24,NetCashProvidedByUsedInOperatingActivities,0,USD,us-gaap,366,2023-02-27,CY2020,,,https://www.sec.gov/Archives/edgar/data/1018963/000162828023005017/
ATI,2026-09-18,equipment_capex,2021-02-26,same value as earliest filing,2020-01-01,2020-12-31,136500000.0,0001628280-23-005017,2022.0,FY,10-K,2023-02-24,PaymentsToAcquireProductiveAssets,2,USD,us-gaap,366,2023-02-27,CY2020,,,https://www.sec.gov/Archives/edgar/data/1018963/000162828023005017/
ATI,2026-09-18,da,2021-02-26,same value as earliest filing,2020-01-01,2020-12-31,143300000.0,0001628280-23-005017,2022.0,FY,10-K,2023-02-24,DepreciationDepletionAndAmortization,0,USD,us-gaap,366,2023-02-27,CY2020,,,https://www.sec.gov/Archives/edgar/data/1018963/000162828023005017/
ATI,2026-09-18,revenue,2022-02-25,same value as earliest filing,2021-01-01,2021-12-31,2799800000.0,0001628280-23-005017,2022.0,FY,10-K,2023-02-24,RevenueFromContractWithCustomerExcludingAssessedTax,0,USD,us-gaap,365,2023-02-27,CY2021,,,https://www.sec.gov/Archives/edgar/data/1018963/000162828023005017/
ATI,2026-09-18,operating_income,2022-02-25,same value as earliest filing,2021-01-01,2021-12-31,117600000.0,0001628280-23-005017,2022.0,FY,10-K,2023-02-24,OperatingIncomeLoss,0,USD,us-gaap,365,2023-02-27,CY2021,,,https://www.sec.gov/Archives/edgar/data/1018963/000162828023005017/
ATI,2026-09-18,net_income,2022-02-25,same value as earliest filing,2021-01-01,2021-12-31,-38200000.0,0001628280-23-005017,2022.0,FY,10-K,2023-02-24,NetIncomeLoss,0,USD,us-gaap,365,2023-02-27,CY2021,,,https://www.sec.gov/Archives/edgar/data/1018963/000162828023005017/
ATI,2026-09-18,cfo,2022-02-25,same value as earliest filing,2021-01-01,2021-12-31,16100000.0,0001628280-23-005017,2022.0,FY,10-K,2023-02-24,NetCashProvidedByUsedInOperatingActivities,0,USD,us-gaap,365,2023-02-27,CY2021,,,https://www.sec.gov/Archives/edgar/data/1018963/000162828023005017/
ATI,2026-09-18,equipment_capex,2022-02-25,same value as earliest filing,2021-01-01,2021-12-31,152600000.0,0001628280-23-005017,2022.0,FY,10-K,2023-02-24,PaymentsToAcquireProductiveAssets,2,USD,us-gaap,365,2023-02-27,CY2021,,,https://www.sec.gov/Archives/edgar/data/1018963/000162828023005017/
ATI,2026-09-18,da,2022-02-25,same value as earliest filing,2021-01-01,2021-12-31,143900000.0,0001628280-23-005017,2022.0,FY,10-K,2023-02-24,DepreciationDepletionAndAmortization,0,USD,us-gaap,365,2023-02-27,CY2021,,,https://www.sec.gov/Archives/edgar/data/1018963/000162828023005017/
ATI,2026-09-18,revenue,2024-02-23,same value as earliest filing,2021-01-04,2022-01-02,2799800000.0,0001628280-24-006606,2023.0,FY,10-K,2024-02-23,RevenueFromContractWithCustomerExcludingAssessedTax,0,USD,us-gaap,364,2024-02-26,,,,https://www.sec.gov/Archives/edgar/data/1018963/000162828024006606/
ATI,2026-09-18,operating_income,2024-02-23,same value as earliest filing,2021-01-04,2022-01-02,117600000.0,0001628280-24-006606,2023.0,FY,10-K,2024-02-23,OperatingIncomeLoss,0,USD,us-gaap,364,2024-02-26,,,,https://www.sec.gov/Archives/edgar/data/1018963/000162828024006606/
ATI,2026-09-18,net_income,2024-02-23,same value as earliest filing,2021-01-04,2022-01-02,184600000.0,0001628280-24-006606,2023.0,FY,10-K,2024-02-23,NetIncomeLoss,0,USD,us-gaap,364,2024-02-26,,,,https://www.sec.gov/Archives/edgar/data/1018963/000162828024006606/
ATI,2026-09-18,cfo,2024-02-23,same value as earliest filing,2021-01-04,2022-01-02,16100000.0,0001628280-24-006606,2023.0,FY,10-K,2024-02-23,NetCashProvidedByUsedInOperatingActivities,0,USD,us-gaap,364,2024-02-26,,,,https://www.sec.gov/Archives/edgar/data/1018963/000162828024006606/
ATI,2026-09-18,equipment_capex,2024-02-23,same value as earliest filing,2021-01-04,2022-01-02,152600000.0,0001628280-24-006606,2023.0,FY,10-K,2024-02-23,PaymentsToAcquireProductiveAssets,2,USD,us-gaap,364,2024-02-26,,,,https://www.sec.gov/Archives/edgar/data/1018963/000162828024006606/
ATI,2026-09-18,da,2024-02-23,same value as earliest filing,2021-01-04,2022-01-02,143900000.0,0001628280-24-006606,2023.0,FY,10-K,2024-02-23,DepreciationDepletionAndAmortization,0,USD,us-gaap,364,2024-02-26,,,,https://www.sec.gov/Archives/edgar/data/1018963/000162828024006606/
ATI,2026-09-18,revenue,2023-02-24,same value as earliest filing,2022-01-01,2022-12-31,3836000000.0,0001628280-23-005017,2022.0,FY,10-K,2023-02-24,RevenueFromContractWithCustomerExcludingAssessedTax,0,USD,us-gaap,365,2023-02-27,CY2022,,,https://www.sec.gov/Archives/edgar/data/1018963/000162828023005017/
ATI,2026-09-18,operating_income,2023-02-24,same value as earliest filing,2022-01-01,2022-12-31,287300000.0,0001628280-23-005017,2022.0,FY,10-K,2023-02-24,OperatingIncomeLoss,0,USD,us-gaap,365,2023-02-27,CY2022,,,https://www.sec.gov/Archives/edgar/data/1018963/000162828023005017/
ATI,2026-09-18,net_income,2023-02-24,same value as earliest filing,2022-01-01,2022-12-31,130900000.0,0001628280-23-005017,2022.0,FY,10-K,2023-02-24,NetIncomeLoss,0,USD,us-gaap,365,2023-02-27,CY2022,,,https://www.sec.gov/Archives/edgar/data/1018963/000162828023005017/
ATI,2026-09-18,cfo,2023-02-24,same value as earliest filing,2022-01-01,2022-12-31,224900000.0,0001628280-23-005017,2022.0,FY,10-K,2023-02-24,NetCashProvidedByUsedInOperatingActivities,0,USD,us-gaap,365,2023-02-27,CY2022,,,https://www.sec.gov/Archives/edgar/data/1018963/000162828023005017/
ATI,2026-09-18,equipment_capex,2023-02-24,same value as earliest filing,2022-01-01,2022-12-31,130900000.0,0001628280-23-005017,2022.0,FY,10-K,2023-02-24,PaymentsToAcquireProductiveAssets,2,USD,us-gaap,365,2023-02-27,CY2022,,,https://www.sec.gov/Archives/edgar/data/1018963/000162828023005017/
ATI,2026-09-18,da,2023-02-24,same value as earliest filing,2022-01-01,2022-12-31,142900000.0,0001628280-23-005017,2022.0,FY,10-K,2023-02-24,DepreciationDepletionAndAmortization,0,USD,us-gaap,365,2023-02-27,CY2022,,,https://www.sec.gov/Archives/edgar/data/1018963/000162828023005017/
ATI,2026-09-18,revenue,2024-02-23,same value as earliest filing,2022-01-03,2023-01-01,3836000000.0,0001628280-25-007092,2024.0,FY,10-K,2025-02-21,RevenueFromContractWithCustomerExcludingAssessedTax,0,USD,us-gaap,364,2025-02-24,,,,https://www.sec.gov/Archives/edgar/data/1018963/000162828025007092/
ATI,2026-09-18,operating_income,2024-02-23,same value as earliest filing,2022-01-03,2023-01-01,316100000.0,0001628280-25-007092,2024.0,FY,10-K,2025-02-21,OperatingIncomeLoss,0,USD,us-gaap,364,2025-02-24,,,,https://www.sec.gov/Archives/edgar/data/1018963/000162828025007092/
ATI,2026-09-18,net_income,2024-02-23,same value as earliest filing,2022-01-03,2023-01-01,323500000.0,0001628280-25-007092,2024.0,FY,10-K,2025-02-21,NetIncomeLoss,0,USD,us-gaap,364,2025-02-24,,,,https://www.sec.gov/Archives/edgar/data/1018963/000162828025007092/
ATI,2026-09-18,cfo,2024-02-23,same value as earliest filing,2022-01-03,2023-01-01,224900000.0,0001628280-25-007092,2024.0,FY,10-K,2025-02-21,NetCashProvidedByUsedInOperatingActivities,0,USD,us-gaap,364,2025-02-24,,,,https://www.sec.gov/Archives/edgar/data/1018963/000162828025007092/
ATI,2026-09-18,equipment_capex,2024-02-23,same value as earliest filing,2022-01-03,2023-01-01,130900000.0,0001628280-25-007092,2024.0,FY,10-K,2025-02-21,PaymentsToAcquireProductiveAssets,2,USD,us-gaap,364,2025-02-24,,,,https://www.sec.gov/Archives/edgar/data/1018963/000162828025007092/
ATI,2026-09-18,da,2024-02-23,same value as earliest filing,2022-01-03,2023-01-01,142900000.0,0001628280-25-007092,2024.0,FY,10-K,2025-02-21,DepreciationDepletionAndAmortization,0,USD,us-gaap,364,2025-02-24,,,,https://www.sec.gov/Archives/edgar/data/1018963/000162828025007092/
ATI,2026-09-18,revenue,2024-02-23,same value as earliest filing,2023-01-02,2023-12-31,4173700000.0,0001628280-26-010140,2025.0,FY,10-K,2026-02-20,RevenueFromContractWithCustomerExcludingAssessedTax,0,USD,us-gaap,364,2026-02-23,CY2023,,,https://www.sec.gov/Archives/edgar/data/1018963/000162828026010140/
ATI,2026-09-18,operating_income,2024-02-23,same value as earliest filing,2023-01-02,2023-12-31,466400000.0,0001628280-26-010140,2025.0,FY,10-K,2026-02-20,OperatingIncomeLoss,0,USD,us-gaap,364,2026-02-23,CY2023,,,https://www.sec.gov/Archives/edgar/data/1018963/000162828026010140/
ATI,2026-09-18,net_income,2024-02-23,same value as earliest filing,2023-01-02,2023-12-31,410800000.0,0001628280-26-010140,2025.0,FY,10-K,2026-02-20,NetIncomeLoss,0,USD,us-gaap,364,2026-02-23,CY2023,,,https://www.sec.gov/Archives/edgar/data/1018963/000162828026010140/
ATI,2026-09-18,cfo,2024-02-23,same value as earliest filing,2023-01-02,2023-12-31,85900000.0,0001628280-26-010140,2025.0,FY,10-K,2026-02-20,NetCashProvidedByUsedInOperatingActivities,0,USD,us-gaap,364,2026-02-23,CY2023,,,https://www.sec.gov/Archives/edgar/data/1018963/000162828026010140/
ATI,2026-09-18,equipment_capex,2024-02-23,same value as earliest filing,2023-01-02,2023-12-31,200700000.0,0001628280-26-010140,2025.0,FY,10-K,2026-02-20,PaymentsToAcquireProductiveAssets,2,USD,us-gaap,364,2026-02-23,CY2023,,,https://www.sec.gov/Archives/edgar/data/1018963/000162828026010140/
ATI,2026-09-18,da,2024-02-23,same value as earliest filing,2023-01-02,2023-12-31,146100000.0,0001628280-26-010140,2025.0,FY,10-K,2026-02-20,DepreciationDepletionAndAmortization,0,USD,us-gaap,364,2026-02-23,CY2023,,,https://www.sec.gov/Archives/edgar/data/1018963/000162828026010140/
ATI,2026-09-18,revenue,2025-02-21,same value as earliest filing,2024-01-01,2024-12-29,4362100000.0,0001628280-26-010140,2025.0,FY,10-K,2026-02-20,RevenueFromContractWithCustomerExcludingAssessedTax,0,USD,us-gaap,364,2026-02-23,CY2024,,,https://www.sec.gov/Archives/edgar/data/1018963/000162828026010140/
ATI,2026-09-18,operating_income,2025-02-21,same value as earliest filing,2024-01-01,2024-12-29,608900000.0,0001628280-26-010140,2025.0,FY,10-K,2026-02-20,OperatingIncomeLoss,0,USD,us-gaap,364,2026-02-23,CY2024,,,https://www.sec.gov/Archives/edgar/data/1018963/000162828026010140/
ATI,2026-09-18,net_income,2025-02-21,same value as earliest filing,2024-01-01,2024-12-29,367800000.0,0001628280-26-010140,2025.0,FY,10-K,2026-02-20,NetIncomeLoss,0,USD,us-gaap,364,2026-02-23,CY2024,,,https://www.sec.gov/Archives/edgar/data/1018963/000162828026010140/
ATI,2026-09-18,cfo,2025-02-21,same value as earliest filing,2024-01-01,2024-12-29,407200000.0,0001628280-26-010140,2025.0,FY,10-K,2026-02-20,NetCashProvidedByUsedInOperatingActivities,0,USD,us-gaap,364,2026-02-23,CY2024,,,https://www.sec.gov/Archives/edgar/data/1018963/000162828026010140/
ATI,2026-09-18,equipment_capex,2025-02-21,same value as earliest filing,2024-01-01,2024-12-29,239100000.0,0001628280-26-010140,2025.0,FY,10-K,2026-02-20,PaymentsToAcquireProductiveAssets,2,USD,us-gaap,364,2026-02-23,CY2024,,,https://www.sec.gov/Archives/edgar/data/1018963/000162828026010140/
ATI,2026-09-18,da,2025-02-21,same value as earliest filing,2024-01-01,2024-12-29,151500000.0,0001628280-26-010140,2025.0,FY,10-K,2026-02-20,DepreciationDepletionAndAmortization,0,USD,us-gaap,364,2026-02-23,CY2024,,,https://www.sec.gov/Archives/edgar/data/1018963/000162828026010140/
ATI,2026-09-18,revenue,2026-02-20,same value as earliest filing,2024-12-30,2025-12-28,4587400000.0,0001628280-26-010140,2025.0,FY,10-K,2026-02-20,RevenueFromContractWithCustomerExcludingAssessedTax,0,USD,us-gaap,364,2026-02-23,CY2025,,,https://www.sec.gov/Archives/edgar/data/1018963/000162828026010140/
ATI,2026-09-18,operating_income,2026-02-20,same value as earliest filing,2024-12-30,2025-12-28,640900000.0,0001628280-26-010140,2025.0,FY,10-K,2026-02-20,OperatingIncomeLoss,0,USD,us-gaap,364,2026-02-23,CY2025,,,https://www.sec.gov/Archives/edgar/data/1018963/000162828026010140/
ATI,2026-09-18,net_income,2026-02-20,same value as earliest filing,2024-12-30,2025-12-28,404300000.0,0001628280-26-010140,2025.0,FY,10-K,2026-02-20,NetIncomeLoss,0,USD,us-gaap,364,2026-02-23,CY2025,,,https://www.sec.gov/Archives/edgar/data/1018963/000162828026010140/
ATI,2026-09-18,cfo,2026-02-20,same value as earliest filing,2024-12-30,2025-12-28,614300000.0,0001628280-26-010140,2025.0,FY,10-K,2026-02-20,NetCashProvidedByUsedInOperatingActivities,0,USD,us-gaap,364,2026-02-23,CY2025,,,https://www.sec.gov/Archives/edgar/data/1018963/000162828026010140/
ATI,2026-09-18,equipment_capex,2026-02-20,same value as earliest filing,2024-12-30,2025-12-28,280600000.0,0001628280-26-010140,2025.0,FY,10-K,2026-02-20,PaymentsToAcquireProductiveAssets,2,USD,us-gaap,364,2026-02-23,CY2025,,,https://www.sec.gov/Archives/edgar/data/1018963/000162828026010140/
ATI,2026-09-18,da,2026-02-20,same value as earliest filing,2024-12-30,2025-12-28,168100000.0,0001628280-26-010140,2025.0,FY,10-K,2026-02-20,DepreciationDepletionAndAmortization,0,USD,us-gaap,364,2026-02-23,CY2025,,,https://www.sec.gov/Archives/edgar/data/1018963/000162828026010140/
ATI,2026-09-18,quarter_revenue,2020-05-05,same value as earliest filing,2020-01-01,2020-03-31,955500000.0,0001628280-21-008044,2021.0,Q1,10-Q,2021-04-29,RevenueFromContractWithCustomerExcludingAssessedTax,0,USD,us-gaap,91,2021-04-30,CY2020Q1,,,https://www.sec.gov/Archives/edgar/data/1018963/000162828021008044/
ATI,2026-09-18,quarter_operating_income,2020-05-05,same value as earliest filing,2020-01-01,2020-03-31,68400000.0,0001628280-21-008044,2021.0,Q1,10-Q,2021-04-29,OperatingIncomeLoss,0,USD,us-gaap,91,2021-04-30,CY2020Q1,,,https://www.sec.gov/Archives/edgar/data/1018963/000162828021008044/
ATI,2026-09-18,quarter_net_income,2020-05-05,same value as earliest filing,2020-01-01,2020-03-31,21100000.0,0001628280-21-008044,2021.0,Q1,10-Q,2021-04-29,NetIncomeLoss,0,USD,us-gaap,91,2021-04-30,CY2020Q1,,,https://www.sec.gov/Archives/edgar/data/1018963/000162828021008044/
ATI,2026-09-18,quarter_eps,2020-05-05,same value as earliest filing,2020-01-01,2020-03-31,0.16,0001628280-21-008044,2021.0,Q1,10-Q,2021-04-29,EarningsPerShareDiluted,0,USD/shares,us-gaap,91,2021-04-30,CY2020Q1,,,https://www.sec.gov/Archives/edgar/data/1018963/000162828021008044/
ATI,2026-09-18,quarter_revenue,2020-08-04,same value as earliest filing,2020-04-01,2020-06-30,770300000.0,0001628280-21-015267,2021.0,Q2,10-Q,2021-08-03,RevenueFromContractWithCustomerExcludingAssessedTax,0,USD,us-gaap,91,2021-08-04,CY2020Q2,,,https://www.sec.gov/Archives/edgar/data/1018963/000162828021015267/
ATI,2026-09-18,quarter_operating_income,2020-08-04,same value as earliest filing,2020-04-01,2020-06-30,-273400000.0,0001628280-21-015267,2021.0,Q2,10-Q,2021-08-03,OperatingIncomeLoss,0,USD,us-gaap,91,2021-08-04,CY2020Q2,,,https://www.sec.gov/Archives/edgar/data/1018963/000162828021015267/
ATI,2026-09-18,quarter_net_income,2020-08-04,same value as earliest filing,2020-04-01,2020-06-30,-422600000.0,0001628280-21-015267,2021.0,Q2,10-Q,2021-08-03,NetIncomeLoss,0,USD,us-gaap,91,2021-08-04,CY2020Q2,,,https://www.sec.gov/Archives/edgar/data/1018963/000162828021015267/
ATI,2026-09-18,quarter_eps,2020-08-04,same value as earliest filing,2020-04-01,2020-06-30,-3.34,0001628280-21-015267,2021.0,Q2,10-Q,2021-08-03,EarningsPerShareDiluted,0,USD/shares,us-gaap,91,2021-08-04,CY2020Q2,,,https://www.sec.gov/Archives/edgar/data/1018963/000162828021015267/
ATI,2026-09-18,quarter_revenue,2020-10-29,same value as earliest filing,2020-07-01,2020-09-30,598000000.0,0001628280-21-021098,2021.0,Q3,10-Q,2021-11-02,RevenueFromContractWithCustomerExcludingAssessedTax,0,USD,us-gaap,92,2021-11-03,CY2020Q3,,,https://www.sec.gov/Archives/edgar/data/1018963/000162828021021098/
ATI,2026-09-18,quarter_operating_income,2020-10-29,same value as earliest filing,2020-07-01,2020-09-30,-9600000.0,0001628280-21-021098,2021.0,Q3,10-Q,2021-11-02,OperatingIncomeLoss,0,USD,us-gaap,92,2021-11-03,CY2020Q3,,,https://www.sec.gov/Archives/edgar/data/1018963/000162828021021098/
ATI,2026-09-18,quarter_net_income,2020-10-29,same value as earliest filing,2020-07-01,2020-09-30,-50100000.0,0001628280-21-021098,2021.0,Q3,10-Q,2021-11-02,NetIncomeLoss,0,USD,us-gaap,92,2021-11-03,CY2020Q3,,,https://www.sec.gov/Archives/edgar/data/1018963/000162828021021098/
ATI,2026-09-18,quarter_eps,2020-10-29,same value as earliest filing,2020-07-01,2020-09-30,-0.4,0001628280-21-021098,2021.0,Q3,10-Q,2021-11-02,EarningsPerShareDiluted,0,USD/shares,us-gaap,92,2021-11-03,CY2020Q3,,,https://www.sec.gov/Archives/edgar/data/1018963/000162828021021098/
ATI,2026-09-18,quarter_revenue,2021-02-26,same value as earliest filing,2020-10-01,2020-12-31,658300000.0,0001628280-21-003434,2020.0,FY,10-K,2021-02-26,RevenueFromContractWithCustomerExcludingAssessedTax,0,USD,us-gaap,92,2021-03-01,CY2020Q4,,,https://www.sec.gov/Archives/edgar/data/1018963/000162828021003434/
ATI,2026-09-18,quarter_net_income,2021-02-26,same value as earliest filing,2020-10-01,2020-12-31,-1121000000.0,0001628280-21-003434,2020.0,FY,10-K,2021-02-26,NetIncomeLoss,0,USD,us-gaap,92,2021-03-01,CY2020Q4,,,https://www.sec.gov/Archives/edgar/data/1018963/000162828021003434/
ATI,2026-09-18,quarter_eps,2021-02-26,same value as earliest filing,2020-10-01,2020-12-31,-8.85,0001628280-21-003434,2020.0,FY,10-K,2021-02-26,EarningsPerShareDiluted,0,USD/shares,us-gaap,92,2021-03-01,CY2020Q4,,,https://www.sec.gov/Archives/edgar/data/1018963/000162828021003434/
ATI,2026-09-18,quarter_revenue,2021-04-29,same value as earliest filing,2021-01-01,2021-03-31,692500000.0,0001628280-22-012220,2022.0,Q1,10-Q,2022-05-04,RevenueFromContractWithCustomerExcludingAssessedTax,0,USD,us-gaap,90,2022-05-05,CY2021Q1,,,https://www.sec.gov/Archives/edgar/data/1018963/000162828022012220/
ATI,2026-09-18,quarter_operating_income,2021-04-29,same value as earliest filing,2021-01-01,2021-03-31,31800000.0,0001628280-22-012220,2022.0,Q1,10-Q,2022-05-04,OperatingIncomeLoss,0,USD,us-gaap,90,2022-05-05,CY2021Q1,,,https://www.sec.gov/Archives/edgar/data/1018963/000162828022012220/
ATI,2026-09-18,quarter_net_income,2021-04-29,same value as earliest filing,2021-01-01,2021-03-31,-7900000.0,0001628280-22-012220,2022.0,Q1,10-Q,2022-05-04,NetIncomeLoss,0,USD,us-gaap,90,2022-05-05,CY2021Q1,,,https://www.sec.gov/Archives/edgar/data/1018963/000162828022012220/
ATI,2026-09-18,quarter_eps,2021-04-29,same value as earliest filing,2021-01-01,2021-03-31,-0.06,0001628280-22-012220,2022.0,Q1,10-Q,2022-05-04,EarningsPerShareDiluted,0,USD/shares,us-gaap,90,2022-05-05,CY2021Q1,,,https://www.sec.gov/Archives/edgar/data/1018963/000162828022012220/
ATI,2026-09-18,quarter_revenue,2021-08-03,same value as earliest filing,2021-04-01,2021-06-30,616200000.0,0001628280-22-021008,2022.0,Q2,10-Q,2022-08-04,RevenueFromContractWithCustomerExcludingAssessedTax,0,USD,us-gaap,91,2022-08-05,CY2021Q2,,,https://www.sec.gov/Archives/edgar/data/1018963/000162828022021008/
ATI,2026-09-18,quarter_operating_income,2021-08-03,same value as earliest filing,2021-04-01,2021-06-30,-11300000.0,0001628280-22-021008,2022.0,Q2,10-Q,2022-08-04,OperatingIncomeLoss,0,USD,us-gaap,91,2022-08-05,CY2021Q2,,,https://www.sec.gov/Archives/edgar/data/1018963/000162828022021008/
ATI,2026-09-18,quarter_net_income,2021-08-03,same value as earliest filing,2021-04-01,2021-06-30,-49200000.0,0001628280-22-021008,2022.0,Q2,10-Q,2022-08-04,NetIncomeLoss,0,USD,us-gaap,91,2022-08-05,CY2021Q2,,,https://www.sec.gov/Archives/edgar/data/1018963/000162828022021008/
ATI,2026-09-18,quarter_eps,2021-08-03,same value as earliest filing,2021-04-01,2021-06-30,-0.39,0001628280-22-021008,2022.0,Q2,10-Q,2022-08-04,EarningsPerShareDiluted,0,USD/shares,us-gaap,91,2022-08-05,CY2021Q2,,,https://www.sec.gov/Archives/edgar/data/1018963/000162828022021008/
ATI,2026-09-18,quarter_revenue,2021-11-02,same value as earliest filing,2021-07-01,2021-09-30,725700000.0,0001628280-22-028121,2022.0,Q3,10-Q,2022-11-03,RevenueFromContractWithCustomerExcludingAssessedTax,0,USD,us-gaap,92,2022-11-04,CY2021Q3,,,https://www.sec.gov/Archives/edgar/data/1018963/000162828022028121/
ATI,2026-09-18,quarter_operating_income,2021-11-02,same value as earliest filing,2021-07-01,2021-09-30,29900000.0,0001628280-22-028121,2022.0,Q3,10-Q,2022-11-03,OperatingIncomeLoss,0,USD,us-gaap,92,2022-11-04,CY2021Q3,,,https://www.sec.gov/Archives/edgar/data/1018963/000162828022028121/
ATI,2026-09-18,quarter_net_income,2021-11-02,same value as earliest filing,2021-07-01,2021-09-30,48700000.0,0001628280-22-028121,2022.0,Q3,10-Q,2022-11-03,NetIncomeLoss,0,USD,us-gaap,92,2022-11-04,CY2021Q3,,,https://www.sec.gov/Archives/edgar/data/1018963/000162828022028121/
ATI,2026-09-18,quarter_eps,2021-11-02,same value as earliest filing,2021-07-01,2021-09-30,0.35,0001628280-22-028121,2022.0,Q3,10-Q,2022-11-03,EarningsPerShareDiluted,0,USD/shares,us-gaap,92,2022-11-04,CY2021Q3,,,https://www.sec.gov/Archives/edgar/data/1018963/000162828022028121/
ATI,2026-09-18,quarter_revenue,2022-05-04,same value as earliest filing,2022-01-01,2022-03-31,834100000.0,0001628280-23-015639,2023.0,Q1,10-Q,2023-05-04,RevenueFromContractWithCustomerExcludingAssessedTax,0,USD,us-gaap,90,2023-05-05,CY2022Q1,,,https://www.sec.gov/Archives/edgar/data/1018963/000162828023015639/
ATI,2026-09-18,quarter_operating_income,2022-05-04,same value as earliest filing,2022-01-01,2022-03-31,77000000.0,0001628280-23-015639,2023.0,Q1,10-Q,2023-05-04,OperatingIncomeLoss,0,USD,us-gaap,90,2023-05-05,CY2022Q1,,,https://www.sec.gov/Archives/edgar/data/1018963/000162828023015639/
ATI,2026-09-18,quarter_net_income,2022-05-04,same value as earliest filing,2022-01-01,2022-03-31,30900000.0,0001628280-23-015639,2023.0,Q1,10-Q,2023-05-04,NetIncomeLoss,0,USD,us-gaap,90,2023-05-05,CY2022Q1,,,https://www.sec.gov/Archives/edgar/data/1018963/000162828023015639/
ATI,2026-09-18,quarter_eps,2022-05-04,same value as earliest filing,2022-01-01,2022-03-31,0.23,0001628280-23-015639,2023.0,Q1,10-Q,2023-05-04,EarningsPerShareDiluted,0,USD/shares,us-gaap,90,2023-05-05,CY2022Q1,,,https://www.sec.gov/Archives/edgar/data/1018963/000162828023015639/
ATI,2026-09-18,quarter_revenue,2024-02-23,same value as earliest filing,2022-01-03,2022-04-03,834100000.0,0001628280-24-006606,2023.0,FY,10-K,2024-02-23,RevenueFromContractWithCustomerExcludingAssessedTax,0,USD,us-gaap,91,2024-02-26,,,,https://www.sec.gov/Archives/edgar/data/1018963/000162828024006606/
ATI,2026-09-18,quarter_operating_income,2024-02-23,same value as earliest filing,2022-01-03,2022-04-03,77000000.0,0001628280-24-006606,2023.0,FY,10-K,2024-02-23,OperatingIncomeLoss,0,USD,us-gaap,91,2024-02-26,,,,https://www.sec.gov/Archives/edgar/data/1018963/000162828024006606/
ATI,2026-09-18,quarter_net_income,2024-02-23,same value as earliest filing,2022-01-03,2022-04-03,46900000.0,0001628280-24-006606,2023.0,FY,10-K,2024-02-23,NetIncomeLoss,0,USD,us-gaap,91,2024-02-26,,,,https://www.sec.gov/Archives/edgar/data/1018963/000162828024006606/
ATI,2026-09-18,quarter_eps,2024-02-23,same value as earliest filing,2022-01-03,2022-04-03,0.33,0001628280-24-006606,2023.0,FY,10-K,2024-02-23,EarningsPerShareDiluted,0,USD/shares,us-gaap,91,2024-02-26,,,,https://www.sec.gov/Archives/edgar/data/1018963/000162828024006606/
ATI,2026-09-18,quarter_revenue,2022-08-04,same value as earliest filing,2022-04-01,2022-06-30,959500000.0,0001628280-23-026678,2023.0,Q2,10-Q,2023-08-02,RevenueFromContractWithCustomerExcludingAssessedTax,0,USD,us-gaap,91,2023-08-03,CY2022Q2,,,https://www.sec.gov/Archives/edgar/data/1018963/000162828023026678/
ATI,2026-09-18,quarter_operating_income,2022-08-04,same value as earliest filing,2022-04-01,2022-06-30,-11600000.0,0001628280-23-026678,2023.0,Q2,10-Q,2023-08-02,OperatingIncomeLoss,0,USD,us-gaap,91,2023-08-03,CY2022Q2,,,https://www.sec.gov/Archives/edgar/data/1018963/000162828023026678/
ATI,2026-09-18,quarter_net_income,2022-08-04,same value as earliest filing,2022-04-01,2022-06-30,-38000000.0,0001628280-23-026678,2023.0,Q2,10-Q,2023-08-02,NetIncomeLoss,0,USD,us-gaap,91,2023-08-03,CY2022Q2,,,https://www.sec.gov/Archives/edgar/data/1018963/000162828023026678/
ATI,2026-09-18,quarter_eps,2022-08-04,same value as earliest filing,2022-04-01,2022-06-30,-0.31,0001628280-23-026678,2023.0,Q2,10-Q,2023-08-02,EarningsPerShareDiluted,0,USD/shares,us-gaap,91,2023-08-03,CY2022Q2,,,https://www.sec.gov/Archives/edgar/data/1018963/000162828023026678/
ATI,2026-09-18,quarter_revenue,2024-02-23,same value as earliest filing,2022-04-04,2022-07-03,959500000.0,0001628280-24-006606,2023.0,FY,10-K,2024-02-23,RevenueFromContractWithCustomerExcludingAssessedTax,0,USD,us-gaap,91,2024-02-26,,,,https://www.sec.gov/Archives/edgar/data/1018963/000162828024006606/
ATI,2026-09-18,quarter_operating_income,2024-02-23,same value as earliest filing,2022-04-04,2022-07-03,17200000.0,0001628280-24-006606,2023.0,FY,10-K,2024-02-23,OperatingIncomeLoss,0,USD,us-gaap,91,2024-02-26,,,,https://www.sec.gov/Archives/edgar/data/1018963/000162828024006606/
ATI,2026-09-18,quarter_net_income,2024-02-23,same value as earliest filing,2022-04-04,2022-07-03,6700000.0,0001628280-24-006606,2023.0,FY,10-K,2024-02-23,NetIncomeLoss,0,USD,us-gaap,91,2024-02-26,,,,https://www.sec.gov/Archives/edgar/data/1018963/000162828024006606/
ATI,2026-09-18,quarter_eps,2024-02-23,same value as earliest filing,2022-04-04,2022-07-03,0.05,0001628280-24-006606,2023.0,FY,10-K,2024-02-23,EarningsPerShareDiluted,0,USD/shares,us-gaap,91,2024-02-26,,,,https://www.sec.gov/Archives/edgar/data/1018963/000162828024006606/
ATI,2026-09-18,quarter_revenue,2022-11-03,same value as earliest filing,2022-07-01,2022-09-30,1032000000.0,0001628280-23-036343,2023.0,Q3,10-Q,2023-11-02,RevenueFromContractWithCustomerExcludingAssessedTax,0,USD,us-gaap,92,2023-11-03,CY2022Q3,,,https://www.sec.gov/Archives/edgar/data/1018963/000162828023036343/
ATI,2026-09-18,quarter_operating_income,2022-11-03,same value as earliest filing,2022-07-01,2022-09-30,113200000.0,0001628280-23-036343,2023.0,Q3,10-Q,2023-11-02,OperatingIncomeLoss,0,USD,us-gaap,92,2023-11-03,CY2022Q3,,,https://www.sec.gov/Archives/edgar/data/1018963/000162828023036343/
ATI,2026-09-18,quarter_net_income,2022-11-03,same value as earliest filing,2022-07-01,2022-09-30,61100000.0,0001628280-23-036343,2023.0,Q3,10-Q,2023-11-02,NetIncomeLoss,0,USD,us-gaap,92,2023-11-03,CY2022Q3,,,https://www.sec.gov/Archives/edgar/data/1018963/000162828023036343/
ATI,2026-09-18,quarter_eps,2022-11-03,same value as earliest filing,2022-07-01,2022-09-30,0.42,0001628280-23-036343,2023.0,Q3,10-Q,2023-11-02,EarningsPerShareDiluted,0,USD/shares,us-gaap,92,2023-11-03,CY2022Q3,,,https://www.sec.gov/Archives/edgar/data/1018963/000162828023036343/
ATI,2026-09-18,quarter_revenue,2024-02-23,same value as earliest filing,2022-07-04,2022-10-02,1032000000.0,0001628280-24-006606,2023.0,FY,10-K,2024-02-23,RevenueFromContractWithCustomerExcludingAssessedTax,0,USD,us-gaap,91,2024-02-26,,,,https://www.sec.gov/Archives/edgar/data/1018963/000162828024006606/
ATI,2026-09-18,quarter_operating_income,2024-02-23,same value as earliest filing,2022-07-04,2022-10-02,113200000.0,0001628280-24-006606,2023.0,FY,10-K,2024-02-23,OperatingIncomeLoss,0,USD,us-gaap,91,2024-02-26,,,,https://www.sec.gov/Archives/edgar/data/1018963/000162828024006606/
ATI,2026-09-18,quarter_net_income,2024-02-23,same value as earliest filing,2022-07-04,2022-10-02,76900000.0,0001628280-24-006606,2023.0,FY,10-K,2024-02-23,NetIncomeLoss,0,USD,us-gaap,91,2024-02-26,,,,https://www.sec.gov/Archives/edgar/data/1018963/000162828024006606/
ATI,2026-09-18,quarter_eps,2024-02-23,same value as earliest filing,2022-07-04,2022-10-02,0.53,0001628280-24-006606,2023.0,FY,10-K,2024-02-23,EarningsPerShareDiluted,0,USD/shares,us-gaap,91,2024-02-26,,,,https://www.sec.gov/Archives/edgar/data/1018963/000162828024006606/
ATI,2026-09-18,quarter_revenue,2024-02-23,same value as earliest filing,2022-10-03,2023-01-01,1010400000.0,0001628280-24-006606,2023.0,FY,10-K,2024-02-23,RevenueFromContractWithCustomerExcludingAssessedTax,0,USD,us-gaap,91,2024-02-26,CY2022Q4,,,https://www.sec.gov/Archives/edgar/data/1018963/000162828024006606/
ATI,2026-09-18,quarter_operating_income,2024-02-23,same value as earliest filing,2022-10-03,2023-01-01,108700000.0,0001628280-24-006606,2023.0,FY,10-K,2024-02-23,OperatingIncomeLoss,0,USD,us-gaap,91,2024-02-26,CY2022Q4,,,https://www.sec.gov/Archives/edgar/data/1018963/000162828024006606/
ATI,2026-09-18,quarter_net_income,2024-02-23,same value as earliest filing,2022-10-03,2023-01-01,193000000.0,0001628280-24-006606,2023.0,FY,10-K,2024-02-23,NetIncomeLoss,0,USD,us-gaap,91,2024-02-26,CY2022Q4,,,https://www.sec.gov/Archives/edgar/data/1018963/000162828024006606/
ATI,2026-09-18,quarter_eps,2024-02-23,same value as earliest filing,2022-10-03,2023-01-01,1.3,0001628280-24-006606,2023.0,FY,10-K,2024-02-23,EarningsPerShareDiluted,0,USD/shares,us-gaap,91,2024-02-26,CY2022Q4,,,https://www.sec.gov/Archives/edgar/data/1018963/000162828024006606/
ATI,2026-09-18,quarter_revenue,2023-05-04,same value as earliest filing,2023-01-01,2023-03-31,1038100000.0,0001628280-23-015639,2023.0,Q1,10-Q,2023-05-04,RevenueFromContractWithCustomerExcludingAssessedTax,0,USD,us-gaap,90,2023-05-05,CY2023Q1,,,https://www.sec.gov/Archives/edgar/data/1018963/000162828023015639/
ATI,2026-09-18,quarter_operating_income,2023-05-04,same value as earliest filing,2023-01-01,2023-03-31,112600000.0,0001628280-23-015639,2023.0,Q1,10-Q,2023-05-04,OperatingIncomeLoss,0,USD,us-gaap,90,2023-05-05,CY2023Q1,,,https://www.sec.gov/Archives/edgar/data/1018963/000162828023015639/
ATI,2026-09-18,quarter_net_income,2023-05-04,same value as earliest filing,2023-01-01,2023-03-31,70100000.0,0001628280-23-015639,2023.0,Q1,10-Q,2023-05-04,NetIncomeLoss,0,USD,us-gaap,90,2023-05-05,CY2023Q1,,,https://www.sec.gov/Archives/edgar/data/1018963/000162828023015639/
ATI,2026-09-18,quarter_eps,2023-05-04,same value as earliest filing,2023-01-01,2023-03-31,0.48,0001628280-23-015639,2023.0,Q1,10-Q,2023-05-04,EarningsPerShareDiluted,0,USD/shares,us-gaap,90,2023-05-05,CY2023Q1,,,https://www.sec.gov/Archives/edgar/data/1018963/000162828023015639/
ATI,2026-09-18,quarter_revenue,2024-02-23,same value as earliest filing,2023-01-02,2023-04-02,1038100000.0,0001628280-24-019285,2024.0,Q1,10-Q,2024-04-30,RevenueFromContractWithCustomerExcludingAssessedTax,0,USD,us-gaap,91,2024-05-01,,,,https://www.sec.gov/Archives/edgar/data/1018963/000162828024019285/
ATI,2026-09-18,quarter_operating_income,2024-02-23,same value as earliest filing,2023-01-02,2023-04-02,112600000.0,0001628280-24-019285,2024.0,Q1,10-Q,2024-04-30,OperatingIncomeLoss,0,USD,us-gaap,91,2024-05-01,,,,https://www.sec.gov/Archives/edgar/data/1018963/000162828024019285/
ATI,2026-09-18,quarter_net_income,2024-02-23,same value as earliest filing,2023-01-02,2023-04-02,84500000.0,0001628280-24-019285,2024.0,Q1,10-Q,2024-04-30,NetIncomeLoss,0,USD,us-gaap,91,2024-05-01,,,,https://www.sec.gov/Archives/edgar/data/1018963/000162828024019285/
ATI,2026-09-18,quarter_eps,2024-02-23,same value as earliest filing,2023-01-02,2023-04-02,0.58,0001628280-24-019285,2024.0,Q1,10-Q,2024-04-30,EarningsPerShareDiluted,0,USD/shares,us-gaap,91,2024-05-01,,,,https://www.sec.gov/Archives/edgar/data/1018963/000162828024019285/
ATI,2026-09-18,quarter_revenue,2023-08-02,same value as earliest filing,2023-04-01,2023-06-30,1046000000.0,0001628280-23-026678,2023.0,Q2,10-Q,2023-08-02,RevenueFromContractWithCustomerExcludingAssessedTax,0,USD,us-gaap,91,2023-08-03,CY2023Q2,,,https://www.sec.gov/Archives/edgar/data/1018963/000162828023026678/
ATI,2026-09-18,quarter_operating_income,2023-08-02,same value as earliest filing,2023-04-01,2023-06-30,120300000.0,0001628280-23-026678,2023.0,Q2,10-Q,2023-08-02,OperatingIncomeLoss,0,USD,us-gaap,91,2023-08-03,CY2023Q2,,,https://www.sec.gov/Archives/edgar/data/1018963/000162828023026678/
ATI,2026-09-18,quarter_net_income,2023-08-02,same value as earliest filing,2023-04-01,2023-06-30,76000000.0,0001628280-23-026678,2023.0,Q2,10-Q,2023-08-02,NetIncomeLoss,0,USD,us-gaap,91,2023-08-03,CY2023Q2,,,https://www.sec.gov/Archives/edgar/data/1018963/000162828023026678/
ATI,2026-09-18,quarter_eps,2023-08-02,same value as earliest filing,2023-04-01,2023-06-30,0.52,0001628280-23-026678,2023.0,Q2,10-Q,2023-08-02,EarningsPerShareDiluted,0,USD/shares,us-gaap,91,2023-08-03,CY2023Q2,,,https://www.sec.gov/Archives/edgar/data/1018963/000162828023026678/
ATI,2026-09-18,quarter_revenue,2024-02-23,same value as earliest filing,2023-04-03,2023-07-02,1046000000.0,0001628280-24-035141,2024.0,Q2,10-Q,2024-08-06,RevenueFromContractWithCustomerExcludingAssessedTax,0,USD,us-gaap,91,2024-08-07,,,,https://www.sec.gov/Archives/edgar/data/1018963/000162828024035141/
ATI,2026-09-18,quarter_operating_income,2024-02-23,same value as earliest filing,2023-04-03,2023-07-02,120300000.0,0001628280-24-035141,2024.0,Q2,10-Q,2024-08-06,OperatingIncomeLoss,0,USD,us-gaap,91,2024-08-07,,,,https://www.sec.gov/Archives/edgar/data/1018963/000162828024035141/
ATI,2026-09-18,quarter_net_income,2024-02-23,same value as earliest filing,2023-04-03,2023-07-02,90400000.0,0001628280-24-035141,2024.0,Q2,10-Q,2024-08-06,NetIncomeLoss,0,USD,us-gaap,91,2024-08-07,,,,https://www.sec.gov/Archives/edgar/data/1018963/000162828024035141/
ATI,2026-09-18,quarter_eps,2024-02-23,same value as earliest filing,2023-04-03,2023-07-02,0.62,0001628280-24-035141,2024.0,Q2,10-Q,2024-08-06,EarningsPerShareDiluted,0,USD/shares,us-gaap,91,2024-08-07,,,,https://www.sec.gov/Archives/edgar/data/1018963/000162828024035141/
ATI,2026-09-18,quarter_revenue,2023-11-02,same value as earliest filing,2023-07-01,2023-09-30,1025600000.0,0001628280-23-036343,2023.0,Q3,10-Q,2023-11-02,RevenueFromContractWithCustomerExcludingAssessedTax,0,USD,us-gaap,92,2023-11-03,CY2023Q3,,,https://www.sec.gov/Archives/edgar/data/1018963/000162828023036343/
ATI,2026-09-18,quarter_operating_income,2023-11-02,same value as earliest filing,2023-07-01,2023-09-30,125200000.0,0001628280-23-036343,2023.0,Q3,10-Q,2023-11-02,OperatingIncomeLoss,0,USD,us-gaap,92,2023-11-03,CY2023Q3,,,https://www.sec.gov/Archives/edgar/data/1018963/000162828023036343/
ATI,2026-09-18,quarter_net_income,2023-11-02,same value as earliest filing,2023-07-01,2023-09-30,75700000.0,0001628280-23-036343,2023.0,Q3,10-Q,2023-11-02,NetIncomeLoss,0,USD,us-gaap,92,2023-11-03,CY2023Q3,,,https://www.sec.gov/Archives/edgar/data/1018963/000162828023036343/
ATI,2026-09-18,quarter_eps,2023-11-02,same value as earliest filing,2023-07-01,2023-09-30,0.52,0001628280-23-036343,2023.0,Q3,10-Q,2023-11-02,EarningsPerShareDiluted,0,USD/shares,us-gaap,92,2023-11-03,CY2023Q3,,,https://www.sec.gov/Archives/edgar/data/1018963/000162828023036343/
ATI,2026-09-18,quarter_revenue,2024-02-23,same value as earliest filing,2023-07-03,2023-10-01,1025600000.0,0001628280-24-044066,2024.0,Q3,10-Q,2024-10-29,RevenueFromContractWithCustomerExcludingAssessedTax,0,USD,us-gaap,91,2024-10-30,,,,https://www.sec.gov/Archives/edgar/data/1018963/000162828024044066/
ATI,2026-09-18,quarter_operating_income,2024-02-23,same value as earliest filing,2023-07-03,2023-10-01,125200000.0,0001628280-24-044066,2024.0,Q3,10-Q,2024-10-29,OperatingIncomeLoss,0,USD,us-gaap,91,2024-10-30,,,,https://www.sec.gov/Archives/edgar/data/1018963/000162828024044066/
ATI,2026-09-18,quarter_net_income,2024-02-23,same value as earliest filing,2023-07-03,2023-10-01,90200000.0,0001628280-24-044066,2024.0,Q3,10-Q,2024-10-29,NetIncomeLoss,0,USD,us-gaap,91,2024-10-30,,,,https://www.sec.gov/Archives/edgar/data/1018963/000162828024044066/
ATI,2026-09-18,quarter_eps,2024-02-23,same value as earliest filing,2023-07-03,2023-10-01,0.62,0001628280-24-044066,2024.0,Q3,10-Q,2024-10-29,EarningsPerShareDiluted,0,USD/shares,us-gaap,91,2024-10-30,,,,https://www.sec.gov/Archives/edgar/data/1018963/000162828024044066/
ATI,2026-09-18,quarter_revenue,2024-02-23,same value as earliest filing,2023-10-02,2023-12-31,1064000000.0,0001628280-24-006606,2023.0,FY,10-K,2024-02-23,RevenueFromContractWithCustomerExcludingAssessedTax,0,USD,us-gaap,91,2024-02-26,CY2023Q4,,,https://www.sec.gov/Archives/edgar/data/1018963/000162828024006606/
ATI,2026-09-18,quarter_operating_income,2024-02-23,same value as earliest filing,2023-10-02,2023-12-31,108300000.0,0001628280-24-006606,2023.0,FY,10-K,2024-02-23,OperatingIncomeLoss,0,USD,us-gaap,91,2024-02-26,CY2023Q4,,,https://www.sec.gov/Archives/edgar/data/1018963/000162828024006606/
ATI,2026-09-18,quarter_net_income,2024-02-23,same value as earliest filing,2023-10-02,2023-12-31,145700000.0,0001628280-24-006606,2023.0,FY,10-K,2024-02-23,NetIncomeLoss,0,USD,us-gaap,91,2024-02-26,CY2023Q4,,,https://www.sec.gov/Archives/edgar/data/1018963/000162828024006606/
ATI,2026-09-18,quarter_eps,2024-02-23,same value as earliest filing,2023-10-02,2023-12-31,0.99,0001628280-24-006606,2023.0,FY,10-K,2024-02-23,EarningsPerShareDiluted,0,USD/shares,us-gaap,91,2024-02-26,CY2023Q4,,,https://www.sec.gov/Archives/edgar/data/1018963/000162828024006606/
ATI,2026-09-18,quarter_revenue,2024-04-30,same value as earliest filing,2024-01-01,2024-03-31,1042900000.0,0001628280-25-021463,2025.0,Q1,10-Q,2025-05-01,RevenueFromContractWithCustomerExcludingAssessedTax,0,USD,us-gaap,91,2025-05-02,CY2024Q1,,,https://www.sec.gov/Archives/edgar/data/1018963/000162828025021463/
ATI,2026-09-18,quarter_operating_income,2024-04-30,same value as earliest filing,2024-01-01,2024-03-31,115200000.0,0001628280-25-021463,2025.0,Q1,10-Q,2025-05-01,OperatingIncomeLoss,0,USD,us-gaap,91,2025-05-02,CY2024Q1,,,https://www.sec.gov/Archives/edgar/data/1018963/000162828025021463/
ATI,2026-09-18,quarter_net_income,2024-04-30,same value as earliest filing,2024-01-01,2024-03-31,66100000.0,0001628280-25-021463,2025.0,Q1,10-Q,2025-05-01,NetIncomeLoss,0,USD,us-gaap,91,2025-05-02,CY2024Q1,,,https://www.sec.gov/Archives/edgar/data/1018963/000162828025021463/
ATI,2026-09-18,quarter_eps,2024-04-30,same value as earliest filing,2024-01-01,2024-03-31,0.46,0001628280-25-021463,2025.0,Q1,10-Q,2025-05-01,EarningsPerShareDiluted,0,USD/shares,us-gaap,91,2025-05-02,CY2024Q1,,,https://www.sec.gov/Archives/edgar/data/1018963/000162828025021463/
ATI,2026-09-18,quarter_revenue,2024-08-06,same value as earliest filing,2024-04-01,2024-06-30,1095300000.0,0001628280-25-036963,2025.0,Q2,10-Q,2025-07-31,RevenueFromContractWithCustomerExcludingAssessedTax,0,USD,us-gaap,91,2025-08-01,CY2024Q2,,,https://www.sec.gov/Archives/edgar/data/1018963/000162828025036963/
ATI,2026-09-18,quarter_operating_income,2024-08-06,same value as earliest filing,2024-04-01,2024-06-30,142600000.0,0001628280-25-036963,2025.0,Q2,10-Q,2025-07-31,OperatingIncomeLoss,0,USD,us-gaap,91,2025-08-01,CY2024Q2,,,https://www.sec.gov/Archives/edgar/data/1018963/000162828025036963/
ATI,2026-09-18,quarter_net_income,2024-08-06,same value as earliest filing,2024-04-01,2024-06-30,81900000.0,0001628280-25-036963,2025.0,Q2,10-Q,2025-07-31,NetIncomeLoss,0,USD,us-gaap,91,2025-08-01,CY2024Q2,,,https://www.sec.gov/Archives/edgar/data/1018963/000162828025036963/
ATI,2026-09-18,quarter_eps,2024-08-06,same value as earliest filing,2024-04-01,2024-06-30,0.58,0001628280-25-036963,2025.0,Q2,10-Q,2025-07-31,EarningsPerShareDiluted,0,USD/shares,us-gaap,91,2025-08-01,CY2024Q2,,,https://www.sec.gov/Archives/edgar/data/1018963/000162828025036963/
ATI,2026-09-18,quarter_revenue,2024-10-29,same value as earliest filing,2024-07-01,2024-09-29,1051200000.0,0001628280-25-046675,2025.0,Q3,10-Q,2025-10-28,RevenueFromContractWithCustomerExcludingAssessedTax,0,USD,us-gaap,91,2025-10-29,CY2024Q3,,,https://www.sec.gov/Archives/edgar/data/1018963/000162828025046675/
ATI,2026-09-18,quarter_operating_income,2024-10-29,same value as earliest filing,2024-07-01,2024-09-29,142200000.0,0001628280-25-046675,2025.0,Q3,10-Q,2025-10-28,OperatingIncomeLoss,0,USD,us-gaap,91,2025-10-29,CY2024Q3,,,https://www.sec.gov/Archives/edgar/data/1018963/000162828025046675/
ATI,2026-09-18,quarter_net_income,2024-10-29,same value as earliest filing,2024-07-01,2024-09-29,82700000.0,0001628280-25-046675,2025.0,Q3,10-Q,2025-10-28,NetIncomeLoss,0,USD,us-gaap,91,2025-10-29,CY2024Q3,,,https://www.sec.gov/Archives/edgar/data/1018963/000162828025046675/
ATI,2026-09-18,quarter_eps,2024-10-29,same value as earliest filing,2024-07-01,2024-09-29,0.57,0001628280-25-046675,2025.0,Q3,10-Q,2025-10-28,EarningsPerShareDiluted,0,USD/shares,us-gaap,91,2025-10-29,CY2024Q3,,,https://www.sec.gov/Archives/edgar/data/1018963/000162828025046675/
ATI,2026-09-18,quarter_revenue,2025-05-01,same value as earliest filing,2024-12-30,2025-03-30,1144400000.0,0001628280-26-028684,2026.0,Q1,10-Q,2026-04-30,RevenueFromContractWithCustomerExcludingAssessedTax,0,USD,us-gaap,91,2026-05-01,CY2025Q1,,,https://www.sec.gov/Archives/edgar/data/1018963/000162828026028684/
ATI,2026-09-18,quarter_operating_income,2025-05-01,same value as earliest filing,2024-12-30,2025-03-30,146900000.0,0001628280-26-028684,2026.0,Q1,10-Q,2026-04-30,OperatingIncomeLoss,0,USD,us-gaap,91,2026-05-01,CY2025Q1,,,https://www.sec.gov/Archives/edgar/data/1018963/000162828026028684/
ATI,2026-09-18,quarter_net_income,2025-05-01,same value as earliest filing,2024-12-30,2025-03-30,97000000.0,0001628280-26-028684,2026.0,Q1,10-Q,2026-04-30,NetIncomeLoss,0,USD,us-gaap,91,2026-05-01,CY2025Q1,,,https://www.sec.gov/Archives/edgar/data/1018963/000162828026028684/
ATI,2026-09-18,quarter_eps,2025-05-01,same value as earliest filing,2024-12-30,2025-03-30,0.67,0001628280-26-028684,2026.0,Q1,10-Q,2026-04-30,EarningsPerShareDiluted,0,USD/shares,us-gaap,91,2026-05-01,CY2025Q1,,,https://www.sec.gov/Archives/edgar/data/1018963/000162828026028684/
ATI,2026-09-18,quarter_revenue,2025-07-31,same value as earliest filing,2025-03-31,2025-06-29,1140400000.0,0001628280-26-054233,2026.0,Q2,10-Q,2026-08-06,RevenueFromContractWithCustomerExcludingAssessedTax,0,USD,us-gaap,91,2026-08-07,CY2025Q2,,,https://www.sec.gov/Archives/edgar/data/1018963/000162828026054233/
ATI,2026-09-18,quarter_operating_income,2025-07-31,same value as earliest filing,2025-03-31,2025-06-29,161000000.0,0001628280-26-054233,2026.0,Q2,10-Q,2026-08-06,OperatingIncomeLoss,0,USD,us-gaap,91,2026-08-07,CY2025Q2,,,https://www.sec.gov/Archives/edgar/data/1018963/000162828026054233/
ATI,2026-09-18,quarter_net_income,2025-07-31,same value as earliest filing,2025-03-31,2025-06-29,100700000.0,0001628280-26-054233,2026.0,Q2,10-Q,2026-08-06,NetIncomeLoss,0,USD,us-gaap,91,2026-08-07,CY2025Q2,,,https://www.sec.gov/Archives/edgar/data/1018963/000162828026054233/
ATI,2026-09-18,quarter_eps,2025-07-31,same value as earliest filing,2025-03-31,2025-06-29,0.7,0001628280-26-054233,2026.0,Q2,10-Q,2026-08-06,EarningsPerShareDiluted,0,USD/shares,us-gaap,91,2026-08-07,CY2025Q2,,,https://www.sec.gov/Archives/edgar/data/1018963/000162828026054233/
ATI,2026-09-18,quarter_revenue,2025-10-28,same value as earliest filing,2025-06-30,2025-09-28,1125500000.0,0001628280-25-046675,2025.0,Q3,10-Q,2025-10-28,RevenueFromContractWithCustomerExcludingAssessedTax,0,USD,us-gaap,91,2025-10-29,CY2025Q3,,,https://www.sec.gov/Archives/edgar/data/1018963/000162828025046675/
ATI,2026-09-18,quarter_operating_income,2025-10-28,same value as earliest filing,2025-06-30,2025-09-28,162400000.0,0001628280-25-046675,2025.0,Q3,10-Q,2025-10-28,OperatingIncomeLoss,0,USD,us-gaap,91,2025-10-29,CY2025Q3,,,https://www.sec.gov/Archives/edgar/data/1018963/000162828025046675/
ATI,2026-09-18,quarter_net_income,2025-10-28,same value as earliest filing,2025-06-30,2025-09-28,110000000.0,0001628280-25-046675,2025.0,Q3,10-Q,2025-10-28,NetIncomeLoss,0,USD,us-gaap,91,2025-10-29,CY2025Q3,,,https://www.sec.gov/Archives/edgar/data/1018963/000162828025046675/
ATI,2026-09-18,quarter_eps,2025-10-28,same value as earliest filing,2025-06-30,2025-09-28,0.78,0001628280-25-046675,2025.0,Q3,10-Q,2025-10-28,EarningsPerShareDiluted,0,USD/shares,us-gaap,91,2025-10-29,CY2025Q3,,,https://www.sec.gov/Archives/edgar/data/1018963/000162828025046675/
ATI,2026-09-18,quarter_revenue,2026-04-30,same value as earliest filing,2025-12-29,2026-03-29,1151500000.0,0001628280-26-028684,2026.0,Q1,10-Q,2026-04-30,RevenueFromContractWithCustomerExcludingAssessedTax,0,USD,us-gaap,91,2026-05-01,CY2026Q1,,,https://www.sec.gov/Archives/edgar/data/1018963/000162828026028684/
ATI,2026-09-18,quarter_operating_income,2026-04-30,same value as earliest filing,2025-12-29,2026-03-29,163800000.0,0001628280-26-028684,2026.0,Q1,10-Q,2026-04-30,OperatingIncomeLoss,0,USD,us-gaap,91,2026-05-01,CY2026Q1,,,https://www.sec.gov/Archives/edgar/data/1018963/000162828026028684/
ATI,2026-09-18,quarter_net_income,2026-04-30,same value as earliest filing,2025-12-29,2026-03-29,118200000.0,0001628280-26-028684,2026.0,Q1,10-Q,2026-04-30,NetIncomeLoss,0,USD,us-gaap,91,2026-05-01,CY2026Q1,,,https://www.sec.gov/Archives/edgar/data/1018963/000162828026028684/
ATI,2026-09-18,quarter_eps,2026-04-30,same value as earliest filing,2025-12-29,2026-03-29,0.85,0001628280-26-028684,2026.0,Q1,10-Q,2026-04-30,EarningsPerShareDiluted,0,USD/shares,us-gaap,91,2026-05-01,CY2026Q1,,,https://www.sec.gov/Archives/edgar/data/1018963/000162828026028684/
ATI,2026-09-18,quarter_revenue,2026-08-06,same value as earliest filing,2026-03-30,2026-06-28,1261100000.0,0001628280-26-054233,2026.0,Q2,10-Q,2026-08-06,RevenueFromContractWithCustomerExcludingAssessedTax,0,USD,us-gaap,91,2026-08-07,CY2026Q2,,,https://www.sec.gov/Archives/edgar/data/1018963/000162828026054233/
ATI,2026-09-18,quarter_operating_income,2026-08-06,same value as earliest filing,2026-03-30,2026-06-28,220000000.0,0001628280-26-054233,2026.0,Q2,10-Q,2026-08-06,OperatingIncomeLoss,0,USD,us-gaap,91,2026-08-07,CY2026Q2,,,https://www.sec.gov/Archives/edgar/data/1018963/000162828026054233/
ATI,2026-09-18,quarter_net_income,2026-08-06,same value as earliest filing,2026-03-30,2026-06-28,151000000.0,0001628280-26-054233,2026.0,Q2,10-Q,2026-08-06,NetIncomeLoss,0,USD,us-gaap,91,2026-08-07,CY2026Q2,,,https://www.sec.gov/Archives/edgar/data/1018963/000162828026054233/
ATI,2026-09-18,quarter_eps,2026-08-06,same value as earliest filing,2026-03-30,2026-06-28,1.09,0001628280-26-054233,2026.0,Q2,10-Q,2026-08-06,EarningsPerShareDiluted,0,USD/shares,us-gaap,91,2026-08-07,CY2026Q2,,,https://www.sec.gov/Archives/edgar/data/1018963/000162828026054233/
ELMT,2026-09-18,actual_shares,2026-08-13,same value as earliest filing,,2026-08-10,30459498.0,0001628280-26-056460,2027.0,Q2,10-Q,2026-08-13,EntityCommonStockSharesOutstanding,0,shares,dei,0,2026-08-14,,,,https://www.sec.gov/Archives/edgar/data/2101698/000162828026056460/
ELMT,2026-09-18,quarter_revenue,2026-08-13,same value as earliest filing,2025-04-01,2025-06-30,49130000.0,0001628280-26-056460,2027.0,Q2,10-Q,2026-08-13,RevenueFromContractWithCustomerExcludingAssessedTax,0,USD,us-gaap,91,2026-08-14,CY2025Q2,,,https://www.sec.gov/Archives/edgar/data/2101698/000162828026056460/
ELMT,2026-09-18,quarter_operating_income,2026-08-13,same value as earliest filing,2025-04-01,2025-06-30,3246000.0,0001628280-26-056460,2027.0,Q2,10-Q,2026-08-13,OperatingIncomeLoss,0,USD,us-gaap,91,2026-08-14,CY2025Q2,,,https://www.sec.gov/Archives/edgar/data/2101698/000162828026056460/
ELMT,2026-09-18,quarter_net_income,2026-08-13,same value as earliest filing,2025-04-01,2025-06-30,1240000.0,0001628280-26-056460,2027.0,Q2,10-Q,2026-08-13,NetIncomeLoss,0,USD,us-gaap,91,2026-08-14,CY2025Q2,,,https://www.sec.gov/Archives/edgar/data/2101698/000162828026056460/
ELMT,2026-09-18,quarter_eps,2026-08-13,same value as earliest filing,2025-04-01,2025-06-30,0.06,0001628280-26-056460,2027.0,Q2,10-Q,2026-08-13,EarningsPerShareDiluted,0,USD/shares,us-gaap,91,2026-08-14,CY2025Q2,,,https://www.sec.gov/Archives/edgar/data/2101698/000162828026056460/
ELMT,2026-09-18,quarter_revenue,2026-08-13,same value as earliest filing,2026-04-04,2026-07-03,66401000.0,0001628280-26-056460,2027.0,Q2,10-Q,2026-08-13,RevenueFromContractWithCustomerExcludingAssessedTax,0,USD,us-gaap,91,2026-08-14,CY2026Q2,,,https://www.sec.gov/Archives/edgar/data/2101698/000162828026056460/
ELMT,2026-09-18,quarter_operating_income,2026-08-13,same value as earliest filing,2026-04-04,2026-07-03,-7628000.0,0001628280-26-056460,2027.0,Q2,10-Q,2026-08-13,OperatingIncomeLoss,0,USD,us-gaap,91,2026-08-14,CY2026Q2,,,https://www.sec.gov/Archives/edgar/data/2101698/000162828026056460/
ELMT,2026-09-18,quarter_net_income,2026-08-13,same value as earliest filing,2026-04-04,2026-07-03,-4488000.0,0001628280-26-056460,2027.0,Q2,10-Q,2026-08-13,NetIncomeLoss,0,USD,us-gaap,91,2026-08-14,CY2026Q2,,,https://www.sec.gov/Archives/edgar/data/2101698/000162828026056460/
ELMT,2026-09-18,quarter_eps,2026-08-13,same value as earliest filing,2026-04-04,2026-07-03,-0.16,0001628280-26-056460,2027.0,Q2,10-Q,2026-08-13,EarningsPerShareDiluted,0,USD/shares,us-gaap,91,2026-08-14,CY2026Q2,,,https://www.sec.gov/Archives/edgar/data/2101698/000162828026056460/
