date,open,high,low,close,adj_close,volume
2000-07-11,10.875,11.625,10.25,11.1875,10.695116996765137,12890300
2000-07-12,12.25,12.4375,11.0625,12.1875,11.651106834411621,2817200
2000-07-13,12.4375,14.75,12.375,14.1875,13.56308364868164,2680400
2000-07-14,14.5625,15.25,12.875,13.25,12.666848182678223,1428900
2000-07-17,13.625,13.625,12.75,13.0625,12.48759937286377,521700
2000-07-18,12.625,12.9375,12.0625,12.5,11.949854850769043,511100
2000-07-19,12.6875,13.0625,11.9375,12.375,11.830353736877441,709100
2000-07-20,12.4375,12.75,11.75,11.8125,11.292612075805664,492600
2000-07-21,11.9375,12.0,11.0625,11.375,10.874368667602539,751800
2000-07-24,11.75,12.5,11.375,12.0,11.471861839294434,724900
2000-07-25,12.21875,12.5,11.625,11.75,11.232860565185547,629900
2000-07-26,11.5,11.875,11.125,11.75,11.232860565185547,528600
2000-07-27,11.6875,11.6875,9.5,10.25,9.798879623413086,830400
2000-07-28,10.375,10.625,9.5,9.8125,9.38063907623291,425900
2000-07-31,9.5625,9.6875,7.75,9.625,9.201386451721191,941700
2000-08-01,9.8125,10.0,9.0,9.4375,9.022139549255371,265900
2000-08-02,9.4375,9.5,8.875,9.0625,8.663643836975098,184200
2000-08-03,8.25,8.875,7.875,8.875,8.484395980834961,354900
2000-08-04,9.5,10.125,9.1875,9.9375,9.500133514404297,373500
2000-08-07,10.1875,10.25,8.5,9.21875,8.813019752502441,402000
2000-08-08,9.375,9.875,8.125,8.4375,8.066152572631836,659500
2000-08-09,8.5625,8.625,8.0,8.125,7.767404079437256,442000
2000-08-10,8.1875,8.25,7.5,7.5,7.169912338256836,428400
2000-08-11,7.5625,7.6875,7.0,7.25,6.930915832519531,708100
2000-08-14,7.359375,7.5,7.0,7.375,7.050414085388184,1109700
2000-08-15,7.875,9.96875,7.8125,8.75,8.364900588989258,2361500
2000-08-16,9.375,9.375,8.625,8.75,8.364900588989258,701100
2000-08-17,8.875,9.875,8.75,9.4375,9.022139549255371,876500
2000-08-18,10.3125,11.5,10.0625,11.0625,10.57562255859375,1266700
2000-08-21,11.125,12.0,10.875,11.0625,10.57562255859375,833800
2000-08-22,11.1875,11.25,10.75,10.8125,10.336623191833496,330700
2000-08-23,10.59375,10.625,9.5,10.125,9.679381370544434,360900
2000-08-24,10.25,11.0625,10.25,11.0,10.51587200164795,402900
2000-08-25,10.6875,10.875,10.0,10.875,10.396371841430664,164300
2000-08-28,10.875,11.25,10.75,10.9375,10.456123352050781,221700
2000-08-29,10.96875,11.125,10.5,11.125,10.635368347167969,206700
2000-08-30,11.09375,11.25,10.75,10.875,10.396371841430664,224300
2000-08-31,10.9375,11.25,10.75,11.125,10.635368347167969,254500
2000-09-01,11.125,11.375,10.75,11.0,10.51587200164795,147200
2000-09-05,11.0,11.0,10.5625,10.71875,10.247000694274902,117800
2000-09-06,10.90625,11.125,9.875,10.0625,9.619632720947266,322000
2000-09-07,10.0625,10.75,10.0,10.5625,10.097628593444824,114400
2000-09-08,10.625,11.0,10.375,10.5625,10.097628593444824,234300
2000-09-11,10.5,10.875,10.3125,10.5625,10.097628593444824,163500
2000-09-12,10.71875,11.0,10.125,10.25,9.798879623413086,203600
2000-09-13,10.375,10.5,10.125,10.125,9.679381370544434,157800
2000-09-14,10.125,10.875,10.125,10.8125,10.336623191833496,197200
2000-09-15,10.875,10.875,9.9375,10.0,9.559882164001465,224500
2000-09-18,10.09375,10.125,9.3125,9.4375,9.022139549255371,181500
2000-09-19,9.46875,9.75,9.375,9.625,9.201386451721191,122800
2000-09-20,9.5625,10.125,8.875,9.25,8.84289264678955,127600
2000-09-21,9.75,9.75,9.0,9.125,8.723394393920898,92300
2000-09-22,8.5,9.0,7.890625,8.8125,8.424646377563477,97900
2000-09-25,9.03125,9.25,8.625,8.6875,8.305148124694824,109900
2000-09-26,8.9375,9.3125,8.6875,8.875,8.484395980834961,248300
2000-09-27,9.125,9.125,7.9375,8.375,8.006400108337402,121600
2000-09-28,8.5,9.125,8.375,9.125,8.723394393920898,115200
2000-09-29,9.25,10.5,9.0,9.5625,9.141637802124023,872500
2000-10-02,9.9375,10.125,9.625,9.6875,9.26113510131836,535100
2000-10-03,9.9375,10.0,8.875,8.9375,8.544148445129395,210100
2000-10-04,9.0,9.625,9.0,9.375,8.962389945983887,82600
2000-10-05,9.75,9.75,8.875,9.375,8.962389945983887,77400
2000-10-06,9.4375,9.5,7.5,8.125,7.767404079437256,275000
2000-10-09,8.625,9.125,8.375,8.9375,8.544148445129395,166000
2000-10-10,8.9375,9.125,8.625,8.6875,8.305148124694824,117000
2000-10-11,8.5625,9.25,7.75,9.0,8.60389518737793,199500
2000-10-12,9.375,9.625,9.25,9.375,8.962389945983887,697600
2000-10-13,9.421875,9.5,9.25,9.375,8.962389945983887,154200
2000-10-16,9.5,9.5,9.25,9.375,8.962389945983887,286100
2000-10-17,9.359375,9.375,9.0,9.0,8.60389518737793,320600
2000-10-18,9.0,9.375,8.875,9.3125,8.902643203735352,108000
2000-10-19,9.125,10.0,9.0,9.5,9.081886291503906,119000
2000-10-20,9.515625,10.5,9.5,9.90625,9.470259666442871,350100
2000-10-23,9.921875,10.0,9.5,9.625,9.201386451721191,107700
2000-10-24,9.640625,10.0,9.0,9.0625,8.663643836975098,56400
2000-10-25,8.875,9.0625,8.625,8.8125,8.424646377563477,49200
2000-10-26,8.859375,9.125,8.625,9.0625,8.663643836975098,232100
2000-10-27,9.203125,9.25,8.8125,8.875,8.484395980834961,130100
2000-10-30,9.0,9.125,8.625,8.625,8.245397567749023,19500
2000-10-31,8.875,9.4375,8.75,8.9375,8.544148445129395,176400
2000-11-01,8.875,9.125,7.375,8.75,8.364900588989258,237500
2000-11-02,8.6875,9.0,8.25,8.5,8.125900268554688,78700
2000-11-03,8.375,8.625,8.125,8.4375,8.066152572631836,76100
2000-11-06,8.546875,8.5625,8.4375,8.5,8.125900268554688,72100
2000-11-07,8.5625,8.625,8.375,8.5,8.125900268554688,52600
2000-11-08,8.5,8.625,8.125,8.625,8.245397567749023,54300
2000-11-09,8.125,8.5,7.875,8.0,7.64790678024292,124300
2000-11-10,7.65625,7.875,7.5,7.6875,7.349160671234131,150300
2000-11-13,7.5,7.875,7.125,7.875,7.528408050537109,144900
2000-11-14,8.0,8.125,7.8125,8.125,7.767404079437256,71500
2000-11-15,8.0,8.125,7.875,8.0,7.64790678024292,63100
2000-11-16,7.875,8.0,7.5,7.6875,7.349160671234131,30600
2000-11-17,7.6875,7.9375,7.0625,7.5,7.169912338256836,59600
2000-11-20,7.25,7.75,7.21875,7.375,7.050414085388184,43200
2000-11-21,7.359375,8.25,7.0,7.8125,7.468658924102783,87700
2000-11-22,7.375,8.0,7.375,7.625,7.28941011428833,80600
2000-11-24,7.375,7.75,7.375,7.625,7.28941011428833,26000
2000-11-27,7.640625,8.375,7.5625,8.375,8.006400108337402,104100
2000-11-28,8.328125,8.375,7.6875,7.875,7.528408050537109,68300
2000-11-29,7.8125,8.0,7.125,7.5,7.169912338256836,86800
2000-11-30,7.375,7.5,7.0,7.0,6.691918849945068,417600
2000-12-01,7.125,7.5,7.0625,7.25,6.930915832519531,682000
2000-12-04,7.125,7.1875,7.0,7.125,6.811415672302246,109200
2000-12-05,7.234375,7.25,6.875,7.125,6.811415672302246,72800
2000-12-06,7.125,7.25,6.875,6.875,6.572419166564941,108700
2000-12-07,6.875,7.0,6.625,6.875,6.572419166564941,66000
2000-12-08,6.9375,7.25,6.625,7.25,6.930915832519531,519100
2000-12-11,7.125,8.1875,7.125,8.0,7.64790678024292,552700
2000-12-12,7.984375,9.0,7.6875,8.03125,7.677781581878662,101700
2000-12-13,7.890625,8.0625,7.3125,7.3125,6.990664482116699,204200
2000-12-14,7.375,7.875,7.3125,7.875,7.528408050537109,86800
2000-12-15,7.4375,7.5,7.0,7.0,6.691918849945068,82300
2000-12-18,7.0,7.625,7.0,7.0,6.691918849945068,96400
2000-12-19,7.09375,7.5,7.09375,7.125,6.811415672302246,52300
2000-12-20,6.6875,7.0,6.59375,6.9375,6.632168292999268,170100
2000-12-21,7.25,7.5625,6.75,7.1875,6.871166706085205,214200
2000-12-22,7.15625,7.3125,6.875,7.0,6.691918849945068,74000
2000-12-26,6.9375,6.953125,6.5,6.5,6.213924407958984,87700
2000-12-27,6.5625,6.9375,6.5,6.75,6.452919960021973,101100
2000-12-28,6.6875,7.0,6.5,6.75,6.452919960021973,280700
2000-12-29,6.75,7.9375,6.5,7.484375,7.154975414276123,288300
2001-01-02,7.390625,7.390625,6.875,7.0,6.691918849945068,63600
2001-01-03,6.9375,7.875,6.9375,7.8125,7.468658924102783,124600
2001-01-04,7.984375,8.375,7.96875,8.0625,7.707657337188721,143600
2001-01-05,8.1875,8.1875,7.875,8.125,7.767404079437256,128200
2001-01-08,7.875,8.1875,7.875,8.03125,7.677781581878662,135300
2001-01-09,7.9375,8.5,7.9375,8.5,8.125900268554688,78900
2001-01-10,8.21875,8.375,8.0625,8.3125,7.946654319763184,64500
2001-01-11,8.296875,8.3125,8.0,8.0625,7.707657337188721,72700
2001-01-12,8.1875,8.75,8.1875,8.625,8.245397567749023,73600
2001-01-16,8.609375,8.8125,8.25,8.25,7.886903285980225,85400
2001-01-17,8.375,9.125,8.375,8.625,8.245397567749023,247500
2001-01-18,8.875,9.125,8.625,9.0,8.60389518737793,65200
2001-01-19,9.1875,9.25,8.875,9.0,8.60389518737793,237200
2001-01-22,9.0,9.25,8.625,8.625,8.245397567749023,102400
2001-01-23,8.640625,9.1875,8.625,9.125,8.723394393920898,112500
2001-01-24,9.25,9.5,9.0625,9.125,8.723394393920898,36100
2001-01-25,9.0,9.625,9.0,9.125,8.723394393920898,134700
2001-01-26,9.1875,9.25,8.625,8.875,8.484395980834961,50900
2001-01-29,9.0,9.125,8.5,9.0,8.60389518737793,41500
2001-01-30,9.0625,9.375,8.875,9.25,8.84289264678955,99500
2001-01-31,9.5,9.625,9.0,9.375,8.962389945983887,111900
2001-02-01,9.1875,9.375,8.875,8.9375,8.544148445129395,45500
2001-02-02,8.96875,9.0,8.625,8.875,8.484395980834961,130400
2001-02-05,8.75,8.875,8.25,8.5,8.125900268554688,43800
2001-02-06,8.75,8.75,7.875,8.25,7.886903285980225,148200
2001-02-07,8.140625,8.140625,8.0,8.0,7.64790678024292,14900
2001-02-08,8.0,8.375,8.0,8.0625,7.707657337188721,37300
2001-02-09,8.0,8.125,7.875,7.9375,7.5881571769714355,104500
2001-02-12,8.0,8.375,7.75,8.3125,7.946654319763184,81400
2001-02-13,8.1875,8.875,8.1875,8.375,8.006400108337402,61500
2001-02-14,8.375,8.5,8.125,8.3125,7.946654319763184,27100
2001-02-15,8.5,8.5625,8.125,8.1875,7.827154636383057,58800
2001-02-16,8.125,8.125,7.65625,7.875,7.528408050537109,86900
2001-02-20,7.875,8.0,7.625,7.625,7.28941011428833,14800
2001-02-21,7.625,7.75,7.375,7.53125,7.199787616729736,78700
2001-02-22,7.5,7.625,7.4375,7.5,7.169912338256836,92500
2001-02-23,7.5,7.625,7.5,7.625,7.28941011428833,78000
2001-02-26,7.609375,8.125,7.5,8.125,7.767404079437256,48700
2001-02-27,7.75,8.1875,7.75,8.1875,7.827154636383057,98400
2001-02-28,8.125,8.1875,7.875,7.9375,7.5881571769714355,47700
2001-03-01,8.0,8.0,7.0,7.875,7.528408050537109,127000
2001-03-02,7.8125,8.0625,7.75,7.9375,7.5881571769714355,26400
2001-03-05,7.953125,8.03125,7.9375,7.96875,7.6180315017700195,9100
2001-03-06,8.0,8.375,8.0,8.25,7.886903285980225,168400
2001-03-07,8.140625,8.375,8.140625,8.25,7.886903285980225,63400
2001-03-08,8.1875,8.5,8.125,8.375,8.006400108337402,32700
2001-03-09,8.40625,8.625,7.5,7.90625,7.558282375335693,35000
2001-03-12,7.953125,8.0625,7.3125,7.4375,7.110161781311035,183600
2001-03-13,7.390625,7.5,7.0,7.5,7.169912338256836,88700
2001-03-14,7.125,7.75,7.125,7.25,6.930915832519531,79100
2001-03-15,7.484375,8.5,7.0,7.125,6.811415672302246,125100
2001-03-16,7.0,7.375,6.875,7.125,6.811415672302246,178700
2001-03-19,7.109375,7.6875,7.109375,7.4375,7.110161781311035,74600
2001-03-20,7.4375,7.625,7.375,7.375,7.050414085388184,55900
2001-03-21,7.375,7.5,6.375,6.625,6.333424091339111,553000
2001-03-22,6.625,7.0,6.5625,6.75,6.452919960021973,274000
2001-03-23,6.875,7.0,6.625,7.0,6.691918849945068,91500
2001-03-26,6.875,7.125,6.875,7.0,6.691918849945068,77600
2001-03-27,7.125,7.25,6.625,7.25,6.930915832519531,129100
2001-03-28,7.25,7.25,6.96875,7.25,6.930915832519531,57500
2001-03-29,7.25,7.25,7.0,7.125,6.811415672302246,29400
2001-03-30,7.0,7.375,7.0,7.3125,6.990664482116699,107100
2001-04-02,7.25,7.375,6.9375,7.125,6.811415672302246,84500
2001-04-03,7.125,7.5,7.0625,7.5,7.169912338256836,83400
2001-04-04,7.140625,7.5625,7.125,7.34375,7.020537853240967,26000
2001-04-05,7.25,7.75,7.25,7.75,7.408908843994141,134300
2001-04-06,7.53125,7.6875,7.125,7.25,6.930915832519531,33200
2001-04-09,7.25,7.550000190734863,7.199999809265137,7.489999771118164,7.160353183746338,24300
2001-04-10,7.400000095367432,7.699999809265137,7.400000095367432,7.690000057220459,7.3515496253967285,99100
2001-04-11,7.699999809265137,8.15999984741211,7.699999809265137,8.119999885559082,7.7626237869262695,273700
2001-04-12,8.100000381469727,8.119999885559082,8.0,8.100000381469727,7.74350643157959,61700
2001-04-16,8.0600004196167,8.149999618530273,8.050000190734863,8.100000381469727,7.74350643157959,37500
2001-04-17,8.119999885559082,8.149999618530273,7.900000095367432,7.980000019073486,7.628787517547607,18400
2001-04-18,8.069999694824219,9.0,8.069999694824219,8.699999809265137,8.317099571228027,73700
2001-04-19,8.520000457763672,9.199999809265137,8.520000457763672,9.039999961853027,8.642132759094238,305600
2001-04-20,8.949999809265137,9.220000267028809,8.949999809265137,9.100000381469727,8.699494361877441,148300
2001-04-23,9.050000190734863,9.09000015258789,8.949999809265137,9.0,8.60389518737793,39800
2001-04-24,8.949999809265137,9.010000228881836,8.949999809265137,9.0,8.60389518737793,114400
2001-04-25,8.989999771118164,9.09000015258789,8.800000190734863,8.979999542236328,8.584774017333984,68200
2001-04-26,8.960000038146973,9.0600004196167,8.949999809265137,9.0,8.60389518737793,86400
2001-04-27,9.0,9.039999961853027,8.949999809265137,9.039999961853027,8.642132759094238,53300
2001-04-30,9.0,9.149999618530273,8.970000267028809,9.149999618530273,8.747292518615723,242900
2001-05-01,9.0600004196167,10.479999542236328,9.0600004196167,10.399999618530273,9.942276954650879,561000
2001-05-02,10.479999542236328,10.850000381469727,9.949999809265137,10.199999809265137,9.751078605651855,498900
2001-05-03,10.109999656677246,10.5,10.0,10.449999809265137,9.990077018737793,206400
2001-05-04,10.100000381469727,11.399999618530273,10.0,11.319999694824219,10.821788787841797,310700
2001-05-07,11.300000190734863,11.359999656677246,10.760000228881836,11.15999984741211,10.668828964233398,378900
2001-05-08,11.15999984741211,11.4399995803833,10.90999984741211,11.4399995803833,10.936508178710938,349200
2001-05-09,11.010000228881836,11.399999618530273,10.75,11.300000190734863,10.802668571472168,230500
2001-05-10,11.460000038146973,11.5,11.229999542236328,11.260000228881836,10.764427185058594,313900
2001-05-11,11.270000457763672,11.5,11.140000343322754,11.239999771118164,10.745308876037598,341400
2001-05-14,11.119999885559082,11.119999885559082,10.399999618530273,10.800000190734863,10.324673652648926,648700
2001-05-15,10.770000457763672,11.100000381469727,10.699999809265137,11.0,10.51587200164795,783500
2001-05-16,11.0,11.0,10.890000343322754,10.979999542236328,10.496752738952637,125500
2001-05-17,10.899999618530273,12.489999771118164,10.899999618530273,12.119999885559082,11.586581230163574,516000
2001-05-18,12.079999923706055,13.050000190734863,12.050000190734863,12.25,11.710856437683105,722600
2001-05-21,12.520000457763672,13.140000343322754,12.359999656677246,13.100000381469727,12.523447036743164,550200
2001-05-22,13.050000190734863,13.300000190734863,12.5,12.600000381469727,12.045451164245605,577200
2001-05-23,12.65999984741211,13.399999618530273,12.5,13.079999923706055,12.504325866699219,301500
2001-05-24,13.100000381469727,13.1899995803833,12.5,12.789999961853027,12.227088928222656,236900
2001-05-25,12.779999732971191,13.100000381469727,12.670000076293945,13.010000228881836,12.437408447265625,191200
2001-05-29,13.199999809265137,13.399999618530273,13.0,13.010000228881836,12.437408447265625,221800
2001-05-30,12.800000190734863,12.800000190734863,11.510000228881836,11.8100004196167,11.290224075317383,203400
2001-05-31,12.050000190734863,12.220000267028809,11.789999961853027,12.199999809265137,11.663055419921875,158500
2001-06-01,12.239999771118164,13.520000457763672,12.210000038146973,13.0,12.427848815917969,264200
2001-06-04,13.25,14.239999771118164,12.770000457763672,14.149999618530273,13.52723503112793,712100
2001-06-05,14.199999809265137,15.600000381469727,14.199999809265137,15.199999809265137,14.531025886535645,1071200
2001-06-06,15.220000267028809,15.25,14.699999809265137,14.760000228881836,14.11038589477539,911100
2001-06-07,14.739999771118164,14.75,13.100000381469727,14.069999694824219,13.450757026672363,487000
2001-06-08,14.199999809265137,14.199999809265137,13.279999732971191,13.279999732971191,12.695526123046875,265700
2001-06-11,13.880000114440918,14.100000381469727,13.149999618530273,14.050000190734863,13.431635856628418,264600
2001-06-12,13.779999732971191,14.100000381469727,13.5,14.100000381469727,13.479435920715332,287200
2001-06-13,14.109999656677246,14.470000267028809,13.260000228881836,14.050000190734863,13.431635856628418,454500
2001-06-14,13.979999542236328,13.979999542236328,12.319999694824219,12.350000381469727,11.806455612182617,277800
2001-06-15,12.359999656677246,12.369999885559082,10.260000228881836,11.0600004196167,10.573229789733887,407600
2001-06-18,11.100000381469727,12.199999809265137,11.100000381469727,12.0,11.471861839294434,267200
2001-06-19,10.680000305175781,11.0,10.0,10.75,10.276875495910645,995200
2001-06-20,10.149999618530273,11.25,10.0,11.09000015258789,10.601912498474121,447800
2001-06-21,10.989999771118164,11.1899995803833,10.75,11.0,10.51587200164795,125900
2001-06-22,10.539999961853027,11.539999961853027,10.529999732971191,11.489999771118164,10.984304428100586,286400
2001-06-25,11.399999618530273,11.649999618530273,10.670000076293945,10.670000076293945,10.200397491455078,200700
2001-06-26,10.649999618530273,10.649999618530273,10.09000015258789,10.1899995803833,9.741519927978516,454400
2001-06-27,10.1899995803833,10.199999809265137,9.649999618530273,10.050000190734863,9.607685089111328,212800
2001-06-28,10.100000381469727,10.369999885559082,9.699999809265137,10.130000114440918,9.684162139892578,486100
2001-06-29,10.010000228881836,14.75,9.850000381469727,11.449999809265137,10.94606876373291,768300
2001-07-02,11.050000190734863,11.069999694824219,10.109999656677246,10.350000381469727,9.894477844238281,412600
2001-07-03,10.199999809265137,11.0,10.199999809265137,10.630000114440918,10.162154197692871,129200
2001-07-05,10.59000015258789,10.739999771118164,10.199999809265137,10.4399995803833,9.980520248413086,91300
2001-07-06,10.260000228881836,10.319999694824219,9.949999809265137,10.079999923706055,9.636362075805664,101100
2001-07-09,10.029999732971191,10.760000228881836,9.979999542236328,10.600000381469727,10.133476257324219,102400
2001-07-10,10.800000190734863,11.0,10.5,10.899999618530273,10.420275688171387,136200
2001-07-11,10.890000343322754,11.0,10.550000190734863,10.779999732971191,10.305554389953613,104400
2001-07-12,10.65999984741211,11.25,10.65999984741211,11.0,10.51587200164795,182200
2001-07-13,11.0,11.239999771118164,10.600000381469727,11.199999809265137,10.70706844329834,136500
2001-07-16,11.149999618530273,11.399999618530273,10.949999809265137,10.949999809265137,10.468072891235352,161200
2001-07-17,10.949999809265137,12.0,10.890000343322754,11.869999885559082,11.347578048706055,257300
2001-07-18,11.800000190734863,12.0,11.199999809265137,11.229999542236328,10.735748291015625,242900
2001-07-19,11.279999732971191,11.600000381469727,10.800000190734863,11.0,10.51587200164795,211400
2001-07-20,10.850000381469727,11.149999618530273,10.649999618530273,11.0,10.51587200164795,151300
2001-07-23,11.010000228881836,11.100000381469727,10.649999618530273,10.649999618530273,10.18127727508545,56700
2001-07-24,10.649999618530273,10.880000114440918,10.550000190734863,10.75,10.276875495910645,32900
2001-07-25,10.75,11.050000190734863,10.600000381469727,11.050000190734863,10.563671112060547,178300
2001-07-26,10.829999923706055,11.100000381469727,10.819999694824219,11.079999923706055,10.592350006103516,315600
2001-07-27,11.130000114440918,11.300000190734863,11.050000190734863,11.100000381469727,10.611469268798828,519000
2001-07-30,11.25,11.350000381469727,11.0,11.100000381469727,10.611469268798828,423500
2001-07-31,11.199999809265137,11.640000343322754,11.050000190734863,11.449999809265137,10.94606876373291,594100
2001-08-01,11.989999771118164,12.8100004196167,11.800000190734863,12.0,11.471861839294434,2855900
2001-08-02,12.699999809265137,13.0,12.449999809265137,13.0,12.427848815917969,412800
2001-08-03,12.970000267028809,13.0,12.550000190734863,13.0,12.427848815917969,143800
2001-08-06,12.649999618530273,12.779999732971191,12.25,12.399999618530273,11.854252815246582,209800
2001-08-07,12.300000190734863,12.3100004196167,11.899999618530273,12.0,11.471861839294434,451700
2001-08-08,12.0,12.229999542236328,11.899999618530273,11.989999771118164,11.462298393249512,461000
2001-08-09,12.010000228881836,12.649999618530273,11.899999618530273,12.649999618530273,12.093254089355469,139000
2001-08-10,12.449999809265137,12.75,12.0,12.75,12.188854217529297,277000
2001-08-13,12.789999961853027,13.0,12.739999771118164,12.989999771118164,12.41828727722168,189300
2001-08-14,12.800000190734863,13.149999618530273,11.8100004196167,12.960000038146973,12.389608383178711,1044700
2001-08-15,12.520000457763672,12.979999542236328,12.25,12.460000038146973,11.911611557006836,190200
2001-08-16,12.25,12.449999809265137,11.550000190734863,12.449999809265137,11.902053833007812,174400
2001-08-17,12.210000038146973,12.210000038146973,11.600000381469727,11.930000305175781,11.404940605163574,60800
2001-08-20,11.699999809265137,12.25,11.699999809265137,12.25,11.710856437683105,78400
2001-08-21,12.239999771118164,12.550000190734863,11.699999809265137,11.699999809265137,11.185062408447266,74100
2001-08-22,11.949999809265137,12.510000228881836,11.5600004196167,12.5,11.949854850769043,89300
2001-08-23,12.0,12.479999542236328,11.75,11.949999809265137,11.42405891418457,53300
2001-08-24,11.800000190734863,12.529999732971191,10.600000381469727,11.75,11.232860565185547,457700
2001-08-27,11.779999732971191,12.600000381469727,11.75,12.489999771118164,11.940293312072754,157800
2001-08-28,12.279999732971191,12.5,12.020000457763672,12.399999618530273,11.854252815246582,68300
2001-08-29,12.300000190734863,12.449999809265137,11.829999923706055,12.149999618530273,11.61525821685791,109000
2001-08-30,12.109999656677246,12.239999771118164,11.699999809265137,11.710000038146973,11.194623947143555,313100
2001-08-31,11.699999809265137,12.25,11.600000381469727,12.0,11.471861839294434,255000
2001-09-04,12.010000228881836,12.140000343322754,11.199999809265137,11.600000381469727,11.089466094970703,92400
2001-09-05,11.680000305175781,11.680000305175781,10.550000190734863,10.699999809265137,10.229077339172363,586900
2001-09-06,10.800000190734863,10.800000190734863,10.319999694824219,10.399999618530273,9.942276954650879,144800
2001-09-07,10.399999618530273,10.600000381469727,10.15999984741211,10.199999809265137,9.751078605651855,165800
2001-09-10,10.170000076293945,10.470000267028809,10.149999618530273,10.25,9.798879623413086,153000
2001-09-17,10.199999809265137,10.449999809265137,9.050000190734863,9.050000190734863,8.651694297790527,172800
2001-09-18,9.050000190734863,9.350000381469727,8.600000381469727,8.609999656677246,8.231059074401855,154700
2001-09-19,8.640000343322754,8.640000343322754,7.260000228881836,8.600000381469727,8.2214994430542,241900
2001-09-20,8.5,8.520000457763672,7.820000171661377,7.849999904632568,7.504508018493652,81800
2001-09-21,7.800000190734863,7.809999942779541,7.0,7.329999923706055,7.0073957443237305,591700
2001-09-24,8.050000190734863,8.850000381469727,7.699999809265137,7.900000095367432,7.552308082580566,144900
2001-09-25,8.210000038146973,8.399999618530273,7.760000228881836,7.989999771118164,7.638347625732422,154300
2001-09-26,7.949999809265137,8.050000190734863,7.650000095367432,7.949999809265137,7.600105285644531,366900
2001-09-27,7.940000057220459,7.940000057220459,7.340000152587891,7.599999904632568,7.265512943267822,137300
2001-09-28,8.25,8.5,7.630000114440918,7.900000095367432,7.552308082580566,356500
2001-10-01,7.949999809265137,7.949999809265137,7.5,7.559999942779541,7.22727108001709,90500
2001-10-02,7.75,7.949999809265137,7.400000095367432,7.449999809265137,7.122112274169922,386200
2001-10-03,7.489999771118164,7.690000057220459,7.400000095367432,7.550000190734863,7.217712879180908,370200
2001-10-04,7.630000114440918,8.180000305175781,7.349999904632568,7.929999828338623,7.580986976623535,1217100
2001-10-05,7.900000095367432,7.900000095367432,7.400000095367432,7.5,7.169912338256836,344400
2001-10-08,7.449999809265137,7.789999961853027,7.25,7.25,6.930915832519531,302800
2001-10-09,7.21999979019165,7.349999904632568,6.980000019073486,7.0,6.691918849945068,771900
2001-10-10,6.949999809265137,7.059999942779541,6.599999904632568,6.820000171661377,6.519839286804199,560900
2001-10-11,7.010000228881836,8.0600004196167,7.0,8.050000190734863,7.695706367492676,597100
2001-10-12,8.0,8.350000381469727,7.75,8.350000381469727,7.982501983642578,72900
2001-10-15,7.800000190734863,8.260000228881836,7.699999809265137,8.039999961853027,7.686145782470703,47900
2001-10-16,8.050000190734863,8.09000015258789,7.679999828338623,8.0,7.64790678024292,58100
2001-10-17,8.050000190734863,8.100000381469727,7.5,7.5,7.169912338256836,75500
2001-10-18,7.849999904632568,7.849999904632568,7.0,7.019999980926514,6.711038589477539,151200
2001-10-19,7.090000152587891,7.130000114440918,6.800000190734863,6.949999809265137,6.644118785858154,881100
2001-10-22,6.940000057220459,7.230000019073486,6.800000190734863,7.159999847412109,6.844875335693359,162800
2001-10-23,7.150000095367432,7.300000190734863,7.0,7.099999904632568,6.787517070770264,244600
2001-10-24,7.150000095367432,7.400000095367432,7.050000190734863,7.150000095367432,6.835317611694336,238000
2001-10-25,7.099999904632568,8.100000381469727,6.860000133514404,8.039999961853027,7.686145782470703,634500
2001-10-26,8.0,8.050000190734863,7.800000190734863,7.809999942779541,7.466268062591553,110600
2001-10-29,7.869999885559082,7.869999885559082,7.150000095367432,7.260000228881836,6.9404754638671875,328000
2001-10-30,7.300000190734863,7.300000190734863,7.019999980926514,7.179999828338623,6.863996982574463,345600
2001-10-31,7.25,8.0,7.25,7.690000057220459,7.3515496253967285,141800
2001-11-01,7.650000095367432,8.199999809265137,7.349999904632568,8.050000190734863,7.695706367492676,343200
2001-11-02,8.09000015258789,8.520000457763672,7.960000038146973,8.5,8.125900268554688,337200
2001-11-05,8.350000381469727,8.9399995803833,8.350000381469727,8.739999771118164,8.355340003967285,176000
2001-11-06,8.720000267028809,8.90999984741211,8.619999885559082,8.800000190734863,8.412693977355957,424500
2001-11-07,8.65999984741211,8.960000038146973,8.479999542236328,8.550000190734863,8.173697471618652,179400
2001-11-08,8.609999656677246,9.0,8.600000381469727,8.960000038146973,8.565652847290039,136600
2001-11-09,8.970000267028809,9.029999732971191,8.699999809265137,8.8100004196167,8.42225456237793,150400
2001-11-12,8.800000190734863,9.050000190734863,8.649999618530273,8.770000457763672,8.384016990661621,154600
2001-11-13,9.039999961853027,9.149999618530273,8.710000038146973,8.850000381469727,8.46049690246582,108300
2001-11-14,8.859999656677246,9.050000190734863,8.5600004196167,8.760000228881836,8.374458312988281,162200
2001-11-15,8.699999809265137,9.0,8.430000305175781,8.979999542236328,8.584774017333984,171800
2001-11-16,8.899999618530273,9.4399995803833,8.869999885559082,9.390000343322754,8.97673225402832,134100
2001-11-19,9.050000190734863,9.300000190734863,8.949999809265137,9.300000190734863,8.890689849853516,130600
2001-11-20,9.170000076293945,9.34000015258789,8.960000038146973,9.010000228881836,8.613454818725586,216100
2001-11-21,8.970000267028809,9.100000381469727,8.9399995803833,9.0600004196167,8.661255836486816,51700
2001-11-23,8.949999809265137,9.239999771118164,8.949999809265137,9.079999923706055,8.68037223815918,16000
2001-11-26,9.140000343322754,9.460000038146973,8.9399995803833,9.390000343322754,8.97673225402832,173300
2001-11-27,9.5,10.34000015258789,9.350000381469727,10.34000015258789,9.884921073913574,377700
2001-11-28,10.300000190734863,10.300000190734863,9.800000190734863,10.010000228881836,9.56944465637207,158600
2001-11-29,10.020000457763672,10.229999542236328,10.0,10.0600004196167,9.617239952087402,358800
2001-11-30,10.199999809265137,10.199999809265137,9.8100004196167,9.949999809265137,9.512083053588867,859200
2001-12-03,10.109999656677246,10.1899995803833,9.949999809265137,10.0,9.559882164001465,191500
2001-12-04,10.25,10.260000228881836,9.779999732971191,9.949999809265137,9.512083053588867,927000
2001-12-05,10.069999694824219,10.600000381469727,9.930000305175781,10.25,9.798879623413086,1328700
2001-12-06,10.479999542236328,11.050000190734863,10.399999618530273,10.789999961853027,10.315115928649902,1363400
2001-12-07,10.779999732971191,10.949999809265137,10.479999542236328,10.729999542236328,10.257753372192383,767700
2001-12-10,10.960000038146973,10.960000038146973,10.609999656677246,10.699999809265137,10.229077339172363,324200
2001-12-11,10.710000038146973,11.5,10.649999618530273,11.0,10.51587200164795,1154100
2001-12-12,11.180000305175781,11.199999809265137,10.399999618530273,10.5,10.03787612915039,343100
2001-12-13,10.359999656677246,10.359999656677246,9.050000190734863,9.34000015258789,8.928930282592773,1483100
2001-12-14,9.4399995803833,9.789999961853027,9.25,9.649999618530273,9.225287437438965,159000
2001-12-17,9.739999771118164,10.75,9.489999771118164,10.699999809265137,10.229077339172363,353100
2001-12-18,10.5,11.380000114440918,10.359999656677246,11.350000381469727,10.85046672821045,1056400
2001-12-19,11.25,11.449999809265137,10.609999656677246,11.279999732971191,10.783548355102539,659300
2001-12-20,11.350000381469727,11.399999618530273,10.649999618530273,10.720000267028809,10.248194694519043,385900
2001-12-21,11.100000381469727,11.149999618530273,10.75,10.979999542236328,10.496752738952637,394600
2001-12-24,10.90999984741211,11.0,10.640000343322754,10.989999771118164,10.506309509277344,132500
2001-12-26,10.710000038146973,11.149999618530273,10.699999809265137,11.09000015258789,10.601912498474121,313000
2001-12-27,11.100000381469727,11.25,10.949999809265137,11.25,10.754868507385254,383900
2001-12-28,11.25,11.399999618530273,10.949999809265137,11.039999961853027,10.554109573364258,193800
2001-12-31,11.149999618530273,11.149999618530273,10.800000190734863,10.960000038146973,10.477631568908691,375300
2002-01-02,10.899999618530273,11.25,10.899999618530273,11.1899995803833,10.697507858276367,319100
2002-01-03,11.239999771118164,11.989999771118164,11.199999809265137,11.989999771118164,11.462298393249512,569000
2002-01-04,12.039999961853027,12.550000190734863,11.800000190734863,12.470000267028809,11.921174049377441,629000
2002-01-07,12.739999771118164,12.75,11.899999618530273,11.930000305175781,11.404940605163574,495000
2002-01-08,12.100000381469727,12.199999809265137,11.75,12.199999809265137,11.663055419921875,188400
2002-01-09,12.279999732971191,12.859999656677246,12.210000038146973,12.510000228881836,11.959415435791016,405000
2002-01-10,12.670000076293945,12.699999809265137,12.210000038146973,12.640000343322754,12.08368968963623,239300
2002-01-11,12.640000343322754,12.670000076293945,11.5,12.600000381469727,12.045451164245605,466200
2002-01-14,12.59000015258789,12.6899995803833,11.760000228881836,11.850000381469727,11.328457832336426,378000
2002-01-15,11.75,12.140000343322754,11.699999809265137,11.75,11.232860565185547,153100
2002-01-16,11.649999618530273,11.890000343322754,10.550000190734863,10.800000190734863,10.324673652648926,589200
2002-01-17,11.079999923706055,11.09000015258789,9.399999618530273,10.479999542236328,10.018755912780762,593300
2002-01-18,10.470000267028809,10.5,9.970000267028809,10.289999961853027,9.83712100982666,264600
2002-01-22,10.199999809265137,10.359999656677246,9.84000015258789,10.0,9.559882164001465,473000
2002-01-23,9.970000267028809,10.6899995803833,9.970000267028809,10.569999694824219,10.10479736328125,140200
2002-01-24,10.649999618530273,10.850000381469727,10.5,10.6899995803833,10.219511985778809,75200
2002-01-25,10.699999809265137,10.970000267028809,10.5,10.800000190734863,10.324673652648926,103500
2002-01-28,10.770000457763672,11.109999656677246,10.760000228881836,10.949999809265137,10.468072891235352,89200
2002-01-29,10.989999771118164,11.25,10.510000228881836,10.75,10.276875495910645,103500
2002-01-30,10.729999542236328,11.399999618530273,10.600000381469727,11.399999618530273,10.89826488494873,122500
2002-01-31,11.399999618530273,11.5,10.890000343322754,11.239999771118164,10.745308876037598,308500
2002-02-01,11.300000190734863,11.90999984741211,10.859999656677246,11.4399995803833,10.936508178710938,362000
2002-02-04,11.529999732971191,11.649999618530273,10.479999542236328,10.739999771118164,10.267317771911621,161700
2002-02-05,10.510000228881836,10.789999961853027,10.149999618530273,10.380000114440918,9.923157691955566,175900
2002-02-06,10.289999961853027,10.399999618530273,10.010000228881836,10.100000381469727,9.655482292175293,184900
2002-02-07,10.140000343322754,10.149999618530273,9.0,9.550000190734863,9.129690170288086,578700
2002-02-08,9.8100004196167,10.0,9.600000381469727,9.970000267028809,9.531204223632812,294000
2002-02-11,9.8100004196167,10.569999694824219,9.800000190734863,10.300000190734863,9.846681594848633,399100
2002-02-12,10.300000190734863,10.300000190734863,9.729999542236328,10.0,9.559882164001465,284800
2002-02-13,10.119999885559082,10.479999542236328,10.0,10.34000015258789,9.884921073913574,695400
2002-02-14,10.4399995803833,10.5,10.15999984741211,10.199999809265137,9.751078605651855,388100
2002-02-15,10.15999984741211,10.550000190734863,9.800000190734863,10.4399995803833,9.980520248413086,504200
2002-02-19,10.550000190734863,10.550000190734863,9.859999656677246,10.0,9.559882164001465,275300
2002-02-20,10.050000190734863,10.350000381469727,9.90999984741211,10.350000381469727,9.894477844238281,382200
2002-02-21,10.350000381469727,10.399999618530273,9.520000457763672,9.59000015258789,9.167928695678711,295200
2002-02-22,9.649999618530273,10.25,9.539999961853027,10.069999694824219,9.626801490783691,231600
2002-02-25,9.960000038146973,10.430000305175781,9.960000038146973,10.300000190734863,9.846681594848633,326600
2002-02-26,10.380000114440918,10.59000015258789,9.979999542236328,10.5,10.03787612915039,409200
2002-02-27,10.550000190734863,10.600000381469727,10.0,10.210000038146973,9.760643005371094,423600
2002-02-28,10.100000381469727,10.399999618530273,9.949999809265137,10.319999694824219,9.865796089172363,249900
2002-03-01,10.3100004196167,11.229999542236328,10.210000038146973,11.220000267028809,10.726188659667969,454600
2002-03-04,11.199999809265137,12.5,11.0,12.4399995803833,11.892492294311523,1205600
2002-03-05,12.5,12.75,12.270000457763672,12.6899995803833,12.131492614746094,878000
2002-03-06,12.640000343322754,12.75,12.140000343322754,12.649999618530273,12.093254089355469,634900
2002-03-07,12.6899995803833,12.789999961853027,12.399999618530273,12.65999984741211,12.102813720703125,498000
2002-03-08,12.65999984741211,13.34000015258789,12.5,12.970000267028809,12.399169921875,1084900
2002-03-11,13.0,13.199999809265137,12.449999809265137,13.050000190734863,12.475647926330566,420400
2002-03-12,12.949999809265137,12.949999809265137,12.569999694824219,12.680000305175781,12.121932029724121,317200
2002-03-13,12.460000038146973,12.5,11.75,12.130000114440918,11.596138954162598,315100
2002-03-14,11.949999809265137,12.300000190734863,11.449999809265137,11.770000457763672,11.251984596252441,467900
2002-03-15,12.449999809265137,14.100000381469727,11.850000381469727,14.069999694824219,13.450757026672363,1945300
2002-03-18,14.029999732971191,14.15999984741211,13.550000190734863,13.949999809265137,13.33603572845459,1029700
2002-03-19,14.0,14.600000381469727,13.949999809265137,14.399999618530273,13.766229629516602,467800
2002-03-20,14.109999656677246,14.239999771118164,13.800000190734863,14.0,13.383837699890137,549700
2002-03-21,14.0,14.699999809265137,13.899999618530273,14.600000381469727,13.957427024841309,448700
2002-03-22,14.609999656677246,15.020000457763672,14.600000381469727,15.010000228881836,14.349383354187012,705100
2002-03-25,15.010000228881836,15.739999771118164,14.9399995803833,15.510000228881836,14.827376365661621,1380900
2002-03-26,15.510000228881836,15.550000190734863,14.65999984741211,15.25,14.57882022857666,1908400
2002-03-27,15.149999618530273,16.0,15.149999618530273,16.0,15.29581356048584,559300
2002-03-28,15.0600004196167,16.25,14.920000076293945,16.149999618530273,15.43921184539795,1777200
2002-04-01,15.890000343322754,16.25,15.229999542236328,15.699999809265137,15.009016036987305,552700
2002-04-02,15.800000190734863,15.90999984741211,15.350000381469727,15.479999542236328,14.798698425292969,1016600
2002-04-03,15.479999542236328,15.489999771118164,14.960000038146973,15.180000305175781,14.5119047164917,1148400
2002-04-04,15.039999961853027,15.420000076293945,14.739999771118164,15.0,14.339824676513672,397700
2002-04-05,15.010000228881836,15.600000381469727,14.949999809265137,15.430000305175781,14.750901222229004,338800
2002-04-08,15.5,15.5,14.430000305175781,15.390000343322754,14.712660789489746,631500
2002-04-09,15.25,15.960000038146973,15.25,15.859999656677246,15.16197395324707,427900
2002-04-10,15.960000038146973,16.100000381469727,15.649999618530273,15.989999771118164,15.286253929138184,583600
2002-04-11,16.0,16.25,15.890000343322754,16.170000076293945,15.458331108093262,315400
2002-04-12,16.18000030517578,16.579999923706055,16.0,16.450000762939453,15.726004600524902,620800
2002-04-15,16.399999618530273,17.049999237060547,16.399999618530273,17.0,16.251800537109375,742700
2002-04-16,17.18000030517578,18.979999542236328,17.149999618530273,18.639999389648438,17.819622039794922,1338400
2002-04-17,18.899999618530273,19.049999237060547,17.540000915527344,17.65999984741211,16.88275909423828,820100
2002-04-18,17.65999984741211,17.75,15.609999656677246,15.8100004196167,15.114173889160156,1186400
2002-04-19,16.049999237060547,16.530000686645508,15.470000267028809,15.829999923706055,15.133294105529785,407400
2002-04-22,15.800000190734863,15.800000190734863,15.100000381469727,15.359999656677246,14.683979034423828,520600
2002-04-23,15.399999618530273,16.239999771118164,15.399999618530273,15.699999809265137,15.009016036987305,258800
2002-04-24,15.899999618530273,16.110000610351562,15.270000457763672,15.630000114440918,14.942097663879395,391000
2002-04-25,15.399999618530273,15.899999618530273,15.130000114440918,15.8100004196167,15.114173889160156,212000
2002-04-26,15.600000381469727,16.110000610351562,14.399999618530273,14.649999618530273,14.005228996276855,473300
2002-04-29,14.550000190734863,15.5,14.479999542236328,15.0600004196167,14.397183418273926,336900
2002-04-30,15.0600004196167,15.970000267028809,15.0600004196167,15.75,15.056816101074219,483700
2002-05-01,15.40999984741211,15.949999809265137,14.880000114440918,15.5600004196167,14.875179290771484,544000
2002-05-02,15.890000343322754,16.030000686645508,14.9399995803833,15.350000381469727,14.674422264099121,347900
2002-05-03,15.239999771118164,15.239999771118164,14.039999961853027,14.329999923706055,13.69931411743164,344900
2002-05-06,14.300000190734863,14.75,14.0,14.600000381469727,13.957427024841309,399400
2002-05-07,14.600000381469727,15.069999694824219,14.210000038146973,15.0,14.339824676513672,431100
2002-05-08,15.699999809265137,17.0,15.600000381469727,16.790000915527344,16.05104637145996,815700
2002-05-09,16.739999771118164,16.989999771118164,16.209999084472656,16.270000457763672,15.553925514221191,474300
2002-05-10,16.6299991607666,16.65999984741211,15.100000381469727,15.380000114440918,14.703099250793457,206400
2002-05-13,15.34000015258789,16.25,15.270000457763672,15.9399995803833,15.23845386505127,253300
2002-05-14,16.40999984741211,16.989999771118164,15.949999809265137,16.43000030517578,15.706888198852539,648700
2002-05-15,16.350000381469727,17.690000534057617,15.989999771118164,17.0,16.251800537109375,1143900
2002-05-16,16.739999771118164,17.200000762939453,16.559999465942383,16.940000534057617,16.194442749023438,300600
2002-05-17,17.0,17.850000381469727,16.979999542236328,17.0,16.251800537109375,915900
2002-05-20,16.959999084472656,16.959999084472656,16.309999465942383,16.399999618530273,15.678205490112305,366800
2002-05-21,16.549999237060547,16.81999969482422,15.479999542236328,15.8100004196167,15.114173889160156,287800
2002-05-22,15.630000114440918,16.309999465942383,14.899999618530273,15.199999809265137,14.531025886535645,362100
2002-05-23,15.220000267028809,15.25,14.600000381469727,14.970000267028809,14.31114673614502,463700
2002-05-24,14.75,14.760000228881836,14.079999923706055,14.3100004196167,13.680192947387695,324800
2002-05-28,14.3100004196167,14.4399995803833,13.75,13.800000190734863,13.19264030456543,533500
2002-05-29,13.609999656677246,13.65999984741211,12.90999984741211,13.100000381469727,12.523447036743164,627700
2002-05-30,13.100000381469727,13.100000381469727,12.149999618530273,12.5,11.949854850769043,1068600
2002-05-31,12.649999618530273,13.100000381469727,12.399999618530273,12.819999694824219,12.255772590637207,661900
2002-06-03,12.899999618530273,13.020000457763672,11.680000305175781,12.130000114440918,11.596138954162598,458200
2002-06-04,11.979999542236328,13.050000190734863,11.890000343322754,12.770000457763672,12.207968711853027,580400
2002-06-05,12.4399995803833,13.0,12.109999656677246,12.390000343322754,11.844696998596191,300500
2002-06-06,12.449999809265137,12.539999961853027,11.899999618530273,11.899999618530273,11.376262664794922,370800
2002-06-07,11.899999618530273,12.720000267028809,11.199999809265137,12.029999732971191,11.500539779663086,628200
2002-06-10,12.100000381469727,12.84000015258789,11.550000190734863,12.59000015258789,12.035893440246582,494000
2002-06-11,12.640000343322754,12.9399995803833,11.4399995803833,11.449999809265137,10.94606876373291,260400
2002-06-12,11.520000457763672,12.15999984741211,11.3100004196167,12.15999984741211,11.624820709228516,328800
2002-06-13,12.149999618530273,12.420000076293945,11.649999618530273,11.8100004196167,11.290224075317383,172500
2002-06-14,11.770000457763672,12.279999732971191,11.170000076293945,11.9399995803833,11.41450023651123,305100
2002-06-17,11.9399995803833,12.649999618530273,11.930000305175781,12.350000381469727,11.806455612182617,640900
2002-06-18,12.350000381469727,12.6899995803833,12.199999809265137,12.359999656677246,11.81601619720459,531300
2002-06-19,12.220000267028809,12.220000267028809,11.75,11.899999618530273,11.376262664794922,590800
2002-06-20,11.970000267028809,12.199999809265137,11.329999923706055,11.520000457763672,11.012982368469238,569300
2002-06-21,11.720000267028809,11.75,10.529999732971191,10.989999771118164,10.506309509277344,480700
2002-06-24,10.609999656677246,11.890000343322754,10.5600004196167,11.789999961853027,11.27110481262207,432500
2002-06-25,12.5,13.039999961853027,12.390000343322754,12.460000038146973,11.911611557006836,1432100
2002-06-26,12.390000343322754,13.800000190734863,11.630000114440918,13.800000190734863,13.19264030456543,487200
2002-06-27,13.789999961853027,13.869999885559082,12.59000015258789,13.529999732971191,12.934520721435547,440200
2002-06-28,13.399999618530273,14.600000381469727,13.369999885559082,14.600000381469727,13.957427024841309,1058300
2002-07-01,14.5,14.550000190734863,13.15999984741211,13.300000190734863,12.714643478393555,379000
2002-07-02,13.25,13.470000267028809,12.6899995803833,12.899999618530273,12.332250595092773,611800
2002-07-03,12.760000228881836,13.520000457763672,12.300000190734863,13.470000267028809,12.877164840698242,299200
2002-07-05,13.800000190734863,15.09000015258789,13.579999923706055,15.050000190734863,14.387622833251953,285700
2002-07-08,14.760000228881836,15.119999885559082,13.40999984741211,13.479999542236328,12.886720657348633,425700
2002-07-09,13.300000190734863,13.300000190734863,12.380000114440918,12.699999809265137,12.14105224609375,625700
2002-07-10,12.850000381469727,12.899999618530273,12.1899995803833,12.510000228881836,11.959415435791016,230500
2002-07-11,12.369999885559082,12.949999809265137,11.850000381469727,12.779999732971191,12.217530250549316,615200
2002-07-12,12.920000076293945,13.59000015258789,12.859999656677246,13.050000190734863,12.475647926330566,426400
2002-07-15,13.0,13.5,12.489999771118164,13.350000381469727,12.762445449829102,360700
2002-07-16,13.199999809265137,13.899999618530273,12.859999656677246,13.289999961853027,12.705082893371582,558900
2002-07-17,13.3100004196167,14.0,12.449999809265137,12.84000015258789,12.27488899230957,436200
2002-07-18,12.739999771118164,12.800000190734863,11.680000305175781,11.829999923706055,11.309340476989746,388200
2002-07-19,11.649999618530273,11.75,10.8100004196167,11.029999732971191,10.54455280303955,646300
2002-07-22,11.020000457763672,11.069999694824219,10.369999885559082,10.600000381469727,10.133476257324219,376700
2002-07-23,10.600000381469727,10.600000381469727,9.279999732971191,9.710000038146973,9.282646179199219,597800
2002-07-24,9.649999618530273,10.5,9.0600004196167,10.430000305175781,9.970958709716797,696500
2002-07-25,10.350000381469727,10.350000381469727,8.699999809265137,9.350000381469727,8.938490867614746,1653900
2002-07-26,9.420000076293945,10.010000228881836,9.260000228881836,9.5,9.081886291503906,561400
2002-07-29,9.880000114440918,10.5,9.789999961853027,10.130000114440918,9.684162139892578,258800
2002-07-30,9.9399995803833,10.84000015258789,9.9399995803833,10.8100004196167,10.334234237670898,281000
2002-07-31,10.649999618530273,10.760000228881836,9.859999656677246,10.0,9.559882164001465,419200
2002-08-01,9.979999542236328,10.100000381469727,9.079999923706055,9.210000038146973,8.804652214050293,445300
2002-08-02,8.800000190734863,9.09000015258789,8.40999984741211,8.699999809265137,8.317099571228027,397300
2002-08-05,8.75,8.880000114440918,8.270000457763672,8.40999984741211,8.039864540100098,283800
2002-08-06,8.550000190734863,9.399999618530273,8.5,9.239999771118164,8.833331108093262,247600
2002-08-07,9.539999961853027,9.930000305175781,9.069999694824219,9.430000305175781,9.014970779418945,417100
2002-08-08,9.399999618530273,9.869999885559082,9.069999694824219,9.869999885559082,9.435604095458984,202000
2002-08-09,9.75,10.100000381469727,9.359999656677246,9.800000190734863,9.368685722351074,252700
2002-08-12,9.100000381469727,9.890000343322754,8.90999984741211,9.760000228881836,9.330448150634766,294900
2002-08-13,9.949999809265137,9.960000038146973,9.149999618530273,9.220000267028809,8.814214706420898,418700
2002-08-14,9.34000015258789,9.710000038146973,8.84000015258789,9.670000076293945,9.244410514831543,333400
2002-08-15,9.729999542236328,10.020000457763672,9.430000305175781,9.779999732971191,9.349568367004395,211000
2002-08-16,9.729999542236328,10.710000038146973,9.600000381469727,10.59000015258789,10.123916625976562,214300
2002-08-19,10.399999618530273,11.130000114440918,10.329999923706055,10.880000114440918,10.401152610778809,193400
2002-08-20,10.869999885559082,11.09000015258789,10.180000305175781,10.430000305175781,9.970958709716797,304700
2002-08-21,10.6899995803833,10.829999923706055,10.399999618530273,10.789999961853027,10.315115928649902,196400
2002-08-22,10.829999923706055,11.109999656677246,10.5,10.989999771118164,10.506309509277344,306000
2002-08-23,10.989999771118164,11.0,10.050000190734863,10.1899995803833,9.741519927978516,145500
2002-08-26,10.550000190734863,10.729999542236328,9.869999885559082,10.579999923706055,10.114359855651855,153000
2002-08-27,10.630000114440918,10.729999542236328,9.729999542236328,9.819999694824219,9.387805938720703,120400
2002-08-28,9.729999542236328,9.84000015258789,9.350000381469727,9.770000457763672,9.340004920959473,157500
2002-08-29,9.770000457763672,9.880000114440918,9.470000267028809,9.729999542236328,9.301762580871582,159900
2002-08-30,9.720000267028809,9.729999542236328,9.0,9.029999732971191,8.632575035095215,306200
2002-09-03,9.010000228881836,9.09000015258789,8.369999885559082,8.520000457763672,8.145020484924316,640700
2002-09-04,8.520000457763672,8.760000228881836,8.130000114440918,8.699999809265137,8.317099571228027,378500
2002-09-05,8.380000114440918,8.600000381469727,8.380000114440918,8.550000190734863,8.173697471618652,479900
2002-09-06,8.5600004196167,9.449999809265137,8.5600004196167,9.350000381469727,8.938490867614746,204400
2002-09-09,9.0,9.4399995803833,8.90999984741211,9.369999885559082,8.957609176635742,173900
2002-09-10,9.449999809265137,9.949999809265137,9.210000038146973,9.359999656677246,8.948051452636719,187100
2002-09-11,9.359999656677246,9.989999771118164,9.350000381469727,9.680000305175781,9.253966331481934,250100
2002-09-12,9.390000343322754,9.489999771118164,8.829999923706055,9.119999885559082,8.718612670898438,216100
2002-09-13,9.010000228881836,9.199999809265137,8.920000076293945,8.930000305175781,8.536977767944336,190100
2002-09-16,8.920000076293945,9.25,8.90999984741211,9.119999885559082,8.718612670898438,105900
2002-09-17,9.130000114440918,9.4399995803833,8.5,8.5,8.125900268554688,119200
2002-09-18,8.510000228881836,8.699999809265137,8.350000381469727,8.359999656677246,7.992062568664551,187000
2002-09-19,8.359999656677246,8.390000343322754,7.760000228881836,7.849999904632568,7.504508018493652,232400
2002-09-20,7.909999847412109,8.029999732971191,7.570000171661377,7.989999771118164,7.638347625732422,295000
2002-09-23,7.900000095367432,7.900000095367432,6.909999847412109,6.940000057220459,6.63455867767334,360200
2002-09-24,6.900000095367432,7.03000020980835,6.409999847412109,6.829999923706055,6.5293989181518555,1505800
2002-09-25,6.929999828338623,7.400000095367432,6.929999828338623,7.389999866485596,7.064752578735352,639400
2002-09-26,7.400000095367432,7.550000190734863,7.019999980926514,7.269999980926514,6.950033664703369,380300
2002-09-27,6.980000019073486,7.360000133514404,6.670000076293945,7.340000152587891,7.016953468322754,320000
2002-09-30,7.289999961853027,7.820000171661377,6.849999904632568,7.769999980926514,7.428030014038086,488700
2002-10-01,7.75,7.840000152587891,7.380000114440918,7.389999866485596,7.064752578735352,330600
2002-10-02,7.380000114440918,7.699999809265137,7.380000114440918,7.559999942779541,7.22727108001709,696300
2002-10-03,7.559999942779541,7.570000171661377,6.869999885559082,6.989999771118164,6.682358264923096,379300
2002-10-04,7.0,7.070000171661377,6.75,7.0,6.691918849945068,661900
2002-10-07,7.010000228881836,7.159999847412109,6.150000095367432,6.210000038146973,5.936686038970947,664500
2002-10-08,4.989999771118164,5.010000228881836,4.300000190734863,4.440000057220459,4.244588375091553,5436400
2002-10-09,4.380000114440918,4.630000114440918,4.260000228881836,4.510000228881836,4.311506748199463,1122200
2002-10-10,4.46999979019165,5.71999979019165,4.46999979019165,5.599999904632568,5.35353422164917,1305700
2002-10-11,5.75,6.0,5.699999809265137,5.840000152587891,5.58297061920166,585300
2002-10-14,5.650000095367432,5.75,5.25,5.440000057220459,5.200576305389404,316100
2002-10-15,5.690000057220459,5.980000019073486,5.690000057220459,5.900000095367432,5.640332221984863,487300
2002-10-16,5.650000095367432,5.989999771118164,5.650000095367432,5.909999847412109,5.649890422821045,268100
2002-10-17,6.059999942779541,6.900000095367432,6.059999942779541,6.25,5.9749274253845215,549700
2002-10-18,6.309999942779541,6.539999961853027,6.090000152587891,6.400000095367432,6.118324279785156,441000
2002-10-21,6.420000076293945,6.869999885559082,6.150000095367432,6.820000171661377,6.519839286804199,292300
2002-10-22,6.699999809265137,6.699999809265137,6.21999979019165,6.46999979019165,6.185244083404541,486500
2002-10-23,6.199999809265137,6.829999923706055,6.159999847412109,6.800000190734863,6.500720500946045,329400
2002-10-24,6.909999847412109,7.03000020980835,6.449999809265137,6.579999923706055,6.290402412414551,479500
2002-10-25,6.579999923706055,6.940000057220459,6.5,6.929999828338623,6.624998092651367,199800
2002-10-28,6.940000057220459,7.239999771118164,6.869999885559082,7.199999809265137,6.883114814758301,289700
2002-10-29,7.139999866485596,7.579999923706055,7.019999980926514,7.579999923706055,7.246391296386719,606000
2002-10-30,7.570000171661377,8.239999771118164,7.5,8.220000267028809,7.858226299285889,407900
2002-10-31,8.220000267028809,8.75,8.210000038146973,8.609999656677246,8.231059074401855,1100100
2002-11-01,8.520000457763672,8.670000076293945,8.270000457763672,8.550000190734863,8.173697471618652,836400
2002-11-04,8.729999542236328,8.989999771118164,8.180000305175781,8.3100004196167,7.944262981414795,718700
2002-11-05,8.25,8.529999732971191,8.130000114440918,8.210000038146973,7.848663806915283,321100
2002-11-06,8.199999809265137,9.239999771118164,8.199999809265137,9.220000267028809,8.814214706420898,400700
2002-11-07,9.199999809265137,9.199999809265137,8.430000305175781,8.579999923706055,8.202381134033203,477400
2002-11-08,8.640000343322754,8.640000343322754,8.109999656677246,8.34000015258789,7.972941875457764,162000
2002-11-11,8.279999732971191,8.329999923706055,7.659999847412109,7.849999904632568,7.504508018493652,259200
2002-11-12,7.860000133514404,8.449999809265137,7.860000133514404,8.069999694824219,7.71482515335083,346400
2002-11-13,8.050000190734863,8.829999923706055,7.920000076293945,8.25,7.886903285980225,538300
2002-11-14,8.390000343322754,8.729999542236328,8.1899995803833,8.640000343322754,8.259740829467773,322700
2002-11-15,8.609999656677246,9.050000190734863,8.260000228881836,9.0,8.60389518737793,515600
2002-11-18,9.15999984741211,9.25,8.960000038146973,9.1899995803833,8.78553295135498,213300
2002-11-19,9.050000190734863,9.300000190734863,8.920000076293945,9.149999618530273,8.747292518615723,170100
2002-11-20,9.149999618530273,9.970000267028809,9.149999618530273,9.600000381469727,9.177489280700684,522300
2002-11-21,9.90999984741211,10.289999961853027,9.800000190734863,10.149999618530273,9.703282356262207,514400
2002-11-22,10.25,11.029999732971191,10.100000381469727,10.579999923706055,10.114359855651855,737400
2002-11-25,10.649999618530273,11.0,10.350000381469727,10.760000228881836,10.286432266235352,268300
2002-11-26,10.760000228881836,10.760000228881836,10.15999984741211,10.239999771118164,9.789320945739746,163800
2002-11-27,10.260000228881836,10.90999984741211,10.260000228881836,10.779999732971191,10.305554389953613,394000
2002-11-29,10.850000381469727,11.020000457763672,10.619999885559082,10.619999885559082,10.152595520019531,145200
2002-12-02,10.399999618530273,10.989999771118164,10.3100004196167,10.819999694824219,10.343793869018555,490200
2002-12-03,10.800000190734863,10.970000267028809,10.600000381469727,10.819999694824219,10.343793869018555,518000
2002-12-04,10.5600004196167,10.59000015258789,9.359999656677246,9.359999656677246,8.948051452636719,496500
2002-12-05,9.489999771118164,9.649999618530273,9.050000190734863,9.1899995803833,8.78553295135498,378500
2002-12-06,9.199999809265137,9.770000457763672,9.0,9.630000114440918,9.206168174743652,359700
2002-12-09,9.59000015258789,9.59000015258789,8.770000457763672,8.800000190734863,8.412693977355957,185200
2002-12-10,8.859999656677246,9.390000343322754,8.850000381469727,9.229999542236328,8.823769569396973,177000
2002-12-11,9.25,9.720000267028809,9.069999694824219,9.449999809265137,9.034089088439941,305400
2002-12-12,9.449999809265137,9.649999618530273,8.970000267028809,8.989999771118164,8.59433650970459,328500
2002-12-13,9.0,9.0,8.510000228881836,8.59000015258789,8.21193790435791,527300
2002-12-16,8.699999809265137,9.350000381469727,8.640000343322754,9.279999732971191,8.871570587158203,446800
2002-12-17,9.25,9.510000228881836,9.0600004196167,9.319999694824219,8.909811019897461,284100
2002-12-18,8.989999771118164,9.0,8.569999694824219,8.670000076293945,8.288416862487793,591600
2002-12-19,8.550000190734863,9.050000190734863,8.550000190734863,8.819999694824219,8.431817054748535,302000
2002-12-20,9.75,10.0600004196167,9.119999885559082,9.90999984741211,9.473847389221191,707800
2002-12-23,9.960000038146973,10.510000228881836,9.729999542236328,10.25,9.798879623413086,410300
2002-12-24,10.180000305175781,10.25,10.09000015258789,10.15999984741211,9.71284008026123,76400
2002-12-26,10.149999618530273,10.6899995803833,10.149999618530273,10.489999771118164,10.028313636779785,363000
2002-12-27,10.489999771118164,10.65999984741211,10.020000457763672,10.260000228881836,9.808438301086426,231500
2002-12-30,10.279999732971191,10.460000038146973,9.899999618530273,10.15999984741211,9.71284008026123,273700
2002-12-31,10.15999984741211,10.75,9.930000305175781,10.300000190734863,9.846681594848633,300300
2003-01-02,10.329999923706055,11.079999923706055,10.119999885559082,11.029999732971191,10.54455280303955,624800
2003-01-03,11.079999923706055,11.630000114440918,10.800000190734863,11.25,10.754868507385254,364400
2003-01-06,11.300000190734863,11.600000381469727,11.1899995803833,11.319999694824219,10.821788787841797,310700
2003-01-07,11.350000381469727,11.90999984741211,11.350000381469727,11.619999885559082,11.108585357666016,535700
2003-01-08,11.619999885559082,11.619999885559082,11.199999809265137,11.449999809265137,10.94606876373291,247600
2003-01-09,11.380000114440918,12.069999694824219,11.380000114440918,11.920000076293945,11.395383834838867,421600
2003-01-10,11.850000381469727,12.149999618530273,11.619999885559082,11.920000076293945,11.395383834838867,301500
2003-01-13,12.100000381469727,12.199999809265137,11.729999542236328,11.75,11.232860565185547,396200
2003-01-14,11.75,12.050000190734863,11.5,12.010000228881836,11.481422424316406,438500
2003-01-15,11.5,12.899999618530273,11.430000305175781,12.489999771118164,11.940293312072754,820800
2003-01-16,12.5,12.699999809265137,12.220000267028809,12.369999885559082,11.825577735900879,548600
2003-01-17,12.199999809265137,12.319999694824219,11.949999809265137,12.149999618530273,11.61525821685791,370400
2003-01-21,12.0,12.149999618530273,11.6899995803833,11.989999771118164,11.462298393249512,1011600
2003-01-22,11.84000015258789,12.199999809265137,11.75,11.960000038146973,11.433618545532227,468100
2003-01-23,12.050000190734863,12.489999771118164,11.760000228881836,12.359999656677246,11.81601619720459,575500
2003-01-24,12.350000381469727,12.399999618530273,11.100000381469727,11.199999809265137,10.70706844329834,320800
2003-01-27,11.0600004196167,11.449999809265137,10.619999885559082,10.859999656677246,10.382034301757812,231100
2003-01-28,10.880000114440918,11.520000457763672,10.75,11.479999542236328,10.974746704101562,314200
2003-01-29,11.300000190734863,11.920000076293945,11.170000076293945,11.859999656677246,11.338022232055664,404300
2003-01-30,11.899999618530273,12.039999961853027,11.069999694824219,11.210000038146973,10.716630935668945,265300
2003-01-31,10.949999809265137,11.100000381469727,10.149999618530273,10.6899995803833,10.219511985778809,849900
2003-02-03,10.890000343322754,10.899999618530273,10.5600004196167,10.8100004196167,10.334234237670898,234600
2003-02-04,10.710000038146973,10.890000343322754,10.3100004196167,10.510000228881836,10.047439575195312,216400
2003-02-05,10.539999961853027,10.949999809265137,10.329999923706055,10.5600004196167,10.095234870910645,418000
2003-02-06,10.550000190734863,10.6899995803833,10.25,10.359999656677246,9.904037475585938,142300
2003-02-07,10.420000076293945,10.569999694824219,9.970000267028809,10.039999961853027,9.598121643066406,134300
2003-02-10,10.039999961853027,10.069999694824219,9.550000190734863,9.699999809265137,9.273086547851562,738900
2003-02-11,9.829999923706055,10.069999694824219,9.630000114440918,9.859999656677246,9.426044464111328,365000
2003-02-12,9.979999542236328,10.010000228881836,9.770000457763672,9.779999732971191,9.349568367004395,104600
2003-02-13,9.760000228881836,10.050000190734863,9.75,9.989999771118164,9.550324440002441,207200
2003-02-14,9.989999771118164,10.600000381469727,9.899999618530273,10.5,10.03787612915039,439800
2003-02-18,10.4399995803833,10.6899995803833,10.170000076293945,10.25,9.798879623413086,532700
2003-02-19,10.300000190734863,10.600000381469727,10.100000381469727,10.1899995803833,9.741519927978516,345100
2003-02-20,10.149999618530273,10.779999732971191,10.149999618530273,10.6899995803833,10.219511985778809,422800
2003-02-21,10.6899995803833,11.84000015258789,10.680000305175781,11.739999771118164,11.22330379486084,450100
2003-02-24,11.600000381469727,11.970000267028809,11.600000381469727,11.75,11.232860565185547,471100
2003-02-25,11.710000038146973,11.779999732971191,11.260000228881836,11.5,10.993863105773926,439700
2003-02-26,11.510000228881836,11.699999809265137,11.199999809265137,11.199999809265137,10.70706844329834,472500
2003-02-27,11.199999809265137,11.479999542236328,11.180000305175781,11.319999694824219,10.821788787841797,433400
2003-02-28,11.260000228881836,11.510000228881836,11.25,11.350000381469727,10.85046672821045,238100
2003-03-03,11.350000381469727,11.5,10.710000038146973,10.8100004196167,10.334234237670898,297700
2003-03-04,10.699999809265137,10.9399995803833,10.670000076293945,10.699999809265137,10.229077339172363,244500
2003-03-05,10.699999809265137,10.739999771118164,10.15999984741211,10.470000267028809,10.009200096130371,524100
2003-03-06,10.40999984741211,10.420000076293945,9.760000228881836,9.800000190734863,9.368685722351074,713300
2003-03-07,9.75,9.789999961853027,9.029999732971191,9.260000228881836,8.85245132446289,1447900
2003-03-10,9.199999809265137,9.449999809265137,8.979999542236328,9.010000228881836,8.613454818725586,580900
2003-03-11,9.069999694824219,9.069999694824219,8.899999618530273,8.960000038146973,8.565652847290039,250500
2003-03-12,8.9399995803833,9.100000381469727,8.789999961853027,9.050000190734863,8.651694297790527,406700
2003-03-13,9.100000381469727,9.510000228881836,9.09000015258789,9.479999542236328,9.06277084350586,481700
2003-03-14,9.5600004196167,10.1899995803833,9.520000457763672,10.15999984741211,9.71284008026123,1005800
2003-03-17,9.979999542236328,10.960000038146973,9.960000038146973,10.470000267028809,10.009200096130371,491000
2003-03-18,10.479999542236328,10.880000114440918,10.380000114440918,10.760000228881836,10.286432266235352,486500
2003-03-19,10.760000228881836,10.90999984741211,10.569999694824219,10.699999809265137,10.229077339172363,549800
2003-03-20,10.880000114440918,12.029999732971191,10.699999809265137,11.899999618530273,11.376262664794922,1776700
2003-03-21,12.350000381469727,12.5,11.550000190734863,11.770000457763672,11.251984596252441,1345400
2003-03-24,11.300000190734863,11.5,10.829999923706055,10.979999542236328,10.496752738952637,618600
2003-03-25,10.970000267028809,11.5,10.729999542236328,11.449999809265137,10.94606876373291,411000
2003-03-26,11.449999809265137,11.449999809265137,10.880000114440918,11.050000190734863,10.563671112060547,564600
2003-03-27,11.010000228881836,11.220000267028809,10.8100004196167,11.09000015258789,10.601912498474121,528200
2003-03-28,11.119999885559082,11.119999885559082,10.75,10.75,10.276875495910645,292600
2003-03-31,10.649999618530273,10.729999542236328,9.9399995803833,9.960000038146973,9.521642684936523,436100
2003-04-01,10.100000381469727,10.5,9.920000076293945,10.460000038146973,9.999637603759766,458100
2003-04-02,10.609999656677246,11.0,10.550000190734863,10.850000381469727,10.37247085571289,600700
2003-04-03,11.039999961853027,11.050000190734863,10.75,10.899999618530273,10.420275688171387,238900
2003-04-04,11.0,11.0,10.489999771118164,10.489999771118164,10.028313636779785,231300
2003-04-07,11.0,11.0,10.399999618530273,10.539999961853027,10.076116561889648,216500
2003-04-08,10.479999542236328,10.489999771118164,9.720000267028809,10.020000457763672,9.57900333404541,720500
2003-04-09,10.0,10.140000343322754,9.800000190734863,9.930000305175781,9.492962837219238,353000
2003-04-10,9.859999656677246,10.199999809265137,9.75,10.109999656677246,9.665043830871582,221900
2003-04-11,10.0,10.300000190734863,9.739999771118164,9.800000190734863,9.368685722351074,494800
2003-04-14,9.739999771118164,9.819999694824219,9.319999694824219,9.819999694824219,9.387805938720703,576100
2003-04-15,9.630000114440918,10.010000228881836,9.449999809265137,9.920000076293945,9.483405113220215,267800
2003-04-16,10.109999656677246,10.279999732971191,9.90999984741211,9.960000038146973,9.521642684936523,352700
2003-04-17,10.1899995803833,11.119999885559082,9.899999618530273,11.0,10.51587200164795,805000
2003-04-21,11.0,11.029999732971191,10.600000381469727,10.800000190734863,10.324673652648926,350200
2003-04-22,10.720000267028809,10.890000343322754,10.449999809265137,10.890000343322754,10.410712242126465,161100
2003-04-23,10.84000015258789,10.989999771118164,10.5,10.949999809265137,10.468072891235352,268700
2003-04-24,10.989999771118164,10.989999771118164,10.649999618530273,10.800000190734863,10.324673652648926,160500
2003-04-25,10.800000190734863,10.800000190734863,10.300000190734863,10.5,10.03787612915039,168300
2003-04-28,10.5,10.930000305175781,10.479999542236328,10.789999961853027,10.315115928649902,495200
2003-04-29,10.8100004196167,11.350000381469727,10.8100004196167,11.210000038146973,10.716630935668945,603300
2003-04-30,11.239999771118164,11.470000267028809,11.0,11.40999984741211,10.907825469970703,407100
2003-05-01,11.390000343322754,11.399999618530273,11.0600004196167,11.199999809265137,10.70706844329834,545900
2003-05-02,11.199999809265137,11.569999694824219,11.199999809265137,11.470000267028809,10.96518611907959,650400
2003-05-05,11.460000038146973,12.09000015258789,11.449999809265137,11.890000343322754,11.366698265075684,775600
2003-05-06,11.880000114440918,12.1899995803833,11.800000190734863,12.020000457763672,11.490981101989746,355000
2003-05-07,11.90999984741211,12.220000267028809,11.84000015258789,12.0,11.471861839294434,377800
2003-05-08,11.899999618530273,11.920000076293945,11.550000190734863,11.649999618530273,11.137262344360352,366900
2003-05-09,11.630000114440918,11.84000015258789,11.609999656677246,11.760000228881836,11.242422103881836,209500
2003-05-12,11.75,12.09000015258789,11.649999618530273,11.880000114440918,11.357141494750977,276000
2003-05-13,11.850000381469727,11.899999618530273,11.609999656677246,11.859999656677246,11.338022232055664,131700
2003-05-14,11.829999923706055,12.100000381469727,11.569999694824219,11.850000381469727,11.328457832336426,225700
2003-05-15,11.850000381469727,12.050000190734863,11.350000381469727,11.5,10.993863105773926,230600
2003-05-16,11.350000381469727,11.399999618530273,10.470000267028809,10.8100004196167,10.334234237670898,526800
2003-05-19,10.5600004196167,10.800000190734863,9.949999809265137,10.0,9.559882164001465,828300
2003-05-20,10.0,10.300000190734863,10.0,10.170000076293945,9.722399711608887,252400
2003-05-21,10.260000228881836,10.260000228881836,9.970000267028809,10.199999809265137,9.751078605651855,299700
2003-05-22,10.0600004196167,10.5600004196167,10.0600004196167,10.380000114440918,9.923157691955566,319600
2003-05-23,10.520000457763672,10.569999694824219,10.270000457763672,10.34000015258789,9.884921073913574,119700
2003-05-27,10.350000381469727,11.050000190734863,10.319999694824219,10.90999984741211,10.429831504821777,200900
2003-05-28,11.130000114440918,11.34000015258789,10.920000076293945,11.289999961853027,10.793108940124512,230300
2003-05-29,11.260000228881836,11.600000381469727,11.239999771118164,11.430000305175781,10.926950454711914,214700
2003-05-30,11.569999694824219,12.609999656677246,11.489999771118164,12.40999984741211,11.863813400268555,1274600
2003-06-02,13.5,14.0,13.119999885559082,13.3100004196167,12.72420597076416,1400400
2003-06-03,13.15999984741211,13.34000015258789,13.029999732971191,13.25,12.666848182678223,386500
2003-06-04,13.25,14.010000228881836,13.15999984741211,14.0,13.383837699890137,1120200
2003-06-05,13.670000076293945,14.25,13.489999771118164,14.029999732971191,13.412514686584473,876200
2003-06-06,14.229999542236328,15.050000190734863,13.399999618530273,13.600000381469727,13.00144100189209,928700
2003-06-09,13.550000190734863,13.680000305175781,13.25,13.329999923706055,12.74332332611084,341100
2003-06-10,13.079999923706055,13.350000381469727,12.40999984741211,13.329999923706055,12.74332332611084,1156300
2003-06-11,13.180000305175781,13.260000228881836,12.729999542236328,13.149999618530273,12.571246147155762,381800
2003-06-12,13.25,13.25,12.5600004196167,12.770000457763672,12.207968711853027,284300
2003-06-13,12.680000305175781,12.8100004196167,12.380000114440918,12.600000381469727,12.045451164245605,291300
2003-06-16,12.449999809265137,13.3100004196167,12.449999809265137,13.109999656677246,12.533008575439453,599500
2003-06-17,13.25,13.350000381469727,13.0,13.09000015258789,12.513886451721191,277700
2003-06-18,13.079999923706055,13.470000267028809,12.760000228881836,13.40999984741211,12.81980037689209,340000
2003-06-19,13.920000076293945,14.25,12.930000305175781,12.979999542236328,12.408726692199707,916200
2003-06-20,13.109999656677246,13.550000190734863,12.760000228881836,13.529999732971191,12.934520721435547,472300
2003-06-23,13.239999771118164,13.329999923706055,12.899999618530273,13.010000228881836,12.437408447265625,657700
2003-06-24,13.0,13.199999809265137,12.850000381469727,13.020000457763672,12.446969985961914,507200
2003-06-25,12.949999809265137,13.3100004196167,12.899999618530273,12.970000267028809,12.399169921875,314200
2003-06-26,13.079999923706055,13.15999984741211,12.920000076293945,12.949999809265137,12.380047798156738,317700
2003-06-27,12.899999618530273,13.199999809265137,12.899999618530273,13.050000190734863,12.475647926330566,334200
2003-06-30,13.25,13.510000228881836,13.050000190734863,13.489999771118164,12.896282196044922,536600
2003-07-01,13.430000305175781,13.479999542236328,13.1899995803833,13.289999961853027,12.705082893371582,702900
2003-07-02,13.390000343322754,13.649999618530273,13.289999961853027,13.550000190734863,12.953639030456543,543200
2003-07-03,13.430000305175781,13.729999542236328,13.380000114440918,13.460000038146973,12.867605209350586,110300
2003-07-07,13.550000190734863,13.930000305175781,13.420000076293945,13.899999618530273,13.288237571716309,574100
2003-07-08,13.890000343322754,13.890000343322754,13.760000228881836,13.789999961853027,13.183077812194824,1042500
2003-07-09,13.779999732971191,14.100000381469727,13.619999885559082,14.079999923706055,13.46031665802002,784600
2003-07-10,13.920000076293945,13.970000267028809,13.710000038146973,13.880000114440918,13.26911735534668,465000
2003-07-11,13.869999885559082,13.899999618530273,13.460000038146973,13.6899995803833,13.087479591369629,267600
2003-07-14,13.8100004196167,14.279999732971191,13.770000457763672,14.079999923706055,13.46031665802002,728700
2003-07-15,14.239999771118164,14.430000305175781,13.899999618530273,14.109999656677246,13.488993644714355,767900
2003-07-16,14.199999809265137,14.720000267028809,13.960000038146973,14.5,13.861831665039062,758000
2003-07-17,14.390000343322754,14.449999809265137,13.25,13.670000076293945,13.068361282348633,599000
2003-07-18,13.670000076293945,14.199999809265137,13.5,14.09000015258789,13.469873428344727,284800
2003-07-21,13.649999618530273,14.0,13.15999984741211,13.369999885559082,12.781563758850098,360500
2003-07-22,13.65999984741211,14.199999809265137,13.449999809265137,14.069999694824219,13.450757026672363,313000
2003-07-23,14.199999809265137,15.149999618530273,14.0,15.109999656677246,14.444985389709473,979900
2003-07-24,14.720000267028809,15.050000190734863,14.649999618530273,14.789999961853027,14.139069557189941,655800
2003-07-25,14.789999961853027,14.989999771118164,14.420000076293945,14.989999771118164,14.330263137817383,183400
2003-07-28,14.800000190734863,14.8100004196167,14.289999961853027,14.460000038146973,13.823591232299805,263200
2003-07-29,14.40999984741211,14.65999984741211,14.140000343322754,14.65999984741211,14.014791488647461,190900
2003-07-30,14.649999618530273,14.6899995803833,14.0600004196167,14.390000343322754,13.756671905517578,156100
2003-07-31,14.399999618530273,14.9399995803833,14.199999809265137,14.319999694824219,13.689750671386719,234100
2003-08-01,14.300000190734863,14.630000114440918,13.779999732971191,14.0600004196167,13.441195487976074,249700
2003-08-04,14.100000381469727,14.800000190734863,13.949999809265137,14.59000015258789,13.947871208190918,347700
2003-08-05,14.600000381469727,14.6899995803833,13.960000038146973,14.15999984741211,13.536795616149902,372300
2003-08-06,14.220000267028809,14.25,13.279999732971191,13.3100004196167,12.72420597076416,249300
2003-08-07,13.270000457763672,13.34000015258789,12.600000381469727,12.960000038146973,12.389608383178711,669300
2003-08-08,12.949999809265137,13.109999656677246,12.619999885559082,12.65999984741211,12.102813720703125,149400
2003-08-11,12.649999618530273,13.380000114440918,12.649999618530273,13.369999885559082,12.781563758850098,234900
2003-08-12,13.100000381469727,13.84000015258789,13.100000381469727,13.789999961853027,13.183077812194824,200000
2003-08-13,13.8100004196167,14.140000343322754,13.550000190734863,13.75,13.144838333129883,332100
2003-08-14,13.800000190734863,13.890000343322754,13.199999809265137,13.449999809265137,12.85804271697998,172800
2003-08-15,13.420000076293945,13.449999809265137,13.170000076293945,13.260000228881836,12.676405906677246,182200
2003-08-18,13.199999809265137,13.829999923706055,13.020000457763672,13.789999961853027,13.183077812194824,664000
2003-08-19,13.819999694824219,14.630000114440918,13.770000457763672,14.550000190734863,13.90963077545166,551000
2003-08-20,14.119999885559082,14.869999885559082,14.050000190734863,14.220000267028809,13.594151496887207,408100
2003-08-21,14.40999984741211,14.819999694824219,14.369999885559082,14.800000190734863,14.148626327514648,285700
2003-08-22,14.90999984741211,15.59000015258789,14.220000267028809,14.25,13.622831344604492,846100
2003-08-25,14.220000267028809,14.369999885559082,14.050000190734863,14.199999809265137,13.575034141540527,111600
2003-08-26,14.25,14.34000015258789,13.6899995803833,14.239999771118164,13.613271713256836,133100
2003-08-27,14.300000190734863,14.5,14.1899995803833,14.399999618530273,13.766229629516602,227800
2003-08-28,14.520000457763672,15.0,14.4399995803833,14.949999809265137,14.292027473449707,232400
2003-08-29,14.930000305175781,15.0,14.640000343322754,14.720000267028809,14.072149276733398,147800
2003-09-02,14.789999961853027,15.170000076293945,14.399999618530273,15.0600004196167,14.397183418273926,519500
2003-09-03,15.359999656677246,15.399999618530273,14.630000114440918,14.800000190734863,14.148626327514648,232000
2003-09-04,14.65999984741211,14.800000190734863,14.449999809265137,14.6899995803833,14.043465614318848,571600
2003-09-05,14.649999618530273,14.979999542236328,14.539999961853027,14.9399995803833,14.282465934753418,389800
2003-09-08,14.350000381469727,15.4399995803833,14.270000457763672,15.4399995803833,14.760461807250977,638300
2003-09-09,15.100000381469727,15.65999984741211,15.100000381469727,15.460000038146973,14.779579162597656,565400
2003-09-10,15.449999809265137,15.550000190734863,14.779999732971191,14.869999885559082,14.21554946899414,428500
2003-09-11,14.869999885559082,15.079999923706055,14.420000076293945,15.010000228881836,14.349383354187012,439900
2003-09-12,15.069999694824219,15.100000381469727,14.859999656677246,15.069999694824219,14.406743049621582,201800
2003-09-15,15.0,15.460000038146973,15.0,15.15999984741211,14.492782592773438,345500
2003-09-16,15.0600004196167,15.5,15.0600004196167,15.460000038146973,14.779579162597656,332300
2003-09-17,15.34000015258789,15.449999809265137,15.220000267028809,15.399999618530273,14.722223281860352,286700
2003-09-18,15.300000190734863,15.489999771118164,14.789999961853027,14.920000076293945,14.263347625732422,512200
2003-09-19,12.1899995803833,12.65999984741211,11.800000190734863,12.399999618530273,11.854252815246582,9189800
2003-09-22,12.369999885559082,13.15999984741211,12.130000114440918,12.800000190734863,12.236648559570312,1727900
2003-09-23,12.949999809265137,13.109999656677246,12.779999732971191,13.0,12.427848815917969,743000
2003-09-24,12.819999694824219,12.979999542236328,12.59000015258789,12.760000228881836,12.198408126831055,685400
2003-09-25,12.640000343322754,12.670000076293945,12.25,12.3100004196167,11.76821517944336,531400
2003-09-26,12.3100004196167,12.399999618530273,11.75,11.979999542236328,11.452740669250488,505200
2003-09-29,12.300000190734863,12.369999885559082,11.899999618530273,12.069999694824219,11.538778305053711,1162200
2003-09-30,11.989999771118164,12.050000190734863,11.300000190734863,11.300000190734863,10.802668571472168,1439900
2003-10-01,11.3100004196167,11.699999809265137,11.149999618530273,11.600000381469727,11.089466094970703,948500
2003-10-02,11.680000305175781,11.890000343322754,11.359999656677246,11.779999732971191,11.261544227600098,400800
2003-10-03,12.0,12.75,11.819999694824219,12.0,11.471861839294434,954100
2003-10-06,12.529999732971191,13.0,12.020000457763672,12.550000190734863,11.997653007507324,723400
2003-10-07,12.170000076293945,13.100000381469727,12.170000076293945,13.100000381469727,12.523447036743164,680500
2003-10-08,13.199999809265137,13.199999809265137,12.65999984741211,12.859999656677246,12.294012069702148,468700
2003-10-09,13.100000381469727,13.420000076293945,12.800000190734863,13.289999961853027,12.705082893371582,758500
2003-10-10,13.199999809265137,13.300000190734863,12.779999732971191,13.279999732971191,12.695526123046875,382700
2003-10-13,13.300000190734863,13.479999542236328,12.930000305175781,13.130000114440918,12.552125930786133,581400
2003-10-14,13.350000381469727,13.399999618530273,13.130000114440918,13.350000381469727,12.762445449829102,470300
2003-10-15,13.5,13.75,13.25,13.5,12.905839920043945,529100
2003-10-16,13.449999809265137,13.5600004196167,12.970000267028809,13.140000343322754,12.561686515808105,579400
2003-10-17,13.050000190734863,13.149999618530273,12.399999618530273,12.449999809265137,11.902053833007812,579500
2003-10-20,12.470000267028809,12.760000228881836,12.279999732971191,12.399999618530273,11.854252815246582,375900
2003-10-21,12.5600004196167,13.09000015258789,12.420000076293945,12.770000457763672,12.207968711853027,413300
2003-10-22,12.699999809265137,12.699999809265137,11.960000038146973,11.960000038146973,11.433618545532227,345500
2003-10-23,12.0,12.199999809265137,11.710000038146973,11.989999771118164,11.462298393249512,459000
2003-10-24,12.050000190734863,12.0600004196167,11.75,11.960000038146973,11.433618545532227,234800
2003-10-27,13.25,13.390000343322754,12.5,12.600000381469727,12.045451164245605,973000
2003-10-28,12.5,13.59000015258789,12.300000190734863,13.550000190734863,12.953639030456543,593300
2003-10-29,13.079999923706055,13.600000381469727,13.0,13.569999694824219,12.972763061523438,359600
2003-10-30,13.949999809265137,13.970000267028809,13.180000305175781,13.25,12.666848182678223,461500
2003-10-31,13.239999771118164,13.489999771118164,12.84000015258789,13.15999984741211,12.580804824829102,198900
2003-11-03,13.359999656677246,13.699999809265137,13.350000381469727,13.600000381469727,13.00144100189209,460500
2003-11-04,13.640000343322754,13.640000343322754,13.399999618530273,13.529999732971191,12.934520721435547,249000
2003-11-05,13.699999809265137,13.699999809265137,13.130000114440918,13.300000190734863,12.714643478393555,954800
2003-11-06,13.25,13.5,13.069999694824219,13.199999809265137,12.619044303894043,384400
2003-11-07,13.039999961853027,13.699999809265137,12.970000267028809,13.550000190734863,12.953639030456543,1143400
2003-11-10,13.529999732971191,13.649999618530273,12.9399995803833,12.949999809265137,12.380047798156738,494700
2003-11-11,13.0,13.1899995803833,12.789999961853027,12.949999809265137,12.380047798156738,403500
2003-11-12,13.0,13.399999618530273,12.9399995803833,13.399999618530273,12.81024169921875,735000
2003-11-13,13.380000114440918,13.390000343322754,12.850000381469727,12.899999618530273,12.332250595092773,500300
2003-11-14,12.899999618530273,13.149999618530273,12.5600004196167,12.65999984741211,12.102813720703125,460400
2003-11-17,12.600000381469727,12.649999618530273,12.15999984741211,12.470000267028809,11.921174049377441,582900
2003-11-18,12.470000267028809,12.5,12.149999618530273,12.319999694824219,11.7777738571167,493600
2003-11-19,12.25,12.350000381469727,12.149999618530273,12.25,11.710856437683105,331600
2003-11-20,12.229999542236328,12.279999732971191,12.0600004196167,12.199999809265137,11.663055419921875,463600
2003-11-21,12.25,12.40999984741211,12.100000381469727,12.239999771118164,11.701295852661133,492600
2003-11-24,12.430000305175781,12.729999542236328,12.25,12.619999885559082,12.064570426940918,251000
2003-11-25,12.75,12.779999732971191,12.5,12.720000267028809,12.16016960144043,239200
2003-11-26,12.9399995803833,13.199999809265137,12.5,12.859999656677246,12.294012069702148,250600
2003-11-28,12.789999961853027,13.029999732971191,12.729999542236328,12.890000343322754,12.322690963745117,101100
2003-12-01,13.050000190734863,13.130000114440918,12.770000457763672,12.970000267028809,12.399169921875,326000
2003-12-02,12.989999771118164,13.149999618530273,12.800000190734863,12.930000305175781,12.360929489135742,281900
2003-12-03,12.949999809265137,13.100000381469727,12.6899995803833,12.789999961853027,12.227088928222656,454900
2003-12-04,12.760000228881836,12.789999961853027,12.020000457763672,12.520000457763672,11.968973159790039,449600
2003-12-05,12.40999984741211,12.5,11.930000305175781,12.0,11.471861839294434,465000
2003-12-08,11.949999809265137,12.270000457763672,11.949999809265137,12.180000305175781,11.64393424987793,271300
2003-12-09,12.300000190734863,12.34000015258789,11.859999656677246,11.960000038146973,11.433618545532227,309700
2003-12-10,11.949999809265137,11.970000267028809,11.390000343322754,11.699999809265137,11.185062408447266,425200
2003-12-11,11.699999809265137,12.140000343322754,11.65999984741211,12.09000015258789,11.55789566040039,560300
2003-12-12,12.5,13.229999542236328,12.350000381469727,13.069999694824219,12.494767189025879,1148500
2003-12-15,13.34000015258789,13.449999809265137,12.6899995803833,12.739999771118164,12.179290771484375,798600
2003-12-16,12.680000305175781,12.789999961853027,12.199999809265137,12.739999771118164,12.179290771484375,398200
2003-12-17,12.739999771118164,12.75,12.140000343322754,12.380000114440918,11.835136413574219,356000
2003-12-18,12.0,13.069999694824219,11.90999984741211,12.90999984741211,12.341809272766113,918700
2003-12-19,12.949999809265137,13.079999923706055,12.5,12.710000038146973,12.150611877441406,369200
2003-12-22,12.550000190734863,12.970000267028809,12.5,12.880000114440918,12.313127517700195,211700
2003-12-23,12.829999923706055,12.979999542236328,12.720000267028809,12.949999809265137,12.380047798156738,220200
2003-12-24,12.75,12.949999809265137,12.699999809265137,12.760000228881836,12.198408126831055,86300
2003-12-26,12.770000457763672,12.899999618530273,12.6899995803833,12.739999771118164,12.179290771484375,93400
2003-12-29,12.989999771118164,13.130000114440918,12.829999923706055,13.039999961853027,12.46608829498291,485000
2003-12-30,12.899999618530273,13.1899995803833,12.84000015258789,13.0,12.427848815917969,557900
2003-12-31,12.9399995803833,13.100000381469727,12.6899995803833,12.850000381469727,12.28445053100586,371600
2004-01-02,12.75,13.260000228881836,12.710000038146973,12.890000343322754,12.322690963745117,205800
2004-01-05,13.1899995803833,13.720000267028809,13.029999732971191,13.520000457763672,12.924962043762207,491300
2004-01-06,13.569999694824219,13.649999618530273,13.270000457763672,13.5,12.905839920043945,512200
2004-01-07,13.4399995803833,13.770000457763672,13.25,13.619999885559082,13.020561218261719,328600
2004-01-08,13.760000228881836,13.84000015258789,13.489999771118164,13.800000190734863,13.19264030456543,609800
2004-01-09,13.6899995803833,14.460000038146973,13.5,14.199999809265137,13.575034141540527,1098600
2004-01-12,14.050000190734863,14.5,14.039999961853027,14.5,13.861831665039062,601300
2004-01-13,14.430000305175781,14.5,13.8100004196167,13.949999809265137,13.33603572845459,960300
2004-01-14,13.960000038146973,14.239999771118164,13.520000457763672,13.59000015258789,12.991883277893066,701000
2004-01-15,13.550000190734863,14.5600004196167,13.300000190734863,14.550000190734863,13.90963077545166,1044300
2004-01-16,14.5600004196167,14.949999809265137,14.40999984741211,14.699999809265137,14.05302906036377,725600
2004-01-20,14.550000190734863,14.699999809265137,14.100000381469727,14.5,13.861831665039062,617800
2004-01-21,14.350000381469727,14.420000076293945,13.829999923706055,14.220000267028809,13.594151496887207,612000
2004-01-22,14.25,14.380000114440918,13.84000015258789,13.90999984741211,13.297798156738281,338500
2004-01-23,13.890000343322754,14.0,13.220000267028809,13.529999732971191,12.934520721435547,381400
2004-01-26,13.529999732971191,13.760000228881836,13.34000015258789,13.75,13.144838333129883,165800
2004-01-27,13.739999771118164,13.739999771118164,12.5600004196167,12.699999809265137,12.14105224609375,1177500
2004-01-28,12.850000381469727,13.149999618530273,12.529999732971191,12.529999732971191,11.978532791137695,606200
2004-01-29,12.729999542236328,12.850000381469727,12.260000228881836,12.539999961853027,11.988094329833984,522800
2004-01-30,12.600000381469727,12.949999809265137,12.489999771118164,12.760000228881836,12.198408126831055,333700
2004-02-02,12.819999694824219,12.960000038146973,12.5,12.770000457763672,12.207968711853027,309300
2004-02-03,12.789999961853027,12.800000190734863,12.109999656677246,12.1899995803833,11.653498649597168,510200
2004-02-04,12.100000381469727,12.25,11.479999542236328,11.6899995803833,11.175505638122559,1171200
2004-02-05,12.0,12.109999656677246,11.739999771118164,11.890000343322754,11.366698265075684,649700
2004-02-06,11.979999542236328,12.59000015258789,11.789999961853027,12.420000076293945,11.873372077941895,507700
2004-02-09,12.399999618530273,12.420000076293945,11.920000076293945,12.0600004196167,11.529220581054688,702300
2004-02-10,12.050000190734863,12.199999809265137,11.539999961853027,11.890000343322754,11.366698265075684,825400
2004-02-11,12.050000190734863,12.600000381469727,11.850000381469727,12.220000267028809,11.682175636291504,1183000
2004-02-12,12.220000267028809,12.520000457763672,11.789999961853027,11.920000076293945,11.395383834838867,1206800
2004-02-13,12.119999885559082,12.199999809265137,11.399999618530273,11.600000381469727,11.089466094970703,1336200
2004-02-17,11.890000343322754,11.930000305175781,11.600000381469727,11.739999771118164,11.22330379486084,1173300
2004-02-18,11.800000190734863,12.270000457763672,11.789999961853027,12.0600004196167,11.529220581054688,867900
2004-02-19,12.260000228881836,12.4399995803833,11.949999809265137,11.960000038146973,11.433618545532227,1106500
2004-02-20,12.079999923706055,12.119999885559082,11.449999809265137,11.869999885559082,11.347578048706055,1005500
2004-02-23,11.920000076293945,11.989999771118164,11.34000015258789,11.460000038146973,10.955625534057617,467400
2004-02-24,11.550000190734863,11.819999694824219,11.300000190734863,11.739999771118164,11.22330379486084,460800
2004-02-25,11.710000038146973,12.069999694824219,11.680000305175781,12.069999694824219,11.538778305053711,410900
2004-02-26,12.029999732971191,12.199999809265137,11.779999732971191,12.180000305175781,11.64393424987793,857100
2004-02-27,12.15999984741211,12.220000267028809,12.0,12.149999618530273,11.61525821685791,529700
2004-03-01,12.149999618530273,12.479999542236328,12.0,12.4399995803833,11.892492294311523,354100
2004-03-02,12.399999618530273,12.710000038146973,12.399999618530273,12.449999809265137,11.902053833007812,574000
2004-03-03,12.5,12.5,12.199999809265137,12.430000305175781,11.882936477661133,481800
2004-03-04,12.420000076293945,12.609999656677246,12.279999732971191,12.600000381469727,12.045451164245605,320900
2004-03-05,12.520000457763672,12.520000457763672,12.149999618530273,12.420000076293945,11.873372077941895,394100
2004-03-08,12.270000457763672,12.489999771118164,11.800000190734863,11.859999656677246,11.338022232055664,382500
2004-03-09,11.899999618530273,11.90999984741211,11.229999542236328,11.380000114440918,10.879145622253418,868700
2004-03-10,11.800000190734863,11.90999984741211,11.470000267028809,11.539999961853027,11.032102584838867,973300
2004-03-11,11.420000076293945,11.880000114440918,11.369999885559082,11.5,10.993863105773926,482200
2004-03-12,11.529999732971191,11.859999656677246,11.460000038146973,11.8100004196167,11.290224075317383,382200
2004-03-15,11.75,11.930000305175781,11.5,11.5,10.993863105773926,401700
2004-03-16,11.720000267028809,11.970000267028809,11.399999618530273,11.4399995803833,10.936508178710938,620500
2004-03-17,11.65999984741211,12.0,11.539999961853027,11.930000305175781,11.404940605163574,653600
2004-03-18,12.800000190734863,12.899999618530273,11.899999618530273,11.949999809265137,11.42405891418457,1684100
2004-03-19,12.199999809265137,12.390000343322754,12.069999694824219,12.079999923706055,11.548335075378418,693200
2004-03-22,12.029999732971191,12.220000267028809,11.699999809265137,11.899999618530273,11.376262664794922,515900
2004-03-23,12.0,12.199999809265137,11.630000114440918,11.859999656677246,11.338022232055664,433300
2004-03-24,11.899999618530273,12.300000190734863,11.760000228881836,12.079999923706055,11.548335075378418,484000
2004-03-25,12.140000343322754,12.640000343322754,12.140000343322754,12.59000015258789,12.035893440246582,509500
2004-03-26,12.649999618530273,12.75,12.350000381469727,12.529999732971191,11.978532791137695,352800
2004-03-29,12.729999542236328,12.869999885559082,12.479999542236328,12.75,12.188854217529297,460700
2004-03-30,12.640000343322754,12.729999542236328,12.449999809265137,12.640000343322754,12.08368968963623,323400
2004-03-31,12.710000038146973,12.920000076293945,12.460000038146973,12.699999809265137,12.14105224609375,462700
2004-04-01,12.739999771118164,12.9399995803833,12.5,12.770000457763672,12.207968711853027,467300
2004-04-02,13.0,13.180000305175781,12.770000457763672,13.180000305175781,12.599926948547363,395500
2004-04-05,13.0600004196167,13.470000267028809,13.029999732971191,13.380000114440918,12.79112434387207,517000
2004-04-06,13.279999732971191,13.329999923706055,13.050000190734863,13.180000305175781,12.599926948547363,322600
2004-04-07,13.140000343322754,13.279999732971191,12.8100004196167,13.15999984741211,12.580804824829102,254300
2004-04-08,13.199999809265137,13.59000015258789,13.199999809265137,13.270000457763672,12.685965538024902,404000
2004-04-12,13.3100004196167,13.5,13.210000038146973,13.300000190734863,12.714643478393555,277100
2004-04-13,13.350000381469727,13.489999771118164,12.5600004196167,12.579999923706055,12.026333808898926,663900
2004-04-14,12.550000190734863,12.699999809265137,12.350000381469727,12.489999771118164,11.940293312072754,761000
2004-04-15,12.5,12.65999984741211,11.899999618530273,12.039999961853027,11.510100364685059,618000
2004-04-16,12.029999732971191,12.039999961853027,11.239999771118164,11.239999771118164,10.745308876037598,1061100
2004-04-19,11.300000190734863,11.670000076293945,11.0,11.600000381469727,11.089466094970703,814600
2004-04-20,11.710000038146973,11.75,11.050000190734863,11.119999885559082,10.63059139251709,476200
2004-04-21,11.25,11.329999923706055,11.069999694824219,11.119999885559082,10.63059139251709,712700
2004-04-22,11.199999809265137,11.550000190734863,11.010000228881836,11.149999618530273,10.659269332885742,892000
2004-04-23,11.199999809265137,11.289999961853027,11.0,11.050000190734863,10.563671112060547,684000
2004-04-26,11.149999618530273,11.180000305175781,10.619999885559082,10.880000114440918,10.401152610778809,717100
2004-04-27,11.0,11.149999618530273,10.75,10.949999809265137,10.468072891235352,429100
2004-04-28,10.850000381469727,11.470000267028809,10.65999984741211,10.670000076293945,10.200397491455078,568700
2004-04-29,10.649999618530273,10.890000343322754,10.09000015258789,10.369999885559082,9.91360092163086,691400
2004-04-30,10.470000267028809,10.510000228881836,9.970000267028809,10.1899995803833,9.741519927978516,816100
2004-05-03,10.220000267028809,10.75,10.140000343322754,10.380000114440918,9.923157691955566,777300
2004-05-04,10.470000267028809,10.930000305175781,10.25,10.680000305175781,10.209956169128418,507900
2004-05-05,10.600000381469727,11.029999732971191,10.600000381469727,10.859999656677246,10.382034301757812,708900
2004-05-06,10.819999694824219,10.920000076293945,10.359999656677246,10.739999771118164,10.267317771911621,270500
2004-05-07,10.630000114440918,11.149999618530273,10.600000381469727,10.84000015258789,10.362911224365234,894700
2004-05-10,10.739999771118164,10.890000343322754,10.359999656677246,10.520000457763672,10.056994438171387,578400
2004-05-11,10.800000190734863,11.050000190734863,10.699999809265137,11.020000457763672,10.534993171691895,374900
2004-05-12,11.0,11.100000381469727,10.529999732971191,11.050000190734863,10.563671112060547,498300
2004-05-13,11.0,11.329999923706055,10.75,11.010000228881836,10.525430679321289,476200
2004-05-14,10.920000076293945,11.0600004196167,10.760000228881836,10.84000015258789,10.362911224365234,253500
2004-05-17,10.75,10.869999885559082,10.5,10.520000457763672,10.056994438171387,384700
2004-05-18,10.600000381469727,10.859999656677246,10.520000457763672,10.800000190734863,10.324673652648926,330500
2004-05-19,10.989999771118164,11.149999618530273,10.670000076293945,10.720000267028809,10.248194694519043,312500
2004-05-20,10.59000015258789,10.899999618530273,10.579999923706055,10.720000267028809,10.248194694519043,253400
2004-05-21,10.779999732971191,11.050000190734863,10.670000076293945,10.859999656677246,10.382034301757812,161200
2004-05-24,10.949999809265137,11.079999923706055,10.760000228881836,10.770000457763672,10.295992851257324,260800
2004-05-25,10.859999656677246,11.149999618530273,10.640000343322754,11.050000190734863,10.563671112060547,575300
2004-05-26,11.109999656677246,11.140000343322754,10.899999618530273,11.0,10.51587200164795,555000
2004-05-27,11.199999809265137,11.260000228881836,10.970000267028809,11.229999542236328,10.735748291015625,597800
2004-05-28,11.199999809265137,11.420000076293945,11.119999885559082,11.350000381469727,10.85046672821045,338600
2004-06-01,11.199999809265137,11.539999961853027,11.149999618530273,11.489999771118164,10.984304428100586,397200
2004-06-02,11.399999618530273,11.470000267028809,11.119999885559082,11.25,10.754868507385254,289100
2004-06-03,11.350000381469727,11.350000381469727,10.760000228881836,10.779999732971191,10.305554389953613,205300
2004-06-04,10.859999656677246,11.15999984741211,10.850000381469727,11.029999732971191,10.54455280303955,425500
2004-06-07,11.199999809265137,11.430000305175781,11.100000381469727,11.420000076293945,10.917386054992676,238000
2004-06-08,11.539999961853027,11.890000343322754,11.420000076293945,11.789999961853027,11.27110481262207,649100
2004-06-09,11.699999809265137,11.760000228881836,11.319999694824219,11.399999618530273,10.89826488494873,391500
2004-06-10,11.5,11.600000381469727,11.260000228881836,11.4399995803833,10.936508178710938,244900
2004-06-14,11.3100004196167,11.359999656677246,10.739999771118164,10.84000015258789,10.362911224365234,428600
2004-06-15,10.960000038146973,11.34000015258789,10.899999618530273,11.130000114440918,10.640149116516113,310600
2004-06-16,11.220000267028809,11.25,10.890000343322754,10.960000038146973,10.477631568908691,406600
2004-06-17,11.329999923706055,11.329999923706055,10.149999618530273,10.609999656677246,10.143035888671875,501200
2004-06-18,10.550000190734863,11.180000305175781,10.220000267028809,10.710000038146973,10.238635063171387,676200
2004-06-21,10.75,10.979999542236328,10.600000381469727,10.699999809265137,10.229077339172363,354100
2004-06-22,10.680000305175781,11.25,10.569999694824219,11.210000038146973,10.716630935668945,933200
2004-06-23,11.15999984741211,11.270000457763672,10.890000343322754,11.199999809265137,10.70706844329834,461100
2004-06-24,11.15999984741211,11.350000381469727,10.850000381469727,10.920000076293945,10.439393043518066,450800
2004-06-25,10.920000076293945,12.420000076293945,10.829999923706055,10.920000076293945,10.439393043518066,936700
2004-06-28,11.050000190734863,11.180000305175781,10.770000457763672,10.8100004196167,10.334234237670898,298900
2004-06-29,10.760000228881836,11.3100004196167,10.699999809265137,11.260000228881836,10.764427185058594,382000
2004-06-30,11.3100004196167,11.569999694824219,11.039999961853027,11.569999694824219,11.060786247253418,351300
2004-07-01,11.449999809265137,11.449999809265137,10.850000381469727,10.949999809265137,10.468072891235352,452200
2004-07-02,10.960000038146973,10.960000038146973,10.34000015258789,10.680000305175781,10.209956169128418,564100
2004-07-06,10.539999961853027,10.649999618530273,9.90999984741211,10.09000015258789,9.64592456817627,481600
2004-07-07,10.350000381469727,10.399999618530273,9.960000038146973,10.069999694824219,9.626801490783691,489500
2004-07-08,10.039999961853027,10.270000457763672,9.979999542236328,10.029999732971191,9.58856201171875,467900
2004-07-09,10.130000114440918,10.34000015258789,10.100000381469727,10.210000038146973,9.760643005371094,196100
2004-07-12,10.050000190734863,10.1899995803833,9.640000343322754,9.84000015258789,9.406927108764648,474400
2004-07-13,9.720000267028809,10.029999732971191,9.699999809265137,9.800000190734863,9.368685722351074,314700
2004-07-14,9.699999809265137,9.75,9.369999885559082,9.430000305175781,9.014970779418945,379400
2004-07-15,9.40999984741211,9.600000381469727,9.260000228881836,9.520000457763672,9.101012229919434,380500
2004-07-16,9.489999771118164,9.640000343322754,9.029999732971191,9.149999618530273,8.747292518615723,581000
2004-07-19,9.180000305175781,9.420000076293945,9.109999656677246,9.220000267028809,8.814214706420898,428500
2004-07-20,9.270000457763672,9.420000076293945,9.119999885559082,9.420000076293945,9.005412101745605,306800
2004-07-21,9.479999542236328,9.529999732971191,8.600000381469727,8.600000381469727,8.2214994430542,528100
2004-07-22,8.640000343322754,9.3100004196167,8.619999885559082,9.220000267028809,8.814214706420898,460000
2004-07-23,9.25,9.319999694824219,8.59000015258789,8.649999618530273,8.26929759979248,248400
2004-07-26,8.819999694824219,8.920000076293945,8.65999984741211,8.789999961853027,8.4031343460083,293200
2004-07-27,8.84000015258789,8.899999618530273,8.539999961853027,8.800000190734863,8.412693977355957,377300
2004-07-28,8.760000228881836,8.800000190734863,8.3100004196167,8.460000038146973,8.087661743164062,404500
2004-07-29,8.430000305175781,9.119999885559082,8.430000305175781,8.850000381469727,8.46049690246582,345700
2004-07-30,8.819999694824219,9.09000015258789,8.760000228881836,8.899999618530273,8.508296012878418,138100
2004-08-02,8.930000305175781,9.199999809265137,8.670000076293945,9.100000381469727,8.699494361877441,431700
2004-08-03,9.119999885559082,9.119999885559082,8.699999809265137,8.770000457763672,8.384016990661621,232700
2004-08-04,8.8100004196167,8.979999542236328,8.710000038146973,8.829999923706055,8.44137954711914,196500
2004-08-05,8.770000457763672,9.010000228881836,8.649999618530273,8.699999809265137,8.317099571228027,228500
2004-08-06,8.680000305175781,8.680000305175781,8.199999809265137,8.199999809265137,7.839102745056152,328900
2004-08-09,8.289999961853027,8.470000267028809,8.109999656677246,8.149999618530273,7.791306018829346,227400
2004-08-10,8.130000114440918,8.699999809265137,8.130000114440918,8.59000015258789,8.21193790435791,644400
2004-08-11,8.479999542236328,8.479999542236328,7.71999979019165,8.069999694824219,7.71482515335083,1344800
2004-08-12,7.980000019073486,8.029999732971191,7.809999942779541,7.840000152587891,7.494948387145996,283700
2004-08-13,7.949999809265137,8.109999656677246,7.760000228881836,7.849999904632568,7.504508018493652,416300
2004-08-16,7.900000095367432,8.1899995803833,7.860000133514404,7.929999828338623,7.580986976623535,165200
2004-08-17,7.989999771118164,8.270000457763672,7.75,8.199999809265137,7.839102745056152,297800
2004-08-18,8.079999923706055,8.510000228881836,8.0600004196167,8.420000076293945,8.049418449401855,161200
2004-08-19,8.369999885559082,8.5,8.109999656677246,8.239999771118164,7.877343654632568,245600
2004-08-20,8.289999961853027,8.390000343322754,8.15999984741211,8.329999923706055,7.963381290435791,311000
2004-08-23,8.350000381469727,8.619999885559082,8.170000076293945,8.5600004196167,8.183259010314941,172500
2004-08-24,8.649999618530273,8.84000015258789,8.3100004196167,8.390000343322754,8.020743370056152,107100
2004-08-25,8.229999542236328,8.539999961853027,7.989999771118164,8.420000076293945,8.049418449401855,208100
2004-08-26,8.390000343322754,8.399999618530273,8.050000190734863,8.0600004196167,7.705268383026123,298600
2004-08-27,8.020000457763672,8.350000381469727,8.020000457763672,8.199999809265137,7.839102745056152,141600
2004-08-30,8.100000381469727,8.300000190734863,8.069999694824219,8.109999656677246,7.753065586090088,205100
2004-08-31,8.0600004196167,8.180000305175781,7.960000038146973,7.960000038146973,7.6096673011779785,295100
2004-09-01,7.960000038146973,8.649999618530273,7.960000038146973,8.069999694824219,7.71482515335083,414200
2004-09-02,8.25,8.270000457763672,7.980000019073486,8.260000228881836,7.89646577835083,141600
2004-09-03,8.0,8.050000190734863,7.630000114440918,7.670000076293945,7.3324294090271,422500
2004-09-07,7.71999979019165,7.920000076293945,7.659999847412109,7.800000190734863,7.456708908081055,371900
2004-09-08,7.820000171661377,7.940000057220459,7.710000038146973,7.75,7.408908843994141,141100
2004-09-09,7.679999828338623,8.149999618530273,7.679999828338623,7.96999979019165,7.619226932525635,425600
2004-09-10,7.900000095367432,8.170000076293945,7.860000133514404,8.119999885559082,7.7626237869262695,203300
2004-09-13,8.15999984741211,8.710000038146973,8.029999732971191,8.619999885559082,8.240618705749512,377500
2004-09-14,8.5,8.979999542236328,8.470000267028809,8.920000076293945,8.527413368225098,476300
2004-09-15,8.949999809265137,8.949999809265137,8.5,8.59000015258789,8.21193790435791,331800
2004-09-16,8.59000015258789,8.920000076293945,8.59000015258789,8.850000381469727,8.46049690246582,351000
2004-09-17,8.949999809265137,9.09000015258789,8.420000076293945,8.6899995803833,8.307538986206055,415800
2004-09-20,8.680000305175781,8.75,8.5,8.539999961853027,8.164140701293945,697000
2004-09-21,8.609999656677246,8.699999809265137,8.489999771118164,8.550000190734863,8.173697471618652,485700
2004-09-22,8.600000381469727,8.619999885559082,8.289999961853027,8.390000343322754,8.020743370056152,442800
2004-09-23,8.399999618530273,8.399999618530273,8.210000038146973,8.25,7.886903285980225,424700
2004-09-24,8.3100004196167,8.3100004196167,7.949999809265137,8.0,7.64790678024292,597000
2004-09-27,7.96999979019165,8.039999961853027,7.809999942779541,7.860000133514404,7.51406717300415,374600
2004-09-28,7.849999904632568,7.949999809265137,7.739999771118164,7.940000057220459,7.59054708480835,277800
2004-09-29,7.889999866485596,8.279999732971191,7.889999866485596,8.069999694824219,7.71482515335083,745700
2004-09-30,7.800000190734863,8.449999809265137,7.75,8.34000015258789,7.972941875457764,1773300
2004-10-01,8.430000305175781,9.329999923706055,8.390000343322754,9.210000038146973,8.804652214050293,808800
2004-10-04,9.40999984741211,9.890000343322754,8.960000038146973,9.029999732971191,8.632575035095215,597800
2004-10-05,9.069999694824219,9.449999809265137,8.899999618530273,9.40999984741211,8.995851516723633,688700
2004-10-06,9.359999656677246,9.460000038146973,8.899999618530273,9.010000228881836,8.613454818725586,343100
2004-10-07,8.949999809265137,9.15999984741211,8.65999984741211,8.75,8.364900588989258,370200
2004-10-08,8.75,8.779999732971191,8.510000228881836,8.609999656677246,8.231059074401855,398200
2004-10-11,8.59000015258789,8.65999984741211,8.449999809265137,8.65999984741211,8.278860092163086,373700
2004-10-12,8.550000190734863,8.600000381469727,8.319999694824219,8.569999694824219,8.192821502685547,335600
2004-10-13,8.699999809265137,9.100000381469727,8.34000015258789,8.489999771118164,8.116340637207031,233900
2004-10-14,8.5,8.5,8.239999771118164,8.260000228881836,7.89646577835083,314200
2004-10-15,8.239999771118164,8.479999542236328,8.239999771118164,8.369999885559082,8.001625061035156,303600
2004-10-18,8.239999771118164,8.630000114440918,8.149999618530273,8.520000457763672,8.145020484924316,392200
2004-10-19,8.649999618530273,8.75,8.430000305175781,8.430000305175781,8.058981895446777,143400
2004-10-20,8.350000381469727,8.84000015258789,8.319999694824219,8.800000190734863,8.412693977355957,205300
2004-10-21,8.880000114440918,9.25,8.8100004196167,9.109999656677246,8.709053039550781,277700
2004-10-22,9.020000457763672,9.180000305175781,8.75,8.779999732971191,8.39357852935791,368100
2004-10-25,8.770000457763672,9.399999618530273,8.75,9.199999809265137,8.795096397399902,399200
2004-10-26,9.09000015258789,9.239999771118164,8.84000015258789,8.949999809265137,8.5560941696167,262000
2004-10-27,8.979999542236328,9.329999923706055,8.890000343322754,9.270000457763672,8.862011909484863,214300
2004-10-28,9.220000267028809,9.470000267028809,9.170000076293945,9.34000015258789,8.928930282592773,94600
2004-10-29,9.25,9.359999656677246,9.0600004196167,9.260000228881836,8.85245132446289,204600
2004-11-01,9.170000076293945,9.510000228881836,9.0600004196167,9.460000038146973,9.04365062713623,182100
2004-11-02,9.390000343322754,9.640000343322754,9.300000190734863,9.539999961853027,9.120128631591797,183400
2004-11-03,9.710000038146973,9.800000190734863,9.369999885559082,9.529999732971191,9.11056900024414,277600
2004-11-04,9.539999961853027,9.550000190734863,9.199999809265137,9.40999984741211,8.995851516723633,225900
2004-11-05,9.489999771118164,9.760000228881836,9.359999656677246,9.680000305175781,9.253966331481934,134400
2004-11-08,9.680000305175781,9.8100004196167,9.539999961853027,9.710000038146973,9.282646179199219,192000
2004-11-09,9.600000381469727,9.829999923706055,9.479999542236328,9.600000381469727,9.177489280700684,297100
2004-11-10,9.5,9.59000015258789,9.300000190734863,9.319999694824219,8.909811019897461,275700
2004-11-11,9.34000015258789,9.579999923706055,9.279999732971191,9.569999694824219,9.148808479309082,231500
2004-11-12,9.460000038146973,9.489999771118164,9.100000381469727,9.479999542236328,9.06277084350586,317000
2004-11-15,9.489999771118164,9.850000381469727,9.470000267028809,9.75,9.320886611938477,387200
2004-11-16,9.670000076293945,9.75,9.5600004196167,9.569999694824219,9.148808479309082,296800
2004-11-17,9.829999923706055,9.899999618530273,9.5600004196167,9.789999961853027,9.359124183654785,638400
2004-11-18,9.739999771118164,9.84000015258789,9.510000228881836,9.8100004196167,9.378243446350098,454600
2004-11-19,9.520000457763672,9.720000267028809,9.479999542236328,9.529999732971191,9.11056900024414,161500
2004-11-22,9.420000076293945,9.779999732971191,9.40999984741211,9.710000038146973,9.282646179199219,249100
2004-11-23,9.760000228881836,9.859999656677246,9.479999542236328,9.65999984741211,9.234847068786621,210600
2004-11-24,9.420000076293945,9.949999809265137,9.420000076293945,9.84000015258789,9.406927108764648,138700
2004-11-26,9.789999961853027,9.989999771118164,9.789999961853027,9.90999984741211,9.473847389221191,60100
2004-11-29,9.989999771118164,10.050000190734863,9.779999732971191,9.989999771118164,9.550324440002441,247000
2004-11-30,9.850000381469727,10.020000457763672,9.770000457763672,9.779999732971191,9.349568367004395,166900
2004-12-01,9.75,10.5,9.75,10.399999618530273,9.942276954650879,403400
2004-12-02,10.34000015258789,10.6899995803833,10.100000381469727,10.369999885559082,9.91360092163086,360800
2004-12-03,10.380000114440918,10.75,10.359999656677246,10.40999984741211,9.951839447021484,279800
2004-12-06,10.569999694824219,10.630000114440918,10.289999961853027,10.390000343322754,9.932722091674805,186300
2004-12-07,10.5,10.829999923706055,10.100000381469727,10.25,9.798879623413086,359500
2004-12-08,10.270000457763672,10.270000457763672,10.039999961853027,10.130000114440918,9.684162139892578,207800
2004-12-09,10.0,10.09000015258789,9.420000076293945,9.489999771118164,9.072327613830566,558100
2004-12-10,9.539999961853027,9.920000076293945,9.489999771118164,9.789999961853027,9.359124183654785,325200
2004-12-13,9.970000267028809,10.010000228881836,9.739999771118164,9.989999771118164,9.550324440002441,271900
2004-12-14,10.170000076293945,10.319999694824219,9.859999656677246,10.180000305175781,9.731959342956543,247300
2004-12-15,10.380000114440918,10.399999618530273,10.050000190734863,10.369999885559082,9.91360092163086,289200
2004-12-16,9.979999542236328,10.300000190734863,9.930000305175781,10.079999923706055,9.636362075805664,331200
2004-12-17,9.960000038146973,9.979999542236328,9.710000038146973,9.859999656677246,9.426044464111328,445300
2004-12-20,9.800000190734863,9.9399995803833,9.319999694824219,9.380000114440918,8.967170715332031,354700
2004-12-21,9.5,9.680000305175781,9.40999984741211,9.529999732971191,9.11056900024414,180700
2004-12-22,9.670000076293945,9.770000457763672,9.489999771118164,9.65999984741211,9.234847068786621,162400
2004-12-23,9.75,9.829999923706055,9.520000457763672,9.770000457763672,9.340004920959473,146500
2004-12-27,9.680000305175781,9.789999961853027,9.510000228881836,9.550000190734863,9.129690170288086,222000
2004-12-28,9.550000190734863,9.899999618530273,9.550000190734863,9.850000381469727,9.416483879089355,203700
2004-12-29,9.890000343322754,9.949999809265137,9.710000038146973,9.880000114440918,9.44516658782959,168400
2004-12-30,9.619999885559082,10.0,9.619999885559082,9.890000343322754,9.45472526550293,148600
2004-12-31,9.880000114440918,10.0,9.869999885559082,9.949999809265137,9.512083053588867,97600
2005-01-03,10.0,10.0,9.399999618530273,9.65999984741211,9.234847068786621,221000
2005-01-04,9.699999809265137,9.699999809265137,9.210000038146973,9.300000190734863,8.890689849853516,239200
2005-01-05,9.229999542236328,9.40999984741211,8.859999656677246,9.039999961853027,8.642132759094238,315600
2005-01-06,9.0,9.199999809265137,8.720000267028809,8.75,8.364900588989258,365800
2005-01-07,8.890000343322754,8.979999542236328,8.539999961853027,8.779999732971191,8.39357852935791,189900
2005-01-10,8.670000076293945,8.789999961853027,8.420000076293945,8.5600004196167,8.183259010314941,273400
2005-01-11,8.520000457763672,8.619999885559082,8.359999656677246,8.550000190734863,8.173697471618652,193400
2005-01-12,8.649999618530273,8.920000076293945,8.579999923706055,8.899999618530273,8.508296012878418,252600
2005-01-13,8.979999542236328,8.979999542236328,8.600000381469727,8.729999542236328,8.345779418945312,234700
2005-01-14,8.84000015258789,9.010000228881836,8.710000038146973,9.0,8.60389518737793,179800
2005-01-18,9.010000228881836,9.180000305175781,8.699999809265137,9.140000343322754,8.73773193359375,225700
2005-01-19,9.1899995803833,9.199999809265137,8.710000038146973,8.779999732971191,8.39357852935791,225700
2005-01-20,8.710000038146973,8.9399995803833,8.699999809265137,8.800000190734863,8.412693977355957,156100
2005-01-21,8.850000381469727,8.90999984741211,8.40999984741211,8.539999961853027,8.164140701293945,223800
2005-01-24,8.5,8.600000381469727,8.279999732971191,8.399999618530273,8.030301094055176,255600
2005-01-25,8.380000114440918,8.640000343322754,8.359999656677246,8.449999809265137,8.07809829711914,161800
2005-01-26,8.550000190734863,8.640000343322754,8.460000038146973,8.640000343322754,8.259740829467773,193600
2005-01-27,8.6899995803833,8.789999961853027,8.569999694824219,8.699999809265137,8.317099571228027,195200
2005-01-28,8.899999618530273,8.899999618530273,8.40999984741211,8.649999618530273,8.26929759979248,202400
2005-01-31,8.649999618530273,8.930000305175781,8.649999618530273,8.890000343322754,8.498737335205078,199000
2005-02-01,8.960000038146973,9.109999656677246,8.819999694824219,9.010000228881836,8.613454818725586,133700
2005-02-02,8.949999809265137,9.1899995803833,8.84000015258789,9.119999885559082,8.718612670898438,159900
2005-02-03,9.199999809265137,9.199999809265137,9.0,9.100000381469727,8.699494361877441,147500
2005-02-04,9.069999694824219,9.319999694824219,9.069999694824219,9.199999809265137,8.795096397399902,351000
2005-02-07,9.109999656677246,9.260000228881836,9.069999694824219,9.229999542236328,8.823769569396973,197800
2005-02-08,9.260000228881836,9.369999885559082,9.149999618530273,9.3100004196167,8.900252342224121,305200
2005-02-09,9.229999542236328,9.380000114440918,9.109999656677246,9.289999961853027,8.881132125854492,533300
2005-02-10,9.350000381469727,9.489999771118164,9.220000267028809,9.420000076293945,9.005412101745605,439700
2005-02-11,9.460000038146973,9.75,9.260000228881836,9.739999771118164,9.311327934265137,351000
2005-02-14,9.75,9.989999771118164,9.510000228881836,9.640000343322754,9.215728759765625,198400
2005-02-15,9.550000190734863,9.869999885559082,9.470000267028809,9.579999923706055,9.158364295959473,265100
2005-02-16,9.479999542236328,9.619999885559082,9.319999694824219,9.390000343322754,8.97673225402832,598600
2005-02-17,9.3100004196167,9.550000190734863,9.180000305175781,9.210000038146973,8.804652214050293,299900
2005-02-18,9.300000190734863,9.350000381469727,9.109999656677246,9.199999809265137,8.795096397399902,207500
2005-02-22,9.0,9.380000114440918,8.960000038146973,9.039999961853027,8.642132759094238,260000
2005-02-23,9.039999961853027,9.329999923706055,9.039999961853027,9.300000190734863,8.890689849853516,346900
2005-02-24,9.4399995803833,9.59000015258789,9.260000228881836,9.59000015258789,9.167928695678711,411400
2005-02-25,9.5,9.770000457763672,9.5,9.670000076293945,9.244410514831543,162100
2005-02-28,9.699999809265137,9.84000015258789,9.479999542236328,9.65999984741211,9.234847068786621,300200
2005-03-01,9.699999809265137,9.779999732971191,9.609999656677246,9.640000343322754,9.215728759765625,363900
2005-03-02,9.579999923706055,9.819999694824219,9.529999732971191,9.649999618530273,9.225287437438965,260500
2005-03-03,9.579999923706055,9.789999961853027,9.550000190734863,9.600000381469727,9.177489280700684,117700
2005-03-04,9.720000267028809,9.770000457763672,9.550000190734863,9.59000015258789,9.167928695678711,243000
2005-03-07,9.550000190734863,9.829999923706055,9.539999961853027,9.670000076293945,9.244410514831543,266700
2005-03-08,9.729999542236328,9.729999542236328,9.579999923706055,9.640000343322754,9.215728759765625,169000
2005-03-09,9.579999923706055,9.779999732971191,9.510000228881836,9.510000228881836,9.091447830200195,130400
2005-03-10,9.619999885559082,9.800000190734863,9.5,9.5600004196167,9.139250755310059,315500
2005-03-11,9.5,9.680000305175781,9.399999618530273,9.529999732971191,9.11056900024414,190200
2005-03-14,9.520000457763672,9.6899995803833,9.479999542236328,9.579999923706055,9.158364295959473,163100
2005-03-15,9.6899995803833,9.800000190734863,9.470000267028809,9.479999542236328,9.06277084350586,278300
2005-03-16,9.399999618530273,9.569999694824219,9.380000114440918,9.489999771118164,9.072327613830566,171500
2005-03-17,9.949999809265137,10.130000114440918,9.75,9.989999771118164,9.550324440002441,915400
2005-03-18,9.960000038146973,10.09000015258789,9.90999984741211,9.930000305175781,9.492962837219238,991300
2005-03-21,10.0,10.100000381469727,9.819999694824219,9.899999618530273,9.464284896850586,1975800
2005-03-22,9.899999618530273,10.0,9.8100004196167,9.920000076293945,9.483405113220215,720500
2005-03-23,9.960000038146973,10.069999694824219,9.850000381469727,9.979999542236328,9.540764808654785,743800
2005-03-24,10.079999923706055,10.079999923706055,9.869999885559082,9.920000076293945,9.483405113220215,730800
2005-03-28,10.0,10.010000228881836,9.670000076293945,9.75,9.320886611938477,647600
2005-03-29,9.699999809265137,9.930000305175781,9.40999984741211,9.4399995803833,9.024529457092285,473200
2005-03-30,9.5,9.760000228881836,9.460000038146973,9.739999771118164,9.311327934265137,658100
2005-03-31,10.100000381469727,10.220000267028809,9.6899995803833,9.890000343322754,9.45472526550293,1163900
2005-04-01,9.949999809265137,10.119999885559082,9.579999923706055,9.649999618530273,9.225287437438965,627200
2005-04-04,9.600000381469727,9.670000076293945,9.460000038146973,9.65999984741211,9.234847068786621,354600
2005-04-05,9.569999694824219,9.869999885559082,9.569999694824219,9.670000076293945,9.244410514831543,336800
2005-04-06,9.800000190734863,9.8100004196167,9.609999656677246,9.649999618530273,9.225287437438965,223100
2005-04-07,9.510000228881836,9.789999961853027,9.479999542236328,9.65999984741211,9.234847068786621,150000
2005-04-08,9.600000381469727,9.779999732971191,9.510000228881836,9.520000457763672,9.101012229919434,189800
2005-04-11,9.539999961853027,9.649999618530273,9.399999618530273,9.40999984741211,8.995851516723633,224000
2005-04-12,9.350000381469727,9.4399995803833,9.050000190734863,9.199999809265137,8.795096397399902,551300
2005-04-13,9.279999732971191,9.279999732971191,8.6899995803833,8.770000457763672,8.384016990661621,535900
2005-04-14,8.789999961853027,8.850000381469727,8.550000190734863,8.680000305175781,8.297977447509766,768600
2005-04-15,8.479999542236328,8.680000305175781,8.220000267028809,8.239999771118164,7.877343654632568,412800
2005-04-18,8.3100004196167,8.65999984741211,8.260000228881836,8.630000114440918,8.2501802444458,512200
2005-04-19,8.670000076293945,8.859999656677246,8.649999618530273,8.859999656677246,8.47005844116211,434300
2005-04-20,8.899999618530273,9.020000457763672,8.84000015258789,8.850000381469727,8.46049690246582,813900
2005-04-21,8.859999656677246,9.199999809265137,8.850000381469727,9.029999732971191,8.632575035095215,415900
2005-04-22,9.020000457763672,9.069999694824219,8.8100004196167,8.880000114440918,8.489176750183105,351200
2005-04-25,8.84000015258789,8.960000038146973,8.819999694824219,8.859999656677246,8.47005844116211,129200
2005-04-26,8.899999618530273,9.079999923706055,8.710000038146973,8.779999732971191,8.39357852935791,216800
2005-04-27,8.75,8.899999618530273,8.520000457763672,8.65999984741211,8.278860092163086,366000
2005-04-28,8.59000015258789,8.729999542236328,8.460000038146973,8.460000038146973,8.087661743164062,262200
2005-04-29,8.520000457763672,8.65999984741211,8.319999694824219,8.609999656677246,8.231059074401855,237800
2005-05-02,8.569999694824219,8.65999984741211,8.359999656677246,8.539999961853027,8.164140701293945,163700
2005-05-03,8.449999809265137,8.729999542236328,8.430000305175781,8.489999771118164,8.116340637207031,275200
2005-05-04,8.489999771118164,8.720000267028809,8.40999984741211,8.670000076293945,8.288416862487793,335500
2005-05-05,8.65999984741211,9.039999961853027,8.65999984741211,8.989999771118164,8.59433650970459,855700
2005-05-06,9.100000381469727,9.170000076293945,8.819999694824219,9.15999984741211,8.756851196289062,551800
2005-05-09,9.09000015258789,9.25,8.979999542236328,9.199999809265137,8.795096397399902,395000
2005-05-10,9.079999923706055,9.09000015258789,8.739999771118164,8.880000114440918,8.489176750183105,321900
2005-05-11,8.859999656677246,9.15999984741211,8.600000381469727,9.119999885559082,8.718612670898438,338600
2005-05-12,9.079999923706055,9.199999809265137,8.869999885559082,8.869999885559082,8.479616165161133,273000
2005-05-13,8.960000038146973,9.140000343322754,8.859999656677246,9.069999694824219,8.670816421508789,117800
2005-05-16,9.100000381469727,9.170000076293945,8.850000381469727,9.029999732971191,8.632575035095215,535600
2005-05-17,9.020000457763672,9.020000457763672,8.760000228881836,8.960000038146973,8.565652847290039,662000
2005-05-18,8.960000038146973,9.229999542236328,8.850000381469727,9.149999618530273,8.747292518615723,425200
2005-05-19,9.25,9.550000190734863,9.199999809265137,9.270000457763672,8.862011909484863,257000
2005-05-20,9.289999961853027,9.300000190734863,9.149999618530273,9.260000228881836,8.85245132446289,224900
2005-05-23,9.210000038146973,9.550000190734863,9.1899995803833,9.25,8.84289264678955,250800
2005-05-24,9.319999694824219,9.380000114440918,9.199999809265137,9.3100004196167,8.900252342224121,199600
2005-05-25,9.270000457763672,9.359999656677246,9.180000305175781,9.279999732971191,8.871570587158203,240400
2005-05-26,9.300000190734863,9.59000015258789,9.25,9.520000457763672,9.101012229919434,369100
2005-05-27,9.430000305175781,9.680000305175781,9.289999961853027,9.5600004196167,9.139250755310059,455900
2005-05-31,9.569999694824219,9.699999809265137,9.130000114440918,9.699999809265137,9.273086547851562,432900
2005-06-01,9.569999694824219,9.779999732971191,9.529999732971191,9.680000305175781,9.253966331481934,236200
2005-06-02,9.739999771118164,9.829999923706055,9.579999923706055,9.739999771118164,9.311327934265137,179600
2005-06-03,9.670000076293945,9.670000076293945,9.390000343322754,9.5600004196167,9.139250755310059,143000
2005-06-06,9.649999618530273,9.670000076293945,9.40999984741211,9.640000343322754,9.215728759765625,176800
2005-06-07,9.65999984741211,9.850000381469727,9.5600004196167,9.579999923706055,9.158364295959473,210300
2005-06-08,9.630000114440918,9.84000015258789,9.5600004196167,9.739999771118164,9.311327934265137,226600
2005-06-09,9.710000038146973,9.9399995803833,9.640000343322754,9.899999618530273,9.464284896850586,246100
2005-06-10,9.949999809265137,10.029999732971191,9.760000228881836,9.949999809265137,9.512083053588867,483100
2005-06-13,9.930000305175781,10.09000015258789,9.869999885559082,10.09000015258789,9.64592456817627,439200
2005-06-14,10.100000381469727,10.100000381469727,9.9399995803833,10.079999923706055,9.636362075805664,298400
2005-06-15,10.100000381469727,10.199999809265137,9.84000015258789,10.199999809265137,9.751078605651855,369700
2005-06-16,9.34000015258789,9.729999542236328,9.029999732971191,9.630000114440918,9.206168174743652,1219800
2005-06-17,9.699999809265137,9.75,9.319999694824219,9.600000381469727,9.177489280700684,616300
2005-06-20,9.5600004196167,9.710000038146973,9.350000381469727,9.640000343322754,9.215728759765625,415000
2005-06-21,9.59000015258789,9.729999542236328,9.550000190734863,9.630000114440918,9.206168174743652,247500
2005-06-22,9.729999542236328,10.0,9.619999885559082,9.979999542236328,9.540764808654785,375500
2005-06-23,9.90999984741211,10.0,9.710000038146973,9.739999771118164,9.311327934265137,511200
2005-06-24,9.739999771118164,9.9399995803833,9.420000076293945,9.920000076293945,9.483405113220215,1272200
2005-06-27,9.819999694824219,9.819999694824219,9.489999771118164,9.5,9.081886291503906,624300
2005-06-28,9.5600004196167,9.800000190734863,9.470000267028809,9.789999961853027,9.359124183654785,376500
2005-06-29,9.800000190734863,9.899999618530273,9.640000343322754,9.800000190734863,9.368685722351074,303700
2005-06-30,9.850000381469727,10.0600004196167,9.75,9.899999618530273,9.464284896850586,383200
2005-07-01,9.930000305175781,10.09000015258789,9.819999694824219,10.010000228881836,9.56944465637207,271500
2005-07-05,9.9399995803833,10.239999771118164,9.90999984741211,10.210000038146973,9.760643005371094,265400
2005-07-06,10.130000114440918,10.25,10.100000381469727,10.15999984741211,9.71284008026123,221400
2005-07-07,9.899999618530273,10.300000190734863,9.899999618530273,10.279999732971191,9.827557563781738,424400
2005-07-08,10.229999542236328,10.649999618530273,10.170000076293945,10.569999694824219,10.10479736328125,283100
2005-07-11,10.600000381469727,11.010000228881836,10.520000457763672,11.0,10.51587200164795,537700
2005-07-12,10.989999771118164,11.180000305175781,10.899999618530273,11.010000228881836,10.525430679321289,958100
2005-07-13,11.020000457763672,11.020000457763672,10.739999771118164,10.869999885559082,10.391592979431152,667900
2005-07-14,10.949999809265137,10.979999542236328,10.760000228881836,10.829999923706055,10.353352546691895,375300
2005-07-15,10.65999984741211,11.010000228881836,10.59000015258789,10.9399995803833,10.458512306213379,398700
2005-07-18,10.90999984741211,11.149999618530273,10.699999809265137,10.720000267028809,10.248194694519043,302000
2005-07-19,10.760000228881836,11.149999618530273,10.760000228881836,11.149999618530273,10.659269332885742,459400
2005-07-20,11.100000381469727,11.75,10.960000038146973,11.699999809265137,11.185062408447266,881100
2005-07-21,11.760000228881836,11.779999732971191,11.300000190734863,11.479999542236328,10.974746704101562,687400
2005-07-22,11.5,11.670000076293945,11.420000076293945,11.65999984741211,11.146825790405273,516300
2005-07-25,11.569999694824219,11.949999809265137,11.550000190734863,11.770000457763672,11.251984596252441,741800
2005-07-26,11.739999771118164,11.899999618530273,11.640000343322754,11.880000114440918,11.357141494750977,519800
2005-07-27,11.869999885559082,11.890000343322754,11.5600004196167,11.680000305175781,11.16594123840332,406200
2005-07-28,11.649999618530273,11.84000015258789,11.649999618530273,11.84000015258789,11.318901062011719,267400
2005-07-29,11.829999923706055,11.850000381469727,11.640000343322754,11.770000457763672,11.251984596252441,347500
2005-08-01,11.6899995803833,11.899999618530273,11.600000381469727,11.800000190734863,11.280664443969727,405000
2005-08-02,11.710000038146973,11.90999984741211,11.699999809265137,11.800000190734863,11.280664443969727,470600
2005-08-03,11.789999961853027,11.789999961853027,11.479999542236328,11.489999771118164,10.984304428100586,388600
2005-08-04,11.460000038146973,11.670000076293945,11.180000305175781,11.350000381469727,10.85046672821045,442500
2005-08-05,11.34000015258789,11.369999885559082,11.220000267028809,11.319999694824219,10.821788787841797,344700
2005-08-08,11.34000015258789,11.779999732971191,11.319999694824219,11.510000228881836,11.003424644470215,1222000
2005-08-09,11.550000190734863,11.5600004196167,11.180000305175781,11.34000015258789,10.840906143188477,724800
2005-08-10,11.399999618530273,11.600000381469727,11.25,11.390000343322754,10.888707160949707,620700
2005-08-11,11.350000381469727,11.670000076293945,11.300000190734863,11.479999542236328,10.974746704101562,467500
2005-08-12,11.420000076293945,11.430000305175781,10.800000190734863,10.920000076293945,10.439393043518066,818100
2005-08-15,10.920000076293945,11.130000114440918,10.710000038146973,10.920000076293945,10.439393043518066,634400
2005-08-16,10.850000381469727,10.890000343322754,10.399999618530273,10.420000076293945,9.961397171020508,1524900
2005-08-17,10.449999809265137,11.0,10.449999809265137,10.880000114440918,10.401152610778809,926600
2005-08-18,10.789999961853027,10.890000343322754,10.550000190734863,10.75,10.276875495910645,684900
2005-08-19,10.6899995803833,10.75,10.460000038146973,10.680000305175781,10.209956169128418,363200
2005-08-22,10.739999771118164,10.800000190734863,10.399999618530273,10.5,10.03787612915039,472500
2005-08-23,10.579999923706055,10.6899995803833,10.420000076293945,10.569999694824219,10.10479736328125,400600
2005-08-24,10.5,10.75,10.390000343322754,10.579999923706055,10.114359855651855,340000
2005-08-25,10.59000015258789,10.600000381469727,10.359999656677246,10.529999732971191,10.066556930541992,473200
2005-08-26,10.520000457763672,10.529999732971191,10.210000038146973,10.34000015258789,9.884921073913574,448600
2005-08-29,10.319999694824219,10.40999984741211,10.229999542236328,10.369999885559082,9.91360092163086,410100
2005-08-30,10.260000228881836,10.260000228881836,10.140000343322754,10.1899995803833,9.741519927978516,607400
2005-08-31,10.239999771118164,10.510000228881836,10.109999656677246,10.449999809265137,9.990077018737793,749600
2005-09-01,10.5,10.539999961853027,10.25,10.34000015258789,9.884921073913574,473500
2005-09-02,10.289999961853027,10.4399995803833,10.130000114440918,10.3100004196167,9.856240272521973,315300
2005-09-06,10.5600004196167,10.760000228881836,10.5600004196167,10.699999809265137,10.229077339172363,726400
2005-09-07,10.670000076293945,10.739999771118164,10.5,10.699999809265137,10.229077339172363,462700
2005-09-08,10.640000343322754,10.729999542236328,10.569999694824219,10.630000114440918,10.162154197692871,482200
2005-09-09,11.010000228881836,11.329999923706055,11.010000228881836,11.069999694824219,10.582792282104492,1290000
2005-09-12,11.25,11.289999961853027,10.960000038146973,11.220000267028809,10.726188659667969,1117200
2005-09-13,11.149999618530273,11.65999984741211,11.119999885559082,11.579999923706055,11.070343971252441,1339600
2005-09-14,11.520000457763672,11.670000076293945,11.300000190734863,11.319999694824219,10.821788787841797,615100
2005-09-15,11.359999656677246,11.479999542236328,11.079999923706055,11.119999885559082,10.63059139251709,1104800
2005-09-16,11.1899995803833,11.550000190734863,11.09000015258789,11.430000305175781,10.926950454711914,1237300
2005-09-19,11.390000343322754,11.399999618530273,11.029999732971191,11.119999885559082,10.63059139251709,745200
2005-09-20,11.149999618530273,11.300000190734863,10.739999771118164,10.90999984741211,10.429831504821777,1000900
2005-09-21,10.789999961853027,10.800000190734863,10.520000457763672,10.640000343322754,10.171713829040527,458700
2005-09-22,10.670000076293945,10.829999923706055,10.350000381469727,10.680000305175781,10.209956169128418,835500
2005-09-23,10.609999656677246,10.699999809265137,10.460000038146973,10.670000076293945,10.200397491455078,381400
2005-09-26,10.770000457763672,11.069999694824219,10.609999656677246,10.829999923706055,10.353352546691895,581300
2005-09-27,10.84000015258789,11.109999656677246,10.539999961853027,10.739999771118164,10.267317771911621,670200
2005-09-28,10.729999542236328,11.039999961853027,10.510000228881836,10.789999961853027,10.315115928649902,713000
2005-09-29,10.829999923706055,11.180000305175781,10.720000267028809,11.0600004196167,10.573229789733887,1177800
2005-09-30,11.0,11.319999694824219,10.880000114440918,11.300000190734863,10.802668571472168,892900
2005-10-03,11.239999771118164,11.699999809265137,11.079999923706055,11.380000114440918,10.879145622253418,1780100
2005-10-04,11.880000114440918,12.0,11.470000267028809,11.489999771118164,10.984304428100586,2204900
2005-10-05,11.470000267028809,11.710000038146973,11.199999809265137,11.239999771118164,10.745308876037598,830000
2005-10-06,11.369999885559082,11.489999771118164,11.09000015258789,11.210000038146973,10.716630935668945,715200
2005-10-07,11.34000015258789,11.6899995803833,11.25,11.550000190734863,11.041666984558105,526100
2005-10-10,11.479999542236328,11.479999542236328,11.0600004196167,11.140000343322754,10.649707794189453,422400
2005-10-11,11.199999809265137,11.300000190734863,10.760000228881836,10.789999961853027,10.315115928649902,746000
2005-10-12,10.899999618530273,11.449999809265137,10.5,10.789999961853027,10.315115928649902,1376700
2005-10-13,10.6899995803833,10.760000228881836,10.390000343322754,10.640000343322754,10.171713829040527,1085400
2005-10-14,10.6899995803833,10.6899995803833,10.260000228881836,10.420000076293945,9.961397171020508,779800
2005-10-17,10.4399995803833,10.4399995803833,9.529999732971191,9.829999923706055,9.397363662719727,1412300
2005-10-18,10.010000228881836,10.119999885559082,9.720000267028809,9.729999542236328,9.301762580871582,1033600
2005-10-19,9.760000228881836,9.949999809265137,9.369999885559082,9.859999656677246,9.426044464111328,1208200
2005-10-20,9.859999656677246,10.199999809265137,9.829999923706055,10.0,9.559882164001465,724300
2005-10-21,10.029999732971191,10.140000343322754,9.819999694824219,9.880000114440918,9.44516658782959,721200
2005-10-24,9.899999618530273,9.899999618530273,9.640000343322754,9.789999961853027,9.359124183654785,662800
2005-10-25,9.720000267028809,9.869999885559082,9.449999809265137,9.699999809265137,9.273086547851562,585200
2005-10-26,9.680000305175781,9.789999961853027,9.420000076293945,9.550000190734863,9.129690170288086,558200
2005-10-27,9.449999809265137,9.579999923706055,9.350000381469727,9.420000076293945,9.005412101745605,1090700
2005-10-28,9.479999542236328,9.569999694824219,9.25,9.520000457763672,9.101012229919434,656000
2005-10-31,9.550000190734863,9.869999885559082,9.510000228881836,9.760000228881836,9.330448150634766,649300
2005-11-01,9.680000305175781,9.829999923706055,9.649999618530273,9.680000305175781,9.253966331481934,569700
2005-11-02,9.729999542236328,9.789999961853027,9.600000381469727,9.699999809265137,9.273086547851562,841300
2005-11-03,9.800000190734863,9.800000190734863,9.569999694824219,9.59000015258789,9.167928695678711,947900
2005-11-04,9.630000114440918,9.699999809265137,9.460000038146973,9.600000381469727,9.177489280700684,469500
2005-11-07,9.510000228881836,9.760000228881836,9.510000228881836,9.699999809265137,9.273086547851562,605700
2005-11-08,9.640000343322754,9.949999809265137,9.640000343322754,9.890000343322754,9.45472526550293,861200
2005-11-09,9.84000015258789,9.949999809265137,9.779999732971191,9.890000343322754,9.45472526550293,797000
2005-11-10,9.880000114440918,10.029999732971191,9.779999732971191,10.010000228881836,9.56944465637207,746700
2005-11-11,9.930000305175781,10.119999885559082,9.890000343322754,9.979999542236328,9.540764808654785,796500
2005-11-14,10.0,10.100000381469727,9.850000381469727,10.020000457763672,9.57900333404541,691800
2005-11-15,10.010000228881836,10.100000381469727,9.739999771118164,9.739999771118164,9.311327934265137,717900
2005-11-16,9.75,9.829999923706055,9.619999885559082,9.699999809265137,9.273086547851562,409500
2005-11-17,9.75,9.920000076293945,9.630000114440918,9.890000343322754,9.45472526550293,645600
2005-11-18,9.979999542236328,10.199999809265137,9.890000343322754,10.0600004196167,9.617239952087402,762000
2005-11-21,10.069999694824219,10.449999809265137,9.850000381469727,10.449999809265137,9.990077018737793,694600
2005-11-22,10.369999885559082,10.65999984741211,10.25,10.5600004196167,10.095234870910645,968200
2005-11-23,10.300000190734863,10.75,10.170000076293945,10.5,10.03787612915039,676600
2005-11-25,10.5600004196167,10.630000114440918,10.470000267028809,10.510000228881836,10.047439575195312,125500
2005-11-28,10.569999694824219,10.59000015258789,10.3100004196167,10.369999885559082,9.91360092163086,671400
2005-11-29,10.479999542236328,10.489999771118164,10.020000457763672,10.270000457763672,9.817999839782715,653200
2005-11-30,10.270000457763672,10.4399995803833,10.09000015258789,10.100000381469727,9.655482292175293,1401800
2005-12-01,10.100000381469727,10.479999542236328,10.100000381469727,10.430000305175781,9.970958709716797,669100
2005-12-02,10.399999618530273,10.449999809265137,10.25,10.449999809265137,9.990077018737793,729900
2005-12-05,10.449999809265137,10.449999809265137,10.140000343322754,10.270000457763672,9.817999839782715,568500
2005-12-06,10.279999732971191,10.449999809265137,10.119999885559082,10.25,9.798879623413086,775500
2005-12-07,10.210000038146973,10.3100004196167,9.979999542236328,10.09000015258789,9.64592456817627,872100
2005-12-08,10.170000076293945,10.329999923706055,10.0,10.140000343322754,9.693720817565918,582400
2005-12-09,10.149999618530273,10.300000190734863,10.0,10.229999542236328,9.779763221740723,516800
2005-12-12,10.289999961853027,10.300000190734863,10.0,10.079999923706055,9.636362075805664,781800
2005-12-13,10.0,10.039999961853027,9.880000114440918,9.920000076293945,9.483405113220215,678400
2005-12-14,9.9399995803833,10.0,9.6899995803833,9.84000015258789,9.406927108764648,671800
2005-12-15,9.789999961853027,9.899999618530273,9.720000267028809,9.789999961853027,9.359124183654785,501900
2005-12-16,9.829999923706055,9.989999771118164,9.600000381469727,9.899999618530273,9.464284896850586,1366400
2005-12-19,9.920000076293945,9.920000076293945,9.520000457763672,9.600000381469727,9.177489280700684,732800
2005-12-20,9.619999885559082,9.800000190734863,9.529999732971191,9.670000076293945,9.244410514831543,912600
2005-12-21,9.6899995803833,9.960000038146973,9.6899995803833,9.859999656677246,9.426044464111328,691600
2005-12-22,9.90999984741211,10.0600004196167,9.8100004196167,10.029999732971191,9.58856201171875,421700
2005-12-23,9.989999771118164,10.170000076293945,9.890000343322754,9.949999809265137,9.512083053588867,215600
2005-12-27,9.899999618530273,10.09000015258789,9.779999732971191,9.800000190734863,9.368685722351074,536900
2005-12-28,9.800000190734863,9.850000381469727,9.680000305175781,9.779999732971191,9.349568367004395,433600
2005-12-29,9.739999771118164,9.869999885559082,9.680000305175781,9.720000267028809,9.292206764221191,736100
2005-12-30,9.699999809265137,9.699999809265137,9.399999618530273,9.420000076293945,9.005412101745605,840500
2006-01-03,9.489999771118164,9.770000457763672,9.199999809265137,9.680000305175781,9.253966331481934,972100
2006-01-04,9.6899995803833,9.739999771118164,9.470000267028809,9.539999961853027,9.120128631591797,1374200
2006-01-05,9.8100004196167,10.420000076293945,9.510000228881836,10.369999885559082,9.91360092163086,1912000
2006-01-06,10.470000267028809,10.890000343322754,10.399999618530273,10.699999809265137,10.229077339172363,1818500
2006-01-09,10.609999656677246,10.680000305175781,10.470000267028809,10.470000267028809,10.009200096130371,1096300
2006-01-10,10.390000343322754,10.649999618530273,10.390000343322754,10.569999694824219,10.10479736328125,1541800
2006-01-11,10.460000038146973,10.930000305175781,10.350000381469727,10.869999885559082,10.391592979431152,1533100
2006-01-12,10.800000190734863,10.989999771118164,10.710000038146973,10.789999961853027,10.315115928649902,830100
2006-01-13,10.829999923706055,10.850000381469727,10.609999656677246,10.710000038146973,10.238635063171387,824200
2006-01-17,10.619999885559082,10.949999809265137,10.5,10.600000381469727,10.133476257324219,745400
2006-01-18,10.470000267028809,10.779999732971191,10.430000305175781,10.550000190734863,10.085678100585938,979900
2006-01-19,10.550000190734863,11.029999732971191,10.550000190734863,10.979999542236328,10.496752738952637,1779600
2006-01-20,11.0,11.0,10.6899995803833,10.75,10.276875495910645,1030800
2006-01-23,10.729999542236328,10.850000381469727,10.350000381469727,10.470000267028809,10.009200096130371,1052700
2006-01-24,10.449999809265137,10.819999694824219,10.399999618530273,10.739999771118164,10.267317771911621,1573100
2006-01-25,10.739999771118164,10.859999656677246,10.65999984741211,10.819999694824219,10.343793869018555,730700
2006-01-26,10.90999984741211,11.069999694824219,10.880000114440918,11.010000228881836,10.525430679321289,1135200
2006-01-27,11.0,11.1899995803833,10.75,10.819999694824219,10.343793869018555,1082400
2006-01-30,10.760000228881836,10.789999961853027,10.399999618530273,10.640000343322754,10.171713829040527,701500
2006-01-31,10.649999618530273,10.649999618530273,10.25,10.5,10.03787612915039,1328000
2006-02-01,10.460000038146973,10.670000076293945,10.359999656677246,10.5600004196167,10.095234870910645,1373100
2006-02-02,10.5,10.649999618530273,10.149999618530273,10.3100004196167,9.856240272521973,995200
2006-02-03,10.239999771118164,10.239999771118164,9.949999809265137,9.979999542236328,9.540764808654785,1083800
2006-02-06,9.949999809265137,10.220000267028809,9.890000343322754,10.050000190734863,9.607685089111328,797500
2006-02-07,10.010000228881836,10.470000267028809,10.0,10.380000114440918,9.923157691955566,1307600
2006-02-08,10.380000114440918,10.720000267028809,10.319999694824219,10.649999618530273,10.18127727508545,885100
2006-02-09,10.619999885559082,10.880000114440918,10.609999656677246,10.75,10.276875495910645,821800
2006-02-10,10.6899995803833,10.84000015258789,10.520000457763672,10.75,10.276875495910645,790200
2006-02-13,10.720000267028809,10.850000381469727,10.529999732971191,10.569999694824219,10.10479736328125,938000
2006-02-14,10.619999885559082,10.739999771118164,10.399999618530273,10.600000381469727,10.133476257324219,822800
2006-02-15,10.550000190734863,10.720000267028809,10.510000228881836,10.630000114440918,10.162154197692871,437800
2006-02-16,10.649999618530273,11.0,10.649999618530273,10.970000267028809,10.487191200256348,760700
2006-02-17,10.949999809265137,11.0,10.65999984741211,10.869999885559082,10.391592979431152,539900
2006-02-21,10.920000076293945,10.920000076293945,10.449999809265137,10.609999656677246,10.143035888671875,870800
2006-02-22,10.579999923706055,10.710000038146973,10.470000267028809,10.520000457763672,10.056994438171387,669000
2006-02-23,10.479999542236328,10.520000457763672,10.329999923706055,10.470000267028809,10.009200096130371,643000
2006-02-24,10.430000305175781,10.510000228881836,10.199999809265137,10.489999771118164,10.028313636779785,1278400
2006-02-27,10.489999771118164,10.569999694824219,10.359999656677246,10.4399995803833,9.980520248413086,838600
2006-02-28,10.489999771118164,10.619999885559082,10.369999885559082,10.460000038146973,9.999637603759766,622400
2006-03-01,10.510000228881836,10.989999771118164,10.399999618530273,10.859999656677246,10.382034301757812,872400
2006-03-02,10.859999656677246,10.859999656677246,10.640000343322754,10.760000228881836,10.286432266235352,626600
2006-03-03,10.6899995803833,10.949999809265137,10.640000343322754,10.779999732971191,10.305554389953613,686100
2006-03-06,10.84000015258789,10.84000015258789,10.510000228881836,10.710000038146973,10.238635063171387,876000
2006-03-07,10.65999984741211,10.710000038146973,10.539999961853027,10.600000381469727,10.133476257324219,769400
2006-03-08,10.510000228881836,10.6899995803833,10.399999618530273,10.579999923706055,10.114359855651855,1208000
2006-03-09,10.59000015258789,10.6899995803833,10.470000267028809,10.539999961853027,10.076116561889648,1400000
2006-03-10,10.5600004196167,10.899999618530273,10.489999771118164,10.720000267028809,10.248194694519043,1083700
2006-03-13,10.680000305175781,10.989999771118164,10.680000305175781,10.869999885559082,10.391592979431152,582600
2006-03-14,10.890000343322754,11.010000228881836,10.670000076293945,11.010000228881836,10.525430679321289,958200
2006-03-15,11.0,11.0,10.84000015258789,10.930000305175781,10.448954582214355,639600
2006-03-16,10.90999984741211,11.0,10.470000267028809,10.5600004196167,10.095234870910645,1575300
2006-03-17,10.609999656677246,10.65999984741211,10.460000038146973,10.569999694824219,10.10479736328125,1917300
2006-03-20,10.5600004196167,10.5600004196167,10.390000343322754,10.449999809265137,9.990077018737793,1591100
2006-03-21,10.329999923706055,10.5,10.220000267028809,10.329999923706055,9.875359535217285,2284800
2006-03-22,10.300000190734863,10.319999694824219,10.050000190734863,10.25,9.798879623413086,1188100
2006-03-23,10.25,10.300000190734863,10.140000343322754,10.25,9.798879623413086,1356300
2006-03-24,10.289999961853027,10.289999961853027,10.119999885559082,10.25,9.798879623413086,579800
2006-03-27,10.25,10.34000015258789,10.170000076293945,10.319999694824219,9.865796089172363,1146600
2006-03-28,10.329999923706055,10.329999923706055,10.140000343322754,10.229999542236328,9.779763221740723,738700
2006-03-29,10.289999961853027,10.460000038146973,10.149999618530273,10.460000038146973,9.999637603759766,1123400
2006-03-30,10.449999809265137,10.550000190734863,10.300000190734863,10.539999961853027,10.076116561889648,841900
2006-03-31,10.550000190734863,10.649999618530273,10.420000076293945,10.640000343322754,10.171713829040527,1297400
2006-04-03,10.65999984741211,10.680000305175781,10.390000343322754,10.470000267028809,10.009200096130371,822900
2006-04-04,10.399999618530273,10.479999542236328,10.220000267028809,10.279999732971191,9.827557563781738,842500
2006-04-05,10.34000015258789,10.460000038146973,10.170000076293945,10.449999809265137,9.990077018737793,649400
2006-04-06,10.479999542236328,10.489999771118164,10.270000457763672,10.460000038146973,9.999637603759766,830700
2006-04-07,10.520000457763672,10.529999732971191,10.180000305175781,10.260000228881836,9.808438301086426,752600
2006-04-10,10.220000267028809,10.25,9.739999771118164,9.850000381469727,9.416483879089355,1392000
2006-04-11,9.8100004196167,9.949999809265137,9.609999656677246,9.729999542236328,9.301762580871582,865200
2006-04-12,9.720000267028809,9.890000343322754,9.529999732971191,9.829999923706055,9.397363662719727,301400
2006-04-13,9.850000381469727,10.270000457763672,9.819999694824219,10.149999618530273,9.703282356262207,445200
2006-04-17,10.119999885559082,10.220000267028809,9.829999923706055,9.899999618530273,9.464284896850586,850600
2006-04-18,9.970000267028809,10.350000381469727,9.960000038146973,10.279999732971191,9.827557563781738,1045500
2006-04-19,10.329999923706055,10.489999771118164,10.229999542236328,10.460000038146973,9.999637603759766,617000
2006-04-20,10.5,10.5600004196167,10.319999694824219,10.430000305175781,9.970958709716797,487700
2006-04-21,10.449999809265137,10.539999961853027,10.180000305175781,10.3100004196167,9.856240272521973,594700
2006-04-24,10.279999732971191,10.399999618530273,10.020000457763672,10.069999694824219,9.626801490783691,806600
2006-04-25,10.029999732971191,10.100000381469727,9.9399995803833,10.0,9.559882164001465,722700
2006-04-26,10.029999732971191,10.1899995803833,9.930000305175781,10.050000190734863,9.607685089111328,742300
2006-04-27,10.039999961853027,10.270000457763672,9.930000305175781,10.0600004196167,9.617239952087402,767800
2006-04-28,10.0,10.239999771118164,9.90999984741211,10.180000305175781,9.731959342956543,908400
2006-05-01,10.199999809265137,10.430000305175781,10.119999885559082,10.300000190734863,9.846681594848633,882500
2006-05-02,10.739999771118164,10.8100004196167,10.399999618530273,10.710000038146973,10.238635063171387,866100
2006-05-03,10.710000038146973,10.850000381469727,10.529999732971191,10.75,10.276875495910645,470500
2006-05-04,10.710000038146973,11.010000228881836,10.710000038146973,11.0,10.51587200164795,992600
2006-05-05,11.0,11.270000457763672,10.779999732971191,11.229999542236328,10.735748291015625,839500
2006-05-08,11.260000228881836,11.34000015258789,11.079999923706055,11.149999618530273,10.659269332885742,731700
2006-05-09,11.569999694824219,11.869999885559082,11.300000190734863,11.829999923706055,11.309340476989746,2556200
2006-05-10,11.800000190734863,12.0,11.539999961853027,11.59000015258789,11.079903602600098,1715000
2006-05-11,11.5600004196167,11.75,11.029999732971191,11.130000114440918,10.640149116516113,1158900
2006-05-12,11.140000343322754,11.489999771118164,11.140000343322754,11.260000228881836,10.764427185058594,940100
2006-05-15,11.229999542236328,11.449999809265137,10.800000190734863,10.930000305175781,10.448954582214355,1474500
2006-05-16,10.899999618530273,11.029999732971191,10.680000305175781,10.789999961853027,10.315115928649902,996500
2006-05-17,10.6899995803833,10.779999732971191,10.390000343322754,10.460000038146973,9.999637603759766,865800
2006-05-18,10.4399995803833,10.65999984741211,10.109999656677246,10.130000114440918,9.684162139892578,1067300
2006-05-19,10.100000381469727,10.1899995803833,9.859999656677246,10.140000343322754,9.693720817565918,1243000
2006-05-22,10.119999885559082,10.119999885559082,9.550000190734863,9.880000114440918,9.44516658782959,1287300
2006-05-23,9.979999542236328,10.149999618530273,9.670000076293945,9.739999771118164,9.311327934265137,1022300
2006-05-24,9.789999961853027,9.90999984741211,9.40999984741211,9.699999809265137,9.273086547851562,825600
2006-05-25,9.9399995803833,9.9399995803833,9.600000381469727,9.800000190734863,9.368685722351074,494900
2006-05-26,9.90999984741211,9.90999984741211,9.65999984741211,9.789999961853027,9.359124183654785,522600
2006-05-30,9.789999961853027,9.899999618530273,9.520000457763672,9.550000190734863,9.129690170288086,701000
2006-05-31,9.609999656677246,9.770000457763672,9.520000457763672,9.739999771118164,9.311327934265137,784500
2006-06-01,9.75,10.029999732971191,9.65999984741211,10.020000457763672,9.57900333404541,949300
2006-06-02,10.09000015258789,10.229999542236328,9.880000114440918,10.010000228881836,9.56944465637207,1068800
2006-06-05,9.930000305175781,10.170000076293945,9.710000038146973,9.720000267028809,9.292206764221191,1235500
2006-06-06,9.779999732971191,10.069999694824219,9.59000015258789,10.0,9.559882164001465,1466000
2006-06-07,10.039999961853027,10.279999732971191,9.880000114440918,10.210000038146973,9.760643005371094,1778000
2006-06-08,10.15999984741211,10.1899995803833,9.75,10.09000015258789,9.64592456817627,1257100
2006-06-09,10.15999984741211,10.369999885559082,9.970000267028809,9.989999771118164,9.550324440002441,1058400
2006-06-12,9.979999542236328,10.09000015258789,9.600000381469727,9.729999542236328,9.301762580871582,769100
2006-06-13,9.720000267028809,10.010000228881836,9.479999542236328,9.510000228881836,9.091447830200195,573300
2006-06-14,9.65999984741211,9.859999656677246,9.5,9.739999771118164,9.311327934265137,1003000
2006-06-15,9.84000015258789,10.199999809265137,9.75,10.180000305175781,9.731959342956543,1461800
2006-06-16,10.15999984741211,10.15999984741211,9.739999771118164,10.010000228881836,9.56944465637207,2904100
2006-06-19,10.079999923706055,10.079999923706055,9.699999809265137,9.75,9.320886611938477,625900
2006-06-20,9.75,9.960000038146973,9.550000190734863,9.789999961853027,9.359124183654785,726200
2006-06-21,9.75,10.069999694824219,9.720000267028809,9.930000305175781,9.492962837219238,592400
2006-06-22,9.880000114440918,9.949999809265137,9.630000114440918,9.6899995803833,9.26352596282959,707100
2006-06-23,9.619999885559082,9.720000267028809,9.329999923706055,9.649999618530273,9.225287437438965,645300
2006-06-26,9.699999809265137,9.84000015258789,9.600000381469727,9.699999809265137,9.273086547851562,589000
2006-06-27,9.680000305175781,9.850000381469727,9.4399995803833,9.5,9.081886291503906,804500
2006-06-28,9.579999923706055,9.579999923706055,9.260000228881836,9.329999923706055,8.9193696975708,1680300
2006-06-29,9.329999923706055,9.5600004196167,9.3100004196167,9.5600004196167,9.139250755310059,1264000
2006-06-30,9.59000015258789,9.640000343322754,9.460000038146973,9.529999732971191,9.11056900024414,2634700
2006-07-03,9.479999542236328,9.600000381469727,9.4399995803833,9.600000381469727,9.177489280700684,345100
2006-07-05,9.460000038146973,9.520000457763672,9.09000015258789,9.279999732971191,8.871570587158203,1445100
2006-07-06,9.359999656677246,9.550000190734863,9.239999771118164,9.359999656677246,8.948051452636719,661800
2006-07-07,9.319999694824219,9.380000114440918,9.109999656677246,9.34000015258789,8.928930282592773,1308700
2006-07-10,9.34000015258789,9.65999984741211,9.140000343322754,9.149999618530273,8.747292518615723,2083300
2006-07-11,9.140000343322754,9.4399995803833,8.899999618530273,9.420000076293945,9.005412101745605,1227100
2006-07-12,9.380000114440918,9.539999961853027,8.949999809265137,8.970000267028809,8.575217247009277,745000
2006-07-13,8.90999984741211,9.039999961853027,8.59000015258789,8.600000381469727,8.2214994430542,1137000
2006-07-14,8.569999694824219,8.890000343322754,8.430000305175781,8.789999961853027,8.4031343460083,1389300
2006-07-17,8.770000457763672,8.989999771118164,8.670000076293945,8.710000038146973,8.326658248901367,817300
2006-07-18,8.800000190734863,8.930000305175781,8.489999771118164,8.789999961853027,8.4031343460083,994700
2006-07-19,8.8100004196167,9.289999961853027,8.779999732971191,9.140000343322754,8.73773193359375,1070300
2006-07-20,9.15999984741211,9.329999923706055,8.729999542236328,8.760000228881836,8.374458312988281,667500
2006-07-21,8.720000267028809,8.8100004196167,8.369999885559082,8.449999809265137,8.07809829711914,601800
2006-07-24,8.539999961853027,8.890000343322754,8.5,8.770000457763672,8.384016990661621,616000
2006-07-25,8.770000457763672,9.079999923706055,8.699999809265137,9.0,8.60389518737793,910800
2006-07-26,8.979999542236328,9.220000267028809,8.75,8.989999771118164,8.59433650970459,724700
2006-07-27,9.079999923706055,9.270000457763672,9.039999961853027,9.109999656677246,8.709053039550781,803200
2006-07-28,9.170000076293945,9.529999732971191,9.069999694824219,9.460000038146973,9.04365062713623,680600
2006-07-31,9.369999885559082,9.479999542236328,9.3100004196167,9.449999809265137,9.034089088439941,1772900
2006-08-01,9.369999885559082,9.479999542236328,9.100000381469727,9.279999732971191,8.871570587158203,894800
2006-08-02,9.369999885559082,9.510000228881836,9.25,9.460000038146973,9.04365062713623,763700
2006-08-03,9.319999694824219,9.75,9.15999984741211,9.680000305175781,9.253966331481934,888400
2006-08-04,9.789999961853027,10.0,9.529999732971191,9.6899995803833,9.26352596282959,1227300
2006-08-07,9.579999923706055,9.989999771118164,9.579999923706055,9.760000228881836,9.330448150634766,1415900
2006-08-08,9.890000343322754,9.90999984741211,9.270000457763672,9.270000457763672,8.862011909484863,1149000
2006-08-09,9.390000343322754,9.729999542236328,9.039999961853027,9.0600004196167,8.661255836486816,1031000
2006-08-10,9.020000457763672,9.6899995803833,9.0,9.529999732971191,9.11056900024414,1134300
2006-08-11,9.479999542236328,9.550000190734863,9.25,9.270000457763672,8.862011909484863,987000
2006-08-14,9.3100004196167,9.649999618530273,9.279999732971191,9.5600004196167,9.139250755310059,677300
2006-08-15,9.699999809265137,10.0,9.59000015258789,9.920000076293945,9.483405113220215,849500
2006-08-16,10.0,10.050000190734863,9.949999809265137,10.0,9.559882164001465,1477000
2006-08-17,9.930000305175781,10.050000190734863,9.829999923706055,9.920000076293945,9.483405113220215,831100
2006-08-18,9.970000267028809,9.970000267028809,9.649999618530273,9.9399995803833,9.502523422241211,435800
2006-08-21,9.859999656677246,9.859999656677246,9.619999885559082,9.649999618530273,9.225287437438965,544900
2006-08-22,9.600000381469727,9.859999656677246,9.579999923706055,9.680000305175781,9.253966331481934,591900
2006-08-23,10.0600004196167,10.0600004196167,9.630000114440918,9.789999961853027,9.359124183654785,1156300
2006-08-24,9.850000381469727,9.930000305175781,9.640000343322754,9.819999694824219,9.387805938720703,640100
2006-08-25,9.770000457763672,9.890000343322754,9.640000343322754,9.770000457763672,9.340004920959473,590800
2006-08-28,9.819999694824219,10.010000228881836,9.720000267028809,10.010000228881836,9.56944465637207,2287000
2006-08-29,10.0,10.020000457763672,9.859999656677246,10.010000228881836,9.56944465637207,2077900
2006-08-30,10.050000190734863,10.75,9.949999809265137,10.6899995803833,10.219511985778809,1913000
2006-08-31,10.8100004196167,10.920000076293945,10.729999542236328,10.850000381469727,10.37247085571289,1389800
2006-09-01,10.880000114440918,10.979999542236328,10.779999732971191,10.90999984741211,10.429831504821777,1160500
2006-09-05,10.9399995803833,11.0,10.699999809265137,10.949999809265137,10.468072891235352,884500
2006-09-06,10.90999984741211,10.920000076293945,10.5600004196167,10.670000076293945,10.200397491455078,1425800
2006-09-07,10.5600004196167,10.949999809265137,10.470000267028809,10.770000457763672,10.295992851257324,861600
2006-09-08,10.819999694824219,10.930000305175781,10.699999809265137,10.819999694824219,10.343793869018555,605000
2006-09-11,10.699999809265137,10.899999618530273,10.569999694824219,10.770000457763672,10.295992851257324,992400
2006-09-12,10.800000190734863,11.119999885559082,10.789999961853027,11.069999694824219,10.582792282104492,1302700
2006-09-13,11.0,11.069999694824219,10.760000228881836,11.029999732971191,10.54455280303955,1059800
2006-09-14,10.949999809265137,11.079999923706055,10.850000381469727,11.0,10.51587200164795,864500
2006-09-15,11.170000076293945,11.170000076293945,10.710000038146973,10.960000038146973,10.477631568908691,1763400
2006-09-18,10.880000114440918,10.979999542236328,10.760000228881836,10.859999656677246,10.382034301757812,926100
2006-09-19,10.829999923706055,10.890000343322754,10.460000038146973,10.699999809265137,10.229077339172363,981100
2006-09-20,10.75,11.010000228881836,10.739999771118164,11.0,10.51587200164795,897300
2006-09-21,11.0,11.050000190734863,10.520000457763672,10.619999885559082,10.152595520019531,748800
2006-09-22,10.550000190734863,10.600000381469727,10.25,10.420000076293945,9.961397171020508,1114900
2006-09-25,10.420000076293945,10.6899995803833,10.329999923706055,10.65999984741211,10.190837860107422,1006800
2006-09-26,10.699999809265137,10.960000038146973,10.510000228881836,10.890000343322754,10.410712242126465,1474200
2006-09-27,10.850000381469727,11.0,10.720000267028809,10.90999984741211,10.429831504821777,564200
2006-09-28,10.949999809265137,11.010000228881836,10.550000190734863,10.970000267028809,10.487191200256348,1101700
2006-09-29,11.0,11.069999694824219,10.869999885559082,10.90999984741211,10.429831504821777,879300
2006-10-02,10.84000015258789,11.029999732971191,10.779999732971191,10.850000381469727,10.37247085571289,983700
2006-10-03,10.760000228881836,10.800000190734863,10.359999656677246,10.600000381469727,10.133476257324219,1355200
2006-10-04,10.550000190734863,10.90999984741211,10.489999771118164,10.899999618530273,10.420275688171387,1156400
2006-10-05,10.859999656677246,10.960000038146973,10.680000305175781,10.75,10.276875495910645,895800
2006-10-06,10.670000076293945,11.100000381469727,10.65999984741211,10.899999618530273,10.420275688171387,940000
2006-10-09,10.920000076293945,11.199999809265137,10.880000114440918,11.130000114440918,10.640149116516113,882700
2006-10-10,11.109999656677246,11.130000114440918,10.789999961853027,10.989999771118164,10.506309509277344,669300
2006-10-11,10.989999771118164,11.720000267028809,10.890000343322754,11.529999732971191,11.02254581451416,2351800
2006-10-12,11.640000343322754,11.65999984741211,11.300000190734863,11.59000015258789,11.079903602600098,1166800
2006-10-13,11.479999542236328,11.850000381469727,11.390000343322754,11.789999961853027,11.27110481262207,1789700
2006-10-16,11.8100004196167,11.989999771118164,11.8100004196167,11.920000076293945,11.395383834838867,2246700
2006-10-17,11.880000114440918,11.880000114440918,11.569999694824219,11.649999618530273,11.137262344360352,1295900
2006-10-18,11.739999771118164,11.869999885559082,11.220000267028809,11.260000228881836,10.764427185058594,1295000
2006-10-19,11.260000228881836,11.380000114440918,11.170000076293945,11.270000457763672,10.773987770080566,1035000
2006-10-20,11.319999694824219,11.380000114440918,11.0,11.029999732971191,10.54455280303955,890200
2006-10-23,11.020000457763672,11.369999885559082,10.8100004196167,11.140000343322754,10.649707794189453,737200
2006-10-24,11.130000114440918,11.229999542236328,10.920000076293945,10.979999542236328,10.496752738952637,501900
2006-10-25,10.949999809265137,11.3100004196167,10.949999809265137,11.239999771118164,10.745308876037598,875300
2006-10-26,11.270000457763672,11.390000343322754,11.100000381469727,11.369999885559082,10.869585037231445,717500
2006-10-27,11.300000190734863,11.359999656677246,10.960000038146973,10.989999771118164,10.506309509277344,864500
2006-10-30,10.970000267028809,11.279999732971191,10.869999885559082,11.210000038146973,10.716630935668945,947700
2006-10-31,11.270000457763672,11.34000015258789,11.0,11.210000038146973,10.716630935668945,835800
2006-11-01,11.229999542236328,11.300000190734863,10.770000457763672,10.789999961853027,10.315115928649902,1113900
2006-11-02,9.1899995803833,9.760000228881836,8.649999618530273,9.630000114440918,9.206168174743652,7013600
2006-11-03,9.609999656677246,9.630000114440918,9.34000015258789,9.569999694824219,9.148808479309082,1748400
2006-11-06,9.819999694824219,9.899999618530273,9.720000267028809,9.859999656677246,9.426044464111328,2525600
2006-11-07,9.869999885559082,10.0600004196167,9.819999694824219,9.970000267028809,9.531204223632812,1469200
2006-11-08,9.890000343322754,9.960000038146973,9.710000038146973,9.869999885559082,9.435604095458984,2274900
2006-11-09,9.869999885559082,10.039999961853027,9.770000457763672,9.8100004196167,9.378243446350098,2476400
2006-11-10,9.789999961853027,9.9399995803833,9.770000457763672,9.869999885559082,9.435604095458984,1602100
2006-11-13,9.84000015258789,10.0,9.75,9.989999771118164,9.550324440002441,2090700
2006-11-14,9.899999618530273,10.4399995803833,9.890000343322754,10.430000305175781,9.970958709716797,1417100
2006-11-15,10.34000015258789,10.649999618530273,10.34000015258789,10.569999694824219,10.10479736328125,2296200
2006-11-16,10.640000343322754,10.640000343322754,10.369999885559082,10.520000457763672,10.056994438171387,908000
2006-11-17,10.520000457763672,10.579999923706055,10.430000305175781,10.5600004196167,10.095234870910645,547700
2006-11-20,10.529999732971191,10.859999656677246,10.510000228881836,10.84000015258789,10.362911224365234,1261000
2006-11-21,10.850000381469727,10.850000381469727,10.710000038146973,10.800000190734863,10.324673652648926,960400
2006-11-22,10.800000190734863,10.84000015258789,10.670000076293945,10.819999694824219,10.343793869018555,824100
2006-11-24,10.720000267028809,10.869999885559082,10.65999984741211,10.8100004196167,10.334234237670898,193900
2006-11-27,10.720000267028809,10.859999656677246,10.609999656677246,10.680000305175781,10.209956169128418,1553000
2006-11-28,10.630000114440918,10.779999732971191,10.539999961853027,10.670000076293945,10.200397491455078,1015100
2006-11-29,10.729999542236328,10.850000381469727,10.430000305175781,10.5600004196167,10.095234870910645,750200
2006-11-30,10.550000190734863,10.800000190734863,10.460000038146973,10.649999618530273,10.18127727508545,1315600
2006-12-01,10.630000114440918,10.739999771118164,10.220000267028809,10.420000076293945,9.961397171020508,1199300
2006-12-04,10.470000267028809,10.680000305175781,10.319999694824219,10.579999923706055,10.114359855651855,1313200
2006-12-05,10.65999984741211,10.850000381469727,10.640000343322754,10.789999961853027,10.315115928649902,2196600
2006-12-06,10.739999771118164,10.90999984741211,10.600000381469727,10.819999694824219,10.343793869018555,653700
2006-12-07,10.850000381469727,10.90999984741211,10.569999694824219,10.569999694824219,10.10479736328125,1331500
2006-12-08,10.5600004196167,10.710000038146973,10.479999542236328,10.6899995803833,10.219511985778809,535400
2006-12-11,10.65999984741211,10.869999885559082,10.649999618530273,10.779999732971191,10.305554389953613,909100
2006-12-12,10.8100004196167,10.9399995803833,10.729999542236328,10.8100004196167,10.334234237670898,1275700
2006-12-13,10.899999618530273,10.899999618530273,10.739999771118164,10.789999961853027,10.315115928649902,1192300
2006-12-14,10.760000228881836,10.949999809265137,10.760000228881836,10.930000305175781,10.448954582214355,1125100
2006-12-15,10.9399995803833,11.109999656677246,10.90999984741211,11.0,10.51587200164795,1675300
2006-12-18,11.0,11.170000076293945,10.90999984741211,10.989999771118164,10.506309509277344,1714000
2006-12-19,10.869999885559082,10.890000343322754,10.649999618530273,10.75,10.276875495910645,937200
2006-12-20,10.800000190734863,11.0,10.75,10.890000343322754,10.410712242126465,765300
2006-12-21,10.899999618530273,11.0,10.75,10.859999656677246,10.382034301757812,1099900
2006-12-22,10.880000114440918,10.880000114440918,10.65999984741211,10.829999923706055,10.353352546691895,479200
2006-12-26,10.859999656677246,11.010000228881836,10.630000114440918,10.970000267028809,10.487191200256348,538400
2006-12-27,10.970000267028809,11.09000015258789,10.960000038146973,11.020000457763672,10.534993171691895,705200
2006-12-28,10.989999771118164,11.069999694824219,10.880000114440918,10.930000305175781,10.448954582214355,756500
2006-12-29,10.930000305175781,11.0,10.789999961853027,10.819999694824219,10.343793869018555,641000
2007-01-03,10.899999618530273,11.0,10.640000343322754,10.779999732971191,10.305554389953613,1224200
2007-01-04,10.770000457763672,10.970000267028809,10.510000228881836,10.920000076293945,10.439393043518066,969600
2007-01-05,10.829999923706055,10.920000076293945,10.520000457763672,10.739999771118164,10.267317771911621,794200
2007-01-08,10.720000267028809,10.869999885559082,10.550000190734863,10.789999961853027,10.315115928649902,623400
2007-01-09,10.789999961853027,10.949999809265137,10.600000381469727,10.84000015258789,10.362911224365234,904800
2007-01-10,10.75,10.970000267028809,10.640000343322754,10.949999809265137,10.468072891235352,658200
2007-01-11,10.979999542236328,11.09000015258789,10.84000015258789,11.050000190734863,10.563671112060547,1576300
2007-01-12,11.050000190734863,11.09000015258789,10.920000076293945,11.029999732971191,10.54455280303955,1034100
2007-01-16,11.050000190734863,11.079999923706055,10.760000228881836,10.819999694824219,10.343793869018555,1519000
2007-01-17,10.760000228881836,11.039999961853027,10.720000267028809,10.869999885559082,10.391592979431152,1237000
2007-01-18,10.859999656677246,10.859999656677246,10.210000038146973,10.319999694824219,9.865796089172363,1593600
2007-01-19,10.260000228881836,10.670000076293945,10.25,10.600000381469727,10.133476257324219,1203800
2007-01-22,10.59000015258789,10.59000015258789,10.220000267028809,10.390000343322754,9.932722091674805,1390800
2007-01-23,10.350000381469727,10.6899995803833,10.260000228881836,10.640000343322754,10.171713829040527,1209100
2007-01-24,10.680000305175781,10.890000343322754,10.600000381469727,10.800000190734863,10.324673652648926,1046800
2007-01-25,10.8100004196167,10.850000381469727,10.5,10.569999694824219,10.10479736328125,708300
2007-01-26,10.579999923706055,10.859999656677246,10.449999809265137,10.770000457763672,10.295992851257324,1009000
2007-01-29,10.760000228881836,10.779999732971191,10.529999732971191,10.579999923706055,10.114359855651855,973500
2007-01-30,10.579999923706055,10.630000114440918,10.380000114440918,10.529999732971191,10.066556930541992,1840100
2007-01-31,10.489999771118164,10.779999732971191,10.420000076293945,10.729999542236328,10.257753372192383,1298800
2007-02-01,10.760000228881836,10.890000343322754,10.630000114440918,10.729999542236328,10.257753372192383,963900
2007-02-02,10.770000457763672,10.930000305175781,10.710000038146973,10.84000015258789,10.362911224365234,620200
2007-02-05,10.8100004196167,10.920000076293945,10.710000038146973,10.8100004196167,10.334234237670898,936600
2007-02-06,10.859999656677246,10.90999984741211,10.640000343322754,10.789999961853027,10.315115928649902,863300
2007-02-07,10.819999694824219,10.920000076293945,10.760000228881836,10.880000114440918,10.401152610778809,1671800
2007-02-08,10.819999694824219,10.90999984741211,10.75,10.899999618530273,10.420275688171387,1308000
2007-02-09,10.920000076293945,10.920000076293945,10.59000015258789,10.6899995803833,10.219511985778809,932000
2007-02-12,10.800000190734863,10.8100004196167,10.640000343322754,10.75,10.276875495910645,1395600
2007-02-13,10.850000381469727,11.069999694824219,10.720000267028809,10.800000190734863,10.324673652648926,2136200
2007-02-14,10.729999542236328,11.0600004196167,10.65999984741211,10.970000267028809,10.487191200256348,2065200
2007-02-15,10.979999542236328,11.100000381469727,10.930000305175781,11.069999694824219,10.582792282104492,2897800
2007-02-16,11.210000038146973,11.479999542236328,11.15999984741211,11.430000305175781,10.926950454711914,2404200
2007-02-20,11.449999809265137,11.609999656677246,11.300000190734863,11.550000190734863,11.041666984558105,1938600
2007-02-21,11.550000190734863,11.770000457763672,11.470000267028809,11.729999542236328,11.213739395141602,2059000
2007-02-22,11.800000190734863,11.979999542236328,11.760000228881836,11.979999542236328,11.452740669250488,1676000
2007-02-23,11.90999984741211,11.960000038146973,11.699999809265137,11.75,11.232860565185547,2010100
2007-02-26,11.75,11.829999923706055,11.550000190734863,11.670000076293945,11.15638542175293,1448400
2007-02-27,11.5,11.529999732971191,11.149999618530273,11.239999771118164,10.745308876037598,1855300
2007-02-28,11.210000038146973,11.359999656677246,11.0,11.140000343322754,10.649707794189453,1366600
2007-03-01,10.90999984741211,11.199999809265137,10.699999809265137,11.0600004196167,10.573229789733887,1573100
2007-03-02,10.84000015258789,10.9399995803833,10.380000114440918,10.630000114440918,10.162154197692871,2163000
2007-03-05,10.5,10.649999618530273,10.3100004196167,10.34000015258789,9.884921073913574,1790600
2007-03-06,10.449999809265137,10.720000267028809,10.4399995803833,10.630000114440918,10.162154197692871,1127900
2007-03-07,10.600000381469727,10.720000267028809,10.449999809265137,10.609999656677246,10.143035888671875,1038400
2007-03-08,10.739999771118164,10.970000267028809,10.649999618530273,10.869999885559082,10.391592979431152,1904800
2007-03-09,11.0,11.100000381469727,10.739999771118164,10.8100004196167,10.334234237670898,1066600
2007-03-12,10.890000343322754,10.930000305175781,10.789999961853027,10.880000114440918,10.401152610778809,809400
2007-03-13,10.859999656677246,10.960000038146973,10.59000015258789,10.600000381469727,10.133476257324219,1194800
2007-03-14,10.59000015258789,10.680000305175781,10.420000076293945,10.609999656677246,10.143035888671875,916400
2007-03-15,10.630000114440918,10.670000076293945,10.529999732971191,10.630000114440918,10.162154197692871,661500
2007-03-16,10.5600004196167,10.739999771118164,10.520000457763672,10.630000114440918,10.162154197692871,1381100
2007-03-19,10.6899995803833,10.800000190734863,10.609999656677246,10.670000076293945,10.200397491455078,816300
2007-03-20,10.65999984741211,10.710000038146973,10.5,10.680000305175781,10.209956169128418,816400
2007-03-21,10.699999809265137,11.010000228881836,10.640000343322754,10.989999771118164,10.506309509277344,1089300
2007-03-22,11.020000457763672,11.079999923706055,10.859999656677246,10.920000076293945,10.439393043518066,941500
2007-03-23,10.920000076293945,10.979999542236328,10.850000381469727,10.930000305175781,10.448954582214355,631300
2007-03-26,10.920000076293945,10.970000267028809,10.720000267028809,10.850000381469727,10.37247085571289,1032700
2007-03-27,10.84000015258789,10.869999885559082,10.6899995803833,10.699999809265137,10.229077339172363,1257700
2007-03-28,10.65999984741211,10.789999961853027,10.619999885559082,10.699999809265137,10.229077339172363,1000300
2007-03-29,10.789999961853027,10.789999961853027,10.449999809265137,10.539999961853027,10.076116561889648,905000
2007-03-30,10.569999694824219,10.729999542236328,10.520000457763672,10.699999809265137,10.229077339172363,1100300
2007-04-02,10.710000038146973,10.75,10.600000381469727,10.729999542236328,10.257753372192383,1175600
2007-04-03,10.75,11.029999732971191,10.699999809265137,10.970000267028809,10.487191200256348,1132800
2007-04-04,10.90999984741211,11.109999656677246,10.890000343322754,10.989999771118164,10.506309509277344,1074000
2007-04-05,11.0,11.130000114440918,10.920000076293945,11.130000114440918,10.640149116516113,661900
2007-04-09,11.149999618530273,11.239999771118164,11.0,11.079999923706055,10.592350006103516,990100
2007-04-10,11.050000190734863,11.1899995803833,11.0,11.170000076293945,10.678389549255371,660300
2007-04-11,11.1899995803833,11.289999961853027,11.069999694824219,11.180000305175781,10.68795108795166,679300
2007-04-12,11.199999809265137,11.270000457763672,11.130000114440918,11.239999771118164,10.745308876037598,1329800
2007-04-13,11.25,11.300000190734863,11.100000381469727,11.300000190734863,10.802668571472168,1728000
2007-04-16,11.300000190734863,11.640000343322754,11.289999961853027,11.630000114440918,11.118143081665039,990900
2007-04-17,11.619999885559082,11.729999542236328,11.539999961853027,11.710000038146973,11.194623947143555,1271900
2007-04-18,11.640000343322754,11.729999542236328,11.569999694824219,11.65999984741211,11.146825790405273,804100
2007-04-19,11.59000015258789,11.800000190734863,11.510000228881836,11.75,11.232860565185547,831800
2007-04-20,11.819999694824219,11.869999885559082,11.720000267028809,11.84000015258789,11.318901062011719,994000
2007-04-23,11.8100004196167,11.880000114440918,11.720000267028809,11.760000228881836,11.242422103881836,1023000
2007-04-24,11.819999694824219,11.979999542236328,11.760000228881836,11.949999809265137,11.42405891418457,1272400
2007-04-25,11.899999618530273,12.0,11.859999656677246,11.9399995803833,11.41450023651123,1570900
2007-04-26,11.90999984741211,12.010000228881836,11.770000457763672,11.979999542236328,11.452740669250488,1074900
2007-04-27,11.899999618530273,11.970000267028809,11.770000457763672,11.84000015258789,11.318901062011719,1034500
2007-04-30,11.899999618530273,11.979999542236328,11.699999809265137,11.720000267028809,11.204178810119629,1190800
2007-05-01,11.710000038146973,11.829999923706055,11.479999542236328,11.829999923706055,11.309340476989746,1167700
2007-05-02,11.850000381469727,12.050000190734863,11.699999809265137,11.90999984741211,11.385822296142578,1161200
2007-05-03,11.880000114440918,11.9399995803833,11.779999732971191,11.930000305175781,11.404940605163574,873800
2007-05-04,11.65999984741211,11.899999618530273,11.460000038146973,11.899999618530273,11.376262664794922,2051800
2007-05-07,10.960000038146973,11.25,10.550000190734863,10.8100004196167,10.334234237670898,3660600
2007-05-08,10.510000228881836,10.600000381469727,10.350000381469727,10.369999885559082,9.91360092163086,2758300
2007-05-09,10.319999694824219,10.350000381469727,10.109999656677246,10.329999923706055,9.875359535217285,3072500
2007-05-10,11.399999618530273,11.720000267028809,11.34000015258789,11.399999618530273,10.89826488494873,5773600
2007-05-11,11.449999809265137,11.670000076293945,11.359999656677246,11.619999885559082,11.108585357666016,2396600
2007-05-14,11.59000015258789,11.819999694824219,11.579999923706055,11.670000076293945,11.15638542175293,2368400
2007-05-15,11.649999618530273,11.699999809265137,11.489999771118164,11.630000114440918,11.118143081665039,1977500
2007-05-16,11.640000343322754,11.640000343322754,11.4399995803833,11.529999732971191,11.02254581451416,2769300
2007-05-17,11.510000228881836,11.619999885559082,11.399999618530273,11.539999961853027,11.032102584838867,1578100
2007-05-18,11.5600004196167,11.670000076293945,11.399999618530273,11.5600004196167,11.051225662231445,1197900
2007-05-21,11.529999732971191,11.760000228881836,11.5,11.600000381469727,11.089466094970703,1161000
2007-05-22,11.569999694824219,11.630000114440918,11.4399995803833,11.529999732971191,11.02254581451416,1520700
2007-05-23,11.5,11.520000457763672,11.239999771118164,11.40999984741211,10.907825469970703,4998900
2007-05-24,11.380000114440918,11.479999542236328,11.270000457763672,11.300000190734863,10.802668571472168,1751700
2007-05-25,11.319999694824219,11.430000305175781,11.270000457763672,11.359999656677246,10.860027313232422,619000
2007-05-29,11.380000114440918,11.5,11.140000343322754,11.489999771118164,10.984304428100586,4573800
2007-05-30,11.5,11.5,11.350000381469727,11.449999809265137,10.94606876373291,1409600
2007-05-31,11.430000305175781,11.609999656677246,11.40999984741211,11.510000228881836,11.003424644470215,1593000
2007-06-01,11.569999694824219,11.649999618530273,11.470000267028809,11.5,10.993863105773926,1584000
2007-06-04,11.510000228881836,11.670000076293945,11.449999809265137,11.5,10.993863105773926,1766300
2007-06-05,11.479999542236328,11.569999694824219,11.399999618530273,11.420000076293945,10.917386054992676,2984900
2007-06-06,11.420000076293945,11.4399995803833,11.34000015258789,11.399999618530273,10.89826488494873,2146500
2007-06-07,11.359999656677246,11.489999771118164,11.3100004196167,11.420000076293945,10.917386054992676,6796400
2007-06-08,11.369999885559082,11.770000457763672,11.369999885559082,11.75,11.232860565185547,7395900
2007-06-11,11.760000228881836,11.979999542236328,11.680000305175781,11.850000381469727,11.328457832336426,2134800
2007-06-12,11.90999984741211,11.90999984741211,11.710000038146973,11.789999961853027,11.27110481262207,2338100
2007-06-13,11.829999923706055,12.0,11.789999961853027,11.9399995803833,11.41450023651123,1664300
2007-06-14,11.90999984741211,12.0,11.869999885559082,11.90999984741211,11.385822296142578,1310000
2007-06-15,11.979999542236328,12.0,11.829999923706055,11.960000038146973,11.433618545532227,1889400
2007-06-18,11.960000038146973,11.979999542236328,11.819999694824219,11.930000305175781,11.404940605163574,1088200
2007-06-19,11.890000343322754,11.9399995803833,11.739999771118164,11.890000343322754,11.366698265075684,833200
2007-06-20,11.899999618530273,11.970000267028809,11.770000457763672,11.779999732971191,11.261544227600098,933200
2007-06-21,11.770000457763672,11.989999771118164,11.6899995803833,11.989999771118164,11.462298393249512,978200
2007-06-22,11.949999809265137,12.0,11.670000076293945,11.869999885559082,11.347578048706055,2971700
2007-06-25,11.800000190734863,11.930000305175781,11.6899995803833,11.819999694824219,11.29978084564209,1313800
2007-06-26,11.880000114440918,11.90999984741211,11.619999885559082,11.760000228881836,11.242422103881836,1054400
2007-06-27,11.670000076293945,11.890000343322754,11.640000343322754,11.850000381469727,11.328457832336426,1428700
2007-06-28,11.850000381469727,12.09000015258789,11.6899995803833,12.010000228881836,11.481422424316406,1519100
2007-06-29,12.0600004196167,12.180000305175781,11.829999923706055,11.880000114440918,11.357141494750977,1236700
2007-07-02,11.90999984741211,12.0,11.680000305175781,11.8100004196167,11.290224075317383,1201400
2007-07-03,11.829999923706055,12.069999694824219,11.800000190734863,12.069999694824219,11.538778305053711,390200
2007-07-05,12.0600004196167,12.0600004196167,11.609999656677246,11.75,11.232860565185547,1057200
2007-07-06,11.720000267028809,11.970000267028809,11.680000305175781,11.960000038146973,11.433618545532227,839900
2007-07-09,11.920000076293945,11.960000038146973,11.850000381469727,11.859999656677246,11.338022232055664,1089900
2007-07-10,11.800000190734863,11.930000305175781,11.65999984741211,11.680000305175781,11.16594123840332,2038600
2007-07-11,11.65999984741211,11.880000114440918,11.399999618530273,11.539999961853027,11.032102584838867,2265300
2007-07-12,11.579999923706055,12.15999984741211,11.5600004196167,12.119999885559082,11.586581230163574,1994600
2007-07-13,12.0600004196167,12.170000076293945,11.850000381469727,11.930000305175781,11.404940605163574,2083800
2007-07-16,12.0,12.0,11.489999771118164,11.600000381469727,11.089466094970703,2716100
2007-07-17,11.600000381469727,11.979999542236328,11.579999923706055,11.859999656677246,11.338022232055664,2285200
2007-07-18,11.8100004196167,11.869999885559082,11.5600004196167,11.819999694824219,11.29978084564209,2103100
2007-07-19,11.819999694824219,11.989999771118164,11.710000038146973,11.9399995803833,11.41450023651123,1662200
2007-07-20,11.90999984741211,11.920000076293945,11.520000457763672,11.630000114440918,11.118143081665039,1913500
2007-07-23,11.649999618530273,11.800000190734863,11.600000381469727,11.600000381469727,11.089466094970703,1260600
2007-07-24,11.5,11.649999618530273,11.350000381469727,11.390000343322754,10.888707160949707,1865100
2007-07-25,11.460000038146973,11.529999732971191,11.239999771118164,11.470000267028809,10.96518611907959,2042100
2007-07-26,11.329999923706055,11.4399995803833,10.899999618530273,11.100000381469727,10.611469268798828,2118200
2007-07-27,11.039999961853027,11.100000381469727,10.760000228881836,10.800000190734863,10.324673652648926,2239000
2007-07-30,10.760000228881836,11.100000381469727,10.65999984741211,11.0,10.51587200164795,2005000
2007-07-31,10.970000267028809,11.079999923706055,10.760000228881836,10.779999732971191,10.305554389953613,1799800
2007-08-01,10.729999542236328,11.039999961853027,10.65999984741211,10.979999542236328,10.496752738952637,2249100
2007-08-02,10.069999694824219,10.319999694824219,9.40999984741211,9.600000381469727,9.177489280700684,4416300
2007-08-03,9.109999656677246,9.4399995803833,9.100000381469727,9.130000114440918,8.728172302246094,3938900
2007-08-06,9.079999923706055,9.210000038146973,8.75,8.920000076293945,8.527413368225098,3418500
2007-08-07,8.850000381469727,8.90999984741211,8.640000343322754,8.800000190734863,8.412693977355957,2686500
2007-08-08,8.90999984741211,10.449999809265137,8.880000114440918,9.880000114440918,9.44516658782959,3387700
2007-08-09,9.699999809265137,10.329999923706055,9.640000343322754,10.119999885559082,9.674601554870605,3327700
2007-08-10,10.0,10.130000114440918,9.34000015258789,9.489999771118164,9.072327613830566,2908600
2007-08-13,9.550000190734863,9.819999694824219,9.25,9.399999618530273,8.98629093170166,2810100
2007-08-14,9.5,9.640000343322754,9.34000015258789,9.430000305175781,9.014970779418945,1852600
2007-08-15,9.4399995803833,9.520000457763672,9.34000015258789,9.399999618530273,8.98629093170166,1422200
2007-08-16,9.359999656677246,9.5,9.079999923706055,9.430000305175781,9.014970779418945,1445200
2007-08-17,9.600000381469727,9.699999809265137,9.359999656677246,9.399999618530273,8.98629093170166,1730900
2007-08-20,9.460000038146973,9.520000457763672,9.369999885559082,9.489999771118164,9.072327613830566,629100
2007-08-21,9.449999809265137,9.5,9.3100004196167,9.329999923706055,8.9193696975708,863800
2007-08-22,9.399999618530273,9.489999771118164,9.180000305175781,9.210000038146973,8.804652214050293,1253100
2007-08-23,9.260000228881836,9.270000457763672,9.050000190734863,9.170000076293945,8.766411781311035,1901400
2007-08-24,9.0600004196167,9.199999809265137,9.0600004196167,9.199999809265137,8.795096397399902,1353900
2007-08-27,9.170000076293945,9.1899995803833,8.979999542236328,8.989999771118164,8.59433650970459,1003400
2007-08-28,9.010000228881836,9.130000114440918,8.970000267028809,9.039999961853027,8.642132759094238,2618300
2007-08-29,9.09000015258789,9.199999809265137,9.050000190734863,9.1899995803833,8.78553295135498,949700
2007-08-30,9.079999923706055,9.34000015258789,9.069999694824219,9.180000305175781,8.775971412658691,828300
2007-08-31,9.329999923706055,9.470000267028809,9.100000381469727,9.4399995803833,9.024529457092285,2532400
2007-09-04,9.420000076293945,9.670000076293945,9.420000076293945,9.489999771118164,9.072327613830566,1357500
2007-09-05,9.449999809265137,9.600000381469727,9.350000381469727,9.5,9.081886291503906,1716800
2007-09-06,9.489999771118164,9.59000015258789,9.289999961853027,9.399999618530273,8.98629093170166,799100
2007-09-07,9.260000228881836,9.34000015258789,9.140000343322754,9.199999809265137,8.795096397399902,959600
2007-09-10,9.239999771118164,9.470000267028809,9.069999694824219,9.140000343322754,8.73773193359375,733600
2007-09-11,9.170000076293945,9.300000190734863,9.119999885559082,9.25,8.84289264678955,822300
2007-09-12,9.229999542236328,9.300000190734863,9.15999984741211,9.239999771118164,8.833331108093262,1055200
2007-09-13,9.270000457763672,9.3100004196167,9.0600004196167,9.149999618530273,8.747292518615723,870200
2007-09-14,9.109999656677246,9.210000038146973,9.050000190734863,9.210000038146973,8.804652214050293,572000
2007-09-17,9.199999809265137,9.199999809265137,8.930000305175781,8.970000267028809,8.575217247009277,1663200
2007-09-18,9.010000228881836,9.460000038146973,8.90999984741211,9.449999809265137,9.034089088439941,959000
2007-09-19,9.5,9.65999984741211,9.430000305175781,9.479999542236328,9.06277084350586,1055200
2007-09-20,9.449999809265137,9.5,9.270000457763672,9.350000381469727,8.938490867614746,685300
2007-09-21,9.420000076293945,9.510000228881836,9.380000114440918,9.470000267028809,9.05320930480957,1434400
2007-09-24,9.489999771118164,9.489999771118164,9.100000381469727,9.130000114440918,8.728172302246094,648300
2007-09-25,9.0,9.09000015258789,9.0,9.010000228881836,8.613454818725586,686600
2007-09-26,9.069999694824219,9.100000381469727,8.960000038146973,9.0,8.60389518737793,493700
2007-09-27,9.0600004196167,9.079999923706055,8.609999656677246,8.800000190734863,8.412693977355957,1085300
2007-09-28,8.779999732971191,8.859999656677246,8.680000305175781,8.680000305175781,8.297977447509766,742700
2007-10-01,8.65999984741211,8.90999984741211,8.619999885559082,8.869999885559082,8.479616165161133,2384700
2007-10-02,8.899999618530273,9.029999732971191,8.8100004196167,8.890000343322754,8.498737335205078,854400
2007-10-03,8.819999694824219,8.890000343322754,8.710000038146973,8.800000190734863,8.412693977355957,1029500
2007-10-04,8.829999923706055,8.880000114440918,8.670000076293945,8.779999732971191,8.39357852935791,898900
2007-10-05,8.850000381469727,8.960000038146973,8.699999809265137,8.829999923706055,8.44137954711914,1019900
2007-10-08,8.789999961853027,8.949999809265137,8.720000267028809,8.8100004196167,8.42225456237793,382400
2007-10-09,8.829999923706055,8.850000381469727,8.720000267028809,8.789999961853027,8.4031343460083,616400
2007-10-10,8.800000190734863,8.84000015258789,8.649999618530273,8.739999771118164,8.355340003967285,600200
2007-10-11,8.789999961853027,8.90999984741211,8.600000381469727,8.649999618530273,8.26929759979248,692100
2007-10-12,8.640000343322754,8.84000015258789,8.600000381469727,8.779999732971191,8.39357852935791,583300
2007-10-15,8.770000457763672,8.800000190734863,8.479999542236328,8.539999961853027,8.164140701293945,449600
2007-10-16,8.470000267028809,8.569999694824219,8.3100004196167,8.329999923706055,7.963381290435791,632200
2007-10-17,8.399999618530273,8.670000076293945,8.34000015258789,8.510000228881836,8.135462760925293,699200
2007-10-18,8.479999542236328,8.569999694824219,8.390000343322754,8.520000457763672,8.145020484924316,546300
2007-10-19,8.520000457763672,8.539999961853027,8.140000343322754,8.15999984741211,7.800865173339844,539300
2007-10-22,8.119999885559082,8.369999885559082,8.0600004196167,8.329999923706055,7.963381290435791,759200
2007-10-23,8.40999984741211,8.40999984741211,8.210000038146973,8.329999923706055,7.963381290435791,450000
2007-10-24,8.25,8.270000457763672,7.960000038146973,8.130000114440918,7.7721848487854,734900
2007-10-25,8.130000114440918,8.239999771118164,7.869999885559082,8.020000457763672,7.667026042938232,743000
2007-10-26,8.140000343322754,8.1899995803833,7.960000038146973,8.079999923706055,7.724385738372803,810600
2007-10-29,8.5600004196167,9.079999923706055,8.4399995803833,8.899999618530273,8.508296012878418,2596200
2007-10-30,8.880000114440918,9.0,8.529999732971191,8.649999618530273,8.26929759979248,1473700
2007-10-31,8.680000305175781,9.15999984741211,8.5600004196167,9.130000114440918,8.728172302246094,1307900
2007-11-01,9.0,9.149999618530273,8.569999694824219,8.579999923706055,8.202381134033203,1297700
2007-11-02,8.6899995803833,8.970000267028809,8.59000015258789,8.760000228881836,8.374458312988281,1240500
2007-11-05,8.630000114440918,8.8100004196167,8.520000457763672,8.520000457763672,8.145020484924316,703000
2007-11-06,8.529999732971191,8.710000038146973,8.479999542236328,8.6899995803833,8.307538986206055,1100600
2007-11-07,8.569999694824219,8.630000114440918,8.210000038146973,8.210000038146973,7.848663806915283,896700
2007-11-08,8.300000190734863,8.420000076293945,7.900000095367432,8.3100004196167,7.944262981414795,1168400
2007-11-09,8.210000038146973,8.430000305175781,8.09000015258789,8.289999961853027,7.925142765045166,825500
2007-11-12,8.300000190734863,8.859999656677246,8.270000457763672,8.59000015258789,8.21193790435791,1161100
2007-11-13,8.6899995803833,8.779999732971191,8.520000457763672,8.680000305175781,8.297977447509766,788700
2007-11-14,8.710000038146973,8.960000038146973,8.710000038146973,8.890000343322754,8.498737335205078,931400
2007-11-15,8.829999923706055,8.949999809265137,8.670000076293945,8.819999694824219,8.431817054748535,814500
2007-11-16,8.859999656677246,8.979999542236328,8.729999542236328,8.920000076293945,8.527413368225098,1049500
2007-11-19,8.829999923706055,8.850000381469727,8.5600004196167,8.600000381469727,8.2214994430542,832700
2007-11-20,8.579999923706055,8.680000305175781,8.279999732971191,8.470000267028809,8.097221374511719,1059200
2007-11-21,8.4399995803833,8.550000190734863,8.130000114440918,8.149999618530273,7.791306018829346,1396300
2007-11-23,8.239999771118164,8.420000076293945,8.180000305175781,8.329999923706055,7.963381290435791,555500
2007-11-26,8.319999694824219,8.350000381469727,7.989999771118164,8.020000457763672,7.667026042938232,705100
2007-11-27,8.029999732971191,8.1899995803833,8.0,8.09000015258789,7.733945369720459,804200
2007-11-28,8.180000305175781,8.430000305175781,8.140000343322754,8.40999984741211,8.039864540100098,1685600
2007-11-29,8.390000343322754,8.600000381469727,8.260000228881836,8.529999732971191,8.154581069946289,965500
2007-11-30,8.649999618530273,8.779999732971191,8.4399995803833,8.65999984741211,8.278860092163086,2024900
2007-12-03,8.520000457763672,8.670000076293945,8.460000038146973,8.600000381469727,8.2214994430542,1072900
2007-12-04,8.529999732971191,8.789999961853027,8.529999732971191,8.670000076293945,8.288416862487793,1741800
2007-12-05,8.8100004196167,8.979999542236328,8.779999732971191,8.84000015258789,8.450936317443848,939500
2007-12-06,8.789999961853027,9.239999771118164,8.789999961853027,9.220000267028809,8.814214706420898,1068200
2007-12-07,9.239999771118164,9.289999961853027,9.0600004196167,9.109999656677246,8.709053039550781,810900
2007-12-10,9.149999618530273,9.329999923706055,9.140000343322754,9.25,8.84289264678955,855200
2007-12-11,9.279999732971191,9.479999542236328,9.180000305175781,9.1899995803833,8.78553295135498,1030500
2007-12-12,9.430000305175781,9.489999771118164,9.25,9.380000114440918,8.967170715332031,1027600
2007-12-13,9.300000190734863,9.399999618530273,9.010000228881836,9.100000381469727,8.699494361877441,950000
2007-12-14,8.979999542236328,9.100000381469727,8.84000015258789,8.859999656677246,8.47005844116211,930900
2007-12-17,8.84000015258789,9.09000015258789,8.789999961853027,8.789999961853027,8.4031343460083,820700
2007-12-18,8.899999618530273,8.930000305175781,8.5600004196167,8.699999809265137,8.317099571228027,1029200
2007-12-19,8.670000076293945,8.760000228881836,8.5600004196167,8.670000076293945,8.288416862487793,820000
2007-12-20,8.770000457763672,8.84000015258789,8.649999618530273,8.75,8.364900588989258,878800
2007-12-21,8.890000343322754,9.100000381469727,8.829999923706055,8.979999542236328,8.584774017333984,1701800
2007-12-24,9.069999694824219,9.369999885559082,8.949999809265137,9.270000457763672,8.862011909484863,438800
2007-12-26,9.210000038146973,9.260000228881836,8.979999542236328,8.989999771118164,8.59433650970459,807100
2007-12-27,9.020000457763672,9.109999656677246,8.720000267028809,8.720000267028809,8.336216926574707,541400
2007-12-28,8.829999923706055,8.880000114440918,8.649999618530273,8.670000076293945,8.288416862487793,636400
2007-12-31,8.649999618530273,8.760000228881836,8.600000381469727,8.630000114440918,8.2501802444458,522600
2008-01-02,8.600000381469727,8.760000228881836,8.350000381469727,8.539999961853027,8.164140701293945,942300
2008-01-03,8.5600004196167,8.600000381469727,8.260000228881836,8.270000457763672,7.9060235023498535,765000
2008-01-04,8.239999771118164,8.359999656677246,7.809999942779541,7.860000133514404,7.51406717300415,995000
2008-01-07,7.909999847412109,8.079999923706055,7.800000190734863,7.889999866485596,7.542747497558594,866400
2008-01-08,7.909999847412109,8.0600004196167,7.510000228881836,7.539999961853027,7.208153247833252,987700
2008-01-09,7.550000190734863,7.739999771118164,7.199999809265137,7.360000133514404,7.036074638366699,1033300
2008-01-10,7.260000228881836,7.5,7.119999885559082,7.309999942779541,6.988274097442627,1233000
2008-01-11,7.239999771118164,7.380000114440918,7.110000133514404,7.230000019073486,6.911795616149902,1184700
2008-01-14,7.289999961853027,7.46999979019165,7.260000228881836,7.420000076293945,7.093433380126953,987200
2008-01-15,7.360000133514404,7.389999866485596,7.210000038146973,7.309999942779541,6.988274097442627,966100
2008-01-16,7.28000020980835,7.579999923706055,7.21999979019165,7.389999866485596,7.064752578735352,1108500
2008-01-17,7.389999866485596,7.619999885559082,7.239999771118164,7.239999771118164,6.9213547706604,815400
2008-01-18,7.199999809265137,7.46999979019165,7.110000133514404,7.150000095367432,6.835317611694336,1103200
2008-01-22,7.010000228881836,7.440000057220459,6.860000133514404,7.210000038146973,6.892675876617432,1045400
2008-01-23,7.010000228881836,7.360000133514404,6.849999904632568,7.300000190734863,6.978713512420654,1196100
2008-01-24,7.329999923706055,7.539999961853027,7.190000057220459,7.239999771118164,6.9213547706604,1197400
2008-01-25,7.360000133514404,7.429999828338623,7.079999923706055,7.110000133514404,6.7970757484436035,815000
2008-01-28,7.110000133514404,7.389999866485596,7.0,7.360000133514404,7.036074638366699,651700
2008-01-29,7.389999866485596,7.489999771118164,7.190000057220459,7.389999866485596,7.064752578735352,547900
2008-01-30,7.320000171661377,7.590000152587891,7.210000038146973,7.210000038146973,6.892675876617432,728100
2008-01-31,7.110000133514404,7.699999809265137,7.110000133514404,7.699999809265137,7.361111640930176,1257400
2008-02-01,7.739999771118164,7.869999885559082,7.570000171661377,7.760000228881836,7.418468952178955,815100
2008-02-04,7.75,7.909999847412109,7.590000152587891,7.800000190734863,7.456708908081055,702500
2008-02-05,7.630000114440918,7.670000076293945,7.349999904632568,7.360000133514404,7.036074638366699,864900
2008-02-06,7.429999828338623,7.599999904632568,7.289999961853027,7.289999961853027,6.969155311584473,563600
2008-02-07,7.230000019073486,7.579999923706055,7.199999809265137,7.579999923706055,7.246391296386719,998300
2008-02-08,7.550000190734863,7.670000076293945,7.329999923706055,7.550000190734863,7.217712879180908,1125100
2008-02-11,7.53000020980835,7.679999828338623,7.340000152587891,7.579999923706055,7.246391296386719,852200
2008-02-12,7.5,7.590000152587891,7.139999866485596,7.420000076293945,7.093433380126953,953500
2008-02-13,7.46999979019165,7.570000171661377,7.349999904632568,7.46999979019165,7.141232967376709,830500
2008-02-14,7.5,7.539999961853027,7.360000133514404,7.400000095367432,7.074313163757324,711400
2008-02-15,7.329999923706055,7.400000095367432,7.179999828338623,7.239999771118164,6.9213547706604,560400
2008-02-19,7.389999866485596,7.429999828338623,7.28000020980835,7.389999866485596,7.064752578735352,798600
2008-02-20,7.320000171661377,7.610000133514404,7.289999961853027,7.510000228881836,7.179471969604492,1118200
2008-02-21,7.389999866485596,7.559999942779541,7.039999961853027,7.070000171661377,6.758837699890137,1049100
2008-02-22,7.070000171661377,7.199999809265137,7.03000020980835,7.170000076293945,6.854435920715332,812100
2008-02-25,7.190000057220459,7.300000190734863,7.039999961853027,7.28000020980835,6.9595947265625,836900
2008-02-26,7.21999979019165,7.570000171661377,7.21999979019165,7.519999980926514,7.189032554626465,1138700
2008-02-27,7.449999809265137,7.75,7.449999809265137,7.730000019073486,7.389789581298828,732100
2008-02-28,7.679999828338623,7.679999828338623,7.21999979019165,7.21999979019165,6.90223503112793,1021800
2008-02-29,7.110000133514404,7.260000228881836,7.019999980926514,7.050000190734863,6.739717960357666,794500
2008-03-03,7.039999961853027,7.050000190734863,6.75,6.869999885559082,6.567640781402588,833800
2008-03-04,6.78000020980835,6.940000057220459,6.699999809265137,6.829999923706055,6.5293989181518555,1018700
2008-03-05,6.869999885559082,6.909999847412109,6.71999979019165,6.789999961853027,6.491160869598389,685200
2008-03-06,6.739999771118164,6.829999923706055,6.510000228881836,6.519999980926514,6.233044147491455,699700
2008-03-07,6.429999828338623,6.690000057220459,6.389999866485596,6.519999980926514,6.233044147491455,924600
2008-03-10,6.559999942779541,6.610000133514404,6.429999828338623,6.440000057220459,6.156563758850098,578600
2008-03-11,6.619999885559082,6.960000038146973,6.599999904632568,6.960000038146973,6.6536784172058105,1564600
2008-03-12,6.980000019073486,7.130000114440918,6.840000152587891,6.929999828338623,6.624998092651367,879600
2008-03-13,6.840000152587891,6.980000019073486,6.75,6.949999809265137,6.644118785858154,1709200
2008-03-14,7.019999980926514,7.019999980926514,6.570000171661377,6.679999828338623,6.386001110076904,1056400
2008-03-17,6.480000019073486,6.820000171661377,6.449999809265137,6.659999847412109,6.366880893707275,1065800
2008-03-18,6.800000190734863,6.980000019073486,6.599999904632568,6.920000076293945,6.6154398918151855,1072800
2008-03-19,6.989999771118164,7.019999980926514,6.639999866485596,6.639999866485596,6.3477630615234375,930600
2008-03-20,6.849999904632568,6.900000095367432,6.550000190734863,6.849999904632568,6.548519611358643,2472700
2008-03-24,6.889999866485596,7.28000020980835,6.889999866485596,7.21999979019165,6.90223503112793,844100
2008-03-25,7.25,7.389999866485596,7.170000076293945,7.309999942779541,6.988274097442627,734100
2008-03-26,7.260000228881836,7.460000038146973,7.199999809265137,7.380000114440918,7.055192947387695,940600
2008-03-27,7.389999866485596,7.449999809265137,7.099999904632568,7.099999904632568,6.787517070770264,905300
2008-03-28,7.119999885559082,7.25,6.949999809265137,6.949999809265137,6.644118785858154,740500
2008-03-31,6.989999771118164,7.230000019073486,6.949999809265137,7.190000057220459,6.873555660247803,1311400
2008-04-01,7.320000171661377,7.409999847412109,7.130000114440918,7.400000095367432,7.074313163757324,929600
2008-04-02,7.400000095367432,7.400000095367432,7.269999980926514,7.349999904632568,7.026514530181885,952100
2008-04-03,7.309999942779541,7.449999809265137,7.239999771118164,7.400000095367432,7.074313163757324,1001200
2008-04-04,7.420000076293945,7.809999942779541,7.269999980926514,7.730000019073486,7.389789581298828,2438400
2008-04-07,7.769999980926514,7.960000038146973,7.670000076293945,7.679999828338623,7.341989517211914,1369800
2008-04-08,7.619999885559082,7.690000057220459,7.5,7.570000171661377,7.236831188201904,751600
2008-04-09,7.590000152587891,7.599999904632568,7.369999885559082,7.389999866485596,7.064752578735352,912100
2008-04-10,7.400000095367432,7.659999847412109,7.320000171661377,7.610000133514404,7.2750701904296875,940300
2008-04-11,7.5,7.550000190734863,7.150000095367432,7.179999828338623,6.863996982574463,1016500
2008-04-14,7.159999847412109,7.28000020980835,7.070000171661377,7.090000152587891,6.777957916259766,1058600
2008-04-15,7.150000095367432,7.179999828338623,7.019999980926514,7.179999828338623,6.863996982574463,747500
2008-04-16,7.269999980926514,7.5,7.269999980926514,7.449999809265137,7.122112274169922,1073100
2008-04-17,7.400000095367432,7.400000095367432,7.239999771118164,7.380000114440918,7.055192947387695,436700
2008-04-18,7.429999828338623,7.53000020980835,7.389999866485596,7.429999828338623,7.102992534637451,747100
2008-04-21,7.369999885559082,7.5,7.210000038146973,7.360000133514404,7.036074638366699,517000
2008-04-22,7.309999942779541,7.309999942779541,7.070000171661377,7.159999847412109,6.844875335693359,709200
2008-04-23,7.199999809265137,7.409999847412109,6.96999979019165,7.380000114440918,7.055192947387695,634100
2008-04-24,7.400000095367432,7.840000152587891,7.28000020980835,7.710000038146973,7.370670318603516,827000
2008-04-25,7.760000228881836,7.860000133514404,7.519999980926514,7.820000171661377,7.475828647613525,701700
2008-04-28,7.829999923706055,7.989999771118164,7.730000019073486,7.929999828338623,7.580986976623535,854600
2008-04-29,7.880000114440918,7.980000019073486,7.840000152587891,7.900000095367432,7.552308082580566,756600
2008-04-30,7.639999866485596,7.940000057220459,7.0,7.539999961853027,7.208153247833252,1227500
2008-05-01,7.519999980926514,7.849999904632568,7.5,7.739999771118164,7.399349212646484,1825900
2008-05-02,7.829999923706055,7.829999923706055,7.5,7.559999942779541,7.22727108001709,1461700
2008-05-05,7.559999942779541,7.619999885559082,7.449999809265137,7.550000190734863,7.217712879180908,1035100
2008-05-06,7.489999771118164,7.699999809265137,7.420000076293945,7.699999809265137,7.361111640930176,1077500
2008-05-07,7.710000038146973,7.710000038146973,7.349999904632568,7.380000114440918,7.055192947387695,1330000
2008-05-08,7.380000114440918,7.510000228881836,7.25,7.510000228881836,7.179471969604492,1098800
2008-05-09,7.380000114440918,7.550000190734863,7.300000190734863,7.400000095367432,7.074313163757324,584700
2008-05-12,7.429999828338623,7.5,7.360000133514404,7.440000057220459,7.112552165985107,780700
2008-05-13,7.46999979019165,7.550000190734863,7.380000114440918,7.53000020980835,7.198591709136963,628800
2008-05-14,7.53000020980835,7.590000152587891,7.46999979019165,7.510000228881836,7.179471969604492,1249500
2008-05-15,7.489999771118164,7.559999942779541,7.449999809265137,7.5,7.169912338256836,930600
2008-05-16,7.559999942779541,7.559999942779541,7.380000114440918,7.5,7.169912338256836,726900
2008-05-19,7.480000019073486,7.670000076293945,7.360000133514404,7.570000171661377,7.236831188201904,1562300
2008-05-20,7.570000171661377,7.670000076293945,7.380000114440918,7.480000019073486,7.15079402923584,716000
2008-05-21,7.510000228881836,7.550000190734863,7.300000190734863,7.360000133514404,7.036074638366699,1519900
2008-05-22,7.369999885559082,7.610000133514404,7.369999885559082,7.519999980926514,7.189032554626465,1059800
2008-05-23,7.46999979019165,7.639999866485596,7.360000133514404,7.460000038146973,7.131673812866211,769000
2008-05-27,7.480000019073486,7.650000095367432,7.429999828338623,7.590000152587891,7.25595235824585,573500
2008-05-28,7.639999866485596,7.659999847412109,7.449999809265137,7.550000190734863,7.217712879180908,878600
2008-05-29,7.53000020980835,7.670000076293945,7.519999980926514,7.619999885559082,7.284631729125977,857200
2008-05-30,7.619999885559082,7.71999979019165,7.460000038146973,7.690000057220459,7.3515496253967285,1049800
2008-06-02,7.679999828338623,7.820000171661377,7.329999923706055,7.449999809265137,7.122112274169922,1228900
2008-06-03,7.489999771118164,7.630000114440918,7.409999847412109,7.619999885559082,7.284631729125977,1893500
2008-06-04,7.570000171661377,7.829999923706055,7.510000228881836,7.789999961853027,7.447147369384766,1204300
2008-06-05,7.789999961853027,8.050000190734863,7.760000228881836,8.0,7.64790678024292,2335600
2008-06-06,7.889999866485596,7.949999809265137,7.820000171661377,7.849999904632568,7.504508018493652,850000
2008-06-09,7.849999904632568,7.929999828338623,7.639999866485596,7.730000019073486,7.389789581298828,746400
2008-06-10,7.650000095367432,7.78000020980835,7.579999923706055,7.670000076293945,7.3324294090271,772600
2008-06-11,7.630000114440918,7.650000095367432,7.369999885559082,7.369999885559082,7.045632839202881,750500
2008-06-12,7.369999885559082,7.610000133514404,7.329999923706055,7.380000114440918,7.055192947387695,909400
2008-06-13,7.46999979019165,7.550000190734863,7.349999904632568,7.46999979019165,7.141232967376709,930600
2008-06-16,7.460000038146973,7.880000114440918,7.400000095367432,7.829999923706055,7.485389232635498,1227200
2008-06-17,7.840000152587891,7.960000038146973,7.699999809265137,7.78000020980835,7.437589645385742,731600
2008-06-18,7.769999980926514,7.789999961853027,7.630000114440918,7.710000038146973,7.370670318603516,530800
2008-06-19,7.710000038146973,8.020000457763672,7.690000057220459,8.010000228881836,7.657465934753418,849700
2008-06-20,7.949999809265137,8.0,7.670000076293945,7.820000171661377,7.475828647613525,1546700
2008-06-23,7.880000114440918,7.889999866485596,7.630000114440918,7.639999866485596,7.303750991821289,593600
2008-06-24,7.0,7.239999771118164,6.559999942779541,7.090000152587891,6.777957916259766,3005500
2008-06-25,7.079999923706055,7.25,6.880000114440918,7.059999942779541,6.749277591705322,1999700
2008-06-26,6.989999771118164,6.989999771118164,6.75,6.760000228881836,6.4624810218811035,970300
2008-06-27,6.760000228881836,6.840000152587891,6.639999866485596,6.730000019073486,6.433802604675293,1931400
2008-06-30,6.71999979019165,6.940000057220459,6.550000190734863,6.550000190734863,6.261723518371582,1683600
2008-07-01,6.480000019073486,6.789999961853027,6.480000019073486,6.789999961853027,6.491160869598389,1486600
2008-07-02,6.769999980926514,6.769999980926514,6.510000228881836,6.579999923706055,6.290402412414551,1071600
2008-07-03,6.590000152587891,6.699999809265137,6.510000228881836,6.559999942779541,6.271284580230713,656300
2008-07-07,6.610000133514404,6.659999847412109,6.329999923706055,6.429999828338623,6.147006034851074,1279000
2008-07-08,6.449999809265137,6.630000114440918,6.349999904632568,6.619999885559082,6.328641891479492,992600
2008-07-09,6.639999866485596,6.690000057220459,6.400000095367432,6.400000095367432,6.118324279785156,854700
2008-07-10,6.400000095367432,6.590000152587891,6.329999923706055,6.539999961853027,6.252162933349609,942500
2008-07-11,6.46999979019165,6.679999828338623,6.300000190734863,6.630000114440918,6.338202953338623,898100
2008-07-14,6.5,6.659999847412109,6.239999771118164,6.309999942779541,6.032285213470459,1010400
2008-07-15,6.230000019073486,6.599999904632568,6.110000133514404,6.46999979019165,6.185244083404541,1456600
2008-07-16,6.5,6.889999866485596,6.449999809265137,6.789999961853027,6.491160869598389,1199600
2008-07-17,6.829999923706055,6.949999809265137,6.659999847412109,6.789999961853027,6.491160869598389,1198400
2008-07-18,6.829999923706055,6.849999904632568,6.630000114440918,6.75,6.452919960021973,943100
2008-07-21,6.789999961853027,6.849999904632568,6.519999980926514,6.829999923706055,6.5293989181518555,625300
2008-07-22,6.820000171661377,6.989999771118164,6.71999979019165,6.96999979019165,6.663239479064941,1163400
2008-07-23,6.789999961853027,7.099999904632568,6.78000020980835,6.869999885559082,6.567640781402588,1259100
2008-07-24,6.920000076293945,6.949999809265137,6.639999866485596,6.659999847412109,6.366880893707275,1135300
2008-07-25,6.75,6.820000171661377,6.460000038146973,6.630000114440918,6.338202953338623,1393400
2008-07-28,6.510000228881836,6.679999828338623,6.349999904632568,6.420000076293945,6.137444496154785,967200
2008-07-29,6.239999771118164,6.869999885559082,6.199999809265137,6.699999809265137,6.405120849609375,1485700
2008-07-30,6.75,6.75,6.429999828338623,6.639999866485596,6.3477630615234375,2316400
2008-07-31,6.460000038146973,6.590000152587891,6.28000020980835,6.329999923706055,6.0514068603515625,1944400
2008-08-01,6.0,6.050000190734863,5.809999942779541,5.889999866485596,5.630772113800049,1954900
2008-08-04,5.900000095367432,5.920000076293945,5.699999809265137,5.789999961853027,5.535171985626221,1130000
2008-08-05,5.989999771118164,6.150000095367432,5.929999828338623,6.110000133514404,5.841087818145752,1241400
2008-08-06,6.079999923706055,6.260000228881836,5.96999979019165,6.25,5.9749274253845215,2070700
2008-08-07,6.199999809265137,6.389999866485596,6.110000133514404,6.289999961853027,6.013166904449463,1406300
2008-08-08,6.309999942779541,6.610000133514404,6.25,6.590000152587891,6.299963474273682,897200
2008-08-11,6.610000133514404,6.840000152587891,6.489999771118164,6.78000020980835,6.481600284576416,1692100
2008-08-12,6.699999809265137,6.809999942779541,6.650000095367432,6.78000020980835,6.481600284576416,1560300
2008-08-13,6.739999771118164,6.909999847412109,6.579999923706055,6.849999904632568,6.548519611358643,1035700
2008-08-14,6.789999961853027,6.900000095367432,6.739999771118164,6.800000190734863,6.500720500946045,872100
2008-08-15,6.920000076293945,6.920000076293945,6.610000133514404,6.760000228881836,6.4624810218811035,1086800
2008-08-18,6.760000228881836,6.760000228881836,6.420000076293945,6.5,6.213924407958984,748900
2008-08-19,6.429999828338623,6.519999980926514,6.380000114440918,6.409999847412109,6.1278862953186035,531500
2008-08-20,6.449999809265137,6.639999866485596,6.360000133514404,6.480000019073486,6.1948041915893555,836500
2008-08-21,6.389999866485596,6.619999885559082,6.320000171661377,6.349999904632568,6.070526123046875,553800
2008-08-22,6.380000114440918,6.510000228881836,6.340000152587891,6.389999866485596,6.108765125274658,1528200
2008-08-25,6.360000133514404,6.360000133514404,6.179999828338623,6.260000228881836,5.9844865798950195,681900
2008-08-26,6.239999771118164,6.300000190734863,6.130000114440918,6.210000038146973,5.936686038970947,742600
2008-08-27,6.199999809265137,6.269999980926514,6.110000133514404,6.210000038146973,5.936686038970947,1041900
2008-08-28,6.21999979019165,6.25,6.150000095367432,6.199999809265137,5.927126407623291,1108900
2008-08-29,6.179999828338623,6.210000038146973,6.059999942779541,6.159999847412109,5.88888692855835,589600
2008-09-02,6.320000171661377,6.400000095367432,6.110000133514404,6.159999847412109,5.88888692855835,1146400
2008-09-03,6.159999847412109,6.239999771118164,6.059999942779541,6.079999923706055,5.812410354614258,1742000
2008-09-04,6.050000190734863,6.099999904632568,5.920000076293945,5.960000038146973,5.697691917419434,699500
2008-09-05,5.900000095367432,6.039999961853027,5.880000114440918,5.96999979019165,5.707250118255615,808100
2008-09-08,6.099999904632568,6.300000190734863,5.769999980926514,6.010000228881836,5.745490550994873,1275500
2008-09-09,6.03000020980835,6.110000133514404,5.78000020980835,5.809999942779541,5.554292678833008,924500
2008-09-10,5.940000057220459,5.940000057220459,5.570000171661377,5.710000038146973,5.458693027496338,1641700
2008-09-11,5.559999942779541,5.760000228881836,5.480000019073486,5.650000095367432,5.401334285736084,761000
2008-09-12,5.590000152587891,5.639999866485596,5.429999828338623,5.519999980926514,5.277054786682129,881300
2008-09-15,5.409999847412109,5.539999961853027,5.28000020980835,5.289999961853027,5.057179927825928,983100
2008-09-16,5.21999979019165,5.309999942779541,5.03000020980835,5.309999942779541,5.076297760009766,1370700
2008-09-17,5.230000019073486,5.369999885559082,5.159999847412109,5.179999828338623,4.952018737792969,1491400
2008-09-18,5.300000190734863,5.409999847412109,4.960000038146973,5.269999980926514,5.038058280944824,2119900
2008-09-19,5.639999866485596,6.130000114440918,5.420000076293945,5.519999980926514,5.277054786682129,3183100
2008-09-22,5.5,5.5,5.110000133514404,5.179999828338623,4.952018737792969,1922800
2008-09-23,5.170000076293945,5.28000020980835,5.079999923706055,5.159999847412109,4.932898044586182,1633800
2008-09-24,5.159999847412109,5.309999942779541,4.710000038146973,4.75,4.540943145751953,2482400
2008-09-25,4.829999923706055,4.829999923706055,4.630000114440918,4.650000095367432,4.445344924926758,2195400
2008-09-26,4.619999885559082,4.71999979019165,4.489999771118164,4.659999847412109,4.4549055099487305,1814900
2008-09-29,4.579999923706055,4.650000095367432,4.289999961853027,4.309999942779541,4.120309352874756,1393200
2008-09-30,4.360000133514404,4.940000057220459,4.360000133514404,4.840000152587891,4.626983165740967,2364900
2008-10-01,4.800000190734863,4.860000133514404,4.570000171661377,4.579999923706055,4.378425598144531,1734400
2008-10-02,4.539999961853027,4.610000133514404,4.409999847412109,4.409999847412109,4.215908527374268,890600
2008-10-03,4.389999866485596,4.489999771118164,4.179999828338623,4.179999828338623,3.9960312843322754,883400
2008-10-06,4.139999866485596,4.260000228881836,3.9600000381469727,4.21999979019165,4.0342698097229,1109200
2008-10-07,4.28000020980835,4.289999961853027,3.9700000286102295,3.990000009536743,3.8143937587738037,1158700
2008-10-08,3.9100000858306885,4.210000038146973,3.8399999141693115,4.050000190734863,3.871753215789795,2265500
2008-10-09,4.059999942779541,4.199999809265137,3.6500000953674316,3.740000009536743,3.57539701461792,2446000
2008-10-10,3.630000114440918,3.890000104904175,3.3299999237060547,3.4700000286102295,3.31727933883667,2136200
2008-10-13,3.700000047683716,3.890000104904175,3.440000057220459,3.7799999713897705,3.613635540008545,3276800
2008-10-14,3.9100000858306885,4.070000171661377,3.559999942779541,3.680000066757202,3.5180373191833496,1490900
2008-10-15,3.630000114440918,3.75,3.2200000286102295,3.2200000286102295,3.078281879425049,981000
2008-10-16,3.259999990463257,3.5199999809265137,3.180000066757202,3.5199999809265137,3.365079164505005,1970300
2008-10-17,3.450000047683716,4.050000190734863,3.359999895095825,3.380000114440918,3.2312405109405518,1262200
2008-10-20,3.4200000762939453,3.5399999618530273,3.390000104904175,3.5,3.345959424972534,890400
2008-10-21,3.430000066757202,3.5899999141693115,3.2300000190734863,3.240000009536743,3.0974020957946777,1202200
2008-10-22,3.2100000381469727,3.240000009536743,2.809999942779541,2.869999885559082,2.7436866760253906,2477900
2008-10-23,2.859999895095825,2.950000047683716,2.490000009536743,2.5999999046325684,2.4855692386627197,2619000
2008-10-24,2.4000000953674316,2.6700000762939453,2.369999885559082,2.369999885559082,2.265692710876465,1780200
2008-10-27,2.3399999141693115,2.4700000286102295,2.1600000858306885,2.1600000858306885,2.0649352073669434,1215200
2008-10-28,2.2300000190734863,2.309999942779541,2.049999952316284,2.2100000381469727,2.112734079360962,1777000
2008-10-29,2.2699999809265137,2.359999895095825,2.1600000858306885,2.240000009536743,2.1414132118225098,1392000
2008-10-30,2.299999952316284,2.440000057220459,2.0899999141693115,2.4000000953674316,2.294372320175171,1099200
2008-10-31,2.359999895095825,2.700000047683716,2.3299999237060547,2.690000057220459,2.571608066558838,1545800
2008-11-03,2.740000009536743,2.869999885559082,2.5299999713897705,2.740000009536743,2.619407892227173,1095400
2008-11-04,2.9600000381469727,2.9800000190734863,2.7300000190734863,2.809999942779541,2.6863272190093994,1608900
2008-11-05,2.7799999713897705,2.809999942779541,2.559999942779541,2.5899999141693115,2.4760093688964844,1839800
2008-11-06,2.569999933242798,2.740000009536743,2.309999942779541,2.3499999046325684,2.246572732925415,1052500
2008-11-07,2.380000114440918,2.4100000858306885,2.240000009536743,2.2899999618530273,2.1892127990722656,618400
2008-11-10,2.2799999713897705,2.319999933242798,2.0999999046325684,2.0999999046325684,2.007575273513794,557500
2008-11-11,2.0899999141693115,2.109999895095825,1.940000057220459,1.9600000381469727,1.873737096786499,906500
2008-11-12,1.9800000190734863,2.0,1.6100000143051147,1.6100000143051147,1.5391409397125244,1093200
2008-11-13,1.6699999570846558,1.9199999570846558,1.590000033378601,1.8600000143051147,1.7781380414962769,1217100
2008-11-14,1.8799999952316284,1.8799999952316284,1.6399999856948853,1.6399999856948853,1.5678211450576782,894400
2008-11-17,1.6299999952316284,1.7100000381469727,1.5800000429153442,1.5800000429153442,1.5104612112045288,492800
2008-11-18,1.600000023841858,1.6299999952316284,1.5099999904632568,1.5700000524520874,1.5009015798568726,944200
2008-11-19,1.5700000524520874,1.6100000143051147,1.3700000047683716,1.3700000047683716,1.3097039461135864,784300
2008-11-20,1.409999966621399,1.409999966621399,1.1799999475479126,1.190000057220459,1.1376265287399292,1658900
2008-11-21,1.2100000381469727,1.2899999618530273,1.0399999618530273,1.1799999475479126,1.1280661821365356,1321700
2008-11-24,1.2599999904632568,1.340000033378601,1.2200000286102295,1.309999942779541,1.2523444890975952,1254300
2008-11-25,1.3200000524520874,1.4600000381469727,1.3200000524520874,1.4600000381469727,1.395742654800415,1627000
2008-11-26,1.4800000190734863,1.5,1.2400000095367432,1.340000033378601,1.2810243368148804,1076500
2008-11-28,1.309999942779541,1.399999976158142,1.2899999618530273,1.3899999856948853,1.3288239240646362,300000
2008-12-01,1.340000033378601,1.3799999952316284,1.1100000143051147,1.1200000047683716,1.0707066059112549,525400
2008-12-02,1.1399999856948853,1.2899999618530273,1.059999942779541,1.1399999856948853,1.0898265838623047,1027500
2008-12-03,1.100000023841858,1.399999976158142,1.090000033378601,1.3799999952316284,1.3192636966705322,956000
2008-12-04,1.3600000143051147,1.5,1.2599999904632568,1.2999999523162842,1.2427846193313599,752400
2008-12-05,1.309999942779541,1.350000023841858,1.1699999570846558,1.350000023841858,1.2905842065811157,1025600
2008-12-08,1.3799999952316284,1.3799999952316284,1.2400000095367432,1.2999999523162842,1.2427846193313599,878600
2008-12-09,1.25,1.5299999713897705,1.25,1.5099999904632568,1.4435418844223022,1128800
2008-12-10,1.5299999713897705,1.7100000381469727,1.5199999809265137,1.7000000476837158,1.6251801252365112,588700
2008-12-11,1.690000057220459,1.8200000524520874,1.649999976158142,1.7400000095367432,1.6634196043014526,678100
2008-12-12,1.690000057220459,2.180000066757202,1.6399999856948853,2.0199999809265137,1.9310964345932007,844300
2008-12-15,2.0999999046325684,2.119999885559082,1.899999976158142,1.940000057220459,1.8546172380447388,784500
2008-12-16,1.9900000095367432,2.1700000762939453,1.850000023841858,2.0999999046325684,2.007575273513794,692900
2008-12-17,2.069999933242798,2.240000009536743,1.9199999570846558,2.130000114440918,2.036255121231079,859600
2008-12-18,2.0999999046325684,2.1500000953674316,1.8799999952316284,1.9199999570846558,1.8354973793029785,905400
2008-12-19,2.0,2.0799999237060547,1.909999966621399,1.940000057220459,1.8546172380447388,1668900
2008-12-22,1.9500000476837158,2.059999942779541,1.850000023841858,1.899999976158142,1.8163782358169556,624300
2008-12-23,1.9299999475479126,1.9500000476837158,1.7400000095367432,1.8200000524520874,1.739898681640625,586600
2008-12-24,1.8300000429153442,1.8300000429153442,1.6100000143051147,1.7300000190734863,1.6538599729537964,278800
2008-12-26,1.7599999904632568,1.7599999904632568,1.600000023841858,1.6699999570846558,1.596500277519226,309400
2008-12-29,1.6699999570846558,1.7100000381469727,1.6299999952316284,1.6799999475479126,1.60606050491333,353500
2008-12-30,1.7000000476837158,2.009999990463257,1.659999966621399,1.9900000095367432,1.9024168252944946,536100
2008-12-31,2.0399999618530273,2.2300000190734863,2.0,2.190000057220459,2.0936145782470703,867900
2009-01-02,2.200000047683716,2.3499999046325684,2.049999952316284,2.299999952316284,2.1987740993499756,297100
2009-01-05,2.2899999618530273,2.299999952316284,2.0799999237060547,2.0799999237060547,1.9884555339813232,792000
2009-01-06,2.200000047683716,2.430000066757202,2.0999999046325684,2.359999895095825,2.2561323642730713,522500
2009-01-07,2.3499999046325684,2.369999885559082,2.1600000858306885,2.3299999237060547,2.2274527549743652,445900
2009-01-08,2.3299999237060547,2.549999952316284,2.299999952316284,2.4800000190734863,2.3708512783050537,644700
2009-01-09,2.4700000286102295,2.5,2.200000047683716,2.2699999809265137,2.170093059539795,600900
2009-01-12,2.2699999809265137,2.3499999046325684,1.399999976158142,2.0199999809265137,1.9310964345932007,574300
2009-01-13,2.009999990463257,2.2699999809265137,1.909999966621399,1.9199999570846558,1.8354973793029785,380600
2009-01-14,1.8799999952316284,2.0399999618530273,1.7999999523162842,1.9900000095367432,1.9024168252944946,536700
2009-01-15,1.9900000095367432,2.009999990463257,1.7000000476837158,1.9700000286102295,1.8832969665527344,403700
2009-01-16,1.9900000095367432,2.0399999618530273,1.940000057220459,2.0,1.91197669506073,877600
2009-01-20,1.9700000286102295,1.9700000286102295,1.7000000476837158,1.8200000524520874,1.739898681640625,506600
2009-01-21,1.8600000143051147,1.909999966621399,1.5,1.7599999904632568,1.6825395822525024,474400
2009-01-22,1.7699999809265137,1.909999966621399,1.5299999713897705,1.649999976158142,1.5773805379867554,308200
2009-01-23,1.600000023841858,1.840000033378601,1.5299999713897705,1.7100000381469727,1.6347397565841675,584100
2009-01-26,1.7200000286102295,1.7899999618530273,1.6699999570846558,1.7300000190734863,1.6538599729537964,445900
2009-01-27,1.7400000095367432,1.7400000095367432,1.5,1.5199999809265137,1.4531025886535645,902200
2009-01-28,1.6100000143051147,1.7000000476837158,1.4800000190734863,1.5499999523162842,1.4817816019058228,1520300
2009-01-29,1.5299999713897705,1.5399999618530273,1.4600000381469727,1.4700000286102295,1.4053027629852295,319300
2009-01-30,1.4900000095367432,1.559999942779541,1.2999999523162842,1.3899999856948853,1.3288239240646362,754000
2009-02-02,1.3700000047683716,1.4900000095367432,1.350000023841858,1.3799999952316284,1.3192636966705322,899300
2009-02-03,1.399999976158142,1.4299999475479126,1.059999942779541,1.25,1.194985270500183,1804200
2009-02-04,1.25,1.25,1.0299999713897705,1.1200000047683716,1.0707066059112549,2218500
2009-02-05,1.1200000047683716,1.2100000381469727,1.100000023841858,1.1799999475479126,1.1280661821365356,823000
2009-02-06,1.1799999475479126,1.2599999904632568,1.090000033378601,1.25,1.194985270500183,1256900
2009-02-09,1.25,1.2899999618530273,1.2300000190734863,1.25,1.194985270500183,573300
2009-02-10,1.25,1.2599999904632568,1.1200000047683716,1.1299999952316284,1.0802665948867798,858200
2009-02-11,1.1699999570846558,1.2300000190734863,1.100000023841858,1.149999976158142,1.0993870496749878,690000
2009-02-12,1.1200000047683716,1.2300000190734863,1.100000023841858,1.1699999570846558,1.1185064315795898,570800
2009-02-13,1.1699999570846558,1.2999999523162842,1.100000023841858,1.2999999523162842,1.2427846193313599,1018200
2009-02-17,1.2400000095367432,1.2599999904632568,1.1699999570846558,1.190000057220459,1.1376265287399292,778000
2009-02-18,1.149999976158142,1.190000057220459,1.0,1.0,0.955988347530365,799900
2009-02-19,1.0,1.0199999809265137,0.8999999761581421,0.949999988079071,0.9081891179084778,1025400
2009-02-20,0.9399999976158142,0.9700000286102295,0.8799999952316284,0.9399999976158142,0.8986290693283081,1610300
2009-02-23,0.9399999976158142,0.9800000190734863,0.6600000262260437,0.6700000166893005,0.6405121684074402,1453000
2009-02-24,0.6800000071525574,0.7300000190734863,0.550000011920929,0.6499999761581421,0.6213923096656799,5304500
2009-02-25,0.6899999976158142,0.6899999976158142,0.6000000238418579,0.6299999952316284,0.602272629737854,1862500
2009-02-26,0.6499999761581421,0.6899999976158142,0.5799999833106995,0.5799999833106995,0.5544731616973877,1540200
2009-02-27,0.6000000238418579,0.6499999761581421,0.5199999809265137,0.6100000143051147,0.5831530094146729,780900
2009-03-02,0.5899999737739563,0.6200000047683716,0.5199999809265137,0.5199999809265137,0.4971138834953308,953100
2009-03-03,0.5299999713897705,0.5799999833106995,0.5299999713897705,0.550000011920929,0.5257933735847473,688400
2009-03-04,0.5699999928474426,0.800000011920929,0.5400000214576721,0.6899999976158142,0.6596318483352661,989500
2009-03-05,0.699999988079071,0.699999988079071,0.6399999856948853,0.6399999856948853,0.6118325591087341,695000
2009-03-06,0.6499999761581421,0.7300000190734863,0.550000011920929,0.6399999856948853,0.6118325591087341,1341200
2009-03-09,0.6299999952316284,0.6399999856948853,0.550000011920929,0.5699999928474426,0.5449132919311523,515500
2009-03-10,0.5600000023841858,0.7300000190734863,0.5600000023841858,0.7200000286102295,0.6883113980293274,1501800
2009-03-11,0.699999988079071,0.7200000286102295,0.6000000238418579,0.7099999785423279,0.6787517070770264,1063700
2009-03-12,0.699999988079071,0.8399999737739563,0.6600000262260437,0.8399999737739563,0.803030252456665,1646800
2009-03-13,0.8399999737739563,0.8600000143051147,0.7900000214576721,0.8399999737739563,0.803030252456665,1394600
2009-03-16,0.8500000238418579,0.8700000047683716,0.800000011920929,0.8100000023841858,0.7743505239486694,586700
2009-03-17,0.7799999713897705,0.8999999761581421,0.7699999809265137,0.8999999761581421,0.8603893518447876,606000
2009-03-18,0.9100000262260437,0.9599999785423279,0.8100000023841858,0.9599999785423279,0.9177486896514893,848200
2009-03-19,0.949999988079071,0.9599999785423279,0.8999999761581421,0.949999988079071,0.9081891179084778,506600
2009-03-20,1.0199999809265137,1.0199999809265137,0.5,0.7900000214576721,0.7552306056022644,1435300
2009-03-23,0.8199999928474426,0.9399999976158142,0.7900000214576721,0.9399999976158142,0.8986290693283081,2275400
2009-03-24,0.9300000071525574,0.9599999785423279,0.8700000047683716,0.9200000166893005,0.8795093297958374,577100
2009-03-25,0.9200000166893005,0.9800000190734863,0.8700000047683716,0.9700000286102295,0.9273086190223694,556900
2009-03-26,0.9399999976158142,1.2400000095367432,0.9399999976158142,1.1699999570846558,1.1185064315795898,840100
2009-03-27,1.149999976158142,1.1699999570846558,1.0199999809265137,1.0199999809265137,0.9751081466674805,703500
2009-03-30,1.0199999809265137,1.0399999618530273,0.8500000238418579,0.9200000166893005,0.8795093297958374,697700
2009-03-31,0.9399999976158142,0.9900000095367432,0.8600000143051147,0.8600000143051147,0.822149932384491,573800
2009-04-01,0.8899999856948853,0.949999988079071,0.8799999952316284,0.9300000071525574,0.8890690207481384,345200
2009-04-02,1.0,1.100000023841858,0.9700000286102295,1.0700000524520874,1.0229073762893677,913900
2009-04-03,1.0700000524520874,1.1299999952316284,1.0,1.1299999952316284,1.0802665948867798,632500
2009-04-06,1.1200000047683716,1.149999976158142,1.0399999618530273,1.149999976158142,1.0993870496749878,1018400
2009-04-07,1.1200000047683716,1.159999966621399,1.059999942779541,1.059999942779541,1.0133477449417114,353200
2009-04-08,1.0800000429153442,1.149999976158142,1.059999942779541,1.149999976158142,1.0993870496749878,370600
2009-04-09,1.1799999475479126,1.5,1.1699999570846558,1.5,1.4339827299118042,1375400
2009-04-13,1.4900000095367432,1.5199999809265137,1.2599999904632568,1.5099999904632568,1.4435418844223022,813500
2009-04-14,1.4900000095367432,1.4900000095367432,1.309999942779541,1.340000033378601,1.2810243368148804,1250300
2009-04-15,1.3200000524520874,1.3600000143051147,1.2999999523162842,1.350000023841858,1.2905842065811157,478200
2009-04-16,1.4199999570846558,1.5399999618530273,1.2899999618530273,1.4700000286102295,1.4053027629852295,1722600
2009-04-17,1.5199999809265137,1.5299999713897705,1.4199999570846558,1.4299999475479126,1.3670635223388672,1033900
2009-04-20,1.3899999856948853,1.409999966621399,1.2200000286102295,1.2200000286102295,1.1663060188293457,988900
2009-04-21,1.2200000286102295,1.3799999952316284,1.2000000476837158,1.3700000047683716,1.3097039461135864,581800
2009-04-22,1.340000033378601,1.4600000381469727,1.309999942779541,1.4199999570846558,1.3575034141540527,1027500
2009-04-23,1.4199999570846558,1.4199999570846558,1.3200000524520874,1.350000023841858,1.2905842065811157,562600
2009-04-24,1.3700000047683716,1.399999976158142,1.3300000429153442,1.399999976158142,1.3383835554122925,398700
2009-04-27,1.350000023841858,1.3799999952316284,1.2699999809265137,1.3600000143051147,1.300144076347351,752200
2009-04-28,1.350000023841858,1.440000057220459,1.350000023841858,1.4299999475479126,1.3670635223388672,493100
2009-04-29,1.4800000190734863,1.5399999618530273,1.440000057220459,1.4800000190734863,1.4148626327514648,1072800
2009-04-30,1.309999942779541,1.5399999618530273,1.309999942779541,1.4800000190734863,1.4148626327514648,1782700
2009-05-01,1.75,2.0899999141693115,1.6799999475479126,2.0,1.91197669506073,5329400
2009-05-04,2.0899999141693115,2.200000047683716,1.9700000286102295,2.1500000953674316,2.05537486076355,1841900
2009-05-05,2.240000009536743,2.240000009536743,1.9700000286102295,2.0199999809265137,1.9310964345932007,2167900
2009-05-06,2.069999933242798,2.0999999046325684,1.850000023841858,2.0799999237060547,1.9884555339813232,1553200
2009-05-07,2.0999999046325684,2.119999885559082,1.7699999809265137,1.8899999856948853,1.8068177700042725,1164800
2009-05-08,1.9299999475479126,2.0999999046325684,1.840000033378601,2.059999942779541,1.969335913658142,810500
2009-05-11,1.9900000095367432,2.049999952316284,1.9199999570846558,2.009999990463257,1.9215364456176758,530300
2009-05-12,2.0299999713897705,2.0299999713897705,1.7699999809265137,1.899999976158142,1.8163782358169556,884400
2009-05-13,1.850000023841858,1.9900000095367432,1.8200000524520874,1.8700000047683716,1.78769850730896,716700
2009-05-14,1.8300000429153442,2.0299999713897705,1.8300000429153442,2.0,1.91197669506073,577200
2009-05-15,2.009999990463257,2.059999942779541,1.9500000476837158,2.0,1.91197669506073,662900
2009-05-18,2.0399999618530273,2.390000104904175,1.9600000381469727,2.390000104904175,2.2848126888275146,1342300
2009-05-19,2.390000104904175,2.7899999618530273,2.319999933242798,2.7100000381469727,2.5907278060913086,1808500
2009-05-20,2.7799999713897705,2.7899999618530273,2.380000114440918,2.5399999618530273,2.4282100200653076,1160700
2009-05-21,2.430000066757202,2.549999952316284,2.259999990463257,2.4000000953674316,2.294372320175171,805200
2009-05-22,2.430000066757202,2.5799999237060547,2.4000000953674316,2.4000000953674316,2.294372320175171,911400
2009-05-26,2.369999885559082,2.700000047683716,2.259999990463257,2.5999999046325684,2.4855692386627197,2023800
2009-05-27,2.700000047683716,2.8399999141693115,2.609999895095825,2.8299999237060547,2.705447196960449,982900
2009-05-28,2.8499999046325684,2.8499999046325684,2.5299999713897705,2.759999990463257,2.6385273933410645,1460100
2009-05-29,2.7699999809265137,2.9000000953674316,2.690000057220459,2.880000114440918,2.7532455921173096,1103600
2009-06-01,2.9600000381469727,3.119999885559082,2.890000104904175,3.0899999141693115,2.9540040493011475,1953000
2009-06-02,3.0899999141693115,3.259999990463257,2.9600000381469727,3.240000009536743,3.0974020957946777,1098800
2009-06-03,3.180000066757202,3.2899999618530273,2.990000009536743,3.0399999618530273,2.906205177307129,936500
2009-06-04,3.059999942779541,3.25,3.0,3.180000066757202,3.0400424003601074,549300
2009-06-05,3.299999952316284,3.299999952316284,3.049999952316284,3.1600000858306885,3.0209224224090576,544200
2009-06-08,3.109999895095825,3.1700000762939453,3.0,3.0799999237060547,2.944443464279175,387400
2009-06-09,3.130000114440918,3.2100000381469727,3.069999933242798,3.1700000762939453,3.0304830074310303,570800
2009-06-10,3.2100000381469727,3.3399999141693115,3.0399999618530273,3.240000009536743,3.0974020957946777,1048600
2009-06-11,3.240000009536743,3.4200000762939453,3.200000047683716,3.369999885559082,3.221680164337158,799200
2009-06-12,3.319999933242798,3.359999895095825,3.259999990463257,3.359999895095825,3.21212100982666,1097900
2009-06-15,3.25,3.430000066757202,3.0999999046325684,3.1600000858306885,3.0209224224090576,810100
2009-06-16,3.240000009536743,3.3399999141693115,3.0999999046325684,3.180000066757202,3.0400424003601074,929500
2009-06-17,3.1700000762939453,3.1700000762939453,2.930000066757202,3.0999999046325684,2.9635632038116455,986700
2009-06-18,3.0799999237060547,3.0799999237060547,2.609999895095825,2.7100000381469727,2.5907278060913086,2057800
2009-06-19,2.75,2.869999885559082,2.6600000858306885,2.7799999713897705,2.6576478481292725,1225200
2009-06-22,2.7300000190734863,2.759999990463257,2.5399999618530273,2.5899999141693115,2.4760093688964844,684200
2009-06-23,2.630000114440918,2.700000047683716,2.4100000858306885,2.4700000286102295,2.3612916469573975,682900
2009-06-24,2.509999990463257,2.9000000953674316,2.509999990463257,2.7200000286102295,2.600288152694702,675900
2009-06-25,2.700000047683716,2.819999933242798,2.4100000858306885,2.559999942779541,2.4473302364349365,1495700
2009-06-26,2.619999885559082,2.690000057220459,2.4600000381469727,2.5799999237060547,2.466449022293091,1830900
2009-06-29,2.5899999141693115,2.75,2.5899999141693115,2.6700000762939453,2.5524890422821045,557300
2009-06-30,2.680000066757202,2.799999952316284,2.6600000858306885,2.7200000286102295,2.600288152694702,1117000
2009-07-01,2.7699999809265137,3.049999952316284,2.7300000190734863,3.0,2.8679654598236084,1808900
2009-07-02,2.950000047683716,3.0399999618530273,2.930000066757202,2.9600000381469727,2.8297252655029297,1562400
2009-07-06,2.950000047683716,2.950000047683716,2.819999933242798,2.9000000953674316,2.772366523742676,915500
2009-07-07,2.9100000858306885,2.940000057220459,2.7200000286102295,2.740000009536743,2.619407892227173,1131900
2009-07-08,2.75,2.7799999713897705,2.5299999713897705,2.6500000953674316,2.5333690643310547,1603000
2009-07-09,2.690000057220459,2.799999952316284,2.6500000953674316,2.7300000190734863,2.6098482608795166,559200
2009-07-10,2.7100000381469727,2.819999933242798,2.6600000858306885,2.7100000381469727,2.5907278060913086,456000
2009-07-13,2.7200000286102295,2.799999952316284,2.630000114440918,2.75,2.6289680004119873,513500
2009-07-14,2.740000009536743,2.7799999713897705,2.690000057220459,2.75,2.6289680004119873,434800
2009-07-15,2.9600000381469727,3.049999952316284,2.7799999713897705,2.9800000190734863,2.848845958709717,1179200
2009-07-16,2.950000047683716,3.2899999618530273,2.930000066757202,3.2799999713897705,3.1356422901153564,1469000
2009-07-17,3.2899999618530273,3.440000057220459,3.200000047683716,3.4000000953674316,3.2503602504730225,1878700
2009-07-20,3.430000066757202,3.549999952316284,3.3499999046325684,3.490000009536743,3.336400032043457,1121500
2009-07-21,3.5199999809265137,3.549999952316284,3.299999952316284,3.4100000858306885,3.2599196434020996,1036000
2009-07-22,3.369999885559082,3.4600000381469727,3.130000114440918,3.299999952316284,3.1547610759735107,1963700
2009-07-23,3.3399999141693115,3.700000047683716,3.319999933242798,3.5999999046325684,3.4415574073791504,2544200
2009-07-24,3.559999942779541,3.5899999141693115,3.450000047683716,3.5799999237060547,3.4224376678466797,546400
2009-07-27,3.5799999237060547,3.700000047683716,3.5399999618530273,3.6600000858306885,3.4989173412323,539600
2009-07-28,3.609999895095825,3.700000047683716,3.569999933242798,3.6700000762939453,3.508476734161377,694800
2009-07-29,3.619999885559082,3.6500000953674316,3.4700000286102295,3.640000104904175,3.47979736328125,957400
2009-07-30,3.690000057220459,3.9700000286102295,3.559999942779541,3.799999952316284,3.632756471633911,2729400
2009-07-31,3.759999990463257,3.8299999237060547,3.6500000953674316,3.7300000190734863,3.5658369064331055,1180800
2009-08-03,3.7799999713897705,3.8499999046325684,3.680000066757202,3.799999952316284,3.632756471633911,816800
2009-08-04,3.7799999713897705,3.9200000762939453,3.6700000762939453,3.9200000762939453,3.747474193572998,733800
2009-08-05,3.9000000953674316,3.9200000762939453,3.75,3.859999895095825,3.690115451812744,789400
2009-08-06,3.890000104904175,3.890000104904175,3.740000009536743,3.7799999713897705,3.613635540008545,916100
2009-08-07,3.869999885559082,4.139999866485596,3.8299999237060547,3.990000009536743,3.8143937587738037,1620800
2009-08-10,3.930000066757202,4.0,3.799999952316284,3.890000104904175,3.718794822692871,682700
2009-08-11,3.8499999046325684,3.8499999046325684,3.6500000953674316,3.7100000381469727,3.5467166900634766,910600
2009-08-12,3.700000047683716,4.0,3.6700000762939453,3.9600000381469727,3.7857136726379395,868900
2009-08-13,3.9600000381469727,3.9600000381469727,3.759999990463257,3.890000104904175,3.718794822692871,851800
2009-08-14,3.869999885559082,3.869999885559082,3.7200000286102295,3.8299999237060547,3.661435604095459,708000
2009-08-17,3.7300000190734863,3.740000009536743,3.549999952316284,3.5999999046325684,3.4415574073791504,745700
2009-08-18,3.619999885559082,3.859999895095825,3.619999885559082,3.690000057220459,3.5275964736938477,864300
2009-08-19,3.619999885559082,3.809999942779541,3.569999933242798,3.809999942779541,3.6423158645629883,654700
2009-08-20,3.809999942779541,3.8499999046325684,3.7300000190734863,3.7899999618530273,3.6231956481933594,621500
2009-08-21,3.8499999046325684,3.9800000190734863,3.75,3.940000057220459,3.7665939331054688,724400
2009-08-24,3.9700000286102295,4.170000076293945,3.940000057220459,4.070000171661377,3.890873670578003,831600
2009-08-25,4.110000133514404,4.119999885559082,3.809999942779541,3.8499999046325684,3.680555820465088,970500
2009-08-26,3.8299999237060547,3.930000066757202,3.7200000286102295,3.9200000762939453,3.747474193572998,596600
2009-08-27,3.890000104904175,3.940000057220459,3.75,3.9200000762939453,3.747474193572998,481200
2009-08-28,3.9700000286102295,4.139999866485596,3.880000114440918,3.940000057220459,3.7665939331054688,545700
2009-08-31,4.03000020980835,4.190000057220459,3.990000009536743,4.0,3.82395339012146,1210000
2009-09-01,3.950000047683716,4.199999809265137,3.7799999713897705,3.8299999237060547,3.661435604095459,1116000
2009-09-02,3.799999952316284,3.9000000953674316,3.7699999809265137,3.890000104904175,3.718794822692871,588600
2009-09-03,3.930000066757202,3.9800000190734863,3.809999942779541,3.9700000286102295,3.795273542404175,403900
2009-09-04,3.9700000286102295,4.090000152587891,3.890000104904175,4.070000171661377,3.890873670578003,479100
2009-09-08,4.110000133514404,4.150000095367432,4.0,4.110000133514404,3.9291131496429443,486100
2009-09-09,3.8499999046325684,4.190000057220459,3.8499999046325684,4.050000190734863,3.871753215789795,776500
2009-09-10,4.03000020980835,4.130000114440918,3.890000104904175,3.9600000381469727,3.7857136726379395,1213500
2009-09-11,3.940000057220459,4.25,3.9000000953674316,4.25,4.062950134277344,7469600
2009-09-14,4.21999979019165,4.300000190734863,4.150000095367432,4.230000019073486,4.043830871582031,3576900
2009-09-15,4.269999980926514,4.360000133514404,4.210000038146973,4.25,4.062950134277344,2179200
2009-09-16,4.309999942779541,4.349999904632568,4.170000076293945,4.25,4.062950134277344,1001500
2009-09-17,4.25,4.329999923706055,4.119999885559082,4.179999828338623,3.9960312843322754,2106000
2009-09-18,4.210000038146973,4.389999866485596,4.139999866485596,4.349999904632568,4.158549785614014,2127000
2009-09-21,4.300000190734863,4.369999885559082,4.239999771118164,4.260000228881836,4.072510242462158,761000
2009-09-22,4.320000171661377,4.510000228881836,4.269999980926514,4.510000228881836,4.311506748199463,1255300
2009-09-23,4.510000228881836,4.559999942779541,4.329999923706055,4.340000152587891,4.148988723754883,1242100
2009-09-24,4.389999866485596,4.389999866485596,4.03000020980835,4.190000057220459,4.005591869354248,1273300
2009-09-25,4.159999847412109,4.239999771118164,4.019999980926514,4.039999961853027,3.8621928691864014,1693800
2009-09-28,4.059999942779541,4.440000057220459,4.03000020980835,4.420000076293945,4.225468158721924,1779000
2009-09-29,4.429999828338623,4.960000038146973,4.409999847412109,4.829999923706055,4.6174235343933105,6245600
2009-09-30,4.78000020980835,4.989999771118164,4.519999980926514,4.949999809265137,4.732142448425293,7026600
2009-10-01,4.900000095367432,4.929999828338623,4.53000020980835,4.599999904632568,4.397548198699951,3139200
2009-10-02,4.510000228881836,4.579999923706055,4.309999942779541,4.440000057220459,4.244588375091553,2206400
2009-10-05,4.489999771118164,4.760000228881836,4.409999847412109,4.730000019073486,4.521825313568115,1458700
2009-10-06,4.75,5.0,4.710000038146973,4.889999866485596,4.674784183502197,1891200
2009-10-07,4.869999885559082,5.059999942779541,4.829999923706055,5.0,4.779941082000732,2676000
2009-10-08,5.070000171661377,5.099999904632568,4.920000076293945,5.0,4.779941082000732,1541100
2009-10-09,5.0,5.25,4.920000076293945,5.190000057220459,4.961578845977783,2278500
2009-10-12,5.190000057220459,5.349999904632568,5.179999828338623,5.210000038146973,4.980698585510254,1102000
2009-10-13,5.210000038146973,5.21999979019165,4.980000019073486,5.050000190734863,4.8277411460876465,772500
2009-10-14,5.170000076293945,5.340000152587891,5.070000171661377,5.260000228881836,5.028497219085693,1304900
2009-10-15,5.199999809265137,5.389999866485596,5.079999923706055,5.360000133514404,5.1240973472595215,1958000
2009-10-16,5.309999942779541,5.320000171661377,5.019999980926514,5.150000095367432,4.923340797424316,1210100
2009-10-19,5.170000076293945,5.25,5.050000190734863,5.139999866485596,4.913778781890869,550300
2009-10-20,5.139999866485596,5.190000057220459,5.0,5.0,4.779941082000732,602300
2009-10-21,4.960000038146973,5.059999942779541,4.710000038146973,4.71999979019165,4.512264728546143,1901300
2009-10-22,4.71999979019165,4.769999980926514,4.489999771118164,4.760000228881836,4.550506114959717,689100
2009-10-23,4.78000020980835,4.820000171661377,4.510000228881836,4.519999980926514,4.321066379547119,748100
2009-10-26,4.550000190734863,4.639999866485596,4.329999923706055,4.360000133514404,4.1681084632873535,1660900
2009-10-27,4.550000190734863,4.590000152587891,3.950000047683716,3.9800000190734863,3.8048336505889893,3609400
2009-10-28,3.9700000286102295,4.110000133514404,3.690000057220459,3.7100000381469727,3.5467166900634766,1761700
2009-10-29,3.7799999713897705,3.9700000286102295,3.75,3.9600000381469727,3.7857136726379395,1283100
2009-10-30,3.890000104904175,3.9000000953674316,3.6700000762939453,3.759999990463257,3.5945162773132324,1378000
2009-11-02,3.7899999618530273,3.8299999237060547,3.5999999046325684,3.700000047683716,3.537156581878662,835200
2009-11-03,3.6500000953674316,3.7200000286102295,3.549999952316284,3.7200000286102295,3.5562760829925537,883700
2009-11-04,3.75,3.9100000858306885,3.75,3.809999942779541,3.6423158645629883,1628100
2009-11-05,3.859999895095825,4.050000190734863,3.7799999713897705,4.03000020980835,3.8526341915130615,1230200
2009-11-06,3.950000047683716,4.090000152587891,3.930000066757202,4.050000190734863,3.871753215789795,915100
2009-11-09,4.150000095367432,4.329999923706055,4.130000114440918,4.230000019073486,4.043830871582031,876700
2009-11-10,4.199999809265137,4.269999980926514,3.9800000190734863,4.0,3.82395339012146,600200
2009-11-11,4.079999923706055,4.090000152587891,3.9800000190734863,4.059999942779541,3.8813118934631348,596300
2009-11-12,4.03000020980835,4.190000057220459,3.859999895095825,3.869999885559082,3.699674606323242,798800
2009-11-13,3.880000114440918,4.050000190734863,3.809999942779541,4.03000020980835,3.8526341915130615,586600
2009-11-16,4.079999923706055,4.239999771118164,4.059999942779541,4.210000038146973,4.024709224700928,697900
2009-11-17,4.159999847412109,4.230000019073486,4.079999923706055,4.150000095367432,3.967353343963623,653500
2009-11-18,4.159999847412109,4.25,3.9600000381469727,4.199999809265137,4.015150547027588,872800
2009-11-19,4.159999847412109,4.170000076293945,4.0,4.070000171661377,3.890873670578003,1001700
2009-11-20,4.0,4.159999847412109,4.0,4.050000190734863,3.871753215789795,904100
2009-11-23,4.159999847412109,4.329999923706055,4.139999866485596,4.300000190734863,4.1107497215271,789300
2009-11-24,4.289999961853027,4.289999961853027,4.110000133514404,4.260000228881836,4.072510242462158,848800
2009-11-25,4.300000190734863,4.300000190734863,4.199999809265137,4.230000019073486,4.043830871582031,366600
2009-11-27,4.019999980926514,4.179999828338623,3.990000009536743,4.099999904632568,3.919551372528076,353900
2009-11-30,4.079999923706055,4.170000076293945,4.03000020980835,4.170000076293945,3.986470937728882,1006600
2009-12-01,4.25,4.349999904632568,4.199999809265137,4.309999942779541,4.120309352874756,1823400
2009-12-02,4.320000171661377,4.46999979019165,4.320000171661377,4.400000095367432,4.2063469886779785,906600
2009-12-03,4.440000057220459,4.5,4.380000114440918,4.400000095367432,4.2063469886779785,572200
2009-12-04,4.5,4.789999961853027,4.460000038146973,4.679999828338623,4.474025726318359,1373500
2009-12-07,4.679999828338623,4.860000133514404,4.630000114440918,4.789999961853027,4.579182147979736,721600
2009-12-08,4.71999979019165,4.820000171661377,4.630000114440918,4.789999961853027,4.579182147979736,712600
2009-12-09,4.800000190734863,4.900000095367432,4.710000038146973,4.880000114440918,4.665224075317383,656600
2009-12-10,4.920000076293945,4.920000076293945,4.730000019073486,4.78000020980835,4.569625377655029,783200
2009-12-11,4.849999904632568,5.0,4.800000190734863,4.96999979019165,4.7512617111206055,1259000
2009-12-14,4.989999771118164,5.0,4.869999885559082,4.980000019073486,4.760821342468262,955300
2009-12-15,4.980000019073486,5.039999961853027,4.789999961853027,4.789999961853027,4.579182147979736,850500
2009-12-16,4.869999885559082,5.03000020980835,4.78000020980835,4.940000057220459,4.722583293914795,628700
2009-12-17,4.869999885559082,4.989999771118164,4.670000076293945,4.840000152587891,4.626983165740967,711500
2009-12-18,4.909999847412109,4.96999979019165,4.760000228881836,4.900000095367432,4.684342861175537,1571600
2009-12-21,4.940000057220459,4.980000019073486,4.769999980926514,4.880000114440918,4.665224075317383,979300
2009-12-22,4.900000095367432,5.360000133514404,4.880000114440918,5.329999923706055,5.095418930053711,1864600
2009-12-23,5.429999828338623,5.46999979019165,5.340000152587891,5.449999809265137,5.210137844085693,1439200
2009-12-24,5.460000038146973,5.650000095367432,5.360000133514404,5.619999885559082,5.372654438018799,981600
2009-12-28,5.610000133514404,5.75,5.53000020980835,5.619999885559082,5.372654438018799,1190500
2009-12-29,5.670000076293945,5.75,5.380000114440918,5.409999847412109,5.171896934509277,501200
2009-12-30,5.369999885559082,5.510000228881836,5.239999771118164,5.329999923706055,5.095418930053711,900600
2009-12-31,5.340000152587891,5.420000076293945,5.260000228881836,5.28000020980835,5.047617435455322,625100
2010-01-04,5.349999904632568,5.449999809265137,5.199999809265137,5.400000095367432,5.162336826324463,790500
2010-01-05,5.380000114440918,5.380000114440918,5.28000020980835,5.28000020980835,5.047617435455322,1468700
2010-01-06,5.25,5.389999866485596,5.03000020980835,5.190000057220459,4.961578845977783,2180300
2010-01-07,5.199999809265137,5.300000190734863,5.03000020980835,5.230000019073486,4.999818801879883,802300
2010-01-08,5.199999809265137,5.28000020980835,5.159999847412109,5.230000019073486,4.999818801879883,540800
2010-01-11,5.269999980926514,5.28000020980835,5.110000133514404,5.139999866485596,4.913778781890869,865400
2010-01-12,5.110000133514404,5.159999847412109,4.840000152587891,4.860000133514404,4.646103382110596,995200
2010-01-13,4.880000114440918,5.0,4.769999980926514,4.96999979019165,4.7512617111206055,796400
2010-01-14,4.929999828338623,5.050000190734863,4.860000133514404,5.019999980926514,4.799060821533203,468700
2010-01-15,5.050000190734863,5.110000133514404,4.800000190734863,4.860000133514404,4.646103382110596,724000
2010-01-19,4.869999885559082,4.940000057220459,4.789999961853027,4.940000057220459,4.722583293914795,726700
2010-01-20,4.880000114440918,4.920000076293945,4.659999847412109,4.760000228881836,4.550506114959717,923400
2010-01-21,4.760000228881836,4.840000152587891,4.619999885559082,4.71999979019165,4.512264728546143,1162300
2010-01-22,4.539999961853027,4.550000190734863,4.130000114440918,4.159999847412109,3.9769110679626465,3197100
2010-01-25,4.210000038146973,4.25,4.090000152587891,4.110000133514404,3.9291131496429443,1716800
2010-01-26,4.090000152587891,4.230000019073486,4.019999980926514,4.110000133514404,3.9291131496429443,1119000
2010-01-27,4.099999904632568,4.21999979019165,4.010000228881836,4.159999847412109,3.9769110679626465,786600
2010-01-28,4.159999847412109,4.190000057220459,3.759999990463257,3.8399999141693115,3.670994758605957,2647600
2010-01-29,3.9100000858306885,3.990000009536743,3.609999895095825,3.640000104904175,3.47979736328125,3123400
2010-02-01,3.690000057220459,3.950000047683716,3.690000057220459,3.9100000858306885,3.7379143238067627,1893000
2010-02-02,3.9100000858306885,4.190000057220459,3.880000114440918,4.150000095367432,3.967353343963623,2817000
2010-02-03,4.110000133514404,4.159999847412109,3.940000057220459,4.110000133514404,3.9291131496429443,1767700
2010-02-04,4.5,4.5,4.039999961853027,4.119999885559082,3.938671827316284,5220800
2010-02-05,4.119999885559082,4.300000190734863,4.0,4.260000228881836,4.072510242462158,2692800
2010-02-08,4.25,4.46999979019165,4.150000095367432,4.320000171661377,4.129870414733887,1787700
2010-02-09,4.409999847412109,4.590000152587891,4.380000114440918,4.559999942779541,4.359306335449219,1517100
2010-02-10,4.559999942779541,4.75,4.440000057220459,4.75,4.540943145751953,3369000
2010-02-11,4.789999961853027,4.829999923706055,4.5,4.820000171661377,4.6078643798828125,2671200
2010-02-12,4.739999771118164,4.940000057220459,4.670000076293945,4.860000133514404,4.646103382110596,1347500
2010-02-16,5.25,5.25,4.96999979019165,4.96999979019165,4.7512617111206055,3993600
2010-02-17,5.090000152587891,5.199999809265137,4.980000019073486,5.039999961853027,4.818181037902832,1738700
2010-02-18,5.059999942779541,5.090000152587891,4.920000076293945,5.03000020980835,4.808619976043701,1494900
2010-02-19,5.0,5.199999809265137,5.0,5.179999828338623,4.952018737792969,1161900
2010-02-22,5.199999809265137,5.199999809265137,5.070000171661377,5.179999828338623,4.952018737792969,846900
2010-02-23,5.170000076293945,5.170000076293945,4.670000076293945,4.690000057220459,4.483585357666016,3925400
2010-02-24,4.730000019073486,4.75,4.519999980926514,4.590000152587891,4.387985706329346,2185800
2010-02-25,4.5,4.510000228881836,4.300000190734863,4.510000228881836,4.311506748199463,3317100
2010-02-26,4.510000228881836,4.510000228881836,4.360000133514404,4.46999979019165,4.273266792297363,1105600
2010-03-01,4.5,4.800000190734863,4.429999828338623,4.760000228881836,4.550506114959717,2534900
2010-03-02,4.860000133514404,4.920000076293945,4.75,4.78000020980835,4.569625377655029,1018200
2010-03-03,4.809999942779541,4.820000171661377,4.710000038146973,4.739999771118164,4.53138542175293,1170200
2010-03-04,4.769999980926514,4.889999866485596,4.690000057220459,4.849999904632568,4.636543273925781,1065200
2010-03-05,4.889999866485596,5.25,4.860000133514404,5.150000095367432,4.923340797424316,2834600
2010-03-08,5.25,5.269999980926514,5.010000228881836,5.03000020980835,4.808619976043701,1655900
2010-03-09,5.03000020980835,5.090000152587891,4.960000038146973,5.0,4.779941082000732,1122000
2010-03-10,4.989999771118164,5.110000133514404,4.989999771118164,5.03000020980835,4.808619976043701,879200
2010-03-11,5.230000019073486,5.269999980926514,5.099999904632568,5.239999771118164,5.009377956390381,2699200
2010-03-12,5.289999961853027,5.329999923706055,5.199999809265137,5.289999961853027,5.057179927825928,1221500
2010-03-15,5.25,5.269999980926514,4.960000038146973,5.0,4.779941082000732,1793000
2010-03-16,5.019999980926514,5.099999904632568,4.949999809265137,5.079999923706055,4.856420040130615,1476900
2010-03-17,5.079999923706055,5.25,5.03000020980835,5.159999847412109,4.932898044586182,684000
2010-03-18,5.150000095367432,5.170000076293945,4.980000019073486,5.059999942779541,4.837300777435303,816800
2010-03-19,5.090000152587891,5.090000152587891,4.650000095367432,4.659999847412109,4.4549055099487305,2850600
2010-03-22,4.650000095367432,4.889999866485596,4.579999923706055,4.869999885559082,4.655663967132568,1522600
2010-03-23,4.909999847412109,5.059999942779541,4.820000171661377,4.989999771118164,4.770382404327393,1559400
2010-03-24,4.940000057220459,5.130000114440918,4.869999885559082,5.019999980926514,4.799060821533203,1506100
2010-03-25,5.070000171661377,5.170000076293945,5.070000171661377,5.079999923706055,4.856420040130615,1359900
2010-03-26,5.090000152587891,5.150000095367432,4.949999809265137,4.989999771118164,4.770382404327393,821900
2010-03-29,5.0,5.090000152587891,4.909999847412109,4.989999771118164,4.770382404327393,701200
2010-03-30,4.989999771118164,5.079999923706055,4.809999942779541,5.03000020980835,4.808619976043701,1201800
2010-03-31,4.96999979019165,5.199999809265137,4.949999809265137,5.03000020980835,4.808619976043701,1274400
2010-04-01,5.079999923706055,5.179999828338623,4.849999904632568,4.940000057220459,4.722583293914795,1863500
2010-04-05,4.960000038146973,5.139999866485596,4.960000038146973,5.119999885559082,4.894660472869873,1055800
2010-04-06,5.079999923706055,5.099999904632568,4.96999979019165,5.03000020980835,4.808619976043701,916300
2010-04-07,5.0,5.059999942779541,4.900000095367432,5.039999961853027,4.818181037902832,1381400
2010-04-08,5.0,5.079999923706055,4.880000114440918,4.980000019073486,4.760821342468262,1045700
2010-04-09,4.989999771118164,5.050000190734863,4.900000095367432,5.0,4.779941082000732,609100
2010-04-12,5.0,5.03000020980835,4.940000057220459,4.989999771118164,4.770382404327393,947800
2010-04-13,4.980000019073486,5.0,4.909999847412109,4.940000057220459,4.722583293914795,613000
2010-04-14,5.090000152587891,5.989999771118164,5.03000020980835,5.940000057220459,5.678570747375488,7078800
2010-04-15,5.909999847412109,6.070000171661377,5.710000038146973,5.880000114440918,5.621211051940918,1740000
2010-04-16,5.860000133514404,5.929999828338623,5.650000095367432,5.71999979019165,5.468254089355469,1462000
2010-04-19,5.659999847412109,5.78000020980835,5.550000190734863,5.690000057220459,5.439572811126709,1162600
2010-04-20,5.739999771118164,5.900000095367432,5.639999866485596,5.710000038146973,5.458693027496338,1472800
2010-04-21,5.71999979019165,5.800000190734863,5.650000095367432,5.78000020980835,5.525612831115723,1192700
2010-04-22,5.679999828338623,5.860000133514404,5.420000076293945,5.829999923706055,5.573412895202637,1477200
2010-04-23,5.869999885559082,6.239999771118164,5.809999942779541,6.190000057220459,5.917568206787109,2594500
2010-04-26,6.190000057220459,6.400000095367432,6.110000133514404,6.119999885559082,5.850647926330566,2909500
2010-04-27,6.139999866485596,6.440000057220459,6.079999923706055,6.119999885559082,5.850647926330566,3434800
2010-04-28,6.170000076293945,6.300000190734863,6.019999980926514,6.130000114440918,5.8602070808410645,2099100
2010-04-29,6.21999979019165,6.369999885559082,6.119999885559082,6.369999885559082,6.0896453857421875,1878200
2010-04-30,6.389999866485596,6.429999828338623,6.159999847412109,6.179999828338623,5.908008098602295,2577400
2010-05-03,6.25,6.829999923706055,6.119999885559082,6.75,6.452919960021973,3985900
2010-05-04,6.550000190734863,6.630000114440918,6.309999942779541,6.369999885559082,6.0896453857421875,3039000
2010-05-05,6.300000190734863,6.369999885559082,6.070000171661377,6.199999809265137,5.927126407623291,2708000
2010-05-06,6.150000095367432,6.369999885559082,4.800000190734863,5.639999866485596,5.3917741775512695,4536500
2010-05-07,5.75,5.75,5.110000133514404,5.289999961853027,5.057179927825928,3065700
2010-05-10,5.800000190734863,5.820000171661377,5.590000152587891,5.730000019073486,5.477812767028809,3130200
2010-05-11,5.590000152587891,5.900000095367432,5.510000228881836,5.739999771118164,5.487373352050781,1393400
2010-05-12,5.75,5.900000095367432,5.699999809265137,5.849999904632568,5.592531204223633,1498800
2010-05-13,5.800000190734863,6.0,5.730000019073486,5.829999923706055,5.573412895202637,1211000
2010-05-14,5.71999979019165,5.71999979019165,5.420000076293945,5.619999885559082,5.372654438018799,1427500
2010-05-17,5.619999885559082,5.71999979019165,5.159999847412109,5.489999771118164,5.248376369476318,2188600
2010-05-18,5.639999866485596,5.670000076293945,5.25,5.309999942779541,5.076297760009766,1411500
2010-05-19,5.289999961853027,5.389999866485596,5.010000228881836,5.199999809265137,4.9711384773254395,1979000
2010-05-20,5.0,5.119999885559082,4.75,4.920000076293945,4.703463554382324,2525300
2010-05-21,4.789999961853027,5.130000114440918,4.650000095367432,5.090000152587891,4.8659796714782715,2196100
2010-05-24,5.090000152587891,5.179999828338623,4.96999979019165,4.96999979019165,4.7512617111206055,1038800
2010-05-25,4.75,4.989999771118164,4.619999885559082,4.909999847412109,4.693902969360352,2091500
2010-05-26,5.0,5.21999979019165,4.900000095367432,4.96999979019165,4.7512617111206055,2068400
2010-05-27,5.25,5.449999809265137,5.179999828338623,5.429999828338623,5.191017150878906,1706800
2010-05-28,5.599999904632568,5.659999847412109,5.28000020980835,5.400000095367432,5.162336826324463,1616400
2010-06-01,5.320000171661377,5.440000057220459,5.039999961853027,5.039999961853027,4.818181037902832,1487800
2010-06-02,5.059999942779541,5.309999942779541,5.0,5.300000190734863,5.066738128662109,2011100
2010-06-03,5.28000020980835,5.349999904632568,5.099999904632568,5.210000038146973,4.980698585510254,2015800
2010-06-04,4.989999771118164,5.050000190734863,4.659999847412109,4.679999828338623,4.474025726318359,2106000
2010-06-07,4.699999809265137,4.820000171661377,4.400000095367432,4.420000076293945,4.225468158721924,2203500
2010-06-08,4.429999828338623,4.449999809265137,4.099999904632568,4.239999771118164,4.053390979766846,3344900
2010-06-09,4.300000190734863,4.420000076293945,4.079999923706055,4.139999866485596,3.957792043685913,2376100
2010-06-10,4.269999980926514,4.349999904632568,4.230000019073486,4.329999923706055,4.139430046081543,3096800
2010-06-11,4.25,4.400000095367432,4.179999828338623,4.400000095367432,4.2063469886779785,1538200
2010-06-14,4.519999980926514,4.630000114440918,4.46999979019165,4.519999980926514,4.321066379547119,2836600
2010-06-15,4.559999942779541,4.800000190734863,4.5,4.78000020980835,4.569625377655029,1258400
2010-06-16,4.71999979019165,4.730000019073486,4.570000171661377,4.639999866485596,4.435785293579102,2682800
2010-06-17,4.690000057220459,4.710000038146973,4.460000038146973,4.610000133514404,4.407107353210449,1470900
2010-06-18,4.650000095367432,4.699999809265137,4.559999942779541,4.670000076293945,4.464465141296387,1459400
2010-06-21,4.739999771118164,4.769999980926514,4.389999866485596,4.440000057220459,4.244588375091553,2780800
2010-06-22,4.46999979019165,4.630000114440918,4.400000095367432,4.409999847412109,4.215908527374268,2516500
2010-06-23,4.409999847412109,4.409999847412109,4.28000020980835,4.309999942779541,4.120309352874756,1508500
2010-06-24,4.260000228881836,4.269999980926514,4.110000133514404,4.159999847412109,3.9769110679626465,1421500
2010-06-25,4.199999809265137,4.300000190734863,4.119999885559082,4.25,4.062950134277344,2718300
2010-06-28,4.230000019073486,4.400000095367432,4.190000057220459,4.260000228881836,4.072510242462158,1156000
2010-06-29,4.130000114440918,4.190000057220459,3.990000009536743,4.079999923706055,3.900432586669922,1990200
2010-06-30,4.059999942779541,4.159999847412109,3.950000047683716,3.9700000286102295,3.795273542404175,1660200
2010-07-01,3.950000047683716,4.0,3.690000057220459,3.8399999141693115,3.670994758605957,2173200
2010-07-02,3.809999942779541,3.9100000858306885,3.7300000190734863,3.880000114440918,3.7092344760894775,1313700
2010-07-06,3.9800000190734863,4.059999942779541,3.7200000286102295,3.7699999809265137,3.604076623916626,1560600
2010-07-07,3.809999942779541,4.039999961853027,3.809999942779541,4.010000228881836,3.833513021469116,1108800
2010-07-08,4.079999923706055,4.179999828338623,3.950000047683716,4.159999847412109,3.9769110679626465,1286300
2010-07-09,4.159999847412109,4.409999847412109,4.119999885559082,4.409999847412109,4.215908527374268,1075600
2010-07-12,4.389999866485596,4.449999809265137,4.300000190734863,4.349999904632568,4.158549785614014,886600
2010-07-13,4.46999979019165,4.78000020980835,4.46999979019165,4.699999809265137,4.49314546585083,1686200
2010-07-14,4.699999809265137,4.909999847412109,4.679999828338623,4.769999980926514,4.560064315795898,2001600
2010-07-15,4.760000228881836,4.760000228881836,4.519999980926514,4.659999847412109,4.4549055099487305,1372400
2010-07-16,4.630000114440918,4.650000095367432,4.360000133514404,4.409999847412109,4.215908527374268,1294800
2010-07-19,4.46999979019165,4.5,4.260000228881836,4.380000114440918,4.187229156494141,789200
2010-07-20,4.269999980926514,4.480000019073486,4.179999828338623,4.480000019073486,4.2828264236450195,1273800
2010-07-21,4.550000190734863,4.630000114440918,4.409999847412109,4.449999809265137,4.254148006439209,1578500
2010-07-22,4.550000190734863,4.739999771118164,4.519999980926514,4.710000038146973,4.502706050872803,1336200
2010-07-23,4.650000095367432,4.920000076293945,4.619999885559082,4.889999866485596,4.674784183502197,1155200
2010-07-26,4.900000095367432,5.130000114440918,4.900000095367432,5.099999904632568,4.875539302825928,2691500
2010-07-27,5.139999866485596,5.150000095367432,4.570000171661377,4.849999904632568,4.636543273925781,4961100
2010-07-28,4.869999885559082,4.960000038146973,4.610000133514404,4.659999847412109,4.4549055099487305,2649000
2010-07-29,4.710000038146973,4.78000020980835,4.440000057220459,4.559999942779541,4.359306335449219,1233700
2010-07-30,4.5,4.659999847412109,4.449999809265137,4.610000133514404,4.407107353210449,872000
2010-08-02,4.75,4.920000076293945,4.659999847412109,4.889999866485596,4.674784183502197,2069200
2010-08-03,4.849999904632568,4.929999828338623,4.730000019073486,4.820000171661377,4.6078643798828125,1143100
2010-08-04,4.849999904632568,4.909999847412109,4.820000171661377,4.860000133514404,4.646103382110596,589100
2010-08-05,4.809999942779541,4.900000095367432,4.78000020980835,4.860000133514404,4.646103382110596,506800
2010-08-06,4.75,4.889999866485596,4.610000133514404,4.730000019073486,4.521825313568115,818200
2010-08-09,4.78000020980835,4.900000095367432,4.769999980926514,4.889999866485596,4.674784183502197,949300
2010-08-10,4.800000190734863,4.829999923706055,4.679999828338623,4.679999828338623,4.474025726318359,1391200
2010-08-11,4.519999980926514,4.53000020980835,4.039999961853027,4.090000152587891,3.909992218017578,2192900
2010-08-12,3.950000047683716,4.199999809265137,3.9200000762939453,4.110000133514404,3.9291131496429443,1330600
2010-08-13,4.090000152587891,4.199999809265137,4.050000190734863,4.159999847412109,3.9769110679626465,1132000
2010-08-16,4.150000095367432,4.230000019073486,4.019999980926514,4.170000076293945,3.986470937728882,1159000
2010-08-17,4.239999771118164,4.46999979019165,4.210000038146973,4.409999847412109,4.215908527374268,1008400
2010-08-18,4.389999866485596,4.440000057220459,4.329999923706055,4.409999847412109,4.215908527374268,621700
2010-08-19,4.360000133514404,4.440000057220459,4.170000076293945,4.28000020980835,4.091629505157471,1028100
2010-08-20,4.21999979019165,4.300000190734863,4.119999885559082,4.179999828338623,3.9960312843322754,1186000
2010-08-23,4.230000019073486,4.320000171661377,4.190000057220459,4.260000228881836,4.072510242462158,1611200
2010-08-24,4.170000076293945,4.25,4.070000171661377,4.090000152587891,3.909992218017578,1044100
2010-08-25,4.050000190734863,4.099999904632568,3.890000104904175,4.019999980926514,3.8430728912353516,1764900
2010-08-26,4.050000190734863,4.099999904632568,3.8399999141693115,3.8499999046325684,3.680555820465088,1132500
2010-08-27,3.9200000762939453,3.9800000190734863,3.75,3.930000066757202,3.757033586502075,2368800
2010-08-30,3.9000000953674316,3.990000009536743,3.859999895095825,3.9000000953674316,3.7283544540405273,1289700
2010-08-31,3.880000114440918,3.9700000286102295,3.809999942779541,3.8399999141693115,3.670994758605957,1890500
2010-09-01,3.9700000286102295,4.090000152587891,3.9100000858306885,4.0,3.82395339012146,2928400
2010-09-02,4.010000228881836,4.070000171661377,3.990000009536743,4.019999980926514,3.8430728912353516,1833100
2010-09-03,4.099999904632568,4.25,4.099999904632568,4.25,4.062950134277344,1626000
2010-09-07,4.190000057220459,4.320000171661377,4.070000171661377,4.079999923706055,3.900432586669922,2182900
2010-09-08,4.110000133514404,4.360000133514404,4.110000133514404,4.329999923706055,4.139430046081543,1770300
2010-09-09,4.389999866485596,4.489999771118164,4.269999980926514,4.289999961853027,4.101190567016602,1393600
2010-09-10,4.300000190734863,4.380000114440918,4.210000038146973,4.300000190734863,4.1107497215271,714800
2010-09-13,4.369999885559082,4.610000133514404,4.349999904632568,4.599999904632568,4.397548198699951,1095100
2010-09-14,4.570000171661377,4.670000076293945,4.449999809265137,4.579999923706055,4.378425598144531,861600
2010-09-15,4.539999961853027,4.699999809265137,4.519999980926514,4.639999866485596,4.435785293579102,1198500
2010-09-16,4.639999866485596,4.699999809265137,4.599999904632568,4.630000114440918,4.426225662231445,1415700
2010-09-17,4.710000038146973,4.739999771118164,4.639999866485596,4.710000038146973,4.502706050872803,1232100
2010-09-20,4.75,4.940000057220459,4.71999979019165,4.940000057220459,4.722583293914795,1529900
2010-09-21,4.96999979019165,4.989999771118164,4.909999847412109,4.949999809265137,4.732142448425293,1597400
2010-09-22,4.730000019073486,4.760000228881836,4.46999979019165,4.53000020980835,4.330627918243408,1565900
2010-09-23,4.460000038146973,4.510000228881836,4.349999904632568,4.369999885559082,4.177670001983643,1251000
2010-09-24,4.489999771118164,4.670000076293945,4.440000057220459,4.590000152587891,4.387985706329346,1538700
2010-09-27,4.610000133514404,4.800000190734863,4.610000133514404,4.71999979019165,4.512264728546143,1194900
2010-09-28,4.699999809265137,4.800000190734863,4.639999866485596,4.789999961853027,4.579182147979736,1165600
2010-09-29,4.789999961853027,4.880000114440918,4.71999979019165,4.739999771118164,4.53138542175293,801400
2010-09-30,4.800000190734863,4.860000133514404,4.550000190734863,4.670000076293945,4.464465141296387,982400
2010-10-01,4.71999979019165,4.78000020980835,4.630000114440918,4.650000095367432,4.445344924926758,675200
2010-10-04,4.639999866485596,4.71999979019165,4.53000020980835,4.579999923706055,4.378425598144531,1079600
2010-10-05,4.650000095367432,4.800000190734863,4.630000114440918,4.78000020980835,4.569625377655029,693100
2010-10-06,4.800000190734863,4.820000171661377,4.679999828338623,4.710000038146973,4.502706050872803,616700
2010-10-07,4.78000020980835,4.880000114440918,4.710000038146973,4.829999923706055,4.6174235343933105,1032100
2010-10-08,4.829999923706055,4.829999923706055,4.550000190734863,4.710000038146973,4.502706050872803,2419200
2010-10-11,4.71999979019165,4.840000152587891,4.71999979019165,4.789999961853027,4.579182147979736,1354400
2010-10-12,4.75,4.909999847412109,4.679999828338623,4.900000095367432,4.684342861175537,1297500
2010-10-13,5.0,5.0,4.860000133514404,4.869999885559082,4.655663967132568,1107500
2010-10-14,4.869999885559082,5.050000190734863,4.820000171661377,5.03000020980835,4.808619976043701,2117500
2010-10-15,5.099999904632568,5.179999828338623,4.96999979019165,5.170000076293945,4.942460536956787,1726700
2010-10-18,5.179999828338623,5.309999942779541,5.110000133514404,5.21999979019165,4.990260124206543,1325300
2010-10-19,5.110000133514404,5.210000038146973,4.920000076293945,5.03000020980835,4.808619976043701,1454400
2010-10-20,5.0,5.130000114440918,4.96999979019165,5.090000152587891,4.8659796714782715,1112700
2010-10-21,5.110000133514404,5.190000057220459,4.989999771118164,5.039999961853027,4.818181037902832,1273900
2010-10-22,5.070000171661377,5.119999885559082,4.989999771118164,5.050000190734863,4.8277411460876465,1342100
2010-10-25,5.130000114440918,5.269999980926514,5.079999923706055,5.079999923706055,4.856420040130615,1508600
2010-10-26,5.400000095367432,6.150000095367432,5.300000190734863,6.059999942779541,5.793290615081787,7013200
2010-10-27,6.010000228881836,6.110000133514404,5.920000076293945,6.090000152587891,5.821967124938965,2487300
2010-10-28,6.119999885559082,6.139999866485596,5.730000019073486,5.829999923706055,5.573412895202637,1834000
2010-10-29,5.849999904632568,6.059999942779541,5.829999923706055,5.989999771118164,5.726370334625244,2268800
2010-11-01,6.03000020980835,6.079999923706055,5.880000114440918,5.920000076293945,5.659450531005859,1901600
2010-11-02,6.019999980926514,6.070000171661377,5.920000076293945,6.050000190734863,5.78372859954834,1854800
2010-11-03,6.059999942779541,6.110000133514404,5.920000076293945,6.019999980926514,5.755050182342529,1874300
2010-11-04,6.099999904632568,6.380000114440918,6.099999904632568,6.25,5.9749274253845215,2199900
2010-11-05,6.239999771118164,6.380000114440918,6.179999828338623,6.380000114440918,6.099204063415527,1382200
2010-11-08,6.320000171661377,6.71999979019165,6.25,6.579999923706055,6.290402412414551,2513900
2010-11-09,6.619999885559082,6.679999828338623,6.289999961853027,6.320000171661377,6.041844844818115,1708400
2010-11-10,6.300000190734863,6.380000114440918,6.119999885559082,6.320000171661377,6.041844844818115,1141700
2010-11-11,6.230000019073486,6.230000019073486,5.900000095367432,6.170000076293945,5.898446559906006,1441600
2010-11-12,6.039999961853027,6.21999979019165,5.929999828338623,6.090000152587891,5.821967124938965,1534500
2010-11-15,6.150000095367432,6.610000133514404,6.050000190734863,6.369999885559082,6.0896453857421875,2460800
2010-11-16,6.309999942779541,6.360000133514404,5.960000038146973,6.010000228881836,5.745490550994873,1616100
2010-11-17,6.03000020980835,6.139999866485596,5.989999771118164,6.019999980926514,5.755050182342529,763400
2010-11-18,6.139999866485596,6.349999904632568,6.119999885559082,6.329999923706055,6.0514068603515625,1044700
2010-11-19,6.320000171661377,6.409999847412109,6.25,6.349999904632568,6.070526123046875,1023300
2010-11-22,6.309999942779541,6.5,6.260000228881836,6.449999809265137,6.166125297546387,1137200
2010-11-23,6.340000152587891,6.409999847412109,6.230000019073486,6.409999847412109,6.1278862953186035,1080700
2010-11-24,6.480000019073486,6.579999923706055,6.400000095367432,6.570000171661377,6.280843257904053,708200
2010-11-26,6.5,6.539999961853027,6.449999809265137,6.489999771118164,6.2043633460998535,279500
2010-11-29,6.429999828338623,6.489999771118164,6.289999961853027,6.440000057220459,6.156563758850098,1225100
2010-11-30,6.329999923706055,6.550000190734863,6.300000190734863,6.5,6.213924407958984,2028000
2010-12-01,6.599999904632568,6.949999809265137,6.53000020980835,6.889999866485596,6.586759090423584,1953800
2010-12-02,6.940000057220459,7.099999904632568,6.849999904632568,7.079999923706055,6.768397808074951,1700500
2010-12-03,7.03000020980835,7.190000057220459,6.820000171661377,7.0,6.691918849945068,1506900
2010-12-06,6.949999809265137,7.010000228881836,6.679999828338623,6.739999771118164,6.443360328674316,2501700
2010-12-07,6.880000114440918,6.989999771118164,6.789999961853027,6.900000095367432,6.596320152282715,1022400
2010-12-08,6.940000057220459,7.099999904632568,6.860000133514404,7.03000020980835,6.720597743988037,794800
2010-12-09,7.130000114440918,7.130000114440918,7.010000228881836,7.090000152587891,6.777957916259766,520800
2010-12-10,7.119999885559082,7.150000095367432,7.039999961853027,7.150000095367432,6.835317611694336,606200
2010-12-13,7.150000095367432,7.579999923706055,7.150000095367432,7.400000095367432,7.074313163757324,1722500
2010-12-14,7.409999847412109,7.480000019073486,7.099999904632568,7.119999885559082,6.806635856628418,954000
2010-12-15,7.079999923706055,7.210000038146973,6.909999847412109,6.989999771118164,6.682358264923096,1379100
2010-12-16,7.0,7.269999980926514,6.980000019073486,7.25,6.930915832519531,733100
2010-12-17,7.269999980926514,7.400000095367432,7.159999847412109,7.329999923706055,7.0073957443237305,1175200
2010-12-20,7.369999885559082,7.53000020980835,7.329999923706055,7.369999885559082,7.045632839202881,796100
2010-12-21,7.449999809265137,7.730000019073486,7.380000114440918,7.699999809265137,7.361111640930176,1264900
2010-12-22,7.690000057220459,7.690000057220459,7.440000057220459,7.46999979019165,7.141232967376709,1019200
2010-12-23,7.5,7.519999980926514,7.369999885559082,7.380000114440918,7.055192947387695,577100
2010-12-27,7.340000152587891,7.550000190734863,7.300000190734863,7.550000190734863,7.217712879180908,434800
2010-12-28,7.539999961853027,7.579999923706055,7.329999923706055,7.389999866485596,7.064752578735352,849200
2010-12-29,7.449999809265137,7.619999885559082,7.420000076293945,7.5,7.169912338256836,617100
2010-12-30,7.510000228881836,7.590000152587891,7.5,7.5,7.169912338256836,357600
2010-12-31,7.480000019073486,7.579999923706055,7.46999979019165,7.46999979019165,7.141232967376709,529700
2011-01-03,7.599999904632568,7.699999809265137,7.210000038146973,7.590000152587891,7.25595235824585,1616000
2011-01-04,7.630000114440918,7.630000114440918,7.400000095367432,7.449999809265137,7.122112274169922,1197200
2011-01-05,7.409999847412109,7.429999828338623,7.119999885559082,7.28000020980835,6.9595947265625,2155200
2011-01-06,7.260000228881836,7.300000190734863,7.119999885559082,7.199999809265137,6.883114814758301,1167500
2011-01-07,7.199999809265137,7.340000152587891,7.110000133514404,7.320000171661377,6.9978346824646,910600
2011-01-10,7.269999980926514,7.360000133514404,7.090000152587891,7.340000152587891,7.016953468322754,976400
2011-01-11,7.360000133514404,7.619999885559082,7.349999904632568,7.519999980926514,7.189032554626465,1509900
2011-01-12,7.539999961853027,7.639999866485596,7.449999809265137,7.619999885559082,7.284631729125977,1031600
2011-01-13,7.599999904632568,7.599999904632568,7.340000152587891,7.489999771118164,7.160353183746338,1082400
2011-01-14,7.510000228881836,7.96999979019165,7.510000228881836,7.909999847412109,7.561867713928223,1675800
2011-01-18,7.909999847412109,7.949999809265137,7.630000114440918,7.650000095367432,7.313310146331787,1271000
2011-01-19,7.599999904632568,7.599999904632568,7.300000190734863,7.360000133514404,7.036074638366699,1639900
2011-01-20,7.28000020980835,7.360000133514404,7.099999904632568,7.269999980926514,6.950033664703369,1012600
2011-01-21,7.340000152587891,7.389999866485596,7.210000038146973,7.25,6.930915832519531,1255300
2011-01-24,7.239999771118164,7.510000228881836,7.239999771118164,7.449999809265137,7.122112274169922,1028900
2011-01-25,7.349999904632568,7.349999904632568,6.980000019073486,7.159999847412109,6.844875335693359,1899700
2011-01-26,7.139999866485596,7.320000171661377,7.03000020980835,7.230000019073486,6.911795616149902,1426300
2011-01-27,7.260000228881836,7.630000114440918,7.230000019073486,7.559999942779541,7.22727108001709,1113300
2011-01-28,7.570000171661377,7.739999771118164,7.25,7.269999980926514,6.950033664703369,1992000
2011-01-31,7.360000133514404,7.699999809265137,7.360000133514404,7.650000095367432,7.313310146331787,1542800
2011-02-01,7.949999809265137,8.550000190734863,7.840000152587891,8.529999732971191,8.154581069946289,5167800
2011-02-02,8.520000457763672,8.600000381469727,8.270000457763672,8.430000305175781,8.058981895446777,2046400
2011-02-03,8.380000114440918,8.539999961853027,8.260000228881836,8.319999694824219,7.953822135925293,1161000
2011-02-04,8.449999809265137,8.460000038146973,8.119999885559082,8.460000038146973,8.087661743164062,899000
2011-02-07,8.5600004196167,8.819999694824219,8.5,8.670000076293945,8.288416862487793,1422400
2011-02-08,8.6899995803833,8.800000190734863,8.5600004196167,8.720000267028809,8.336216926574707,1095200
2011-02-09,8.720000267028809,8.729999542236328,8.529999732971191,8.65999984741211,8.278860092163086,973500
2011-02-10,8.550000190734863,8.729999542236328,8.449999809265137,8.720000267028809,8.336216926574707,1192800
2011-02-11,8.619999885559082,8.949999809265137,8.5600004196167,8.90999984741211,8.517855644226074,1303300
2011-02-14,8.960000038146973,9.640000343322754,8.90999984741211,9.640000343322754,9.215728759765625,3297100
2011-02-15,9.59000015258789,9.59000015258789,9.25,9.270000457763672,8.862011909484863,2084300
2011-02-16,9.34000015258789,9.390000343322754,9.199999809265137,9.260000228881836,8.85245132446289,1321800
2011-02-17,9.279999732971191,9.369999885559082,9.199999809265137,9.350000381469727,8.938490867614746,892600
2011-02-18,9.40999984741211,9.40999984741211,9.020000457763672,9.149999618530273,8.747292518615723,940500
2011-02-22,8.949999809265137,9.0600004196167,8.699999809265137,8.760000228881836,8.374458312988281,1977000
2011-02-23,8.760000228881836,8.760000228881836,8.069999694824219,8.300000190734863,7.934706687927246,2004300
2011-02-24,8.279999732971191,8.600000381469727,8.229999542236328,8.550000190734863,8.173697471618652,1300300
2011-02-25,8.649999618530273,8.979999542236328,8.569999694824219,8.899999618530273,8.508296012878418,1035800
2011-02-28,9.010000228881836,9.029999732971191,8.529999732971191,8.720000267028809,8.336216926574707,757800
2011-03-01,8.729999542236328,8.829999923706055,8.399999618530273,8.510000228881836,8.135462760925293,1366400
2011-03-02,8.5,8.819999694824219,8.449999809265137,8.680000305175781,8.297977447509766,923500
2011-03-03,8.829999923706055,9.149999618530273,8.829999923706055,9.140000343322754,8.73773193359375,1537700
2011-03-04,9.479999542236328,9.479999542236328,8.829999923706055,8.890000343322754,8.498737335205078,1529800
2011-03-07,8.920000076293945,8.970000267028809,8.300000190734863,8.520000457763672,8.145020484924316,1287200
2011-03-08,8.510000228881836,8.84000015258789,8.359999656677246,8.6899995803833,8.307538986206055,916600
2011-03-09,8.710000038146973,8.710000038146973,8.239999771118164,8.34000015258789,7.972941875457764,1219200
2011-03-10,8.199999809265137,8.199999809265137,7.760000228881836,7.789999961853027,7.447147369384766,2176300
2011-03-11,7.710000038146973,7.889999866485596,7.5,7.78000020980835,7.437589645385742,1431700
2011-03-14,7.679999828338623,7.960000038146973,7.539999961853027,7.75,7.408908843994141,881500
2011-03-15,7.440000057220459,7.659999847412109,7.210000038146973,7.489999771118164,7.160353183746338,1526300
2011-03-16,7.5,7.519999980926514,7.099999904632568,7.170000076293945,6.854435920715332,3765700
2011-03-17,7.300000190734863,7.619999885559082,7.239999771118164,7.550000190734863,7.217712879180908,2440000
2011-03-18,7.690000057220459,7.75,7.559999942779541,7.679999828338623,7.341989517211914,1478100
2011-03-21,7.840000152587891,8.050000190734863,7.800000190734863,8.0,7.64790678024292,1197700
2011-03-22,7.980000019073486,8.029999732971191,7.889999866485596,8.010000228881836,7.657465934753418,2104100
2011-03-23,7.96999979019165,8.3100004196167,7.889999866485596,8.1899995803833,7.829543113708496,1281500
2011-03-24,8.270000457763672,8.619999885559082,8.180000305175781,8.550000190734863,8.173697471618652,1562800
2011-03-25,8.649999618530273,8.720000267028809,8.390000343322754,8.40999984741211,8.039864540100098,1545800
2011-03-28,8.4399995803833,8.609999656677246,8.390000343322754,8.529999732971191,8.154581069946289,1048800
2011-03-29,8.489999771118164,8.739999771118164,8.34000015258789,8.640000343322754,8.259740829467773,1377900
2011-03-30,8.680000305175781,8.899999618530273,8.529999732971191,8.899999618530273,8.508296012878418,1992600
2011-03-31,8.829999923706055,8.859999656677246,8.6899995803833,8.779999732971191,8.39357852935791,1592900
2011-04-01,8.890000343322754,8.920000076293945,8.619999885559082,8.710000038146973,8.326658248901367,943000
2011-04-04,8.510000228881836,8.600000381469727,8.270000457763672,8.359999656677246,7.992062568664551,1738700
2011-04-05,8.380000114440918,8.760000228881836,8.380000114440918,8.510000228881836,8.135462760925293,1154100
2011-04-06,8.65999984741211,8.729999542236328,8.449999809265137,8.609999656677246,8.231059074401855,573100
2011-04-07,8.609999656677246,8.670000076293945,8.279999732971191,8.380000114440918,8.011183738708496,947900
2011-04-08,8.460000038146973,8.479999542236328,8.130000114440918,8.239999771118164,7.877343654632568,795900
2011-04-11,8.220000267028809,8.229999542236328,8.010000228881836,8.029999732971191,7.676587104797363,872600
2011-04-12,7.889999866485596,8.029999732971191,7.829999923706055,7.829999923706055,7.485389232635498,1823500
2011-04-13,7.929999828338623,8.0,7.699999809265137,7.800000190734863,7.456708908081055,1126400
2011-04-14,7.71999979019165,7.789999961853027,7.550000190734863,7.789999961853027,7.447147369384766,1262000
2011-04-15,7.760000228881836,7.949999809265137,7.679999828338623,7.940000057220459,7.59054708480835,1190600
2011-04-18,7.75,7.769999980926514,7.5,7.699999809265137,7.361111640930176,1126000
2011-04-19,7.71999979019165,7.860000133514404,7.610000133514404,7.849999904632568,7.504508018493652,853600
2011-04-20,8.09000015258789,8.270000457763672,8.020000457763672,8.25,7.886903285980225,1104900
2011-04-21,9.15999984741211,9.279999732971191,8.779999732971191,8.890000343322754,8.498737335205078,4313100
2011-04-25,8.850000381469727,8.9399995803833,8.520000457763672,8.569999694824219,8.192821502685547,1561000
2011-04-26,8.739999771118164,8.84000015258789,8.539999961853027,8.59000015258789,8.21193790435791,2396200
2011-04-27,8.600000381469727,8.65999984741211,8.380000114440918,8.59000015258789,8.21193790435791,1834500
2011-04-28,8.579999923706055,8.699999809265137,8.5,8.600000381469727,8.2214994430542,1200000
2011-04-29,8.600000381469727,8.680000305175781,8.420000076293945,8.630000114440918,8.2501802444458,1525300
2011-05-02,8.699999809265137,8.710000038146973,8.449999809265137,8.619999885559082,8.240618705749512,1258100
2011-05-03,8.600000381469727,8.649999618530273,8.40999984741211,8.489999771118164,8.116340637207031,1400300
2011-05-04,8.479999542236328,8.600000381469727,8.369999885559082,8.470000267028809,8.097221374511719,1464200
2011-05-05,8.380000114440918,8.800000190734863,8.289999961853027,8.609999656677246,8.231059074401855,1700000
2011-05-06,8.789999961853027,8.960000038146973,8.670000076293945,8.75,8.364900588989258,1335900
2011-05-09,8.729999542236328,9.0,8.579999923706055,8.949999809265137,8.5560941696167,1458100
2011-05-10,8.979999542236328,9.109999656677246,8.9399995803833,9.109999656677246,8.709053039550781,1101100
2011-05-11,9.100000381469727,9.119999885559082,8.84000015258789,8.920000076293945,8.527413368225098,1200000
2011-05-12,8.850000381469727,9.149999618530273,8.710000038146973,9.0600004196167,8.661255836486816,1200000
2011-05-13,9.109999656677246,9.15999984741211,8.8100004196167,8.920000076293945,8.527413368225098,1051900
2011-05-16,9.020000457763672,9.020000457763672,8.65999984741211,8.800000190734863,8.412693977355957,1468000
2011-05-17,8.699999809265137,8.760000228881836,8.569999694824219,8.640000343322754,8.259740829467773,1236000
2011-05-18,8.670000076293945,8.899999618530273,8.600000381469727,8.869999885559082,8.479616165161133,859200
2011-05-19,8.960000038146973,8.960000038146973,8.699999809265137,8.829999923706055,8.44137954711914,885200
2011-05-20,8.760000228881836,8.899999618530273,8.6899995803833,8.729999542236328,8.345779418945312,939800
2011-05-23,8.520000457763672,8.710000038146973,8.5,8.5600004196167,8.183259010314941,1200000
2011-05-24,8.630000114440918,8.649999618530273,8.350000381469727,8.420000076293945,8.049418449401855,1306100
2011-05-25,8.350000381469727,8.729999542236328,8.350000381469727,8.649999618530273,8.26929759979248,857200
2011-05-26,8.600000381469727,8.920000076293945,8.510000228881836,8.829999923706055,8.44137954711914,875900
2011-05-27,8.880000114440918,9.0,8.829999923706055,8.899999618530273,8.508296012878418,691800
2011-05-31,8.970000267028809,9.180000305175781,8.90999984741211,9.180000305175781,8.775971412658691,1131800
2011-06-01,9.130000114440918,9.260000228881836,8.880000114440918,8.930000305175781,8.536977767944336,2138000
2011-06-02,8.90999984741211,9.010000228881836,8.710000038146973,8.859999656677246,8.47005844116211,1112800
2011-06-03,8.699999809265137,8.829999923706055,8.609999656677246,8.720000267028809,8.336216926574707,1090800
2011-06-06,8.680000305175781,8.850000381469727,8.579999923706055,8.6899995803833,8.307538986206055,1506500
2011-06-07,8.789999961853027,9.050000190734863,8.760000228881836,9.0,8.60389518737793,1392900
2011-06-08,8.90999984741211,8.920000076293945,8.720000267028809,8.8100004196167,8.42225456237793,2151500
2011-06-09,8.850000381469727,8.930000305175781,8.720000267028809,8.8100004196167,8.42225456237793,889400
2011-06-10,8.729999542236328,9.100000381469727,8.600000381469727,8.90999984741211,8.517855644226074,2309900
2011-06-13,8.90999984741211,9.039999961853027,8.819999694824219,8.84000015258789,8.450936317443848,1622300
2011-06-14,8.960000038146973,9.1899995803833,8.949999809265137,9.15999984741211,8.756851196289062,1513400
2011-06-15,8.880000114440918,9.40999984741211,8.880000114440918,9.100000381469727,8.699494361877441,2752300
2011-06-16,9.0600004196167,9.199999809265137,8.930000305175781,9.010000228881836,8.613454818725586,1436600
2011-06-17,9.25,9.279999732971191,9.050000190734863,9.149999618530273,8.747292518615723,1965600
2011-06-20,9.119999885559082,9.279999732971191,8.949999809265137,9.020000457763672,8.623013496398926,1719700
2011-06-21,9.180000305175781,9.550000190734863,9.109999656677246,9.510000228881836,9.091447830200195,2075500
2011-06-22,9.40999984741211,9.829999923706055,9.380000114440918,9.640000343322754,9.215728759765625,2418400
2011-06-23,9.510000228881836,9.779999732971191,9.319999694824219,9.75,9.320886611938477,1745400
2011-06-24,9.8100004196167,10.029999732971191,9.760000228881836,9.779999732971191,9.349568367004395,2269500
2011-06-27,9.899999618530273,10.140000343322754,9.8100004196167,9.979999542236328,9.540764808654785,2263100
2011-06-28,10.0,10.199999809265137,9.9399995803833,9.970000267028809,9.531204223632812,1839700
2011-06-29,10.0,10.170000076293945,9.899999618530273,9.970000267028809,9.531204223632812,1701100
2011-06-30,9.949999809265137,10.270000457763672,9.930000305175781,10.119999885559082,9.674601554870605,2736000
2011-07-01,9.829999923706055,10.5,9.829999923706055,10.4399995803833,9.980520248413086,2994100
2011-07-05,10.470000267028809,10.579999923706055,10.260000228881836,10.300000190734863,9.846681594848633,2130800
2011-07-06,10.289999961853027,10.3100004196167,9.949999809265137,10.15999984741211,9.71284008026123,2043000
2011-07-07,10.329999923706055,10.449999809265137,9.949999809265137,10.010000228881836,9.56944465637207,3420800
2011-07-08,9.789999961853027,9.90999984741211,9.59000015258789,9.75,9.320886611938477,1968000
2011-07-11,9.989999771118164,9.989999771118164,9.460000038146973,9.520000457763672,9.101012229919434,1582900
2011-07-12,9.34000015258789,9.399999618530273,8.59000015258789,8.59000015258789,8.21193790435791,3738900
2011-07-13,8.850000381469727,8.9399995803833,8.609999656677246,8.649999618530273,8.26929759979248,2511600
2011-07-14,8.649999618530273,8.779999732971191,8.470000267028809,8.510000228881836,8.135462760925293,2633500
2011-07-15,8.579999923706055,8.630000114440918,8.369999885559082,8.449999809265137,8.07809829711914,1738300
2011-07-18,8.430000305175781,8.430000305175781,8.119999885559082,8.34000015258789,7.972941875457764,1429100
2011-07-19,8.420000076293945,8.600000381469727,8.40999984741211,8.550000190734863,8.173697471618652,1212200
2011-07-20,8.510000228881836,8.579999923706055,8.319999694824219,8.489999771118164,8.116340637207031,1315700
2011-07-21,7.820000171661377,8.569999694824219,7.5,8.569999694824219,8.192821502685547,3315500
2011-07-22,8.539999961853027,9.5,8.539999961853027,9.369999885559082,8.957609176635742,4121800
2011-07-25,9.140000343322754,9.170000076293945,8.8100004196167,8.949999809265137,8.5560941696167,2063300
2011-07-26,8.989999771118164,9.260000228881836,8.899999618530273,9.069999694824219,8.670816421508789,1995100
2011-07-27,8.920000076293945,9.0,8.619999885559082,8.640000343322754,8.259740829467773,2381200
2011-07-28,8.640000343322754,8.949999809265137,8.470000267028809,8.609999656677246,8.231059074401855,1192600
2011-07-29,8.489999771118164,8.699999809265137,8.289999961853027,8.569999694824219,8.192821502685547,1726000
2011-08-01,8.699999809265137,8.90999984741211,8.449999809265137,8.65999984741211,8.278860092163086,2248400
2011-08-02,8.550000190734863,8.739999771118164,8.199999809265137,8.210000038146973,7.848663806915283,1556800
2011-08-03,8.25,8.380000114440918,7.980000019073486,8.359999656677246,7.992062568664551,1739900
2011-08-04,8.199999809265137,8.260000228881836,7.769999980926514,7.769999980926514,7.428030014038086,2562400
2011-08-05,7.889999866485596,7.96999979019165,7.309999942779541,7.599999904632568,7.265512943267822,2509200
2011-08-08,7.269999980926514,7.559999942779541,6.880000114440918,6.880000114440918,6.577199459075928,3210000
2011-08-09,7.119999885559082,7.789999961853027,7.039999961853027,7.789999961853027,7.447147369384766,3484900
2011-08-10,8.170000076293945,8.170000076293945,7.239999771118164,7.340000152587891,7.016953468322754,2946600
2011-08-11,7.409999847412109,8.140000343322754,7.409999847412109,7.960000038146973,7.6096673011779785,3058900
2011-08-12,8.029999732971191,8.050000190734863,7.679999828338623,7.809999942779541,7.466268062591553,1486600
2011-08-15,7.889999866485596,7.980000019073486,7.739999771118164,7.909999847412109,7.561867713928223,1505500
2011-08-16,7.760000228881836,7.849999904632568,7.420000076293945,7.570000171661377,7.236831188201904,1128900
2011-08-17,7.610000133514404,7.659999847412109,7.199999809265137,7.25,6.930915832519531,2494300
2011-08-18,6.929999828338623,7.019999980926514,6.690000057220459,6.840000152587891,6.53895902633667,1950600
2011-08-19,6.710000038146973,7.0,6.559999942779541,6.659999847412109,6.366880893707275,1007800
2011-08-22,6.920000076293945,6.929999828338623,6.590000152587891,6.679999828338623,6.386001110076904,1064400
2011-08-23,6.75,7.059999942779541,6.659999847412109,7.019999980926514,6.711038589477539,2109000
2011-08-24,7.019999980926514,7.110000133514404,6.920000076293945,7.099999904632568,6.787517070770264,2901100
2011-08-25,7.150000095367432,7.210000038146973,6.820000171661377,6.900000095367432,6.596320152282715,2384200
2011-08-26,6.800000190734863,7.159999847412109,6.699999809265137,7.119999885559082,6.806635856628418,877900
2011-08-29,7.25,7.550000190734863,7.170000076293945,7.539999961853027,7.208153247833252,789800
2011-08-30,7.510000228881836,7.75,7.360000133514404,7.699999809265137,7.361111640930176,1832200
2011-08-31,7.760000228881836,7.900000095367432,7.460000038146973,7.519999980926514,7.189032554626465,2930400
2011-09-01,7.53000020980835,7.659999847412109,7.21999979019165,7.21999979019165,6.90223503112793,1377000
2011-09-02,7.010000228881836,7.199999809265137,6.800000190734863,6.869999885559082,6.567640781402588,1023600
2011-09-06,6.570000171661377,6.849999904632568,6.550000190734863,6.820000171661377,6.519839286804199,1157900
2011-09-07,7.0,7.340000152587891,6.989999771118164,7.28000020980835,6.9595947265625,1749700
2011-09-08,7.199999809265137,7.590000152587891,7.079999923706055,7.139999866485596,6.825757026672363,1276400
2011-09-09,7.03000020980835,7.269999980926514,6.900000095367432,7.090000152587891,6.777957916259766,1715400
2011-09-12,6.940000057220459,7.389999866485596,6.909999847412109,7.389999866485596,7.064752578735352,1676200
2011-09-13,7.460000038146973,7.610000133514404,7.360000133514404,7.480000019073486,7.15079402923584,1302000
2011-09-14,7.579999923706055,7.699999809265137,7.349999904632568,7.599999904632568,7.265512943267822,1155200
2011-09-15,7.739999771118164,7.920000076293945,7.610000133514404,7.78000020980835,7.437589645385742,1128600
2011-09-16,7.860000133514404,7.869999885559082,7.619999885559082,7.71999979019165,7.380230903625488,1098100
2011-09-19,7.5,7.800000190734863,7.300000190734863,7.710000038146973,7.370670318603516,1410700
2011-09-20,7.739999771118164,7.78000020980835,7.349999904632568,7.360000133514404,7.036074638366699,901800
2011-09-21,7.369999885559082,7.46999979019165,7.0,7.0,6.691918849945068,1406000
2011-09-22,6.71999979019165,6.949999809265137,6.460000038146973,6.800000190734863,6.500720500946045,2286800
2011-09-23,6.800000190734863,7.079999923706055,6.699999809265137,7.050000190734863,6.739717960357666,1174000
2011-09-26,7.139999866485596,7.179999828338623,6.889999866485596,7.179999828338623,6.863996982574463,1345900
2011-09-27,7.400000095367432,7.550000190734863,7.230000019073486,7.309999942779541,6.988274097442627,1222300
2011-09-28,7.320000171661377,7.369999885559082,6.820000171661377,6.820000171661377,6.519839286804199,939500
2011-09-29,7.019999980926514,7.050000190734863,6.420000076293945,6.690000057220459,6.395562171936035,1201900
2011-09-30,6.550000190734863,6.710000038146973,6.349999904632568,6.380000114440918,6.099204063415527,1284400
2011-10-03,6.309999942779541,6.579999923706055,6.090000152587891,6.110000133514404,5.841087818145752,1938600
2011-10-04,6.079999923706055,6.769999980926514,6.0,6.75,6.452919960021973,1856000
2011-10-05,6.769999980926514,7.039999961853027,6.599999904632568,6.989999771118164,6.682358264923096,1071400
2011-10-06,6.949999809265137,7.210000038146973,6.860000133514404,7.199999809265137,6.883114814758301,1333400
2011-10-07,7.239999771118164,7.309999942779541,7.0,7.130000114440918,6.816196441650391,1182000
2011-10-10,7.309999942779541,7.579999923706055,7.309999942779541,7.550000190734863,7.217712879180908,1535300
2011-10-11,7.369999885559082,7.570000171661377,7.320000171661377,7.409999847412109,7.083873748779297,1132200
2011-10-12,7.53000020980835,8.0,7.5,7.900000095367432,7.552308082580566,1469300
2011-10-13,7.900000095367432,8.199999809265137,7.820000171661377,8.149999618530273,7.791306018829346,1413000
2011-10-14,8.229999542236328,8.229999542236328,7.920000076293945,8.119999885559082,7.7626237869262695,883800
2011-10-17,8.020000457763672,8.09000015258789,7.679999828338623,7.71999979019165,7.380230903625488,1021700
2011-10-18,7.78000020980835,8.039999961853027,7.550000190734863,8.0,7.64790678024292,1227000
2011-10-19,7.96999979019165,8.069999694824219,7.739999771118164,7.789999961853027,7.447147369384766,1300800
2011-10-20,7.699999809265137,7.820000171661377,7.480000019073486,7.730000019073486,7.389789581298828,908000
2011-10-21,7.920000076293945,7.96999979019165,7.659999847412109,7.820000171661377,7.475828647613525,1080500
2011-10-24,7.880000114440918,8.40999984741211,7.800000190734863,8.390000343322754,8.020743370056152,921000
2011-10-25,8.260000228881836,8.3100004196167,7.989999771118164,8.0,7.64790678024292,1165600
2011-10-26,8.130000114440918,8.319999694824219,7.900000095367432,8.270000457763672,7.9060235023498535,1274700
2011-10-27,7.809999942779541,8.75,7.800000190734863,8.5600004196167,8.183259010314941,3334500
2011-10-28,8.489999771118164,9.069999694824219,8.329999923706055,9.039999961853027,8.642132759094238,1779300
2011-10-31,8.779999732971191,9.029999732971191,8.75,8.960000038146973,8.565652847290039,1793800
2011-11-01,8.539999961853027,8.84000015258789,8.380000114440918,8.600000381469727,8.2214994430542,2016200
2011-11-02,8.800000190734863,8.880000114440918,8.600000381469727,8.859999656677246,8.47005844116211,1220400
2011-11-03,8.920000076293945,9.0,8.600000381469727,8.989999771118164,8.59433650970459,1260700
2011-11-04,8.84000015258789,8.979999542236328,8.649999618530273,8.869999885559082,8.479616165161133,1200900
2011-11-07,8.8100004196167,8.899999618530273,8.569999694824219,8.899999618530273,8.508296012878418,998100
2011-11-08,9.0,9.199999809265137,8.850000381469727,9.180000305175781,8.775971412658691,1230200
2011-11-09,8.850000381469727,8.90999984741211,8.5,8.5,8.125900268554688,1028400
2011-11-10,8.6899995803833,8.84000015258789,8.380000114440918,8.640000343322754,8.259740829467773,930700
2011-11-11,8.880000114440918,9.170000076293945,8.84000015258789,9.020000457763672,8.623013496398926,1377500
2011-11-14,8.989999771118164,9.180000305175781,8.770000457763672,8.890000343322754,8.498737335205078,754000
2011-11-15,8.84000015258789,9.069999694824219,8.75,8.84000015258789,8.450936317443848,1742100
2011-11-16,8.710000038146973,9.079999923706055,8.649999618530273,8.8100004196167,8.42225456237793,1173300
2011-11-17,8.789999961853027,8.819999694824219,8.369999885559082,8.5,8.125900268554688,648400
2011-11-18,8.479999542236328,8.5,8.260000228881836,8.430000305175781,8.058981895446777,746200
2011-11-21,8.220000267028809,8.289999961853027,7.989999771118164,8.140000343322754,7.781747341156006,788700
2011-11-22,8.109999656677246,8.180000305175781,7.880000114440918,8.0600004196167,7.705268383026123,836400
2011-11-23,7.929999828338623,8.0,7.699999809265137,7.71999979019165,7.380230903625488,827100
2011-11-25,7.659999847412109,7.840000152587891,7.559999942779541,7.610000133514404,7.2750701904296875,515600
2011-11-28,7.960000038146973,8.109999656677246,7.829999923706055,7.96999979019165,7.619226932525635,840600
2011-11-29,8.0,8.069999694824219,7.820000171661377,7.849999904632568,7.504508018493652,1233300
2011-11-30,8.229999542236328,8.460000038146973,8.09000015258789,8.430000305175781,8.058981895446777,1840900
2011-12-01,8.390000343322754,8.550000190734863,8.199999809265137,8.449999809265137,8.07809829711914,969300
2011-12-02,8.630000114440918,8.720000267028809,8.510000228881836,8.520000457763672,8.145020484924316,870500
2011-12-05,8.710000038146973,8.789999961853027,8.569999694824219,8.65999984741211,8.278860092163086,1006300
2011-12-06,8.680000305175781,8.789999961853027,8.510000228881836,8.65999984741211,8.278860092163086,1235700
2011-12-07,8.600000381469727,8.720000267028809,8.359999656677246,8.619999885559082,8.240618705749512,689900
2011-12-08,8.460000038146973,8.630000114440918,8.279999732971191,8.319999694824219,7.953822135925293,910700
2011-12-09,8.359999656677246,8.84000015258789,8.260000228881836,8.770000457763672,8.384016990661621,938600
2011-12-12,8.600000381469727,8.789999961853027,8.40999984741211,8.579999923706055,8.202381134033203,814400
2011-12-13,8.6899995803833,8.859999656677246,8.220000267028809,8.260000228881836,7.89646577835083,786300
2011-12-14,8.170000076293945,8.300000190734863,7.940000057220459,7.96999979019165,7.619226932525635,875200
2011-12-15,8.100000381469727,8.130000114440918,7.929999828338623,8.079999923706055,7.724385738372803,1267900
2011-12-16,8.170000076293945,8.34000015258789,8.119999885559082,8.300000190734863,7.934706687927246,1270100
2011-12-19,8.369999885559082,8.489999771118164,8.140000343322754,8.170000076293945,7.810426712036133,932300
2011-12-20,8.380000114440918,8.619999885559082,8.319999694824219,8.579999923706055,8.202381134033203,1115300
2011-12-21,8.520000457763672,8.640000343322754,8.359999656677246,8.579999923706055,8.202381134033203,1036300
2011-12-22,8.630000114440918,8.859999656677246,8.510000228881836,8.770000457763672,8.384016990661621,940900
2011-12-23,8.819999694824219,8.819999694824219,8.6899995803833,8.75,8.364900588989258,482300
2011-12-27,8.739999771118164,8.920000076293945,8.6899995803833,8.819999694824219,8.431817054748535,396600
2011-12-28,8.789999961853027,8.829999923706055,8.600000381469727,8.649999618530273,8.26929759979248,583400
2011-12-29,8.710000038146973,8.850000381469727,8.619999885559082,8.84000015258789,8.450936317443848,656700
2011-12-30,8.8100004196167,8.869999885559082,8.720000267028809,8.729999542236328,8.345779418945312,513800
2012-01-03,8.960000038146973,9.0600004196167,8.670000076293945,8.710000038146973,8.326658248901367,823500
2012-01-04,8.65999984741211,8.770000457763672,8.5600004196167,8.75,8.364900588989258,722200
2012-01-05,8.6899995803833,8.890000343322754,8.59000015258789,8.729999542236328,8.345779418945312,1014600
2012-01-06,8.729999542236328,8.869999885559082,8.579999923706055,8.770000457763672,8.384016990661621,869400
2012-01-09,8.829999923706055,9.079999923706055,8.779999732971191,8.930000305175781,8.536977767944336,1085800
2012-01-10,9.079999923706055,9.100000381469727,8.859999656677246,8.880000114440918,8.489176750183105,572600
2012-01-11,8.819999694824219,8.989999771118164,8.819999694824219,8.989999771118164,8.59433650970459,417700
2012-01-12,9.020000457763672,9.020000457763672,8.859999656677246,8.960000038146973,8.565652847290039,435400
2012-01-13,8.8100004196167,8.949999809265137,8.760000228881836,8.8100004196167,8.42225456237793,721600
2012-01-17,8.880000114440918,9.039999961853027,8.880000114440918,8.949999809265137,8.5560941696167,637200
2012-01-18,8.979999542236328,9.850000381469727,8.9399995803833,9.739999771118164,9.311327934265137,3318100
2012-01-19,9.770000457763672,10.039999961853027,9.65999984741211,9.890000343322754,9.45472526550293,1948600
2012-01-20,9.850000381469727,10.010000228881836,9.75,9.789999961853027,9.359124183654785,1191200
2012-01-23,9.770000457763672,9.899999618530273,9.680000305175781,9.729999542236328,9.301762580871582,875900
2012-01-24,9.680000305175781,9.739999771118164,9.59000015258789,9.720000267028809,9.292206764221191,1018000
2012-01-25,9.729999542236328,9.8100004196167,9.59000015258789,9.739999771118164,9.311327934265137,874800
2012-01-26,9.789999961853027,9.930000305175781,9.609999656677246,9.6899995803833,9.26352596282959,570000
2012-01-27,9.649999618530273,9.850000381469727,9.59000015258789,9.609999656677246,9.187045097351074,754800
2012-01-30,9.539999961853027,9.630000114440918,9.40999984741211,9.5,9.081886291503906,813700
2012-01-31,9.59000015258789,9.649999618530273,9.449999809265137,9.579999923706055,9.158364295959473,822600
2012-02-01,9.949999809265137,10.079999923706055,9.460000038146973,9.510000228881836,9.091447830200195,2703100
2012-02-02,9.5,10.0,9.319999694824219,9.899999618530273,9.464284896850586,3156200
2012-02-03,10.0,10.180000305175781,9.84000015258789,9.869999885559082,9.435604095458984,1258700
2012-02-06,9.789999961853027,9.970000267028809,9.760000228881836,9.819999694824219,9.387805938720703,607900
2012-02-07,9.789999961853027,9.859999656677246,9.6899995803833,9.729999542236328,9.301762580871582,471200
2012-02-08,9.739999771118164,9.949999809265137,9.680000305175781,9.760000228881836,9.330448150634766,465100
2012-02-09,9.800000190734863,9.869999885559082,9.5600004196167,9.600000381469727,9.177489280700684,939300
2012-02-10,9.479999542236328,9.680000305175781,9.329999923706055,9.420000076293945,9.005412101745605,536900
2012-02-13,9.529999732971191,9.5600004196167,9.300000190734863,9.510000228881836,9.091447830200195,414500
2012-02-14,9.460000038146973,9.539999961853027,9.3100004196167,9.449999809265137,9.034089088439941,358000
2012-02-15,9.479999542236328,9.5600004196167,9.229999542236328,9.270000457763672,8.862011909484863,524800
2012-02-16,9.319999694824219,9.569999694824219,9.140000343322754,9.520000457763672,9.101012229919434,817800
2012-02-17,9.59000015258789,9.640000343322754,9.420000076293945,9.5,9.081886291503906,489700
2012-02-21,9.489999771118164,9.489999771118164,9.069999694824219,9.239999771118164,8.833331108093262,773600
2012-02-22,9.180000305175781,9.449999809265137,9.029999732971191,9.180000305175781,8.775971412658691,867300
2012-02-23,9.149999618530273,9.239999771118164,9.0,9.220000267028809,8.814214706420898,790000
2012-02-24,9.210000038146973,9.300000190734863,9.050000190734863,9.050000190734863,8.651694297790527,334100
2012-02-27,8.989999771118164,9.260000228881836,8.84000015258789,9.0,8.60389518737793,455600
2012-02-28,9.0,9.279999732971191,9.0,9.1899995803833,8.78553295135498,392400
2012-02-29,9.220000267028809,9.260000228881836,9.0,9.039999961853027,8.642132759094238,937200
2012-03-01,9.079999923706055,9.300000190734863,9.079999923706055,9.170000076293945,8.766411781311035,688100
2012-03-02,9.130000114440918,9.170000076293945,8.880000114440918,8.989999771118164,8.59433650970459,976000
2012-03-05,9.0,9.039999961853027,8.8100004196167,8.829999923706055,8.44137954711914,681900
2012-03-06,8.729999542236328,8.729999542236328,8.579999923706055,8.600000381469727,8.2214994430542,550300
2012-03-07,8.630000114440918,8.880000114440918,8.630000114440918,8.819999694824219,8.431817054748535,714500
2012-03-08,8.890000343322754,9.1899995803833,8.729999542236328,9.109999656677246,8.709053039550781,1032500
2012-03-09,9.109999656677246,9.239999771118164,9.029999732971191,9.239999771118164,8.833331108093262,838500
2012-03-12,9.239999771118164,9.369999885559082,9.180000305175781,9.279999732971191,8.871570587158203,339600
2012-03-13,9.369999885559082,9.600000381469727,9.3100004196167,9.600000381469727,9.177489280700684,650400
2012-03-14,9.59000015258789,9.59000015258789,9.199999809265137,9.34000015258789,8.928930282592773,671000
2012-03-15,9.359999656677246,9.550000190734863,9.199999809265137,9.5,9.081886291503906,452900
2012-03-16,9.539999961853027,9.539999961853027,9.369999885559082,9.40999984741211,8.995851516723633,535200
2012-03-19,9.420000076293945,9.510000228881836,9.279999732971191,9.5,9.081886291503906,527500
2012-03-20,9.40999984741211,9.569999694824219,9.34000015258789,9.460000038146973,9.04365062713623,496900
2012-03-21,9.479999542236328,9.550000190734863,9.40999984741211,9.449999809265137,9.034089088439941,587800
2012-03-22,9.359999656677246,9.40999984741211,9.210000038146973,9.279999732971191,8.871570587158203,574400
2012-03-23,9.300000190734863,9.5600004196167,9.25,9.5600004196167,9.139250755310059,582100
2012-03-26,9.670000076293945,9.739999771118164,9.569999694824219,9.619999885559082,9.196609497070312,671200
2012-03-27,9.630000114440918,9.729999542236328,9.4399995803833,9.4399995803833,9.024529457092285,583600
2012-03-28,9.420000076293945,9.579999923706055,9.130000114440918,9.170000076293945,8.766411781311035,793800
2012-03-29,9.149999618530273,9.390000343322754,9.109999656677246,9.369999885559082,8.957609176635742,762300
2012-03-30,9.449999809265137,9.449999809265137,9.270000457763672,9.34000015258789,8.928930282592773,636400
2012-04-02,9.300000190734863,9.520000457763672,9.170000076293945,9.470000267028809,9.05320930480957,746000
2012-04-03,9.430000305175781,9.449999809265137,9.279999732971191,9.319999694824219,8.909811019897461,678100
2012-04-04,9.1899995803833,9.210000038146973,8.949999809265137,9.050000190734863,8.651694297790527,732700
2012-04-05,9.050000190734863,9.079999923706055,8.960000038146973,9.0,8.60389518737793,484000
2012-04-09,8.800000190734863,8.869999885559082,8.6899995803833,8.6899995803833,8.307538986206055,780700
2012-04-10,8.75,8.819999694824219,8.399999618530273,8.40999984741211,8.039864540100098,881900
2012-04-11,8.529999732971191,8.6899995803833,8.460000038146973,8.670000076293945,8.288416862487793,582000
2012-04-12,8.710000038146973,8.989999771118164,8.630000114440918,8.949999809265137,8.5560941696167,477200
2012-04-13,8.899999618530273,8.899999618530273,8.600000381469727,8.699999809265137,8.317099571228027,512600
2012-04-16,8.720000267028809,8.819999694824219,8.600000381469727,8.720000267028809,8.336216926574707,615300
2012-04-17,8.789999961853027,8.9399995803833,8.770000457763672,8.84000015258789,8.450936317443848,874400
2012-04-18,8.770000457763672,8.789999961853027,8.59000015258789,8.699999809265137,8.317099571228027,943900
2012-04-19,8.859999656677246,8.949999809265137,8.520000457763672,8.720000267028809,8.336216926574707,1627900
2012-04-20,8.800000190734863,8.800000190734863,8.430000305175781,8.539999961853027,8.164140701293945,1229700
2012-04-23,8.430000305175781,8.529999732971191,8.300000190734863,8.479999542236328,8.106781959533691,1174800
2012-04-24,8.460000038146973,8.649999618530273,8.449999809265137,8.569999694824219,8.192821502685547,968500
2012-04-25,8.670000076293945,8.739999771118164,8.520000457763672,8.710000038146973,8.326658248901367,739700
2012-04-26,8.699999809265137,8.789999961853027,8.5600004196167,8.760000228881836,8.374458312988281,598300
2012-04-27,8.819999694824219,8.979999542236328,8.710000038146973,8.970000267028809,8.575217247009277,526800
2012-04-30,8.979999542236328,8.979999542236328,8.829999923706055,8.850000381469727,8.46049690246582,569100
2012-05-01,8.84000015258789,9.029999732971191,8.770000457763672,8.850000381469727,8.46049690246582,761200
2012-05-02,8.760000228881836,8.989999771118164,8.729999542236328,8.989999771118164,8.59433650970459,654600
2012-05-03,8.949999809265137,8.949999809265137,8.710000038146973,8.710000038146973,8.326658248901367,1023200
2012-05-04,8.640000343322754,8.65999984741211,8.510000228881836,8.529999732971191,8.154581069946289,1191800
2012-05-07,8.479999542236328,8.550000190734863,8.420000076293945,8.4399995803833,8.0685396194458,624000
2012-05-08,8.359999656677246,8.449999809265137,8.279999732971191,8.399999618530273,8.030301094055176,636700
2012-05-09,8.270000457763672,8.329999923706055,8.170000076293945,8.220000267028809,7.858226299285889,991000
2012-05-10,8.3100004196167,8.390000343322754,8.199999809265137,8.260000228881836,7.89646577835083,1049900
2012-05-11,8.1899995803833,8.34000015258789,8.130000114440918,8.140000343322754,7.781747341156006,906300
2012-05-14,8.0600004196167,8.149999618530273,7.980000019073486,8.029999732971191,7.676587104797363,836500
2012-05-15,8.0600004196167,8.130000114440918,7.849999904632568,7.960000038146973,7.6096673011779785,1213800
2012-05-16,7.96999979019165,8.0600004196167,7.869999885559082,7.940000057220459,7.59054708480835,1144500
2012-05-17,7.929999828338623,8.020000457763672,7.670000076293945,7.670000076293945,7.3324294090271,900000
2012-05-18,7.639999866485596,7.730000019073486,7.519999980926514,7.519999980926514,7.189032554626465,628100
2012-05-21,7.559999942779541,7.840000152587891,7.510000228881836,7.829999923706055,7.485389232635498,1324700
2012-05-22,7.849999904632568,7.860000133514404,7.670000076293945,7.71999979019165,7.380230903625488,680600
2012-05-23,7.619999885559082,7.769999980926514,7.539999961853027,7.739999771118164,7.399349212646484,895000
2012-05-24,7.78000020980835,7.789999961853027,7.5,7.579999923706055,7.246391296386719,760300
2012-05-25,7.570000171661377,7.710000038146973,7.559999942779541,7.639999866485596,7.303750991821289,782700
2012-05-29,7.739999771118164,7.880000114440918,7.690000057220459,7.869999885559082,7.523627281188965,495100
2012-05-30,7.78000020980835,7.869999885559082,7.730000019073486,7.789999961853027,7.447147369384766,610200
2012-05-31,7.789999961853027,7.789999961853027,7.650000095367432,7.710000038146973,7.370670318603516,939600
2012-06-01,7.519999980926514,7.769999980926514,7.46999979019165,7.480000019073486,7.15079402923584,845100
2012-06-04,7.5,7.71999979019165,7.5,7.659999847412109,7.322871208190918,1128400
2012-06-05,7.630000114440918,7.75,7.590000152587891,7.659999847412109,7.322871208190918,794900
2012-06-06,7.760000228881836,7.949999809265137,7.730000019073486,7.869999885559082,7.523627281188965,447900
2012-06-07,7.96999979019165,8.0600004196167,7.599999904632568,7.650000095367432,7.313310146331787,840100
2012-06-08,7.610000133514404,7.840000152587891,7.539999961853027,7.820000171661377,7.475828647613525,458200
2012-06-11,7.949999809265137,7.980000019073486,7.559999942779541,7.559999942779541,7.22727108001709,526500
2012-06-12,7.599999904632568,7.710000038146973,7.519999980926514,7.670000076293945,7.3324294090271,448000
2012-06-13,7.659999847412109,7.710000038146973,7.489999771118164,7.539999961853027,7.208153247833252,417300
2012-06-14,7.570000171661377,7.690000057220459,7.449999809265137,7.599999904632568,7.265512943267822,639600
2012-06-15,7.639999866485596,7.889999866485596,7.639999866485596,7.75,7.408908843994141,909200
2012-06-18,7.679999828338623,7.900000095367432,7.679999828338623,7.900000095367432,7.552308082580566,480200
2012-06-19,7.940000057220459,8.25,7.880000114440918,8.119999885559082,7.7626237869262695,474200
2012-06-20,8.140000343322754,8.3100004196167,8.100000381469727,8.180000305175781,7.819984436035156,403400
2012-06-21,8.149999618530273,8.210000038146973,7.769999980926514,7.800000190734863,7.456708908081055,598700
2012-06-22,7.829999923706055,8.029999732971191,7.769999980926514,8.010000228881836,7.657465934753418,2599900
2012-06-25,7.880000114440918,8.0,7.75,7.760000228881836,7.418468952178955,560200
2012-06-26,7.769999980926514,7.889999866485596,7.690000057220459,7.71999979019165,7.380230903625488,533300
2012-06-27,7.75,8.130000114440918,7.710000038146973,8.100000381469727,7.74350643157959,806700
2012-06-28,8.0,8.15999984741211,7.909999847412109,8.149999618530273,7.791306018829346,939600
2012-06-29,8.359999656677246,8.579999923706055,8.300000190734863,8.539999961853027,8.164140701293945,729200
2012-07-02,8.609999656677246,8.649999618530273,8.350000381469727,8.640000343322754,8.259740829467773,758200
2012-07-03,8.579999923706055,8.640000343322754,8.510000228881836,8.579999923706055,8.202381134033203,473000
2012-07-05,8.520000457763672,8.680000305175781,8.520000457763672,8.59000015258789,8.21193790435791,823400
2012-07-06,8.449999809265137,8.449999809265137,8.180000305175781,8.220000267028809,7.858226299285889,515800
2012-07-09,8.1899995803833,8.300000190734863,8.0600004196167,8.170000076293945,7.810426712036133,985400
2012-07-10,8.220000267028809,8.350000381469727,7.949999809265137,8.069999694824219,7.71482515335083,1632400
2012-07-11,8.119999885559082,8.239999771118164,8.039999961853027,8.130000114440918,7.7721848487854,593800
2012-07-12,8.029999732971191,8.09000015258789,7.889999866485596,8.050000190734863,7.695706367492676,745600
2012-07-13,8.079999923706055,8.229999542236328,8.029999732971191,8.100000381469727,7.74350643157959,786800
2012-07-16,8.069999694824219,8.140000343322754,7.960000038146973,8.0600004196167,7.705268383026123,958800
2012-07-17,8.130000114440918,8.140000343322754,7.929999828338623,8.0600004196167,7.705268383026123,499300
2012-07-18,8.079999923706055,8.319999694824219,8.020000457763672,8.270000457763672,7.9060235023498535,895100
2012-07-19,8.270000457763672,8.420000076293945,7.920000076293945,8.100000381469727,7.74350643157959,1005800
2012-07-20,7.989999771118164,8.140000343322754,7.869999885559082,8.029999732971191,7.676587104797363,925400
2012-07-23,7.809999942779541,7.820000171661377,7.630000114440918,7.679999828338623,7.341989517211914,1295100
2012-07-24,7.699999809265137,7.809999942779541,7.619999885559082,7.760000228881836,7.418468952178955,1302400
2012-07-25,7.800000190734863,8.180000305175781,7.789999961853027,8.069999694824219,7.71482515335083,783300
2012-07-26,8.229999542236328,8.300000190734863,8.119999885559082,8.260000228881836,7.89646577835083,787300
2012-07-27,8.279999732971191,8.5,8.180000305175781,8.5,8.125900268554688,928400
2012-07-30,8.489999771118164,8.550000190734863,8.15999984741211,8.15999984741211,7.800865173339844,642300
2012-07-31,8.149999618530273,8.279999732971191,8.039999961853027,8.050000190734863,7.695706367492676,646400
2012-08-01,8.069999694824219,8.119999885559082,7.829999923706055,7.829999923706055,7.485389232635498,607600
2012-08-02,7.800000190734863,8.069999694824219,7.760000228881836,7.849999904632568,7.504508018493652,561800
2012-08-03,8.020000457763672,8.180000305175781,7.699999809265137,8.010000228881836,7.657465934753418,888600
2012-08-06,8.010000228881836,8.149999618530273,7.960000038146973,8.079999923706055,7.724385738372803,851400
2012-08-07,8.130000114440918,8.380000114440918,8.079999923706055,8.34000015258789,7.972941875457764,573000
2012-08-08,8.260000228881836,8.390000343322754,8.239999771118164,8.350000381469727,7.982501983642578,444600
2012-08-09,8.359999656677246,8.5600004196167,8.210000038146973,8.510000228881836,8.135462760925293,570900
2012-08-10,8.489999771118164,8.600000381469727,8.359999656677246,8.579999923706055,8.202381134033203,437100
2012-08-13,8.539999961853027,8.6899995803833,8.4399995803833,8.6899995803833,8.307538986206055,703800
2012-08-14,8.729999542236328,8.800000190734863,8.510000228881836,8.59000015258789,8.21193790435791,648800
2012-08-15,8.539999961853027,8.779999732971191,8.539999961853027,8.779999732971191,8.39357852935791,685300
2012-08-16,8.75,8.899999618530273,8.649999618530273,8.880000114440918,8.489176750183105,454600
2012-08-17,8.84000015258789,9.079999923706055,8.770000457763672,9.069999694824219,8.670816421508789,591400
2012-08-20,9.010000228881836,9.010000228881836,8.770000457763672,8.960000038146973,8.565652847290039,528000
2012-08-21,9.0,9.210000038146973,8.859999656677246,8.920000076293945,8.527413368225098,745100
2012-08-22,8.890000343322754,8.979999542236328,8.739999771118164,8.75,8.364900588989258,266400
2012-08-23,8.729999542236328,8.739999771118164,8.550000190734863,8.609999656677246,8.231059074401855,341000
2012-08-24,8.5600004196167,8.600000381469727,8.420000076293945,8.4399995803833,8.0685396194458,669000
2012-08-27,8.479999542236328,8.619999885559082,8.380000114440918,8.569999694824219,8.192821502685547,304100
2012-08-28,8.550000190734863,8.760000228881836,8.520000457763672,8.670000076293945,8.288416862487793,369900
2012-08-29,8.670000076293945,8.84000015258789,8.670000076293945,8.760000228881836,8.374458312988281,387400
2012-08-30,8.65999984741211,8.739999771118164,8.619999885559082,8.729999542236328,8.345779418945312,333000
2012-08-31,8.8100004196167,8.869999885559082,8.59000015258789,8.789999961853027,8.4031343460083,404100
2012-09-04,8.779999732971191,8.970000267028809,8.600000381469727,8.880000114440918,8.489176750183105,525100
2012-09-05,8.930000305175781,9.069999694824219,8.84000015258789,8.979999542236328,8.584774017333984,964800
2012-09-06,9.050000190734863,9.1899995803833,8.859999656677246,9.180000305175781,8.775971412658691,1148900
2012-09-07,9.229999542236328,9.229999542236328,8.979999542236328,9.0,8.60389518737793,584100
2012-09-10,9.020000457763672,9.039999961853027,8.869999885559082,8.9399995803833,8.546533584594727,588100
2012-09-11,8.90999984741211,9.020000457763672,8.890000343322754,9.0,8.60389518737793,755300
2012-09-12,9.020000457763672,9.140000343322754,8.970000267028809,9.09000015258789,8.689935684204102,402500
2012-09-13,9.100000381469727,9.180000305175781,8.880000114440918,9.069999694824219,8.670816421508789,805400
2012-09-14,9.050000190734863,9.350000381469727,9.050000190734863,9.130000114440918,8.728172302246094,734000
2012-09-17,9.069999694824219,9.09000015258789,8.9399995803833,9.0,8.60389518737793,309800
2012-09-18,8.970000267028809,9.050000190734863,8.869999885559082,8.960000038146973,8.565652847290039,312100
2012-09-19,8.960000038146973,8.960000038146973,8.760000228881836,8.779999732971191,8.39357852935791,338700
2012-09-20,8.720000267028809,8.829999923706055,8.550000190734863,8.5600004196167,8.183259010314941,705400
2012-09-21,8.609999656677246,8.649999618530273,8.470000267028809,8.5,8.125900268554688,917800
2012-09-24,8.4399995803833,8.5,8.270000457763672,8.300000190734863,7.934706687927246,615300
2012-09-25,8.369999885559082,8.4399995803833,8.199999809265137,8.25,7.886903285980225,908100
2012-09-26,8.279999732971191,8.34000015258789,8.09000015258789,8.1899995803833,7.829543113708496,639300
2012-09-27,8.229999542236328,8.34000015258789,8.170000076293945,8.300000190734863,7.934706687927246,291300
2012-09-28,8.239999771118164,8.34000015258789,8.130000114440918,8.130000114440918,7.7721848487854,330600
2012-10-01,8.210000038146973,8.470000267028809,8.15999984741211,8.350000381469727,7.982501983642578,616200
2012-10-02,8.40999984741211,8.479999542236328,8.279999732971191,8.350000381469727,7.982501983642578,344700
2012-10-03,8.350000381469727,8.40999984741211,8.210000038146973,8.279999732971191,7.915584087371826,264500
2012-10-04,8.300000190734863,8.34000015258789,8.149999618530273,8.300000190734863,7.934706687927246,252300
2012-10-05,8.319999694824219,8.489999771118164,8.270000457763672,8.300000190734863,7.934706687927246,277600
2012-10-08,8.229999542236328,8.289999961853027,8.199999809265137,8.260000228881836,7.89646577835083,232000
2012-10-09,8.25,8.350000381469727,8.029999732971191,8.039999961853027,7.686145782470703,378000
2012-10-10,8.029999732971191,8.100000381469727,7.679999828338623,7.730000019073486,7.389789581298828,1033300
2012-10-11,7.829999923706055,7.849999904632568,7.679999828338623,7.730000019073486,7.389789581298828,1168600
2012-10-12,7.75,7.75,7.5,7.659999847412109,7.322871208190918,1398500
2012-10-15,7.760000228881836,7.900000095367432,7.699999809265137,7.880000114440918,7.5331878662109375,709100
2012-10-16,7.920000076293945,8.109999656677246,7.889999866485596,8.100000381469727,7.74350643157959,543300
2012-10-17,8.079999923706055,8.15999984741211,7.989999771118164,8.039999961853027,7.686145782470703,531900
2012-10-18,8.039999961853027,8.1899995803833,7.889999866485596,8.149999618530273,7.791306018829346,597100
2012-10-19,8.079999923706055,8.149999618530273,7.760000228881836,7.889999866485596,7.542747497558594,681200
2012-10-22,7.880000114440918,8.050000190734863,7.880000114440918,8.010000228881836,7.657465934753418,834400
2012-10-23,7.920000076293945,8.0600004196167,7.849999904632568,7.989999771118164,7.638347625732422,606700
2012-10-24,7.789999961853027,8.050000190734863,7.789999961853027,8.039999961853027,7.686145782470703,663200
2012-10-25,8.149999618530273,8.25,8.069999694824219,8.170000076293945,7.810426712036133,805000
2012-10-26,8.1899995803833,8.359999656677246,8.180000305175781,8.210000038146973,7.848663806915283,497200
2012-10-31,8.1899995803833,8.3100004196167,8.149999618530273,8.199999809265137,7.839102745056152,429500
2012-11-01,8.199999809265137,8.449999809265137,8.180000305175781,8.430000305175781,8.058981895446777,652900
2012-11-02,8.460000038146973,8.479999542236328,8.3100004196167,8.319999694824219,7.953822135925293,431400
2012-11-05,8.3100004196167,8.5,8.229999542236328,8.479999542236328,8.106781959533691,300600
2012-11-06,8.5,8.65999984741211,8.479999542236328,8.569999694824219,8.192821502685547,287700
2012-11-07,8.4399995803833,8.479999542236328,8.1899995803833,8.270000457763672,7.9060235023498535,562400
2012-11-08,8.270000457763672,8.359999656677246,8.1899995803833,8.210000038146973,7.848663806915283,380900
2012-11-09,8.149999618530273,8.390000343322754,8.130000114440918,8.300000190734863,7.934706687927246,282800
2012-11-12,8.359999656677246,8.390000343322754,8.260000228881836,8.34000015258789,7.972941875457764,251200
2012-11-13,8.289999961853027,8.319999694824219,8.199999809265137,8.220000267028809,7.858226299285889,214400
2012-11-14,8.270000457763672,8.3100004196167,8.039999961853027,8.039999961853027,7.686145782470703,349800
2012-11-15,8.069999694824219,8.1899995803833,7.989999771118164,8.029999732971191,7.676587104797363,394100
2012-11-16,8.0,8.130000114440918,7.849999904632568,8.100000381469727,7.74350643157959,563400
2012-11-19,8.220000267028809,8.3100004196167,8.029999732971191,8.260000228881836,7.89646577835083,598700
2012-11-20,8.239999771118164,8.319999694824219,8.119999885559082,8.3100004196167,7.944262981414795,380600
2012-11-21,8.319999694824219,8.430000305175781,8.199999809265137,8.430000305175781,8.058981895446777,341200
2012-11-23,8.479999542236328,8.720000267028809,8.40999984741211,8.680000305175781,8.297977447509766,342200
2012-11-26,8.699999809265137,8.859999656677246,8.600000381469727,8.739999771118164,8.355340003967285,555900
2012-11-27,8.760000228881836,8.859999656677246,8.609999656677246,8.8100004196167,8.42225456237793,663300
2012-11-28,8.800000190734863,8.949999809265137,8.720000267028809,8.949999809265137,8.5560941696167,615100
2012-11-29,9.020000457763672,9.119999885559082,8.920000076293945,9.069999694824219,8.670816421508789,1085700
2012-11-30,9.109999656677246,9.15999984741211,8.890000343322754,8.960000038146973,8.565652847290039,2536000
2012-12-03,9.0600004196167,9.119999885559082,8.949999809265137,9.0,8.60389518737793,851900
2012-12-04,9.020000457763672,9.050000190734863,8.829999923706055,9.0,8.60389518737793,461000
2012-12-05,9.010000228881836,9.140000343322754,8.899999618530273,9.130000114440918,8.728172302246094,657600
2012-12-06,9.100000381469727,9.199999809265137,9.0,9.1899995803833,8.78553295135498,488900
2012-12-07,9.229999542236328,9.25,9.130000114440918,9.199999809265137,8.795096397399902,529800
2012-12-10,9.25,9.289999961853027,9.119999885559082,9.220000267028809,8.814214706420898,812400
2012-12-11,9.300000190734863,9.300000190734863,9.119999885559082,9.279999732971191,8.871570587158203,662600
2012-12-12,9.270000457763672,9.350000381469727,9.1899995803833,9.25,8.84289264678955,524700
2012-12-13,9.239999771118164,9.260000228881836,9.069999694824219,9.140000343322754,8.73773193359375,280500
2012-12-14,9.109999656677246,9.149999618530273,9.029999732971191,9.09000015258789,8.689935684204102,670300
2012-12-17,9.149999618530273,9.199999809265137,8.930000305175781,8.9399995803833,8.546533584594727,1097100
2012-12-18,9.0,9.1899995803833,9.0,9.180000305175781,8.775971412658691,1038500
2012-12-19,9.15999984741211,9.260000228881836,9.130000114440918,9.210000038146973,8.804652214050293,653900
2012-12-20,9.210000038146973,9.319999694824219,9.140000343322754,9.210000038146973,8.804652214050293,741500
2012-12-21,9.130000114440918,9.210000038146973,9.020000457763672,9.1899995803833,8.78553295135498,1197300
2012-12-24,9.180000305175781,9.210000038146973,9.010000228881836,9.149999618530273,8.747292518615723,160600
2012-12-26,9.15999984741211,9.239999771118164,9.010000228881836,9.039999961853027,8.642132759094238,356400
2012-12-27,9.069999694824219,9.100000381469727,8.9399995803833,9.029999732971191,8.632575035095215,392700
2012-12-28,9.0,9.039999961853027,8.699999809265137,8.770000457763672,8.384016990661621,1294000
2012-12-31,8.800000190734863,9.1899995803833,8.75,9.180000305175781,8.775971412658691,687900
2013-01-02,9.430000305175781,9.470000267028809,9.239999771118164,9.470000267028809,9.05320930480957,1117000
2013-01-03,9.479999542236328,9.5600004196167,9.380000114440918,9.510000228881836,9.091447830200195,634700
2013-01-04,9.569999694824219,9.569999694824219,9.40999984741211,9.539999961853027,9.120128631591797,681400
2013-01-07,9.449999809265137,9.579999923706055,9.380000114440918,9.5,9.081886291503906,856300
2013-01-08,9.5,9.550000190734863,9.050000190734863,9.079999923706055,8.68037223815918,1253400
2013-01-09,9.140000343322754,9.239999771118164,9.010000228881836,9.050000190734863,8.651694297790527,862600
2013-01-10,9.130000114440918,9.15999984741211,8.960000038146973,8.979999542236328,8.584774017333984,737600
2013-01-11,9.020000457763672,9.25,9.010000228881836,9.199999809265137,8.795096397399902,1060000
2013-01-14,9.1899995803833,9.220000267028809,9.029999732971191,9.069999694824219,8.670816421508789,632900
2013-01-15,9.029999732971191,9.140000343322754,8.960000038146973,9.100000381469727,8.699494361877441,927500
2013-01-16,9.039999961853027,9.15999984741211,9.029999732971191,9.050000190734863,8.651694297790527,726400
2013-01-17,9.130000114440918,9.25,9.109999656677246,9.180000305175781,8.775971412658691,653200
2013-01-18,9.199999809265137,9.420000076293945,9.170000076293945,9.289999961853027,8.881132125854492,2293800
2013-01-22,9.319999694824219,9.479999542236328,9.289999961853027,9.470000267028809,9.05320930480957,880600
2013-01-23,9.489999771118164,9.539999961853027,9.430000305175781,9.5,9.081886291503906,1669100
2013-01-24,9.520000457763672,9.720000267028809,9.489999771118164,9.699999809265137,9.273086547851562,892500
2013-01-25,9.739999771118164,9.949999809265137,9.710000038146973,9.9399995803833,9.502523422241211,1620800
2013-01-28,9.970000267028809,10.09000015258789,9.9399995803833,10.029999732971191,9.58856201171875,2375600
2013-01-29,9.989999771118164,10.079999923706055,9.9399995803833,10.039999961853027,9.598121643066406,1377200
2013-01-30,9.989999771118164,10.020000457763672,9.880000114440918,9.970000267028809,9.531204223632812,1275100
2013-01-31,9.970000267028809,9.970000267028809,9.710000038146973,9.859999656677246,9.426044464111328,2480800
2013-02-01,9.9399995803833,10.0,9.800000190734863,9.899999618530273,9.464284896850586,747800
2013-02-04,9.779999732971191,9.819999694824219,9.539999961853027,9.569999694824219,9.148808479309082,650600
2013-02-05,9.630000114440918,9.800000190734863,9.520000457763672,9.770000457763672,9.340004920959473,550600
2013-02-06,9.680000305175781,9.8100004196167,9.619999885559082,9.710000038146973,9.282646179199219,541900
2013-02-07,9.729999542236328,9.8100004196167,9.600000381469727,9.65999984741211,9.234847068786621,445700
2013-02-08,9.65999984741211,9.779999732971191,9.640000343322754,9.680000305175781,9.253966331481934,456900
2013-02-11,9.699999809265137,9.710000038146973,9.579999923706055,9.640000343322754,9.215728759765625,566600
2013-02-12,9.6899995803833,9.970000267028809,9.630000114440918,9.880000114440918,9.44516658782959,555100
2013-02-13,9.930000305175781,9.989999771118164,9.789999961853027,9.819999694824219,9.387805938720703,747900
2013-02-14,9.819999694824219,9.90999984741211,9.779999732971191,9.880000114440918,9.44516658782959,531600
2013-02-15,9.960000038146973,9.960000038146973,9.699999809265137,9.739999771118164,9.311327934265137,642700
2013-02-19,9.789999961853027,9.920000076293945,9.649999618530273,9.899999618530273,9.464284896850586,730600
2013-02-20,9.930000305175781,9.9399995803833,9.710000038146973,9.729999542236328,9.301762580871582,991200
2013-02-21,9.720000267028809,9.720000267028809,9.430000305175781,9.510000228881836,9.091447830200195,938100
2013-02-22,9.59000015258789,9.75,9.520000457763672,9.640000343322754,9.215728759765625,670300
2013-02-25,9.609999656677246,9.710000038146973,9.390000343322754,9.420000076293945,9.005412101745605,799000
2013-02-26,9.449999809265137,9.59000015258789,9.390000343322754,9.520000457763672,9.101012229919434,608300
2013-02-27,9.4399995803833,9.670000076293945,9.4399995803833,9.529999732971191,9.11056900024414,483900
2013-02-28,9.510000228881836,9.630000114440918,9.489999771118164,9.510000228881836,9.091447830200195,553100
2013-03-01,9.520000457763672,9.569999694824219,9.369999885559082,9.550000190734863,9.129690170288086,498200
2013-03-04,9.5,9.5600004196167,9.4399995803833,9.470000267028809,9.05320930480957,472700
2013-03-05,9.5600004196167,9.789999961853027,9.5600004196167,9.770000457763672,9.340004920959473,518700
2013-03-06,9.84000015258789,9.949999809265137,9.829999923706055,9.859999656677246,9.426044464111328,495900
2013-03-07,9.850000381469727,9.960000038146973,9.800000190734863,9.84000015258789,9.406927108764648,332400
2013-03-08,9.9399995803833,9.970000267028809,9.850000381469727,9.949999809265137,9.512083053588867,439300
2013-03-11,9.899999618530273,9.9399995803833,9.8100004196167,9.920000076293945,9.483405113220215,457400
2013-03-12,9.899999618530273,10.0,9.880000114440918,9.989999771118164,9.550324440002441,484800
2013-03-13,9.979999542236328,10.039999961853027,9.90999984741211,10.039999961853027,9.598121643066406,426700
2013-03-14,10.050000190734863,10.180000305175781,10.020000457763672,10.180000305175781,9.731959342956543,474500
2013-03-15,10.140000343322754,10.140000343322754,9.899999618530273,9.989999771118164,9.550324440002441,1275400
2013-03-18,9.8100004196167,9.899999618530273,9.5600004196167,9.59000015258789,9.167928695678711,604300
2013-03-19,9.649999618530273,9.779999732971191,9.460000038146973,9.609999656677246,9.187045097351074,761600
2013-03-20,9.699999809265137,9.699999809265137,9.579999923706055,9.65999984741211,9.234847068786621,363000
2013-03-21,9.569999694824219,9.680000305175781,9.460000038146973,9.5600004196167,9.139250755310059,1197000
2013-03-22,9.579999923706055,9.649999618530273,9.529999732971191,9.569999694824219,9.148808479309082,521400
2013-03-25,9.609999656677246,9.760000228881836,9.5600004196167,9.65999984741211,9.234847068786621,505300
2013-03-26,9.739999771118164,9.789999961853027,9.649999618530273,9.729999542236328,9.301762580871582,309400
2013-03-27,9.619999885559082,9.890000343322754,9.619999885559082,9.800000190734863,9.368685722351074,794900
2013-03-28,9.829999923706055,9.979999542236328,9.720000267028809,9.859999656677246,9.426044464111328,465800
2013-04-01,9.829999923706055,9.869999885559082,9.529999732971191,9.649999618530273,9.225287437438965,594700
2013-04-02,9.699999809265137,9.729999542236328,9.40999984741211,9.470000267028809,9.05320930480957,579600
2013-04-03,9.5,9.65999984741211,9.359999656677246,9.460000038146973,9.04365062713623,661300
2013-04-04,9.460000038146973,9.680000305175781,9.359999656677246,9.65999984741211,9.234847068786621,633200
2013-04-05,9.720000267028809,9.720000267028809,9.399999618530273,9.479999542236328,9.06277084350586,478200
2013-04-08,9.510000228881836,9.65999984741211,9.34000015258789,9.479999542236328,9.06277084350586,443500
2013-04-09,9.5,9.65999984741211,9.390000343322754,9.460000038146973,9.04365062713623,380500
2013-04-10,9.479999542236328,9.829999923706055,9.479999542236328,9.789999961853027,9.359124183654785,555500
2013-04-11,9.770000457763672,9.84000015258789,9.619999885559082,9.739999771118164,9.311327934265137,395300
2013-04-12,9.710000038146973,9.760000228881836,9.460000038146973,9.59000015258789,9.167928695678711,616500
2013-04-15,9.520000457763672,9.529999732971191,9.260000228881836,9.369999885559082,8.957609176635742,1011300
2013-04-16,9.510000228881836,9.720000267028809,9.390000343322754,9.710000038146973,9.282646179199219,813500
2013-04-17,9.579999923706055,9.59000015258789,9.210000038146973,9.239999771118164,8.833331108093262,774800
2013-04-18,9.260000228881836,9.40999984741211,9.170000076293945,9.1899995803833,8.78553295135498,634700
2013-04-19,9.180000305175781,9.4399995803833,9.100000381469727,9.3100004196167,8.900252342224121,483400
2013-04-22,9.350000381469727,9.420000076293945,9.039999961853027,9.329999923706055,8.9193696975708,453900
2013-04-23,9.390000343322754,9.880000114440918,8.890000343322754,9.630000114440918,9.206168174743652,974900
2013-04-24,9.59000015258789,9.680000305175781,9.460000038146973,9.630000114440918,9.206168174743652,393900
2013-04-25,9.630000114440918,9.880000114440918,9.609999656677246,9.680000305175781,9.253966331481934,633200
2013-04-26,9.640000343322754,9.670000076293945,9.5,9.510000228881836,9.091447830200195,528700
2013-04-29,9.510000228881836,9.619999885559082,9.470000267028809,9.5,9.081886291503906,592200
2013-04-30,9.520000457763672,9.5600004196167,9.430000305175781,9.479999542236328,9.06277084350586,611500
2013-05-01,9.470000267028809,9.579999923706055,9.0600004196167,9.0600004196167,8.661255836486816,1175300
2013-05-02,9.140000343322754,9.40999984741211,9.050000190734863,9.289999961853027,8.881132125854492,678400
2013-05-03,9.470000267028809,9.800000190734863,9.420000076293945,9.6899995803833,9.26352596282959,769700
2013-05-06,9.65999984741211,9.720000267028809,9.5600004196167,9.579999923706055,9.158364295959473,355100
2013-05-07,9.579999923706055,9.670000076293945,9.569999694824219,9.630000114440918,9.206168174743652,355700
2013-05-08,9.569999694824219,9.739999771118164,9.550000190734863,9.609999656677246,9.187045097351074,336300
2013-05-09,9.569999694824219,9.59000015258789,9.489999771118164,9.510000228881836,9.091447830200195,481300
2013-05-10,9.529999732971191,9.65999984741211,9.5,9.609999656677246,9.187045097351074,394800
2013-05-13,9.5600004196167,9.5600004196167,9.380000114440918,9.390000343322754,8.97673225402832,402400
2013-05-14,9.430000305175781,9.600000381469727,9.279999732971191,9.59000015258789,9.167928695678711,676000
2013-05-15,9.529999732971191,9.680000305175781,9.529999732971191,9.680000305175781,9.253966331481934,395000
2013-05-16,9.619999885559082,9.75,9.5600004196167,9.630000114440918,9.206168174743652,364900
2013-05-17,9.670000076293945,9.779999732971191,9.619999885559082,9.739999771118164,9.311327934265137,361700
2013-05-20,9.6899995803833,9.899999618530273,9.6899995803833,9.899999618530273,9.464284896850586,454400
2013-05-21,9.90999984741211,9.970000267028809,9.829999923706055,9.90999984741211,9.473847389221191,490700
2013-05-22,9.949999809265137,10.100000381469727,9.8100004196167,9.869999885559082,9.435604095458984,878400
2013-05-23,9.760000228881836,9.920000076293945,9.720000267028809,9.890000343322754,9.45472526550293,369000
2013-05-24,9.829999923706055,9.989999771118164,9.59000015258789,9.930000305175781,9.492962837219238,345700
2013-05-28,10.09000015258789,10.229999542236328,10.0,10.170000076293945,9.722399711608887,711600
2013-05-29,10.100000381469727,10.260000228881836,10.0,10.210000038146973,9.760643005371094,473800
2013-05-30,10.239999771118164,10.279999732971191,10.15999984741211,10.239999771118164,9.789320945739746,393600
2013-05-31,10.149999618530273,10.460000038146973,10.09000015258789,10.420000076293945,9.961397171020508,844500
2013-06-03,10.430000305175781,10.520000457763672,10.199999809265137,10.34000015258789,9.884921073913574,1364500
2013-06-04,10.329999923706055,10.479999542236328,10.149999618530273,10.220000267028809,9.770200729370117,617500
2013-06-05,10.180000305175781,10.199999809265137,9.850000381469727,9.859999656677246,9.426044464111328,1045300
2013-06-06,9.869999885559082,9.960000038146973,9.699999809265137,9.90999984741211,9.473847389221191,627000
2013-06-07,10.029999732971191,10.140000343322754,9.890000343322754,10.0600004196167,9.617239952087402,583900
2013-06-10,10.119999885559082,10.180000305175781,10.020000457763672,10.100000381469727,9.655482292175293,299600
2013-06-11,9.949999809265137,10.079999923706055,9.869999885559082,9.949999809265137,9.512083053588867,414700
2013-06-12,10.0,10.140000343322754,9.670000076293945,9.739999771118164,9.311327934265137,506200
2013-06-13,9.739999771118164,10.020000457763672,9.670000076293945,9.960000038146973,9.521642684936523,548100
2013-06-14,9.930000305175781,9.989999771118164,9.75,9.800000190734863,9.368685722351074,411300
2013-06-17,9.9399995803833,10.010000228881836,9.65999984741211,9.800000190734863,9.368685722351074,607100
2013-06-18,9.850000381469727,10.010000228881836,9.819999694824219,9.970000267028809,9.531204223632812,582700
2013-06-19,9.989999771118164,10.020000457763672,9.8100004196167,9.859999656677246,9.426044464111328,440800
2013-06-20,9.640000343322754,9.789999961853027,9.59000015258789,9.630000114440918,9.206168174743652,680900
2013-06-21,9.670000076293945,9.789999961853027,9.520000457763672,9.640000343322754,9.215728759765625,1067400
2013-06-24,9.5,9.699999809265137,9.390000343322754,9.420000076293945,9.005412101745605,611900
2013-06-25,9.529999732971191,9.5600004196167,9.329999923706055,9.40999984741211,8.995851516723633,1071800
2013-06-26,9.479999542236328,9.609999656677246,9.350000381469727,9.359999656677246,8.948051452636719,378300
2013-06-27,9.40999984741211,9.59000015258789,9.369999885559082,9.5600004196167,9.139250755310059,786300
2013-06-28,9.5,9.529999732971191,9.380000114440918,9.390000343322754,8.97673225402832,1445800
2013-07-01,9.449999809265137,9.550000190734863,9.399999618530273,9.4399995803833,9.024529457092285,562100
2013-07-02,9.460000038146973,9.649999618530273,9.25,9.399999618530273,8.98629093170166,711100
2013-07-03,9.3100004196167,9.569999694824219,9.3100004196167,9.479999542236328,9.06277084350586,381300
2013-07-05,9.670000076293945,9.739999771118164,9.529999732971191,9.739999771118164,9.311327934265137,686600
2013-07-08,9.800000190734863,9.8100004196167,9.600000381469727,9.739999771118164,9.311327934265137,618500
2013-07-09,9.829999923706055,9.880000114440918,9.680000305175781,9.859999656677246,9.426044464111328,521800
2013-07-10,9.819999694824219,10.0600004196167,9.819999694824219,10.029999732971191,9.58856201171875,834700
2013-07-11,10.1899995803833,10.1899995803833,9.880000114440918,9.920000076293945,9.483405113220215,1006700
2013-07-12,9.869999885559082,9.869999885559082,9.760000228881836,9.84000015258789,9.406927108764648,816000
2013-07-15,10.640000343322754,10.640000343322754,9.920000076293945,9.989999771118164,9.550324440002441,2068200
2013-07-16,9.970000267028809,10.010000228881836,9.9399995803833,10.010000228881836,9.56944465637207,1253800
2013-07-17,10.100000381469727,10.119999885559082,9.979999542236328,10.100000381469727,9.655482292175293,1267000
2013-07-18,10.130000114440918,10.170000076293945,9.979999542236328,9.989999771118164,9.550324440002441,662400
2013-07-19,9.9399995803833,10.039999961853027,9.850000381469727,10.020000457763672,9.57900333404541,1029300
2013-07-22,10.0,10.130000114440918,9.819999694824219,9.829999923706055,9.397363662719727,1126900
2013-07-23,10.010000228881836,10.010000228881836,9.510000228881836,9.6899995803833,9.26352596282959,1964700
2013-07-24,9.460000038146973,9.600000381469727,9.380000114440918,9.569999694824219,9.148808479309082,1541200
2013-07-25,9.630000114440918,9.890000343322754,9.5600004196167,9.720000267028809,9.292206764221191,1123600
2013-07-26,9.609999656677246,9.680000305175781,9.460000038146973,9.529999732971191,9.11056900024414,1072500
2013-07-29,9.529999732971191,9.550000190734863,9.359999656677246,9.479999542236328,9.06277084350586,1643100
2013-07-30,9.5600004196167,9.579999923706055,9.390000343322754,9.510000228881836,9.091447830200195,664900
2013-07-31,9.5,9.640000343322754,9.420000076293945,9.529999732971191,9.11056900024414,671600
2013-08-01,9.600000381469727,9.640000343322754,9.489999771118164,9.550000190734863,9.129690170288086,852400
2013-08-02,9.479999542236328,9.609999656677246,9.399999618530273,9.420000076293945,9.005412101745605,610800
2013-08-05,9.40999984741211,9.40999984741211,9.289999961853027,9.359999656677246,8.948051452636719,861800
2013-08-06,9.390000343322754,9.550000190734863,9.210000038146973,9.229999542236328,8.823769569396973,699800
2013-08-07,9.199999809265137,9.199999809265137,9.039999961853027,9.140000343322754,8.73773193359375,544200
2013-08-08,9.180000305175781,9.279999732971191,9.140000343322754,9.239999771118164,8.833331108093262,1071100
2013-08-09,9.220000267028809,9.350000381469727,9.1899995803833,9.279999732971191,8.871570587158203,1159100
2013-08-12,9.229999542236328,9.34000015258789,9.229999542236328,9.300000190734863,8.890689849853516,1209300
2013-08-13,9.300000190734863,9.350000381469727,9.239999771118164,9.329999923706055,8.9193696975708,581400
2013-08-14,9.300000190734863,9.369999885559082,9.289999961853027,9.350000381469727,8.938490867614746,544200
2013-08-15,9.25,9.279999732971191,9.109999656677246,9.130000114440918,8.728172302246094,714600
2013-08-16,9.149999618530273,9.210000038146973,9.09000015258789,9.15999984741211,8.756851196289062,482300
2013-08-19,9.149999618530273,9.149999618530273,8.970000267028809,8.979999542236328,8.584774017333984,791500
2013-08-20,9.0,9.170000076293945,9.0,9.170000076293945,8.766411781311035,654000
2013-08-21,9.149999618530273,9.25,9.069999694824219,9.180000305175781,8.775971412658691,641600
2013-08-22,9.220000267028809,9.350000381469727,9.220000267028809,9.34000015258789,8.928930282592773,353000
2013-08-23,9.34000015258789,9.5600004196167,9.25,9.5,9.081886291503906,734800
2013-08-26,9.550000190734863,9.550000190734863,9.390000343322754,9.470000267028809,9.05320930480957,935000
2013-08-27,9.380000114440918,9.430000305175781,9.3100004196167,9.380000114440918,8.967170715332031,1390100
2013-08-28,9.380000114440918,9.520000457763672,9.319999694824219,9.5,9.081886291503906,757900
2013-08-29,9.5,9.609999656677246,9.470000267028809,9.600000381469727,9.177489280700684,669600
2013-08-30,9.59000015258789,9.600000381469727,9.350000381469727,9.399999618530273,8.98629093170166,737700
2013-09-03,9.520000457763672,9.6899995803833,9.390000343322754,9.420000076293945,9.005412101745605,676300
2013-09-04,9.40999984741211,9.649999618530273,9.40999984741211,9.619999885559082,9.196609497070312,574900
2013-09-05,9.649999618530273,9.779999732971191,9.600000381469727,9.729999542236328,9.301762580871582,390600
2013-09-06,9.75,9.90999984741211,9.680000305175781,9.850000381469727,9.416483879089355,1201600
2013-09-09,9.850000381469727,9.970000267028809,9.739999771118164,9.960000038146973,9.521642684936523,851200
2013-09-10,10.0,10.100000381469727,9.970000267028809,10.029999732971191,9.58856201171875,992800
2013-09-11,9.989999771118164,10.100000381469727,9.899999618530273,10.010000228881836,9.56944465637207,887500
2013-09-12,10.039999961853027,10.0600004196167,9.899999618530273,9.949999809265137,9.512083053588867,831300
2013-09-13,9.949999809265137,9.970000267028809,9.880000114440918,9.949999809265137,9.512083053588867,962800
2013-09-16,10.050000190734863,10.050000190734863,9.989999771118164,10.039999961853027,9.598121643066406,731700
2013-09-17,10.010000228881836,10.100000381469727,9.960000038146973,10.09000015258789,9.64592456817627,852700
2013-09-18,10.050000190734863,10.100000381469727,10.0,10.069999694824219,9.626801490783691,936200
2013-09-19,10.069999694824219,10.180000305175781,10.050000190734863,10.149999618530273,9.703282356262207,498200
2013-09-20,10.140000343322754,10.229999542236328,10.100000381469727,10.140000343322754,9.693720817565918,1105400
2013-09-23,10.149999618530273,10.1899995803833,10.0600004196167,10.09000015258789,9.64592456817627,987400
2013-09-24,10.109999656677246,10.229999542236328,9.989999771118164,10.100000381469727,9.655482292175293,882400
2013-09-25,10.09000015258789,10.15999984741211,10.020000457763672,10.09000015258789,9.64592456817627,721500
2013-09-26,10.09000015258789,10.180000305175781,9.979999542236328,10.0600004196167,9.617239952087402,493800
2013-09-27,10.0,10.229999542236328,10.0,10.199999809265137,9.751078605651855,1197400
2013-09-30,10.109999656677246,10.199999809265137,10.010000228881836,10.15999984741211,9.71284008026123,822500
2013-10-01,10.119999885559082,10.229999542236328,10.079999923706055,10.210000038146973,9.760643005371094,671400
2013-10-02,10.100000381469727,10.170000076293945,10.010000228881836,10.069999694824219,9.626801490783691,792700
2013-10-03,10.029999732971191,10.130000114440918,9.880000114440918,9.920000076293945,9.483405113220215,875900
2013-10-04,9.899999618530273,10.109999656677246,9.869999885559082,10.029999732971191,9.58856201171875,665600
2013-10-07,9.949999809265137,10.010000228881836,9.880000114440918,9.970000267028809,9.531204223632812,805900
2013-10-08,9.989999771118164,10.010000228881836,9.890000343322754,9.9399995803833,9.502523422241211,1157800
2013-10-09,9.960000038146973,10.0600004196167,9.90999984741211,9.979999542236328,9.540764808654785,1334500
2013-10-10,10.09000015258789,10.199999809265137,10.029999732971191,10.149999618530273,9.703282356262207,991900
2013-10-11,10.09000015258789,10.300000190734863,10.020000457763672,10.25,9.798879623413086,670900
2013-10-14,10.15999984741211,10.470000267028809,10.029999732971191,10.420000076293945,9.961397171020508,628000
2013-10-15,10.390000343322754,10.40999984741211,10.229999542236328,10.239999771118164,9.789320945739746,505800
2013-10-16,10.3100004196167,10.460000038146973,10.229999542236328,10.420000076293945,9.961397171020508,710400
2013-10-17,10.329999923706055,10.380000114440918,10.210000038146973,10.329999923706055,9.875359535217285,485500
2013-10-18,10.420000076293945,10.550000190734863,10.350000381469727,10.4399995803833,9.980520248413086,843700
2013-10-21,10.479999542236328,10.649999618530273,10.470000267028809,10.489999771118164,10.028313636779785,432400
2013-10-22,10.380000114440918,10.380000114440918,10.020000457763672,10.100000381469727,9.655482292175293,1714700
2013-10-23,10.0,10.069999694824219,9.90999984741211,10.020000457763672,9.57900333404541,1382700
2013-10-24,10.020000457763672,10.260000228881836,10.020000457763672,10.119999885559082,9.674601554870605,1237500
2013-10-25,10.15999984741211,10.270000457763672,10.069999694824219,10.260000228881836,9.808438301086426,693900
2013-10-28,10.229999542236328,10.329999923706055,10.210000038146973,10.220000267028809,9.770200729370117,554600
2013-10-29,10.270000457763672,10.470000267028809,10.210000038146973,10.390000343322754,9.932722091674805,785700
2013-10-30,10.430000305175781,10.430000305175781,10.199999809265137,10.319999694824219,9.865796089172363,613100
2013-10-31,10.289999961853027,10.420000076293945,10.270000457763672,10.350000381469727,9.894477844238281,552300
2013-11-01,10.329999923706055,10.359999656677246,10.109999656677246,10.270000457763672,9.817999839782715,905000
2013-11-04,10.289999961853027,10.40999984741211,10.199999809265137,10.34000015258789,9.884921073913574,512200
2013-11-05,10.3100004196167,10.40999984741211,10.199999809265137,10.390000343322754,9.932722091674805,442100
2013-11-06,10.449999809265137,10.479999542236328,10.270000457763672,10.449999809265137,9.990077018737793,454900
2013-11-07,10.470000267028809,10.479999542236328,10.210000038146973,10.220000267028809,9.770200729370117,382700
2013-11-08,10.220000267028809,10.420000076293945,10.170000076293945,10.40999984741211,9.951839447021484,446900
2013-11-11,10.350000381469727,10.4399995803833,10.220000267028809,10.40999984741211,9.951839447021484,275000
2013-11-12,10.350000381469727,10.460000038146973,10.270000457763672,10.449999809265137,9.990077018737793,325900
2013-11-13,10.380000114440918,10.569999694824219,10.300000190734863,10.5600004196167,10.095234870910645,335100
2013-11-14,10.539999961853027,10.579999923706055,10.399999618530273,10.430000305175781,9.970958709716797,420500
2013-11-15,10.40999984741211,10.5,10.34000015258789,10.489999771118164,10.028313636779785,449900
2013-11-18,10.510000228881836,10.539999961853027,10.40999984741211,10.489999771118164,10.028313636779785,464800
2013-11-19,10.460000038146973,10.5600004196167,10.25,10.260000228881836,9.808438301086426,677300
2013-11-20,10.289999961853027,10.390000343322754,10.1899995803833,10.239999771118164,9.789320945739746,268000
2013-11-21,10.279999732971191,10.529999732971191,10.229999542236328,10.520000457763672,10.056994438171387,627900
2013-11-22,10.539999961853027,10.6899995803833,10.470000267028809,10.65999984741211,10.190837860107422,648100
2013-11-25,10.6899995803833,10.710000038146973,10.579999923706055,10.609999656677246,10.143035888671875,308600
2013-11-26,10.59000015258789,10.90999984741211,10.479999542236328,10.859999656677246,10.382034301757812,670400
2013-11-27,10.850000381469727,11.0,10.789999961853027,10.970000267028809,10.487191200256348,387200
2013-11-29,11.0,11.0,10.920000076293945,10.979999542236328,10.496752738952637,191600
2013-12-02,10.949999809265137,10.979999542236328,10.760000228881836,10.789999961853027,10.315115928649902,490600
2013-12-03,10.739999771118164,10.899999618530273,10.6899995803833,10.699999809265137,10.229077339172363,375600
2013-12-04,10.649999618530273,10.75,10.520000457763672,10.579999923706055,10.114359855651855,418100
2013-12-05,10.970000267028809,10.970000267028809,10.649999618530273,10.729999542236328,10.257753372192383,501700
2013-12-06,10.829999923706055,10.890000343322754,10.739999771118164,10.859999656677246,10.382034301757812,440900
2013-12-09,10.880000114440918,10.899999618530273,10.739999771118164,10.869999885559082,10.391592979431152,357700
2013-12-10,10.819999694824219,10.949999809265137,10.6899995803833,10.789999961853027,10.315115928649902,563100
2013-12-11,10.779999732971191,10.819999694824219,10.529999732971191,10.6899995803833,10.219511985778809,715600
2013-12-12,10.670000076293945,10.6899995803833,10.579999923706055,10.609999656677246,10.143035888671875,483200
2013-12-13,10.640000343322754,10.640000343322754,10.430000305175781,10.510000228881836,10.047439575195312,426300
2013-12-16,10.529999732971191,10.84000015258789,10.529999732971191,10.720000267028809,10.248194694519043,476800
2013-12-17,10.699999809265137,10.899999618530273,10.699999809265137,10.850000381469727,10.37247085571289,267900
2013-12-18,10.850000381469727,11.020000457763672,10.739999771118164,11.010000228881836,10.525430679321289,638000
2013-12-19,11.029999732971191,11.029999732971191,10.779999732971191,11.0,10.51587200164795,462100
2013-12-20,11.029999732971191,11.369999885559082,10.960000038146973,11.350000381469727,10.85046672821045,1448600
2013-12-23,11.369999885559082,11.460000038146973,11.350000381469727,11.40999984741211,10.907825469970703,492600
2013-12-24,11.40999984741211,11.510000228881836,11.40999984741211,11.479999542236328,10.974746704101562,315800
2013-12-26,11.539999961853027,11.539999961853027,11.300000190734863,11.430000305175781,10.926950454711914,363400
2013-12-27,11.479999542236328,11.539999961853027,11.270000457763672,11.5,10.993863105773926,327400
2013-12-30,11.460000038146973,11.550000190734863,11.430000305175781,11.550000190734863,11.041666984558105,552900
2013-12-31,11.579999923706055,11.649999618530273,11.319999694824219,11.59000015258789,11.079903602600098,420500
2014-01-02,11.510000228881836,11.569999694824219,11.359999656677246,11.449999809265137,10.94606876373291,472600
2014-01-03,11.449999809265137,11.539999961853027,11.40999984741211,11.4399995803833,10.936508178710938,305700
2014-01-06,11.300000190734863,11.300000190734863,11.079999923706055,11.130000114440918,10.640149116516113,645500
2014-01-07,11.170000076293945,11.300000190734863,11.0600004196167,11.1899995803833,10.697507858276367,417300
2014-01-08,11.180000305175781,11.1899995803833,11.079999923706055,11.1899995803833,10.697507858276367,383900
2014-01-09,11.25,11.260000228881836,10.979999542236328,11.119999885559082,10.63059139251709,526600
2014-01-10,11.079999923706055,11.300000190734863,11.069999694824219,11.210000038146973,10.716630935668945,363800
2014-01-13,11.210000038146973,11.399999618530273,10.9399995803833,10.949999809265137,10.468072891235352,497800
2014-01-14,11.029999732971191,11.289999961853027,11.029999732971191,11.270000457763672,10.773987770080566,287300
2014-01-15,11.270000457763672,11.380000114440918,11.25,11.359999656677246,10.860027313232422,384900
2014-01-16,11.329999923706055,11.369999885559082,11.210000038146973,11.25,10.754868507385254,374700
2014-01-17,11.210000038146973,11.279999732971191,11.100000381469727,11.119999885559082,10.63059139251709,278800
2014-01-21,11.170000076293945,11.199999809265137,11.029999732971191,11.140000343322754,10.649707794189453,533300
2014-01-22,11.140000343322754,11.25,11.119999885559082,11.25,10.754868507385254,279400
2014-01-23,11.170000076293945,11.279999732971191,11.15999984741211,11.270000457763672,10.773987770080566,564300
2014-01-24,11.180000305175781,11.260000228881836,10.920000076293945,11.010000228881836,10.525430679321289,581400
2014-01-27,11.09000015258789,11.09000015258789,10.770000457763672,10.779999732971191,10.305554389953613,1160200
2014-01-28,10.800000190734863,10.890000343322754,10.399999618530273,10.760000228881836,10.286432266235352,700000
2014-01-29,10.670000076293945,11.010000228881836,10.5,10.600000381469727,10.133476257324219,765700
2014-01-30,10.710000038146973,10.890000343322754,10.520000457763672,10.670000076293945,10.200397491455078,1456500
2014-01-31,10.460000038146973,10.970000267028809,10.40999984741211,10.520000457763672,10.056994438171387,878000
2014-02-03,10.460000038146973,10.65999984741211,10.199999809265137,10.279999732971191,9.827557563781738,1202600
2014-02-04,11.649999618530273,11.880000114440918,11.149999618530273,11.430000305175781,10.926950454711914,7488000
2014-02-05,12.0,12.0,11.369999885559082,11.539999961853027,11.032102584838867,2997500
2014-02-06,11.529999732971191,11.640000343322754,11.350000381469727,11.4399995803833,10.936508178710938,2845600
2014-02-07,11.430000305175781,11.59000015258789,11.380000114440918,11.569999694824219,11.060786247253418,1087200
2014-02-10,11.59000015258789,11.649999618530273,11.369999885559082,11.600000381469727,11.089466094970703,1208700
2014-02-11,11.579999923706055,11.789999961853027,11.460000038146973,11.710000038146973,11.194623947143555,1331400
2014-02-12,11.75,11.880000114440918,11.680000305175781,11.739999771118164,11.22330379486084,860500
2014-02-13,11.649999618530273,11.989999771118164,11.649999618530273,11.979999542236328,11.452740669250488,647700
2014-02-14,11.979999542236328,12.100000381469727,11.880000114440918,12.0600004196167,11.529220581054688,767300
2014-02-18,12.069999694824219,12.180000305175781,12.010000228881836,12.100000381469727,11.56745719909668,805300
2014-02-19,12.039999961853027,12.149999618530273,11.989999771118164,12.010000228881836,11.481422424316406,659200
2014-02-20,12.0,12.039999961853027,11.869999885559082,11.989999771118164,11.462298393249512,1020400
2014-02-21,12.079999923706055,12.079999923706055,11.829999923706055,11.930000305175781,11.404940605163574,853100
2014-02-24,11.930000305175781,12.130000114440918,11.930000305175781,12.029999732971191,11.500539779663086,537900
2014-02-25,12.010000228881836,12.0600004196167,11.890000343322754,12.0,11.471861839294434,418000
2014-02-26,12.029999732971191,12.170000076293945,12.010000228881836,12.100000381469727,11.56745719909668,520700
2014-02-27,12.029999732971191,12.170000076293945,12.020000457763672,12.100000381469727,11.56745719909668,368600
2014-02-28,12.140000343322754,12.180000305175781,12.0,12.050000190734863,11.519658088684082,559900
2014-03-03,11.979999542236328,12.100000381469727,11.899999618530273,12.09000015258789,11.55789566040039,943700
2014-03-04,12.25,12.489999771118164,12.25,12.300000190734863,11.75865650177002,1491900
2014-03-05,12.25,12.25,12.079999923706055,12.15999984741211,11.624820709228516,445200
2014-03-06,12.170000076293945,12.289999961853027,12.079999923706055,12.210000038146973,11.672616958618164,395600
2014-03-07,12.3100004196167,12.3100004196167,12.109999656677246,12.119999885559082,11.586581230163574,289300
2014-03-10,12.0600004196167,12.1899995803833,12.0,12.15999984741211,11.624820709228516,524200
2014-03-11,12.130000114440918,12.149999618530273,11.899999618530273,11.970000267028809,11.443177223205566,535700
2014-03-12,11.930000305175781,12.130000114440918,11.880000114440918,12.100000381469727,11.56745719909668,510800
2014-03-13,12.170000076293945,12.289999961853027,11.850000381469727,11.890000343322754,11.366698265075684,411200
2014-03-14,11.819999694824219,12.0600004196167,11.819999694824219,12.039999961853027,11.510100364685059,388800
2014-03-17,12.119999885559082,12.140000343322754,12.010000228881836,12.079999923706055,11.548335075378418,264800
2014-03-18,12.119999885559082,12.369999885559082,12.119999885559082,12.359999656677246,11.81601619720459,461800
2014-03-19,12.359999656677246,12.430000305175781,12.239999771118164,12.34000015258789,11.796893119812012,375100
2014-03-20,12.329999923706055,12.460000038146973,12.260000228881836,12.449999809265137,11.902053833007812,269800
2014-03-21,12.5,12.5,12.239999771118164,12.270000457763672,11.729979515075684,642900
2014-03-24,12.300000190734863,12.4399995803833,11.970000267028809,12.069999694824219,11.538778305053711,443600
2014-03-25,12.15999984741211,12.390000343322754,12.130000114440918,12.15999984741211,11.624820709228516,474200
2014-03-26,12.289999961853027,12.350000381469727,11.800000190734863,11.84000015258789,11.318901062011719,608000
2014-03-27,11.829999923706055,12.029999732971191,11.75,11.859999656677246,11.338022232055664,429000
2014-03-28,11.850000381469727,12.100000381469727,11.729999542236328,11.800000190734863,11.280664443969727,553200
2014-03-31,11.899999618530273,12.180000305175781,11.859999656677246,12.109999656677246,11.577018737792969,464100
2014-04-01,12.15999984741211,12.40999984741211,12.130000114440918,12.369999885559082,11.825577735900879,378200
2014-04-02,12.359999656677246,12.600000381469727,12.300000190734863,12.59000015258789,12.035893440246582,626700
2014-04-03,12.569999694824219,12.640000343322754,12.279999732971191,12.40999984741211,11.863813400268555,547400
2014-04-04,12.520000457763672,12.65999984741211,11.890000343322754,11.9399995803833,11.41450023651123,522800
2014-04-07,11.880000114440918,11.930000305175781,11.6899995803833,11.850000381469727,11.328457832336426,467000
2014-04-08,11.84000015258789,12.039999961853027,11.819999694824219,11.899999618530273,11.376262664794922,508000
2014-04-09,11.890000343322754,12.199999809265137,11.789999961853027,12.170000076293945,11.634378433227539,574500
2014-04-10,12.130000114440918,12.329999923706055,11.9399995803833,11.949999809265137,11.42405891418457,893500
2014-04-11,11.8100004196167,12.0,11.609999656677246,11.670000076293945,11.15638542175293,695600
2014-04-14,11.819999694824219,11.850000381469727,11.550000190734863,11.630000114440918,11.118143081665039,466300
2014-04-15,11.670000076293945,11.800000190734863,11.329999923706055,11.6899995803833,11.175505638122559,747600
2014-04-16,11.75,11.75,11.479999542236328,11.59000015258789,11.079903602600098,563400
2014-04-17,11.59000015258789,11.829999923706055,11.5,11.739999771118164,11.22330379486084,396500
2014-04-21,11.800000190734863,11.890000343322754,11.630000114440918,11.8100004196167,11.290224075317383,239600
2014-04-22,11.800000190734863,12.369999885559082,11.800000190734863,12.359999656677246,11.81601619720459,785100
2014-04-23,11.920000076293945,12.460000038146973,11.260000228881836,11.420000076293945,10.917386054992676,2619200
2014-04-24,11.489999771118164,11.8100004196167,11.130000114440918,11.770000457763672,11.251984596252441,1240300
2014-04-25,11.680000305175781,11.680000305175781,11.210000038146973,11.270000457763672,10.773987770080566,647600
2014-04-28,11.350000381469727,11.520000457763672,11.010000228881836,11.470000267028809,10.96518611907959,1191700
2014-04-29,11.579999923706055,11.609999656677246,11.170000076293945,11.220000267028809,10.726188659667969,450600
2014-04-30,11.140000343322754,11.25,11.0,11.09000015258789,10.601912498474121,680500
2014-05-01,11.029999732971191,11.5,11.010000228881836,11.15999984741211,10.668828964233398,1186200
2014-05-02,11.220000267028809,11.390000343322754,11.180000305175781,11.270000457763672,10.773987770080566,491400
2014-05-05,11.25,11.350000381469727,11.079999923706055,11.25,10.754868507385254,353900
2014-05-06,11.239999771118164,11.260000228881836,10.899999618530273,11.010000228881836,10.525430679321289,820600
2014-05-07,11.0600004196167,11.270000457763672,10.789999961853027,10.979999542236328,10.496752738952637,490500
2014-05-08,11.0,11.109999656677246,10.880000114440918,10.970000267028809,10.487191200256348,529100
2014-05-09,10.880000114440918,11.140000343322754,10.819999694824219,11.119999885559082,10.63059139251709,404700
2014-05-12,11.1899995803833,11.5,11.119999885559082,11.329999923706055,10.831347465515137,776700
2014-05-13,11.34000015258789,11.369999885559082,11.069999694824219,11.069999694824219,10.582792282104492,666300
2014-05-14,11.079999923706055,11.079999923706055,10.829999923706055,10.859999656677246,10.382034301757812,483000
2014-05-15,10.84000015258789,10.979999542236328,10.6899995803833,10.90999984741211,10.429831504821777,618300
2014-05-16,10.880000114440918,11.029999732971191,10.8100004196167,10.989999771118164,10.506309509277344,403100
2014-05-19,10.920000076293945,11.229999542236328,10.920000076293945,11.09000015258789,10.601912498474121,349400
2014-05-20,11.039999961853027,11.039999961853027,10.6899995803833,10.789999961853027,10.315115928649902,601900
2014-05-21,10.880000114440918,11.020000457763672,10.779999732971191,10.949999809265137,10.468072891235352,449600
2014-05-22,10.949999809265137,11.180000305175781,10.949999809265137,10.970000267028809,10.487191200256348,315700
2014-05-23,10.930000305175781,11.069999694824219,10.789999961853027,11.069999694824219,10.582792282104492,387700
2014-05-27,11.130000114440918,11.420000076293945,11.039999961853027,11.300000190734863,10.802668571472168,427100
2014-05-28,11.25,11.369999885559082,11.109999656677246,11.359999656677246,10.860027313232422,648200
2014-05-29,11.390000343322754,11.479999542236328,11.279999732971191,11.420000076293945,10.917386054992676,470600
2014-05-30,11.460000038146973,11.520000457763672,11.34000015258789,11.470000267028809,10.96518611907959,739700
2014-06-02,11.539999961853027,11.579999923706055,11.399999618530273,11.479999542236328,10.974746704101562,582400
2014-06-03,11.350000381469727,11.569999694824219,11.350000381469727,11.529999732971191,11.02254581451416,621300
2014-06-04,11.5,11.699999809265137,11.399999618530273,11.680000305175781,11.16594123840332,661900
2014-06-05,11.699999809265137,12.050000190734863,11.600000381469727,12.020000457763672,11.490981101989746,1096300
2014-06-06,12.130000114440918,12.199999809265137,11.960000038146973,12.069999694824219,11.538778305053711,760600
2014-06-09,12.039999961853027,12.220000267028809,11.989999771118164,12.1899995803833,11.653498649597168,464100
2014-06-10,12.170000076293945,12.350000381469727,12.100000381469727,12.350000381469727,11.806455612182617,723800
2014-06-11,12.460000038146973,12.579999923706055,12.34000015258789,12.489999771118164,11.940293312072754,1099000
2014-06-12,12.5,12.5,12.239999771118164,12.289999961853027,11.74909782409668,486200
2014-06-13,12.359999656677246,12.390000343322754,12.210000038146973,12.279999732971191,11.739534378051758,500400
2014-06-16,12.279999732971191,12.479999542236328,12.260000228881836,12.479999542236328,11.93073558807373,791200
2014-06-17,12.460000038146973,12.649999618530273,12.399999618530273,12.619999885559082,12.064570426940918,971000
2014-06-18,12.59000015258789,12.720000267028809,12.40999984741211,12.720000267028809,12.16016960144043,605600
2014-06-19,13.479999542236328,13.720000267028809,12.960000038146973,13.079999923706055,12.504325866699219,1695900
2014-06-20,13.5,13.619999885559082,13.170000076293945,13.600000381469727,13.00144100189209,2010000
2014-06-23,13.670000076293945,13.859999656677246,13.539999961853027,13.699999809265137,13.097039222717285,812500
2014-06-24,13.739999771118164,13.859999656677246,13.5,13.520000457763672,12.924962043762207,691700
2014-06-25,13.390000343322754,13.569999694824219,13.260000228881836,13.460000038146973,12.867605209350586,582300
2014-06-26,13.4399995803833,13.59000015258789,13.119999885559082,13.329999923706055,12.74332332611084,772600
2014-06-27,13.199999809265137,13.550000190734863,13.130000114440918,13.510000228881836,12.91540241241455,2562100
2014-06-30,13.4399995803833,13.779999732971191,13.4399995803833,13.75,13.144838333129883,724200
2014-07-01,13.850000381469727,14.0,13.75,13.960000038146973,13.345600128173828,947300
2014-07-02,13.869999885559082,13.989999771118164,13.859999656677246,13.9399995803833,13.326478958129883,609100
2014-07-03,13.960000038146973,14.0,13.920000076293945,13.979999542236328,13.364716529846191,462300
2014-07-07,13.84000015258789,13.979999542236328,13.789999961853027,13.869999885559082,13.259556770324707,844100
2014-07-08,13.819999694824219,14.0,13.65999984741211,13.989999771118164,13.374272346496582,983400
2014-07-09,14.0,14.029999732971191,13.899999618530273,14.020000457763672,13.402958869934082,1048900
2014-07-10,13.75,14.010000228881836,13.600000381469727,13.949999809265137,13.33603572845459,668300
2014-07-11,13.890000343322754,14.050000190734863,13.84000015258789,13.84000015258789,13.230879783630371,523100
2014-07-14,13.970000267028809,13.970000267028809,13.550000190734863,13.579999923706055,12.982321739196777,1405700
2014-07-15,13.619999885559082,13.710000038146973,13.350000381469727,13.539999961853027,12.944082260131836,1629300
2014-07-16,13.630000114440918,13.640000343322754,13.470000267028809,13.520000457763672,12.924962043762207,562000
2014-07-17,13.449999809265137,13.550000190734863,13.220000267028809,13.220000267028809,12.638164520263672,547000
2014-07-18,13.1899995803833,13.449999809265137,13.140000343322754,13.380000114440918,12.79112434387207,661100
2014-07-21,13.270000457763672,13.4399995803833,13.1899995803833,13.239999771118164,12.657283782958984,563100
2014-07-22,13.319999694824219,13.319999694824219,13.140000343322754,13.199999809265137,12.619044303894043,776400
2014-07-23,13.199999809265137,13.199999809265137,12.869999885559082,12.930000305175781,12.360929489135742,883700
2014-07-24,13.0,13.010000228881836,12.680000305175781,12.710000038146973,12.150611877441406,585500
2014-07-25,12.579999923706055,12.630000114440918,12.029999732971191,12.420000076293945,11.873372077941895,2260100
2014-07-28,12.420000076293945,12.569999694824219,12.3100004196167,12.489999771118164,11.940293312072754,1344800
2014-07-29,12.479999542236328,12.729999542236328,11.65999984741211,11.789999961853027,11.27110481262207,3583600
2014-07-30,11.800000190734863,11.850000381469727,11.449999809265137,11.59000015258789,11.079903602600098,3046500
2014-07-31,11.5,11.579999923706055,11.430000305175781,11.489999771118164,10.984304428100586,1772800
2014-08-01,11.5,11.649999618530273,11.4399995803833,11.5600004196167,11.051225662231445,1311100
2014-08-04,11.600000381469727,11.680000305175781,11.470000267028809,11.600000381469727,11.089466094970703,1368400
2014-08-05,11.520000457763672,11.619999885559082,11.5,11.59000015258789,11.079903602600098,941700
2014-08-06,11.5,11.640000343322754,11.5,11.579999923706055,11.070343971252441,782100
2014-08-07,11.600000381469727,11.609999656677246,11.470000267028809,11.5,10.993863105773926,787500
2014-08-08,11.5,11.630000114440918,11.489999771118164,11.569999694824219,11.060786247253418,763400
2014-08-11,11.569999694824219,11.619999885559082,11.510000228881836,11.600000381469727,11.089466094970703,902900
2014-08-12,11.59000015258789,11.619999885559082,11.5,11.5,10.993863105773926,496700
2014-08-13,11.5,11.600000381469727,11.5,11.59000015258789,11.079903602600098,717500
2014-08-14,11.619999885559082,11.649999618530273,11.550000190734863,11.550000190734863,11.041666984558105,410000
2014-08-15,11.649999618530273,11.65999984741211,11.5,11.59000015258789,11.079903602600098,924100
2014-08-18,11.699999809265137,11.720000267028809,11.59000015258789,11.720000267028809,11.204178810119629,641400
2014-08-19,11.739999771118164,12.0,11.739999771118164,11.970000267028809,11.443177223205566,754600
2014-08-20,11.930000305175781,12.020000457763672,11.84000015258789,12.0,11.471861839294434,814300
2014-08-21,12.010000228881836,12.069999694824219,11.949999809265137,11.989999771118164,11.462298393249512,638100
2014-08-22,11.989999771118164,12.100000381469727,11.930000305175781,12.079999923706055,11.548335075378418,486200
2014-08-25,12.119999885559082,12.119999885559082,11.9399995803833,12.0,11.471861839294434,507100
2014-08-26,12.010000228881836,12.199999809265137,11.970000267028809,12.1899995803833,11.653498649597168,484400
2014-08-27,12.210000038146973,12.210000038146973,12.0600004196167,12.130000114440918,11.596138954162598,432800
2014-08-28,12.0600004196167,12.119999885559082,12.0,12.0,11.471861839294434,402500
2014-08-29,11.989999771118164,12.149999618530273,11.890000343322754,12.140000343322754,11.605700492858887,369200
2014-09-02,12.199999809265137,12.3100004196167,12.15999984741211,12.229999542236328,11.691740036010742,485600
2014-09-03,12.279999732971191,12.3100004196167,12.100000381469727,12.140000343322754,11.605700492858887,532500
2014-09-04,12.130000114440918,12.260000228881836,11.770000457763672,11.800000190734863,11.280664443969727,558900
2014-09-05,11.779999732971191,11.960000038146973,11.680000305175781,11.90999984741211,11.385822296142578,565700
2014-09-08,11.930000305175781,12.039999961853027,11.84000015258789,11.979999542236328,11.452740669250488,504100
2014-09-09,12.010000228881836,12.029999732971191,11.880000114440918,11.9399995803833,11.41450023651123,549700
2014-09-10,11.9399995803833,11.979999542236328,11.880000114440918,11.9399995803833,11.41450023651123,431700
2014-09-11,11.880000114440918,12.119999885559082,11.850000381469727,12.109999656677246,11.577018737792969,394900
2014-09-12,12.119999885559082,12.170000076293945,11.970000267028809,12.069999694824219,11.538778305053711,609200
2014-09-15,12.050000190734863,12.220000267028809,11.779999732971191,11.859999656677246,11.338022232055664,505000
2014-09-16,11.800000190734863,11.920000076293945,11.729999542236328,11.890000343322754,11.366698265075684,524700
2014-09-17,11.869999885559082,11.989999771118164,11.850000381469727,11.920000076293945,11.395383834838867,445900
2014-09-18,11.979999542236328,12.210000038146973,11.930000305175781,12.180000305175781,11.64393424987793,327000
2014-09-19,12.199999809265137,12.260000228881836,12.0,12.170000076293945,11.634378433227539,1563700
2014-09-22,12.140000343322754,12.229999542236328,11.710000038146973,11.760000228881836,11.242422103881836,671500
2014-09-23,11.720000267028809,11.779999732971191,11.550000190734863,11.550000190734863,11.041666984558105,455500
2014-09-24,11.600000381469727,11.65999984741211,11.489999771118164,11.619999885559082,11.108585357666016,397900
2014-09-25,11.579999923706055,11.680000305175781,11.430000305175781,11.470000267028809,10.96518611907959,522100
2014-09-26,11.5,11.710000038146973,11.470000267028809,11.5600004196167,11.051225662231445,990200
2014-09-29,11.5,11.699999809265137,11.449999809265137,11.619999885559082,11.108585357666016,398600
2014-09-30,11.619999885559082,11.720000267028809,11.479999542236328,11.5,10.993863105773926,825300
2014-10-01,11.510000228881836,11.5600004196167,11.430000305175781,11.5,10.993863105773926,830000
2014-10-02,11.5,11.75,11.40999984741211,11.720000267028809,11.204178810119629,520100
2014-10-03,11.859999656677246,11.859999656677246,11.609999656677246,11.6899995803833,11.175505638122559,533800
2014-10-06,11.699999809265137,11.859999656677246,11.539999961853027,11.550000190734863,11.041666984558105,524200
2014-10-07,11.5,11.609999656677246,11.449999809265137,11.489999771118164,10.984304428100586,774600
2014-10-08,11.5,11.960000038146973,11.420000076293945,11.9399995803833,11.41450023651123,953600
2014-10-09,11.949999809265137,11.949999809265137,11.569999694824219,11.630000114440918,11.118143081665039,602300
2014-10-10,11.569999694824219,11.569999694824219,10.989999771118164,11.010000228881836,10.525430679321289,1052500
2014-10-13,10.979999542236328,11.029999732971191,10.670000076293945,10.729999542236328,10.257753372192383,1653600
2014-10-14,10.84000015258789,11.260000228881836,10.800000190734863,10.970000267028809,10.487191200256348,707000
2014-10-15,10.800000190734863,11.40999984741211,10.770000457763672,11.40999984741211,10.907825469970703,797500
2014-10-16,11.3100004196167,11.789999961853027,11.3100004196167,11.699999809265137,11.185062408447266,743500
2014-10-17,11.859999656677246,11.899999618530273,11.329999923706055,11.380000114440918,10.879145622253418,644900
2014-10-20,11.350000381469727,11.600000381469727,11.350000381469727,11.390000343322754,10.888707160949707,848400
2014-10-21,11.460000038146973,11.630000114440918,11.390000343322754,11.579999923706055,11.070343971252441,653200
2014-10-22,11.579999923706055,11.680000305175781,11.369999885559082,11.380000114440918,10.879145622253418,651200
2014-10-23,11.520000457763672,11.880000114440918,11.3100004196167,11.84000015258789,11.318901062011719,516900
2014-10-24,11.869999885559082,12.079999923706055,11.819999694824219,11.960000038146973,11.433618545532227,538500
2014-10-27,11.880000114440918,12.15999984741211,11.770000457763672,12.119999885559082,11.586581230163574,759100
2014-10-28,12.300000190734863,12.779999732971191,12.010000228881836,12.779999732971191,12.217530250549316,1229900
2014-10-29,12.760000228881836,13.180000305175781,12.760000228881836,12.960000038146973,12.389608383178711,1130700
2014-10-30,12.90999984741211,13.09000015258789,12.720000267028809,13.039999961853027,12.46608829498291,847300
2014-10-31,13.359999656677246,13.59000015258789,13.15999984741211,13.579999923706055,12.982321739196777,1017100
2014-11-03,13.569999694824219,13.600000381469727,13.380000114440918,13.520000457763672,12.924962043762207,636200
2014-11-04,13.470000267028809,13.579999923706055,13.329999923706055,13.359999656677246,12.772002220153809,566200
2014-11-05,13.420000076293945,13.609999656677246,13.289999961853027,13.59000015258789,12.991883277893066,650600
2014-11-06,13.5600004196167,13.760000228881836,13.479999542236328,13.520000457763672,12.924962043762207,515800
2014-11-07,13.460000038146973,13.539999961853027,13.270000457763672,13.479999542236328,12.886720657348633,479400
2014-11-10,13.5,13.579999923706055,13.34000015258789,13.579999923706055,12.982321739196777,466500
2014-11-11,13.539999961853027,13.600000381469727,13.470000267028809,13.529999732971191,12.934520721435547,437900
2014-11-12,13.4399995803833,13.640000343322754,13.4399995803833,13.550000190734863,12.953639030456543,538800
2014-11-13,13.600000381469727,13.649999618530273,13.399999618530273,13.40999984741211,12.81980037689209,599400
2014-11-14,13.390000343322754,13.600000381469727,13.300000190734863,13.430000305175781,12.838922500610352,492800
2014-11-17,13.430000305175781,13.59000015258789,13.279999732971191,13.34000015258789,12.752883911132812,361500
2014-11-18,13.390000343322754,13.75,13.199999809265137,13.59000015258789,12.991883277893066,546000
2014-11-19,13.619999885559082,13.619999885559082,13.239999771118164,13.329999923706055,12.74332332611084,331200
2014-11-20,13.239999771118164,13.479999542236328,13.1899995803833,13.399999618530273,12.81024169921875,374600
2014-11-21,13.640000343322754,13.640000343322754,13.3100004196167,13.329999923706055,12.74332332611084,367700
2014-11-24,13.350000381469727,13.65999984741211,13.34000015258789,13.5600004196167,12.963200569152832,469600
2014-11-25,13.569999694824219,13.699999809265137,13.390000343322754,13.449999809265137,12.85804271697998,335400
2014-11-26,13.430000305175781,13.739999771118164,13.390000343322754,13.6899995803833,13.087479591369629,423400
2014-11-28,13.710000038146973,13.829999923706055,13.430000305175781,13.470000267028809,12.877164840698242,223600
2014-12-01,13.449999809265137,13.600000381469727,13.329999923706055,13.430000305175781,12.838922500610352,541700
2014-12-02,13.449999809265137,13.609999656677246,13.390000343322754,13.59000015258789,12.991883277893066,638300
2014-12-03,13.630000114440918,13.8100004196167,13.470000267028809,13.75,13.144838333129883,492700
2014-12-04,13.770000457763672,13.899999618530273,13.630000114440918,13.65999984741211,13.058797836303711,405800
2014-12-05,13.65999984741211,13.859999656677246,13.619999885559082,13.829999923706055,13.221320152282715,527500
2014-12-08,13.760000228881836,13.960000038146973,13.460000038146973,13.489999771118164,12.896282196044922,440700
2014-12-09,13.300000190734863,13.770000457763672,13.109999656677246,13.609999656677246,13.01099967956543,700600
2014-12-10,13.579999923706055,13.6899995803833,13.220000267028809,13.279999732971191,12.695526123046875,499400
2014-12-11,13.359999656677246,13.510000228881836,13.020000457763672,13.289999961853027,12.705082893371582,528100
2014-12-12,13.09000015258789,13.34000015258789,12.899999618530273,13.079999923706055,12.504325866699219,371000
2014-12-15,13.1899995803833,13.369999885559082,12.890000343322754,13.109999656677246,12.533008575439453,591100
2014-12-16,13.050000190734863,13.149999618530273,12.84000015258789,12.970000267028809,12.399169921875,666700
2014-12-17,13.020000457763672,13.039999961853027,12.850000381469727,12.90999984741211,12.341809272766113,1052400
2014-12-18,13.100000381469727,13.25,12.949999809265137,13.140000343322754,12.561686515808105,1244300
2014-12-19,13.109999656677246,13.359999656677246,12.979999542236328,13.15999984741211,12.580804824829102,1268700
2014-12-22,13.130000114440918,13.149999618530273,12.970000267028809,13.119999885559082,12.542569160461426,800300
2014-12-23,13.180000305175781,13.520000457763672,13.039999961853027,13.359999656677246,12.772002220153809,596500
2014-12-24,13.359999656677246,13.420000076293945,13.3100004196167,13.34000015258789,12.752883911132812,437300
2014-12-26,13.34000015258789,13.399999618530273,13.270000457763672,13.289999961853027,12.705082893371582,347800
2014-12-29,13.289999961853027,13.420000076293945,13.199999809265137,13.319999694824219,12.73376178741455,498000
2014-12-30,13.300000190734863,13.4399995803833,13.229999542236328,13.329999923706055,12.74332332611084,585000
2014-12-31,13.399999618530273,13.4399995803833,13.210000038146973,13.210000038146973,12.628608703613281,401400
2015-01-02,13.3100004196167,13.4399995803833,12.979999542236328,13.100000381469727,12.523447036743164,478600
2015-01-05,13.010000228881836,13.079999923706055,12.65999984741211,12.65999984741211,12.102813720703125,580800
2015-01-06,12.65999984741211,12.710000038146973,12.180000305175781,12.239999771118164,11.701295852661133,581500
2015-01-07,12.319999694824219,12.430000305175781,12.1899995803833,12.390000343322754,11.844696998596191,382400
2015-01-08,12.5,12.829999923706055,12.369999885559082,12.579999923706055,12.026333808898926,381300
2015-01-09,12.579999923706055,12.75,12.430000305175781,12.529999732971191,11.978532791137695,273100
2015-01-12,12.489999771118164,12.600000381469727,12.319999694824219,12.359999656677246,11.81601619720459,389200
2015-01-13,12.449999809265137,12.75,12.199999809265137,12.300000190734863,11.75865650177002,429700
2015-01-14,12.140000343322754,12.300000190734863,12.119999885559082,12.199999809265137,11.663055419921875,260900
2015-01-15,12.210000038146973,12.300000190734863,11.899999618530273,12.010000228881836,11.481422424316406,480800
2015-01-16,11.960000038146973,12.369999885559082,11.960000038146973,12.350000381469727,11.806455612182617,306900
2015-01-20,12.390000343322754,12.649999618530273,12.300000190734863,12.470000267028809,11.921174049377441,348100
2015-01-21,12.479999542236328,12.649999618530273,12.40999984741211,12.640000343322754,12.08368968963623,449400
2015-01-22,12.670000076293945,12.819999694824219,12.260000228881836,12.8100004196167,12.246210098266602,834100
2015-01-23,12.800000190734863,12.890000343322754,12.539999961853027,12.789999961853027,12.227088928222656,731300
2015-01-26,12.779999732971191,12.829999923706055,12.59000015258789,12.819999694824219,12.255772590637207,426700
2015-01-27,12.670000076293945,12.800000190734863,12.510000228881836,12.760000228881836,12.198408126831055,645000
2015-01-28,12.859999656677246,13.100000381469727,12.600000381469727,12.890000343322754,12.322690963745117,800400
2015-01-29,12.989999771118164,13.359999656677246,12.680000305175781,13.34000015258789,12.752883911132812,791000
2015-01-30,13.220000267028809,13.399999618530273,12.970000267028809,13.0,12.427848815917969,733200
2015-02-02,13.010000228881836,13.229999542236328,12.640000343322754,13.130000114440918,12.552125930786133,512000
2015-02-03,13.180000305175781,13.40999984741211,13.130000114440918,13.369999885559082,12.781563758850098,491700
2015-02-04,13.260000228881836,13.479999542236328,13.079999923706055,13.359999656677246,12.772002220153809,501500
2015-02-05,13.449999809265137,13.649999618530273,13.359999656677246,13.600000381469727,13.00144100189209,747300
2015-02-06,13.630000114440918,13.699999809265137,13.5,13.569999694824219,12.972763061523438,519200
2015-02-09,13.479999542236328,13.9399995803833,13.399999618530273,13.619999885559082,13.020561218261719,903500
2015-02-10,13.34000015258789,13.699999809265137,13.010000228881836,13.489999771118164,12.896282196044922,1193700
2015-02-11,13.489999771118164,13.789999961853027,13.15999984741211,13.520000457763672,12.924962043762207,1095100
2015-02-12,13.569999694824219,13.710000038146973,13.350000381469727,13.649999618530273,13.049239158630371,539700
2015-02-13,13.649999618530273,13.75,13.40999984741211,13.5,12.905839920043945,380000
2015-02-17,13.510000228881836,13.550000190734863,13.119999885559082,13.229999542236328,12.647727012634277,1158000
2015-02-18,13.229999542236328,13.550000190734863,13.199999809265137,13.510000228881836,12.91540241241455,324800
2015-02-19,13.4399995803833,13.739999771118164,13.329999923706055,13.699999809265137,13.097039222717285,462100
2015-02-20,13.6899995803833,13.779999732971191,13.529999732971191,13.710000038146973,13.106600761413574,389000
2015-02-23,13.630000114440918,13.710000038146973,13.3100004196167,13.390000343322754,12.800684928894043,426900
2015-02-24,13.479999542236328,13.520000457763672,13.359999656677246,13.449999809265137,12.85804271697998,485300
2015-02-25,13.449999809265137,13.569999694824219,13.300000190734863,13.460000038146973,12.867605209350586,301700
2015-02-26,13.430000305175781,13.619999885559082,13.359999656677246,13.5,12.905839920043945,282300
2015-02-27,13.449999809265137,13.539999961853027,13.350000381469727,13.40999984741211,12.81980037689209,515500
2015-03-02,13.430000305175781,13.770000457763672,13.289999961853027,13.739999771118164,13.135281562805176,353100
2015-03-03,13.649999618530273,13.800000190734863,13.449999809265137,13.550000190734863,12.953639030456543,1020200
2015-03-04,13.470000267028809,13.550000190734863,13.279999732971191,13.300000190734863,12.714643478393555,456700
2015-03-05,13.369999885559082,13.479999542236328,13.229999542236328,13.40999984741211,12.81980037689209,391400
2015-03-06,13.270000457763672,13.569999694824219,13.149999618530273,13.170000076293945,12.590363502502441,587200
2015-03-09,13.239999771118164,13.479999542236328,13.210000038146973,13.390000343322754,12.800684928894043,615800
2015-03-10,13.220000267028809,13.369999885559082,13.079999923706055,13.119999885559082,12.542569160461426,454200
2015-03-11,13.100000381469727,13.210000038146973,12.979999542236328,13.149999618530273,12.571246147155762,979200
2015-03-12,13.180000305175781,13.329999923706055,12.84000015258789,13.020000457763672,12.446969985961914,1391600
2015-03-13,12.970000267028809,13.220000267028809,12.75,13.180000305175781,12.599926948547363,612000
2015-03-16,13.300000190734863,13.4399995803833,13.100000381469727,13.329999923706055,12.74332332611084,497600
2015-03-17,13.260000228881836,13.329999923706055,13.069999694824219,13.220000267028809,12.638164520263672,465500
2015-03-18,13.239999771118164,13.359999656677246,13.020000457763672,13.3100004196167,12.72420597076416,448600
2015-03-19,13.300000190734863,13.489999771118164,13.15999984741211,13.449999809265137,12.85804271697998,316800
2015-03-20,13.550000190734863,13.670000076293945,13.5,13.59000015258789,12.991883277893066,779700
2015-03-23,13.510000228881836,13.899999618530273,13.510000228881836,13.859999656677246,13.249996185302734,730700
2015-03-24,13.84000015258789,13.890000343322754,13.720000267028809,13.850000381469727,13.240435600280762,803600
2015-03-25,13.890000343322754,13.890000343322754,13.289999961853027,13.399999618530273,12.81024169921875,925900
2015-03-26,13.229999542236328,13.489999771118164,13.100000381469727,13.380000114440918,12.79112434387207,1432400
2015-03-27,13.390000343322754,13.630000114440918,13.210000038146973,13.5600004196167,12.963200569152832,801200
2015-03-30,13.649999618530273,13.739999771118164,13.470000267028809,13.680000305175781,13.07791805267334,726500
2015-03-31,13.630000114440918,13.739999771118164,13.470000267028809,13.6899995803833,13.087479591369629,683600
2015-04-01,13.6899995803833,13.6899995803833,13.34000015258789,13.6899995803833,13.087479591369629,814700
2015-04-02,13.770000457763672,14.289999961853027,13.760000228881836,14.039999961853027,13.422077178955078,1664000
2015-04-06,14.010000228881836,14.199999809265137,13.899999618530273,14.180000305175781,13.555915832519531,670200
2015-04-07,14.109999656677246,14.229999542236328,14.050000190734863,14.149999618530273,13.52723503112793,737400
2015-04-08,14.109999656677246,14.279999732971191,14.0600004196167,14.130000114440918,13.508113861083984,841600
2015-04-09,14.100000381469727,14.270000457763672,13.920000076293945,14.0600004196167,13.441195487976074,549100
2015-04-10,14.130000114440918,14.149999618530273,13.979999542236328,14.039999961853027,13.422077178955078,503800
2015-04-13,14.0,14.039999961853027,13.829999923706055,13.890000343322754,13.278676986694336,693300
2015-04-14,13.850000381469727,14.050000190734863,13.6899995803833,13.859999656677246,13.249996185302734,375300
2015-04-15,13.90999984741211,14.170000076293945,13.6899995803833,14.15999984741211,13.536795616149902,501300
2015-04-16,14.100000381469727,14.149999618530273,13.779999732971191,13.829999923706055,13.221320152282715,523100
2015-04-17,13.720000267028809,13.9399995803833,13.460000038146973,13.619999885559082,13.020561218261719,640100
2015-04-20,13.670000076293945,13.970000267028809,13.630000114440918,13.949999809265137,13.33603572845459,455500
2015-04-21,14.010000228881836,14.029999732971191,13.760000228881836,13.789999961853027,13.183077812194824,636800
2015-04-22,13.800000190734863,13.930000305175781,13.65999984741211,13.84000015258789,13.230879783630371,455700
2015-04-23,13.75,13.819999694824219,13.680000305175781,13.739999771118164,13.135281562805176,335700
2015-04-24,13.699999809265137,13.829999923706055,13.550000190734863,13.619999885559082,13.020561218261719,704400
2015-04-27,13.609999656677246,13.819999694824219,13.40999984741211,13.470000267028809,12.877164840698242,685900
2015-04-28,13.880000114440918,14.199999809265137,13.720000267028809,14.039999961853027,13.422077178955078,1607900
2015-04-29,13.6899995803833,13.9399995803833,13.180000305175781,13.5,12.905839920043945,1904000
2015-04-30,13.399999618530273,13.40999984741211,13.020000457763672,13.3100004196167,12.72420597076416,1288800
2015-05-01,13.329999923706055,13.4399995803833,13.050000190734863,13.40999984741211,12.81980037689209,965300
2015-05-04,13.390000343322754,13.430000305175781,13.25,13.289999961853027,12.705082893371582,593300
2015-05-05,13.270000457763672,13.3100004196167,13.149999618530273,13.289999961853027,12.705082893371582,1001700
2015-05-06,13.350000381469727,13.369999885559082,13.069999694824219,13.220000267028809,12.638164520263672,577000
2015-05-07,13.25,13.430000305175781,13.039999961853027,13.399999618530273,12.81024169921875,435300
2015-05-08,13.59000015258789,13.59000015258789,13.289999961853027,13.350000381469727,12.762445449829102,467100
2015-05-11,13.329999923706055,13.470000267028809,13.329999923706055,13.350000381469727,12.762445449829102,324900
2015-05-12,13.329999923706055,13.579999923706055,13.25,13.550000190734863,12.953639030456543,508100
2015-05-13,13.59000015258789,13.699999809265137,13.420000076293945,13.640000343322754,13.039678573608398,435200
2015-05-14,13.729999542236328,13.90999984741211,13.600000381469727,13.770000457763672,13.163957595825195,446300
2015-05-15,13.770000457763672,13.989999771118164,13.59000015258789,13.630000114440918,13.030120849609375,366400
2015-05-18,13.609999656677246,13.729999542236328,13.4399995803833,13.65999984741211,13.058797836303711,357400
2015-05-19,13.65999984741211,13.739999771118164,13.569999694824219,13.680000305175781,13.07791805267334,293600
2015-05-20,13.729999542236328,13.829999923706055,13.5600004196167,13.75,13.144838333129883,317600
2015-05-21,13.770000457763672,13.869999885559082,13.680000305175781,13.829999923706055,13.221320152282715,274300
2015-05-22,13.779999732971191,13.869999885559082,13.729999542236328,13.739999771118164,13.135281562805176,276400
2015-05-26,13.649999618530273,13.729999542236328,13.539999961853027,13.619999885559082,13.020561218261719,423200
2015-05-27,13.640000343322754,13.989999771118164,13.600000381469727,13.970000267028809,13.355155944824219,447700
2015-05-28,13.949999809265137,14.010000228881836,13.890000343322754,14.010000228881836,13.393392562866211,307000
2015-05-29,14.029999732971191,14.119999885559082,13.850000381469727,13.930000305175781,13.316917419433594,717300
2015-06-01,14.020000457763672,14.5,13.920000076293945,14.4399995803833,13.80447006225586,942500
2015-06-02,14.390000343322754,14.390000343322754,14.109999656677246,14.140000343322754,13.517675399780273,1228700
2015-06-03,14.210000038146973,14.34000015258789,14.079999923706055,14.329999923706055,13.69931411743164,679700
2015-06-04,14.199999809265137,14.399999618530273,14.199999809265137,14.34000015258789,13.708871841430664,501400
2015-06-05,14.350000381469727,14.569999694824219,14.15999984741211,14.520000457763672,13.880950927734375,871300
2015-06-08,14.460000038146973,14.5,14.180000305175781,14.260000228881836,13.632392883300781,673900
2015-06-09,14.260000228881836,14.3100004196167,14.100000381469727,14.270000457763672,13.641952514648438,403900
2015-06-10,14.359999656677246,14.600000381469727,14.34000015258789,14.5600004196167,13.919189453125,480200
2015-06-11,14.569999694824219,14.569999694824219,14.369999885559082,14.470000267028809,13.833151817321777,541300
2015-06-12,14.460000038146973,14.529999732971191,14.329999923706055,14.359999656677246,13.727993965148926,428000
2015-06-15,14.210000038146973,14.479999542236328,14.010000228881836,14.420000076293945,13.785351753234863,544700
2015-06-16,14.40999984741211,14.770000457763672,14.329999923706055,14.6899995803833,14.043465614318848,612000
2015-06-17,14.699999809265137,14.869999885559082,14.619999885559082,14.720000267028809,14.072149276733398,660500
2015-06-18,14.760000228881836,15.0,14.6899995803833,14.84000015258789,14.186866760253906,562000
2015-06-19,14.890000343322754,14.890000343322754,14.529999732971191,14.640000343322754,13.9956693649292,721100
2015-06-22,14.720000267028809,14.789999961853027,14.609999656677246,14.720000267028809,14.072149276733398,382500
2015-06-23,14.739999771118164,14.869999885559082,14.65999984741211,14.859999656677246,14.205985069274902,588300
2015-06-24,14.850000381469727,15.039999961853027,14.75,14.90999984741211,14.253783226013184,1107200
2015-06-25,14.960000038146973,15.109999656677246,14.899999618530273,15.020000457763672,14.358943939208984,860600
2015-06-26,15.0,15.039999961853027,14.739999771118164,14.850000381469727,14.196426391601562,1486000
2015-06-29,14.739999771118164,14.800000190734863,14.5,14.539999961853027,13.900067329406738,867200
2015-06-30,14.670000076293945,14.699999809265137,14.5,14.569999694824219,13.92874813079834,712500
2015-07-01,14.15999984741211,14.460000038146973,13.390000343322754,14.210000038146973,13.584593772888184,2719300
2015-07-02,14.210000038146973,14.210000038146973,13.930000305175781,14.020000457763672,13.402958869934082,728300
2015-07-06,13.890000343322754,14.0,13.649999618530273,13.850000381469727,13.240435600280762,826900
2015-07-07,13.819999694824219,13.920000076293945,13.369999885559082,13.75,13.144838333129883,767400
2015-07-08,13.579999923706055,13.619999885559082,13.390000343322754,13.539999961853027,12.944082260131836,648400
2015-07-09,13.680000305175781,13.710000038146973,13.470000267028809,13.569999694824219,12.972763061523438,630400
2015-07-10,13.670000076293945,13.800000190734863,13.479999542236328,13.75,13.144838333129883,951300
2015-07-13,13.869999885559082,13.930000305175781,13.649999618530273,13.899999618530273,13.288237571716309,624200
2015-07-14,13.899999618530273,13.920000076293945,13.789999961853027,13.899999618530273,13.288237571716309,387100
2015-07-15,14.319999694824219,14.369999885559082,14.069999694824219,14.229999542236328,13.603713035583496,1243300
2015-07-16,14.289999961853027,14.34000015258789,13.970000267028809,14.170000076293945,13.546353340148926,902500
2015-07-17,14.1899995803833,14.239999771118164,13.779999732971191,13.949999809265137,13.33603572845459,542400
2015-07-20,14.010000228881836,14.09000015258789,13.6899995803833,13.739999771118164,13.135281562805176,534900
2015-07-21,13.699999809265137,13.899999618530273,13.579999923706055,13.619999885559082,13.020561218261719,591700
2015-07-22,13.489999771118164,13.569999694824219,13.279999732971191,13.5,12.905839920043945,853400
2015-07-23,13.569999694824219,13.710000038146973,13.270000457763672,13.369999885559082,12.781563758850098,1129400
2015-07-24,13.329999923706055,13.550000190734863,13.15999984741211,13.210000038146973,12.628608703613281,828100
2015-07-27,13.010000228881836,13.3100004196167,12.949999809265137,13.199999809265137,12.619044303894043,374400
2015-07-28,13.1899995803833,13.270000457763672,12.960000038146973,13.270000457763672,12.685965538024902,802800
2015-07-29,13.279999732971191,13.460000038146973,13.130000114440918,13.40999984741211,12.81980037689209,662700
2015-07-30,13.899999618530273,15.069999694824219,13.15999984741211,14.729999542236328,14.081710815429688,2084100
2015-07-31,14.800000190734863,15.199999809265137,14.630000114440918,14.819999694824219,14.167747497558594,1330900
2015-08-03,14.869999885559082,14.869999885559082,14.539999961853027,14.710000038146973,14.062589645385742,914900
2015-08-04,14.75,14.8100004196167,14.479999542236328,14.5,13.861831665039062,952500
2015-08-05,14.619999885559082,14.800000190734863,14.619999885559082,14.670000076293945,14.024347305297852,871900
2015-08-06,14.739999771118164,14.770000457763672,14.5,14.720000267028809,14.072149276733398,880700
2015-08-07,14.59000015258789,14.779999732971191,14.579999923706055,14.680000305175781,14.033906936645508,410100
2015-08-10,14.8100004196167,14.890000343322754,14.699999809265137,14.75,14.100828170776367,1055600
2015-08-11,14.59000015258789,14.779999732971191,14.550000190734863,14.699999809265137,14.05302906036377,802900
2015-08-12,14.630000114440918,14.779999732971191,14.489999771118164,14.680000305175781,14.033906936645508,674100
2015-08-13,14.649999618530273,14.779999732971191,14.40999984741211,14.4399995803833,13.80447006225586,392400
2015-08-14,14.380000114440918,14.510000228881836,14.270000457763672,14.449999809265137,13.814032554626465,488200
2015-08-17,14.369999885559082,14.760000228881836,14.3100004196167,14.710000038146973,14.062589645385742,637200
2015-08-18,14.720000267028809,14.75,14.449999809265137,14.470000267028809,13.833151817321777,530300
2015-08-19,14.399999618530273,14.5600004196167,14.279999732971191,14.329999923706055,13.69931411743164,529000
2015-08-20,14.210000038146973,14.380000114440918,13.800000190734863,13.819999694824219,13.211758613586426,433300
2015-08-21,13.59000015258789,14.0600004196167,13.569999694824219,13.720000267028809,13.116159439086914,462700
2015-08-24,13.039999961853027,13.779999732971191,13.010000228881836,13.260000228881836,12.676405906677246,1105800
2015-08-25,13.630000114440918,13.630000114440918,13.0600004196167,13.079999923706055,12.504325866699219,650000
2015-08-26,13.350000381469727,13.539999961853027,13.140000343322754,13.470000267028809,12.877164840698242,693400
2015-08-27,13.619999885559082,13.84000015258789,13.460000038146973,13.680000305175781,13.07791805267334,735000
2015-08-28,13.529999732971191,13.75,13.529999732971191,13.699999809265137,13.097039222717285,699200
2015-08-31,13.699999809265137,13.779999732971191,13.609999656677246,13.729999542236328,13.12571907043457,736200
2015-09-01,13.5,13.680000305175781,13.279999732971191,13.319999694824219,12.73376178741455,829500
2015-09-02,13.5,13.5,13.260000228881836,13.449999809265137,12.85804271697998,387000
2015-09-03,13.5,13.800000190734863,13.5,13.5600004196167,12.963200569152832,478000
2015-09-04,13.369999885559082,13.539999961853027,13.289999961853027,13.34000015258789,12.752883911132812,296200
2015-09-08,13.510000228881836,13.8100004196167,13.390000343322754,13.75,13.144838333129883,680000
2015-09-09,13.779999732971191,13.920000076293945,13.59000015258789,13.649999618530273,13.049239158630371,511100
2015-09-10,13.630000114440918,13.800000190734863,13.520000457763672,13.539999961853027,12.944082260131836,394000
2015-09-11,13.470000267028809,13.510000228881836,13.25,13.430000305175781,12.838922500610352,463600
2015-09-14,13.449999809265137,13.520000457763672,13.300000190734863,13.470000267028809,12.877164840698242,453400
2015-09-15,13.520000457763672,13.739999771118164,13.520000457763672,13.729999542236328,13.12571907043457,327300
2015-09-16,13.739999771118164,13.789999961853027,13.640000343322754,13.75,13.144838333129883,301800
2015-09-17,13.699999809265137,13.930000305175781,13.649999618530273,13.770000457763672,13.163957595825195,367000
2015-09-18,13.539999961853027,13.720000267028809,13.460000038146973,13.539999961853027,12.944082260131836,746400
2015-09-21,13.619999885559082,13.710000038146973,13.5,13.59000015258789,12.991883277893066,335300
2015-09-22,13.420000076293945,13.4399995803833,13.25,13.289999961853027,12.705082893371582,359300
2015-09-23,13.25,13.300000190734863,13.039999961853027,13.119999885559082,12.542569160461426,480100
2015-09-24,12.949999809265137,13.069999694824219,12.630000114440918,13.050000190734863,12.475647926330566,969800
2015-09-25,13.239999771118164,13.239999771118164,12.869999885559082,12.930000305175781,12.360929489135742,482300
2015-09-28,12.869999885559082,12.979999542236328,12.84000015258789,12.880000114440918,12.313127517700195,431900
2015-09-29,12.869999885559082,13.020000457763672,12.829999923706055,12.960000038146973,12.389608383178711,562400
2015-09-30,13.079999923706055,13.300000190734863,13.0600004196167,13.1899995803833,12.609487533569336,719500
2015-10-01,13.210000038146973,13.260000228881836,12.670000076293945,12.979999542236328,12.408726692199707,563900
2015-10-02,12.859999656677246,13.3100004196167,12.699999809265137,13.300000190734863,12.714643478393555,375000
2015-10-05,13.380000114440918,13.739999771118164,13.34000015258789,13.729999542236328,13.12571907043457,553900
2015-10-06,13.729999542236328,13.800000190734863,13.550000190734863,13.770000457763672,13.163957595825195,953300
2015-10-07,13.779999732971191,13.979999542236328,13.649999618530273,13.880000114440918,13.26911735534668,829800
2015-10-08,13.800000190734863,13.899999618530273,13.720000267028809,13.84000015258789,13.230879783630371,652600
2015-10-09,13.779999732971191,13.960000038146973,13.699999809265137,13.920000076293945,13.307356834411621,515000
2015-10-12,13.949999809265137,13.949999809265137,13.5600004196167,13.819999694824219,13.211758613586426,228300
2015-10-13,13.75,13.920000076293945,13.59000015258789,13.680000305175781,13.07791805267334,365200
2015-10-14,13.670000076293945,13.989999771118164,13.640000343322754,13.8100004196167,13.202201843261719,288300
2015-10-15,13.850000381469727,14.0,13.739999771118164,13.989999771118164,13.374272346496582,304700
2015-10-16,14.0,14.0,13.109999656677246,13.949999809265137,13.33603572845459,319800
2015-10-19,13.880000114440918,14.010000228881836,13.779999732971191,13.960000038146973,13.345600128173828,495000
2015-10-20,13.949999809265137,14.020000457763672,13.800000190734863,14.020000457763672,13.402958869934082,663600
2015-10-21,14.0,14.319999694824219,13.880000114440918,13.890000343322754,13.278676986694336,1248700
2015-10-22,14.0600004196167,14.069999694824219,12.579999923706055,12.949999809265137,12.380047798156738,1511800
2015-10-23,12.90999984741211,13.020000457763672,12.579999923706055,12.819999694824219,12.255772590637207,1111600
2015-10-26,12.75,13.619999885559082,12.5600004196167,12.609999656677246,12.055011749267578,1119800
2015-10-27,12.510000228881836,12.65999984741211,12.359999656677246,12.369999885559082,11.825577735900879,795700
2015-10-28,12.430000305175781,12.9399995803833,12.390000343322754,12.880000114440918,12.313127517700195,675700
2015-10-29,12.789999961853027,12.829999923706055,12.609999656677246,12.729999542236328,12.169732093811035,283800
2015-10-30,12.770000457763672,12.859999656677246,12.649999618530273,12.829999923706055,12.265331268310547,448500
2015-11-02,12.819999694824219,12.979999542236328,12.710000038146973,12.899999618530273,12.332250595092773,846100
2015-11-03,12.819999694824219,13.079999923706055,12.770000457763672,13.029999732971191,12.456527709960938,640000
2015-11-04,13.039999961853027,13.130000114440918,12.90999984741211,13.029999732971191,12.456527709960938,575200
2015-11-05,12.989999771118164,13.109999656677246,12.850000381469727,13.0,12.427848815917969,276700
2015-11-06,12.9399995803833,13.130000114440918,12.869999885559082,13.079999923706055,12.504325866699219,457200
2015-11-09,13.079999923706055,13.329999923706055,13.010000228881836,13.170000076293945,12.590363502502441,586700
2015-11-10,13.100000381469727,13.239999771118164,12.989999771118164,13.069999694824219,12.494767189025879,315300
2015-11-11,13.109999656677246,13.199999809265137,13.020000457763672,13.0600004196167,12.485208511352539,433100
2015-11-12,12.9399995803833,13.039999961853027,12.600000381469727,12.609999656677246,12.055011749267578,332700
2015-11-13,12.5,12.899999618530273,12.5,12.609999656677246,12.055011749267578,470300
2015-11-16,12.600000381469727,12.829999923706055,12.5600004196167,12.8100004196167,12.246210098266602,294200
2015-11-17,12.84000015258789,12.949999809265137,12.699999809265137,12.739999771118164,12.179290771484375,343700
2015-11-18,12.819999694824219,13.069999694824219,12.6899995803833,13.050000190734863,12.475647926330566,331200
2015-11-19,13.029999732971191,13.130000114440918,12.890000343322754,13.109999656677246,12.533008575439453,302200
2015-11-20,13.199999809265137,13.3100004196167,13.100000381469727,13.1899995803833,12.609487533569336,399300
2015-11-23,13.140000343322754,13.319999694824219,12.760000228881836,13.100000381469727,12.523447036743164,431800
2015-11-24,13.09000015258789,13.300000190734863,13.029999732971191,13.270000457763672,12.685965538024902,442300
2015-11-25,13.260000228881836,13.640000343322754,13.220000267028809,13.539999961853027,12.944082260131836,359400
2015-11-27,13.539999961853027,13.65999984741211,13.489999771118164,13.579999923706055,12.982321739196777,152100
2015-11-30,13.5600004196167,13.6899995803833,13.5,13.619999885559082,13.020561218261719,406900
2015-12-01,13.649999618530273,13.779999732971191,13.5600004196167,13.699999809265137,13.097039222717285,890900
2015-12-02,13.729999542236328,13.789999961853027,13.609999656677246,13.729999542236328,13.12571907043457,364500
2015-12-03,13.75,13.850000381469727,13.279999732971191,13.289999961853027,12.705082893371582,471100
2015-12-04,13.300000190734863,13.770000457763672,13.260000228881836,13.680000305175781,13.07791805267334,381100
2015-12-07,13.640000343322754,13.65999984741211,13.380000114440918,13.420000076293945,12.829363822937012,350900
2015-12-08,13.270000457763672,13.489999771118164,13.100000381469727,13.34000015258789,12.752883911132812,254500
2015-12-09,13.329999923706055,13.539999961853027,13.260000228881836,13.489999771118164,12.896282196044922,458200
2015-12-10,13.489999771118164,13.649999618530273,13.470000267028809,13.579999923706055,12.982321739196777,310800
2015-12-11,13.25,13.489999771118164,13.1899995803833,13.1899995803833,12.609487533569336,361800
2015-12-14,13.199999809265137,13.3100004196167,12.979999542236328,13.039999961853027,12.46608829498291,378100
2015-12-15,13.140000343322754,13.470000267028809,13.0600004196167,13.470000267028809,12.877164840698242,382900
2015-12-16,13.579999923706055,13.760000228881836,13.5,13.739999771118164,13.135281562805176,415000
2015-12-17,13.800000190734863,13.829999923706055,13.539999961853027,13.600000381469727,13.00144100189209,321900
2015-12-18,13.529999732971191,13.550000190734863,13.050000190734863,13.210000038146973,12.628608703613281,853900
2015-12-21,13.300000190734863,13.600000381469727,13.09000015258789,13.579999923706055,12.982321739196777,366800
2015-12-22,13.609999656677246,13.770000457763672,13.4399995803833,13.760000228881836,13.154398918151855,310600
2015-12-23,13.779999732971191,13.84000015258789,13.15999984741211,13.770000457763672,13.163957595825195,367600
2015-12-24,13.789999961853027,13.84000015258789,13.65999984741211,13.720000267028809,13.116159439086914,153600
2015-12-28,13.6899995803833,13.75,13.470000267028809,13.6899995803833,13.087479591369629,162700
2015-12-29,13.800000190734863,13.8100004196167,13.649999618530273,13.760000228881836,13.154398918151855,232300
2015-12-30,13.800000190734863,13.800000190734863,13.529999732971191,13.539999961853027,12.944082260131836,194000
2015-12-31,13.510000228881836,13.630000114440918,13.229999542236328,13.270000457763672,12.685965538024902,356900
2016-01-04,13.010000228881836,13.800000190734863,12.739999771118164,12.779999732971191,12.217530250549316,570700
2016-01-05,12.8100004196167,13.800000190734863,12.619999885559082,12.760000228881836,12.198408126831055,319300
2016-01-06,12.529999732971191,12.609999656677246,12.359999656677246,12.399999618530273,11.854252815246582,332100
2016-01-07,12.140000343322754,12.289999961853027,11.779999732971191,11.800000190734863,11.280664443969727,695800
2016-01-08,11.800000190734863,11.970000267028809,11.420000076293945,11.460000038146973,10.955625534057617,1061300
2016-01-11,11.529999732971191,11.670000076293945,11.40999984741211,11.600000381469727,11.089466094970703,913100
2016-01-12,11.699999809265137,11.760000228881836,11.289999961853027,11.420000076293945,10.917386054992676,742700
2016-01-13,11.430000305175781,11.600000381469727,10.9399995803833,10.979999542236328,10.496752738952637,649600
2016-01-14,11.09000015258789,11.4399995803833,10.869999885559082,11.260000228881836,10.764427185058594,764700
2016-01-15,10.920000076293945,11.170000076293945,10.739999771118164,10.890000343322754,10.410712242126465,691300
2016-01-19,11.0600004196167,11.0600004196167,10.520000457763672,10.619999885559082,10.152595520019531,767500
2016-01-20,10.5,10.90999984741211,10.369999885559082,10.75,10.276875495910645,913100
2016-01-21,10.8100004196167,10.930000305175781,10.470000267028809,10.600000381469727,10.133476257324219,686800
2016-01-22,10.770000457763672,11.229999542236328,10.600000381469727,11.180000305175781,10.68795108795166,679100
2016-01-25,11.640000343322754,11.6899995803833,11.100000381469727,11.130000114440918,10.640149116516113,876900
2016-01-26,11.180000305175781,11.430000305175781,10.899999618530273,11.359999656677246,10.860027313232422,469400
2016-01-27,11.520000457763672,11.520000457763672,11.210000038146973,11.210000038146973,10.716630935668945,561000
2016-01-28,11.369999885559082,11.369999885559082,11.079999923706055,11.109999656677246,10.62103271484375,299900
2016-01-29,11.140000343322754,11.680000305175781,11.140000343322754,11.65999984741211,11.146825790405273,674200
2016-02-01,11.550000190734863,11.619999885559082,11.1899995803833,11.399999618530273,10.89826488494873,943000
2016-02-02,11.25,11.25,11.029999732971191,11.109999656677246,10.62103271484375,428600
2016-02-03,11.319999694824219,11.510000228881836,10.890000343322754,11.430000305175781,10.926950454711914,664500
2016-02-04,11.420000076293945,11.699999809265137,11.09000015258789,11.5,10.993863105773926,580100
2016-02-05,11.420000076293945,11.420000076293945,11.050000190734863,11.069999694824219,10.582792282104492,514300
2016-02-08,10.859999656677246,11.430000305175781,10.859999656677246,11.239999771118164,10.745308876037598,834600
2016-02-09,12.010000228881836,12.569999694824219,11.430000305175781,11.699999809265137,11.185062408447266,1192900
2016-02-10,11.630000114440918,11.970000267028809,11.399999618530273,11.520000457763672,11.012982368469238,679900
2016-02-11,11.279999732971191,11.65999984741211,11.119999885559082,11.529999732971191,11.02254581451416,1067600
2016-02-12,11.699999809265137,11.9399995803833,11.4399995803833,11.649999618530273,11.137262344360352,571600
2016-02-16,11.850000381469727,12.069999694824219,11.710000038146973,12.0,11.471861839294434,454400
2016-02-17,12.079999923706055,12.15999984741211,11.680000305175781,12.010000228881836,11.481422424316406,661600
2016-02-18,12.010000228881836,12.270000457763672,11.960000038146973,12.119999885559082,11.586581230163574,679000
2016-02-19,12.09000015258789,12.300000190734863,11.5,12.109999656677246,11.577018737792969,451600
2016-02-22,12.210000038146973,12.4399995803833,12.100000381469727,12.119999885559082,11.586581230163574,419200
2016-02-23,12.109999656677246,12.239999771118164,12.039999961853027,12.079999923706055,11.548335075378418,483200
2016-02-24,11.899999618530273,12.239999771118164,11.859999656677246,12.199999809265137,11.663055419921875,485400
2016-02-25,12.210000038146973,12.270000457763672,12.1899995803833,12.260000228881836,11.720414161682129,358500
2016-02-26,12.329999923706055,12.489999771118164,12.180000305175781,12.359999656677246,11.81601619720459,345300
2016-02-29,12.420000076293945,12.670000076293945,12.220000267028809,12.359999656677246,11.81601619720459,612300
2016-03-01,12.449999809265137,12.630000114440918,12.380000114440918,12.550000190734863,11.997653007507324,408900
2016-03-02,12.520000457763672,12.770000457763672,12.369999885559082,12.630000114440918,12.074132919311523,424400
2016-03-03,12.550000190734863,12.9399995803833,12.449999809265137,12.770000457763672,12.207968711853027,715700
2016-03-04,12.829999923706055,12.989999771118164,12.710000038146973,12.979999542236328,12.408726692199707,400900
2016-03-07,12.949999809265137,13.109999656677246,12.880000114440918,12.949999809265137,12.380047798156738,380600
2016-03-08,12.899999618530273,12.920000076293945,12.59000015258789,12.619999885559082,12.064570426940918,380000
2016-03-09,12.710000038146973,12.869999885559082,12.710000038146973,12.8100004196167,12.246210098266602,347300
2016-03-10,12.829999923706055,12.979999542236328,12.630000114440918,12.720000267028809,12.16016960144043,284000
2016-03-11,12.8100004196167,12.949999809265137,12.789999961853027,12.920000076293945,12.351366996765137,384300
2016-03-14,12.850000381469727,12.979999542236328,11.739999771118164,12.800000190734863,12.236648559570312,302800
2016-03-15,12.699999809265137,12.770000457763672,12.5600004196167,12.640000343322754,12.08368968963623,254400
2016-03-16,12.640000343322754,12.789999961853027,12.600000381469727,12.729999542236328,12.169732093811035,279600
2016-03-17,12.649999618530273,13.109999656677246,12.649999618530273,13.0600004196167,12.485208511352539,283900
2016-03-18,13.140000343322754,13.300000190734863,13.079999923706055,13.079999923706055,12.504325866699219,675600
2016-03-21,13.079999923706055,13.390000343322754,13.020000457763672,13.25,12.666848182678223,634800
2016-03-22,13.15999984741211,13.359999656677246,13.109999656677246,13.300000190734863,12.714643478393555,435600
2016-03-23,13.270000457763672,13.380000114440918,13.079999923706055,13.100000381469727,12.523447036743164,567500
2016-03-24,13.020000457763672,13.039999961853027,12.819999694824219,12.989999771118164,12.41828727722168,242200
2016-03-28,13.039999961853027,13.039999961853027,12.789999961853027,12.84000015258789,12.27488899230957,178100
2016-03-29,12.779999732971191,13.539999961853027,12.779999732971191,13.489999771118164,12.896282196044922,413000
2016-03-30,13.520000457763672,13.649999618530273,13.420000076293945,13.569999694824219,12.972763061523438,365600
2016-03-31,13.539999961853027,13.6899995803833,13.470000267028809,13.619999885559082,13.020561218261719,267000
2016-04-01,13.5,13.699999809265137,13.369999885559082,13.460000038146973,12.867605209350586,405800
2016-04-04,13.390000343322754,13.40999984741211,13.260000228881836,13.260000228881836,12.676405906677246,301400
2016-04-05,13.210000038146973,13.329999923706055,13.130000114440918,13.170000076293945,12.590363502502441,368100
2016-04-06,13.199999809265137,13.319999694824219,13.010000228881836,13.289999961853027,12.705082893371582,234700
2016-04-07,13.220000267028809,13.220000267028809,12.930000305175781,13.069999694824219,12.494767189025879,477000
2016-04-08,13.180000305175781,13.229999542236328,12.989999771118164,13.050000190734863,12.475647926330566,285300
2016-04-11,13.100000381469727,13.300000190734863,13.050000190734863,13.239999771118164,12.657283782958984,309700
2016-04-12,13.229999542236328,13.390000343322754,13.100000381469727,13.1899995803833,12.609487533569336,373800
2016-04-13,13.229999542236328,13.609999656677246,13.039999961853027,13.520000457763672,12.924962043762207,424600
2016-04-14,13.430000305175781,13.59000015258789,13.270000457763672,13.5600004196167,12.963200569152832,414900
2016-04-15,13.479999542236328,13.630000114440918,13.470000267028809,13.550000190734863,12.953639030456543,254900
2016-04-18,13.470000267028809,13.6899995803833,13.0,13.680000305175781,13.07791805267334,266000
2016-04-19,13.65999984741211,13.75,13.390000343322754,13.649999618530273,13.049239158630371,318600
2016-04-20,13.569999694824219,13.649999618530273,13.4399995803833,13.520000457763672,12.924962043762207,183700
2016-04-21,13.529999732971191,13.600000381469727,13.449999809265137,13.520000457763672,12.924962043762207,341300
2016-04-22,13.520000457763672,13.75,13.399999618530273,13.680000305175781,13.07791805267334,331100
2016-04-25,13.640000343322754,13.75,13.59000015258789,13.699999809265137,13.097039222717285,380700
2016-04-26,13.75,14.109999656677246,13.65999984741211,13.770000457763672,13.163957595825195,1391400
2016-04-27,13.779999732971191,13.989999771118164,13.59000015258789,13.899999618530273,13.288237571716309,566800
2016-04-28,13.75,13.859999656677246,13.5,13.510000228881836,12.91540241241455,412500
2016-04-29,13.5,13.5,13.15999984741211,13.289999961853027,12.705082893371582,419600
2016-05-02,13.380000114440918,13.619999885559082,13.170000076293945,13.609999656677246,13.01099967956543,498100
2016-05-03,13.529999732971191,13.65999984741211,13.390000343322754,13.579999923706055,12.982321739196777,489000
2016-05-04,13.470000267028809,13.609999656677246,13.380000114440918,13.479999542236328,12.886720657348633,424000
2016-05-05,13.59000015258789,13.59000015258789,13.079999923706055,13.100000381469727,12.523447036743164,384500
2016-05-06,13.029999732971191,13.1899995803833,13.0,13.170000076293945,12.590363502502441,291800
2016-05-09,13.140000343322754,13.3100004196167,13.140000343322754,13.220000267028809,12.638164520263672,251100
2016-05-10,13.25,13.449999809265137,13.1899995803833,13.319999694824219,12.73376178741455,194500
2016-05-11,13.260000228881836,13.390000343322754,13.149999618530273,13.149999618530273,12.571246147155762,343000
2016-05-12,13.210000038146973,13.3100004196167,12.850000381469727,12.90999984741211,12.341809272766113,407200
2016-05-13,12.850000381469727,13.0600004196167,12.850000381469727,12.960000038146973,12.389608383178711,377700
2016-05-16,13.050000190734863,13.229999542236328,13.0,13.149999618530273,12.571246147155762,393500
2016-05-17,13.149999618530273,13.1899995803833,12.789999961853027,12.84000015258789,12.27488899230957,507900
2016-05-18,12.8100004196167,13.319999694824219,12.8100004196167,13.220000267028809,12.638164520263672,318500
2016-05-19,13.09000015258789,13.329999923706055,12.979999542236328,13.109999656677246,12.533008575439453,400200
2016-05-20,13.210000038146973,13.579999923706055,13.210000038146973,13.5,12.905839920043945,310600
2016-05-23,13.550000190734863,13.670000076293945,13.5,13.529999732971191,12.934520721435547,223100
2016-05-24,13.640000343322754,13.920000076293945,13.619999885559082,13.850000381469727,13.240435600280762,945300
2016-05-25,13.9399995803833,14.010000228881836,13.84000015258789,13.989999771118164,13.374272346496582,400900
2016-05-26,13.989999771118164,14.020000457763672,13.949999809265137,13.979999542236328,13.364716529846191,287300
2016-05-27,14.010000228881836,14.279999732971191,13.479999542236328,14.260000228881836,13.632392883300781,509600
2016-05-31,14.279999732971191,14.34000015258789,14.170000076293945,14.260000228881836,13.632392883300781,831100
2016-06-01,14.170000076293945,14.40999984741211,13.739999771118164,14.390000343322754,13.756671905517578,801300
2016-06-02,14.300000190734863,14.489999771118164,14.279999732971191,14.489999771118164,13.852270126342773,445800
2016-06-03,14.399999618530273,14.40999984741211,14.220000267028809,14.399999618530273,13.766229629516602,322100
2016-06-06,14.390000343322754,14.510000228881836,14.260000228881836,14.4399995803833,13.80447006225586,447700
2016-06-07,14.449999809265137,14.600000381469727,14.390000343322754,14.59000015258789,13.947871208190918,474400
2016-06-08,14.5600004196167,14.770000457763672,14.510000228881836,14.739999771118164,14.091265678405762,438800
2016-06-09,14.600000381469727,14.739999771118164,14.539999961853027,14.6899995803833,14.043465614318848,408800
2016-06-10,14.5,14.5,14.3100004196167,14.34000015258789,13.708871841430664,353800
2016-06-13,14.270000457763672,14.359999656677246,14.15999984741211,14.180000305175781,13.555915832519531,408200
2016-06-14,14.15999984741211,14.25,14.020000457763672,14.170000076293945,13.546353340148926,378700
2016-06-15,14.199999809265137,14.380000114440918,14.119999885559082,14.210000038146973,13.584593772888184,433700
2016-06-16,14.130000114440918,14.279999732971191,13.989999771118164,14.260000228881836,13.632392883300781,253200
2016-06-17,14.25,14.279999732971191,13.90999984741211,14.270000457763672,13.641952514648438,777800
2016-06-20,14.399999618530273,14.520000457763672,14.3100004196167,14.380000114440918,13.747111320495605,465400
2016-06-21,14.369999885559082,14.449999809265137,14.229999542236328,14.350000381469727,13.718432426452637,516800
2016-06-22,14.350000381469727,14.510000228881836,14.3100004196167,14.329999923706055,13.69931411743164,260300
2016-06-23,14.510000228881836,14.760000228881836,14.359999656677246,14.739999771118164,14.091265678405762,336300
2016-06-24,13.989999771118164,14.300000190734863,13.75,13.90999984741211,13.297798156738281,922900
2016-06-27,13.800000190734863,13.890000343322754,13.40999984741211,13.520000457763672,12.924962043762207,541100
2016-06-28,13.640000343322754,13.859999656677246,13.59000015258789,13.739999771118164,13.135281562805176,484700
2016-06-29,13.90999984741211,14.109999656677246,13.850000381469727,14.029999732971191,13.412514686584473,457800
2016-06-30,14.020000457763672,14.470000267028809,13.800000190734863,14.470000267028809,13.833151817321777,372200
2016-07-01,14.449999809265137,14.5600004196167,14.0600004196167,14.5,13.861831665039062,346700
2016-07-05,14.380000114440918,14.4399995803833,14.119999885559082,14.15999984741211,13.536795616149902,268100
2016-07-06,14.039999961853027,14.199999809265137,13.970000267028809,14.1899995803833,13.565476417541504,330300
2016-07-07,14.260000228881836,14.420000076293945,14.069999694824219,14.1899995803833,13.565476417541504,278800
2016-07-08,14.319999694824219,14.75,14.180000305175781,14.6899995803833,14.043465614318848,629900
2016-07-11,14.760000228881836,15.0,14.760000228881836,14.960000038146973,14.30158805847168,550000
2016-07-12,15.0,15.100000381469727,14.930000305175781,14.979999542236328,14.320706367492676,614400
2016-07-13,15.09000015258789,15.100000381469727,14.920000076293945,14.989999771118164,14.330263137817383,551600
2016-07-14,15.100000381469727,15.289999961853027,14.859999656677246,15.050000190734863,14.387622833251953,383100
2016-07-15,15.170000076293945,15.170000076293945,14.920000076293945,15.0,14.339824676513672,318900
2016-07-18,15.109999656677246,15.180000305175781,14.920000076293945,14.960000038146973,14.30158805847168,313600
2016-07-19,14.920000076293945,15.010000228881836,14.529999732971191,14.890000343322754,14.234665870666504,337700
2016-07-20,14.979999542236328,15.010000228881836,14.890000343322754,14.949999809265137,14.292027473449707,355100
2016-07-21,14.880000114440918,14.930000305175781,14.699999809265137,14.720000267028809,14.072149276733398,356200
2016-07-22,14.720000267028809,14.789999961853027,14.5600004196167,14.760000228881836,14.11038589477539,288100
2016-07-25,14.699999809265137,14.9399995803833,14.699999809265137,14.890000343322754,14.234665870666504,597000
2016-07-26,14.960000038146973,15.25,14.890000343322754,15.220000267028809,14.550140380859375,666300
2016-07-27,15.899999618530273,17.729999542236328,15.779999732971191,16.950000762939453,16.204002380371094,3643700
2016-07-28,16.649999618530273,17.0,16.559999465942383,16.8700008392334,16.127521514892578,1481800
2016-07-29,16.93000030517578,17.139999389648438,16.780000686645508,17.09000015258789,16.337841033935547,994300
2016-08-01,17.059999465942383,17.229999542236328,16.920000076293945,16.969999313354492,16.223114013671875,969300
2016-08-02,16.959999084472656,17.0,16.68000030517578,16.799999237060547,16.06060218811035,627400
2016-08-03,16.81999969482422,16.920000076293945,16.719999313354492,16.770000457763672,16.031919479370117,514600
2016-08-04,16.739999771118164,16.8799991607666,16.65999984741211,16.670000076293945,15.93632698059082,433500
2016-08-05,16.739999771118164,17.219999313354492,16.690000534057617,17.09000015258789,16.337841033935547,503900
2016-08-08,17.100000381469727,17.239999771118164,17.020000457763672,17.1299991607666,16.376083374023438,418300
2016-08-09,17.100000381469727,17.329999923706055,17.09000015258789,17.139999389648438,16.385643005371094,343100
2016-08-10,17.190000534057617,17.190000534057617,16.860000610351562,16.920000076293945,16.175323486328125,255300
2016-08-11,16.950000762939453,17.010000228881836,16.90999984741211,16.940000534057617,16.194442749023438,274800
2016-08-12,16.940000534057617,17.06999969482422,16.889999389648438,17.030000686645508,16.280481338500977,303000
2016-08-15,17.020000457763672,17.219999313354492,17.020000457763672,17.079999923706055,16.32828140258789,503500
2016-08-16,17.079999923706055,17.170000076293945,16.690000534057617,16.719999313354492,15.984125137329102,703500
2016-08-17,16.709999084472656,16.899999618530273,16.579999923706055,16.790000915527344,16.05104637145996,624400
2016-08-18,16.889999389648438,17.06999969482422,16.809999465942383,17.030000686645508,16.280481338500977,318700
2016-08-19,17.0,17.3700008392334,17.0,17.309999465942383,16.548158645629883,823700
2016-08-22,17.25,17.459999084472656,17.079999923706055,17.100000381469727,16.347394943237305,352200
2016-08-23,17.09000015258789,17.579999923706055,17.09000015258789,17.56999969482422,16.79671287536621,777100
2016-08-24,17.540000915527344,17.690000534057617,17.399999618530273,17.43000030517578,16.66287612915039,346900
2016-08-25,17.350000381469727,17.5,17.239999771118164,17.309999465942383,16.548158645629883,425000
2016-08-26,17.270000457763672,17.540000915527344,17.229999542236328,17.3700008392334,16.605514526367188,407400
2016-08-29,17.350000381469727,17.559999465942383,17.329999923706055,17.510000228881836,16.739362716674805,596200
2016-08-30,17.520000457763672,17.68000030517578,17.34000015258789,17.420000076293945,16.653316497802734,353800
2016-08-31,17.440000534057617,17.440000534057617,16.989999771118164,17.040000915527344,16.290040969848633,771100
2016-09-01,17.100000381469727,17.280000686645508,16.889999389648438,17.280000686645508,16.519481658935547,460700
2016-09-02,17.329999923706055,17.3799991607666,17.06999969482422,17.270000457763672,16.509920120239258,427100
2016-09-06,17.290000915527344,17.34000015258789,17.010000228881836,17.100000381469727,16.347394943237305,369900
2016-09-07,17.100000381469727,17.229999542236328,16.950000762939453,17.229999542236328,16.471677780151367,643400
2016-09-08,17.1299991607666,17.200000762939453,16.950000762939453,17.0,16.251800537109375,362800
2016-09-09,16.8700008392334,16.8700008392334,16.399999618530273,16.40999984741211,15.687766075134277,454000
2016-09-12,16.360000610351562,16.6299991607666,16.31999969482422,16.6299991607666,15.898086547851562,595600
2016-09-13,16.530000686645508,16.65999984741211,16.209999084472656,16.239999771118164,15.525247573852539,410400
2016-09-14,16.299999237060547,16.350000381469727,16.0,16.110000610351562,15.400970458984375,373100
2016-09-15,16.149999618530273,16.389999389648438,16.09000015258789,16.350000381469727,15.630409240722656,263700
2016-09-16,16.3700008392334,16.469999313354492,16.190000534057617,16.43000030517578,15.706888198852539,858800
2016-09-19,16.510000228881836,16.719999313354492,16.510000228881836,16.59000015258789,15.859842300415039,376800
2016-09-20,16.719999313354492,16.920000076293945,16.600000381469727,16.850000381469727,16.10840606689453,447300
2016-09-21,16.8799991607666,17.1299991607666,16.770000457763672,17.079999923706055,16.32828140258789,293200
2016-09-22,17.190000534057617,17.420000076293945,17.079999923706055,17.3799991607666,16.61507797241211,354900
2016-09-23,17.350000381469727,17.350000381469727,17.1200008392334,17.170000076293945,16.414318084716797,293400
2016-09-26,17.100000381469727,17.1299991607666,16.93000030517578,16.940000534057617,16.194442749023438,425100
2016-09-27,16.940000534057617,17.100000381469727,16.93000030517578,17.030000686645508,16.280481338500977,665300
2016-09-28,17.040000915527344,17.229999542236328,17.040000915527344,17.209999084472656,16.452556610107422,687700
2016-09-29,17.200000762939453,17.329999923706055,17.059999465942383,17.170000076293945,16.414318084716797,355000
2016-09-30,17.219999313354492,17.479999542236328,17.190000534057617,17.420000076293945,16.653316497802734,353600
2016-10-03,17.389999389648438,17.489999771118164,17.200000762939453,17.200000762939453,16.4429988861084,280400
2016-10-04,17.239999771118164,17.34000015258789,17.09000015258789,17.15999984741211,16.404762268066406,224800
2016-10-05,17.209999084472656,17.530000686645508,17.15999984741211,17.5,16.729801177978516,315200
2016-10-06,17.489999771118164,17.579999923706055,17.270000457763672,17.5,16.729801177978516,588200
2016-10-07,17.559999465942383,17.559999465942383,17.09000015258789,17.139999389648438,16.385643005371094,945800
2016-10-10,17.229999542236328,17.360000610351562,16.959999084472656,16.989999771118164,16.24224281311035,515100
2016-10-11,17.020000457763672,17.020000457763672,16.40999984741211,16.479999542236328,15.754687309265137,511300
2016-10-12,16.3700008392334,16.530000686645508,16.31999969482422,16.520000457763672,15.79293155670166,391900
2016-10-13,16.3799991607666,16.459999084472656,16.149999618530273,16.3700008392334,15.649527549743652,375800
2016-10-14,16.420000076293945,16.530000686645508,16.299999237060547,16.40999984741211,15.687766075134277,360200
2016-10-17,16.389999389648438,16.549999237060547,16.290000915527344,16.299999237060547,15.582612037658691,341000
2016-10-18,16.520000457763672,16.520000457763672,16.299999237060547,16.31999969482422,15.601730346679688,447000
2016-10-19,16.299999237060547,16.59000015258789,16.200000762939453,16.43000030517578,15.706888198852539,384400
2016-10-20,16.329999923706055,16.469999313354492,16.110000610351562,16.200000762939453,15.48701286315918,390400
2016-10-21,16.06999969482422,16.3700008392334,16.010000228881836,16.15999984741211,15.448771476745605,368700
2016-10-24,16.270000457763672,16.43000030517578,16.170000076293945,16.219999313354492,15.506131172180176,758000
2016-10-25,16.15999984741211,16.389999389648438,15.970000267028809,16.3700008392334,15.649527549743652,648900
2016-10-26,15.119999885559082,16.31999969482422,14.729999542236328,15.609999656677246,14.922979354858398,1028300
2016-10-27,16.299999237060547,16.360000610351562,16.0,16.190000534057617,15.477452278137207,1128300
2016-10-28,16.209999084472656,16.420000076293945,16.030000686645508,16.049999237060547,15.343611717224121,512900
2016-10-31,16.0,16.049999237060547,15.630000114440918,15.899999618530273,15.200210571289062,621600
2016-11-01,15.949999809265137,16.149999618530273,15.449999809265137,15.600000381469727,14.91341781616211,661400
2016-11-02,15.649999618530273,16.049999237060547,15.600000381469727,15.800000190734863,15.104616165161133,440100
2016-11-03,15.850000381469727,16.0,15.5,15.800000190734863,15.104616165161133,424700
2016-11-04,15.800000190734863,15.899999618530273,15.300000190734863,15.649999618530273,14.96121597290039,523700
2016-11-07,16.0,16.350000381469727,15.949999809265137,16.299999237060547,15.582612037658691,469300
2016-11-08,16.299999237060547,16.399999618530273,16.100000381469727,16.299999237060547,15.582612037658691,223300
2016-11-09,16.100000381469727,16.899999618530273,15.3100004196167,16.850000381469727,16.10840606689453,668800
2016-11-10,17.0,17.350000381469727,16.520000457763672,17.200000762939453,16.4429988861084,752200
2016-11-11,17.200000762939453,18.0,17.200000762939453,17.950000762939453,17.159988403320312,1222300
2016-11-14,18.0,18.450000762939453,17.600000381469727,17.75,16.968791961669922,617100
2016-11-15,17.799999237060547,18.25,17.799999237060547,18.25,17.446788787841797,529600
2016-11-16,18.0,18.450000762939453,17.75,18.25,17.446788787841797,651800
2016-11-17,18.299999237060547,18.450000762939453,18.0,18.350000381469727,17.542381286621094,631400
2016-11-18,18.450000762939453,18.549999237060547,18.049999237060547,18.450000762939453,17.637985229492188,569100
2016-11-21,18.350000381469727,18.549999237060547,18.239999771118164,18.5,17.6857852935791,486900
2016-11-22,18.649999618530273,18.649999618530273,18.100000381469727,18.25,17.446788787841797,755800
2016-11-23,18.299999237060547,18.450000762939453,18.100000381469727,18.200000762939453,17.398988723754883,567400
2016-11-25,18.200000762939453,18.450000762939453,18.079999923706055,18.350000381469727,17.542381286621094,272000
2016-11-28,18.25,18.350000381469727,18.149999618530273,18.25,17.446788787841797,341400
2016-11-29,18.350000381469727,18.350000381469727,18.100000381469727,18.149999618530273,17.3511905670166,666800
2016-11-30,18.299999237060547,18.600000381469727,17.950000762939453,17.950000762939453,17.159988403320312,329700
2016-12-01,18.049999237060547,18.200000762939453,17.149999618530273,17.399999618530273,16.634199142456055,480600
2016-12-02,17.350000381469727,17.700000762939453,17.100000381469727,17.549999237060547,16.777597427368164,513400
2016-12-05,17.700000762939453,18.0,17.549999237060547,17.799999237060547,17.016592025756836,456000
2016-12-06,17.850000381469727,18.0,17.450000762939453,17.799999237060547,17.016592025756836,408400
2016-12-07,17.799999237060547,18.329999923706055,17.799999237060547,17.950000762939453,17.159988403320312,629300
2016-12-08,18.049999237060547,18.829999923706055,18.049999237060547,18.350000381469727,17.542381286621094,763300
2016-12-09,18.450000762939453,18.520000457763672,18.200000762939453,18.350000381469727,17.542381286621094,342500
2016-12-12,18.350000381469727,18.549999237060547,17.829999923706055,18.0,17.20779037475586,928300
2016-12-13,18.049999237060547,18.649999618530273,17.850000381469727,18.549999237060547,17.733579635620117,656600
2016-12-14,18.549999237060547,18.899999618530273,18.079999923706055,18.200000762939453,17.398988723754883,450600
2016-12-15,18.299999237060547,18.950000762939453,18.200000762939453,18.549999237060547,17.733579635620117,519700
2016-12-16,18.649999618530273,18.899999618530273,17.950000762939453,18.0,17.20779037475586,1102000
2016-12-19,18.100000381469727,18.600000381469727,18.100000381469727,18.200000762939453,17.398988723754883,1067800
2016-12-20,18.25,18.5,18.100000381469727,18.450000762939453,17.637985229492188,362100
2016-12-21,18.399999618530273,18.700000762939453,18.350000381469727,18.399999618530273,17.590192794799805,656500
2016-12-22,18.450000762939453,18.5,17.899999618530273,18.100000381469727,17.303388595581055,614400
2016-12-23,18.0,18.200000762939453,17.899999618530273,18.149999618530273,17.3511905670166,365700
2016-12-27,18.049999237060547,18.450000762939453,18.049999237060547,18.25,17.446788787841797,587600
2016-12-28,18.350000381469727,18.5,17.899999618530273,17.899999618530273,17.1121883392334,384100
2016-12-29,17.950000762939453,18.049999237060547,17.75,18.049999237060547,17.25558853149414,493100
2016-12-30,18.100000381469727,18.100000381469727,17.729999542236328,17.899999618530273,17.1121883392334,473600
2017-01-03,18.100000381469727,18.229999542236328,17.649999618530273,18.100000381469727,17.303388595581055,650600
2017-01-04,18.100000381469727,18.549999237060547,18.100000381469727,18.450000762939453,17.637985229492188,778900
2017-01-05,18.25,18.579999923706055,18.18000030517578,18.399999618530273,17.590192794799805,473200
2017-01-06,18.350000381469727,18.350000381469727,18.100000381469727,18.25,17.446788787841797,340000
2017-01-09,18.149999618530273,18.399999618530273,18.0,18.100000381469727,17.303388595581055,770800
2017-01-10,18.149999618530273,18.25,18.020000457763672,18.25,17.446788787841797,569900
2017-01-11,18.25,19.049999237060547,18.18000030517578,18.950000762939453,18.11597442626953,723800
2017-01-12,18.850000381469727,18.850000381469727,18.25,18.450000762939453,17.637985229492188,541100
2017-01-13,18.549999237060547,19.0,18.5,18.950000762939453,18.11597442626953,410000
2017-01-17,18.850000381469727,18.850000381469727,18.149999618530273,18.200000762939453,17.398988723754883,388200
2017-01-18,18.299999237060547,18.600000381469727,18.299999237060547,18.399999618530273,17.590192794799805,275800
2017-01-19,18.399999618530273,18.520000457763672,18.100000381469727,18.200000762939453,17.398988723754883,223300
2017-01-20,18.200000762939453,18.549999237060547,18.200000762939453,18.25,17.446788787841797,428200
2017-01-23,18.200000762939453,18.700000762939453,18.049999237060547,18.549999237060547,17.733579635620117,715000
2017-01-24,18.700000762939453,19.200000762939453,18.5,19.0,18.163772583007812,560600
2017-01-25,19.149999618530273,19.399999618530273,18.770000457763672,19.200000762939453,18.354978561401367,503200
2017-01-26,19.299999237060547,19.350000381469727,18.799999237060547,18.950000762939453,18.11597442626953,469300
2017-01-27,19.0,19.350000381469727,19.0,19.049999237060547,18.211578369140625,409000
2017-01-30,18.850000381469727,19.100000381469727,18.5,18.899999618530273,18.068178176879883,631900
2017-01-31,18.75,18.850000381469727,18.350000381469727,18.75,17.924779891967773,451300
2017-02-01,19.049999237060547,19.299999237060547,18.649999618530273,18.799999237060547,17.97258186340332,703300
2017-02-02,20.0,20.399999618530273,19.100000381469727,19.450000762939453,18.593971252441406,1190000
2017-02-03,19.75,20.3799991607666,19.479999542236328,19.600000381469727,18.73737144470215,847800
2017-02-06,19.700000762939453,19.700000762939453,19.350000381469727,19.399999618530273,18.546173095703125,881000
2017-02-07,19.450000762939453,19.850000381469727,19.399999618530273,19.649999618530273,18.78516960144043,562900
2017-02-08,19.549999237060547,19.799999237060547,19.399999618530273,19.729999542236328,18.861648559570312,554100
2017-02-09,19.600000381469727,20.25,19.600000381469727,20.200000762939453,19.310964584350586,752800
2017-02-10,20.5,21.200000762939453,20.5,20.950000762939453,20.027957916259766,1240600
2017-02-13,21.200000762939453,21.479999542236328,21.049999237060547,21.350000381469727,20.41035270690918,1011400
2017-02-14,21.350000381469727,21.649999618530273,21.139999389648438,21.600000381469727,20.64934730529785,1094000
2017-02-15,21.5,21.899999618530273,21.450000762939453,21.799999237060547,20.840551376342773,753000
2017-02-16,21.850000381469727,21.950000762939453,21.450000762939453,21.75,20.792743682861328,651900
2017-02-17,21.75,22.0,21.399999618530273,21.950000762939453,20.98394203186035,541000
2017-02-21,22.049999237060547,22.450000762939453,21.850000381469727,22.149999618530273,21.175138473510742,940800
2017-02-22,22.149999618530273,22.299999237060547,22.0,22.299999237060547,21.318538665771484,547100
2017-02-23,22.200000762939453,22.399999618530273,21.5,21.75,20.792743682861328,732300
2017-02-24,21.5,21.950000762939453,21.299999237060547,21.75,20.792743682861328,534400
2017-02-27,21.649999618530273,21.799999237060547,21.450000762939453,21.75,20.792743682861328,580700
2017-02-28,21.700000762939453,21.700000762939453,21.149999618530273,21.200000762939453,20.266952514648438,714000
2017-03-01,21.549999237060547,21.829999923706055,21.350000381469727,21.799999237060547,20.840551376342773,725200
2017-03-02,21.799999237060547,21.950000762939453,21.549999237060547,21.549999237060547,20.601547241210938,459700
2017-03-03,21.549999237060547,21.899999618530273,21.149999618530273,21.200000762939453,20.266952514648438,557900
2017-03-06,21.0,21.399999618530273,20.850000381469727,21.299999237060547,20.3625545501709,503800
2017-03-07,21.299999237060547,21.75,21.200000762939453,21.350000381469727,20.41035270690918,597300
2017-03-08,21.450000762939453,21.56999969482422,21.030000686645508,21.049999237060547,20.123554229736328,499400
2017-03-09,21.049999237060547,21.450000762939453,21.049999237060547,21.25,20.31474494934082,837900
2017-03-10,21.5,21.549999237060547,21.0,21.350000381469727,20.41035270690918,483300
2017-03-13,21.299999237060547,22.149999618530273,21.299999237060547,22.049999237060547,21.079540252685547,1219900
2017-03-14,22.0,22.100000381469727,21.549999237060547,21.799999237060547,20.840551376342773,617700
2017-03-15,21.899999618530273,22.200000762939453,21.860000610351562,22.200000762939453,21.222938537597656,988200
2017-03-16,22.25,22.549999237060547,22.200000762939453,22.43000030517578,21.442821502685547,773400
2017-03-17,22.450000762939453,23.399999618530273,22.450000762939453,23.350000381469727,22.32232666015625,2106300
2017-03-20,23.350000381469727,23.549999237060547,22.850000381469727,23.299999237060547,22.274524688720703,1069100
2017-03-21,23.5,23.559999465942383,22.549999237060547,22.649999618530273,21.653135299682617,1361900
2017-03-22,22.600000381469727,22.899999618530273,22.450000762939453,22.75,21.748737335205078,840100
2017-03-23,22.700000762939453,23.049999237060547,22.600000381469727,22.799999237060547,21.79652976989746,467300
2017-03-24,23.0,23.450000762939453,22.649999618530273,22.75,21.748737335205078,656900
2017-03-27,22.299999237060547,23.100000381469727,22.200000762939453,22.950000762939453,21.93992805480957,749000
2017-03-28,22.850000381469727,23.25,22.709999084472656,23.049999237060547,22.03553009033203,447600
2017-03-29,22.950000762939453,23.149999618530273,22.799999237060547,22.799999237060547,21.79652976989746,464900
2017-03-30,22.799999237060547,23.299999237060547,22.799999237060547,23.0,21.98772621154785,675600
2017-03-31,23.0,23.850000381469727,22.950000762939453,23.399999618530273,22.37012481689453,1586700
2017-04-03,23.450000762939453,23.700000762939453,23.0,23.350000381469727,22.32232666015625,993900
2017-04-04,23.200000762939453,23.5,22.899999618530273,23.299999237060547,22.274524688720703,567500
2017-04-05,23.399999618530273,23.649999618530273,22.899999618530273,23.0,21.98772621154785,765000
2017-04-06,23.049999237060547,23.43000030517578,22.75,23.399999618530273,22.37012481689453,619700
2017-04-07,23.350000381469727,23.600000381469727,22.899999618530273,23.5,22.465721130371094,610500
2017-04-10,23.5,23.700000762939453,23.0,23.25,22.226734161376953,518200
2017-04-11,23.100000381469727,23.450000762939453,22.799999237060547,23.299999237060547,22.274524688720703,1086900
2017-04-12,23.149999618530273,23.420000076293945,22.75,22.899999618530273,21.89213752746582,971800
2017-04-13,22.799999237060547,23.049999237060547,22.450000762939453,22.549999237060547,21.557540893554688,745800
2017-04-17,22.549999237060547,22.93000030517578,22.5,22.850000381469727,21.84433364868164,1116400
2017-04-18,22.700000762939453,23.100000381469727,22.600000381469727,23.049999237060547,22.03553009033203,639300
2017-04-19,23.200000762939453,23.399999618530273,23.0,23.100000381469727,22.08333396911621,565600
2017-04-20,23.299999237060547,23.950000762939453,23.200000762939453,23.899999618530273,22.84811782836914,867000
2017-04-21,23.850000381469727,24.049999237060547,23.510000228881836,23.899999618530273,22.84811782836914,608400
2017-04-24,24.299999237060547,24.399999618530273,23.950000762939453,24.049999237060547,22.991518020629883,997200
2017-04-25,24.200000762939453,24.350000381469727,23.700000762939453,24.25,23.182720184326172,878200
2017-04-26,24.200000762939453,24.549999237060547,23.899999618530273,24.5,23.42171287536621,1045600
2017-04-27,25.0,25.600000381469727,24.5,25.399999618530273,24.2821044921875,1199600
2017-04-28,25.100000381469727,25.309999465942383,24.399999618530273,24.799999237060547,23.708505630493164,1149300
2017-05-01,24.899999618530273,25.5,24.649999618530273,25.299999237060547,24.186508178710938,1050700
2017-05-02,25.350000381469727,25.450000762939453,24.8799991607666,25.100000381469727,23.99530601501465,776100
2017-05-03,24.850000381469727,25.280000686645508,24.700000762939453,25.049999237060547,23.9475040435791,992800
2017-05-04,25.149999618530273,25.200000762939453,24.75,24.899999618530273,23.804107666015625,565200
2017-05-05,24.950000762939453,25.049999237060547,24.450000762939453,24.75,23.660707473754883,719500
2017-05-08,24.649999618530273,24.950000762939453,24.200000762939453,24.350000381469727,23.278316497802734,917100
2017-05-09,24.350000381469727,24.75,24.200000762939453,24.450000762939453,23.37391471862793,886600
2017-05-10,24.549999237060547,24.93000030517578,24.299999237060547,24.399999618530273,23.32611083984375,795100
2017-05-11,24.700000762939453,24.700000762939453,23.979999542236328,24.350000381469727,23.278316497802734,901700
2017-05-12,24.299999237060547,24.299999237060547,23.75,23.950000762939453,22.89592170715332,785200
2017-05-15,24.100000381469727,24.350000381469727,24.100000381469727,24.25,23.182720184326172,918400
2017-05-16,24.450000762939453,24.950000762939453,24.350000381469727,24.75,23.660707473754883,952100
2017-05-17,24.350000381469727,24.350000381469727,23.200000762939453,23.200000762939453,22.178932189941406,975700
2017-05-18,23.200000762939453,23.829999923706055,22.850000381469727,23.700000762939453,22.65691566467285,1336800
2017-05-19,23.850000381469727,24.049999237060547,23.280000686645508,23.350000381469727,22.32232666015625,1098000
2017-05-22,23.899999618530273,24.329999923706055,23.450000762939453,24.299999237060547,23.23051643371582,1228000
2017-05-23,24.299999237060547,24.5,23.850000381469727,24.25,23.182720184326172,655100
2017-05-24,24.299999237060547,24.600000381469727,24.200000762939453,24.350000381469727,23.278316497802734,605700
2017-05-25,24.450000762939453,24.549999237060547,24.049999237060547,24.149999618530273,23.08711814880371,758900
2017-05-26,24.100000381469727,24.149999618530273,23.649999618530273,23.950000762939453,22.89592170715332,863000
2017-05-30,23.950000762939453,24.350000381469727,23.850000381469727,24.200000762939453,23.13491439819336,681800
2017-05-31,24.399999618530273,24.850000381469727,24.200000762939453,24.700000762939453,23.612911224365234,1141000
2017-06-01,24.75,25.399999618530273,24.700000762939453,25.25,24.13871192932129,1650600
2017-06-02,25.5,26.149999618530273,25.399999618530273,25.899999618530273,24.760095596313477,1231300
2017-06-05,25.850000381469727,26.350000381469727,25.850000381469727,26.049999237060547,24.90349578857422,1438700
2017-06-06,25.950000762939453,26.5,25.799999237060547,26.25,25.094690322875977,1001100
2017-06-07,26.149999618530273,26.700000762939453,26.149999618530273,26.399999618530273,25.238088607788086,794600
2017-06-08,26.5,26.850000381469727,26.290000915527344,26.649999618530273,25.477088928222656,960700
2017-06-09,26.799999237060547,27.200000762939453,25.450000762939453,25.799999237060547,24.664501190185547,1395100
2017-06-12,25.5,25.700000762939453,24.350000381469727,24.899999618530273,23.804107666015625,1490100
2017-06-13,25.100000381469727,25.399999618530273,24.75,24.899999618530273,23.804107666015625,1176100
2017-06-14,25.0,25.5,24.299999237060547,24.5,23.42171287536621,1397300
2017-06-15,24.049999237060547,24.25,23.75,24.0,22.943723678588867,764500
2017-06-16,23.649999618530273,24.25,23.600000381469727,24.049999237060547,22.991518020629883,1035300
2017-06-19,24.200000762939453,24.450000762939453,23.799999237060547,24.149999618530273,23.08711814880371,1088000
2017-06-20,24.100000381469727,24.25,23.450000762939453,23.75,22.70472526550293,1000800
2017-06-21,23.899999618530273,24.100000381469727,23.5,23.600000381469727,22.561328887939453,787200
2017-06-22,23.600000381469727,23.700000762939453,23.149999618530273,23.5,22.465721130371094,655000
2017-06-23,23.5,23.700000762939453,23.350000381469727,23.399999618530273,22.37012481689453,2858000
2017-06-26,23.600000381469727,23.799999237060547,22.93000030517578,23.100000381469727,22.08333396911621,1136700
2017-06-27,22.950000762939453,23.200000762939453,22.350000381469727,22.450000762939453,21.461933135986328,1893700
2017-06-28,22.649999618530273,23.450000762939453,22.350000381469727,23.399999618530273,22.37012481689453,1846300
2017-06-29,23.299999237060547,23.5,21.950000762939453,22.049999237060547,21.079540252685547,1304000
2017-06-30,22.100000381469727,22.280000686645508,21.899999618530273,21.950000762939453,20.98394203186035,1094400
2017-07-03,22.149999618530273,22.209999084472656,21.780000686645508,21.950000762939453,20.98394203186035,482800
2017-07-05,21.950000762939453,22.200000762939453,21.780000686645508,22.149999618530273,21.175138473510742,908800
2017-07-06,21.899999618530273,22.450000762939453,21.850000381469727,22.149999618530273,21.175138473510742,1312600
2017-07-07,22.350000381469727,22.700000762939453,22.299999237060547,22.5,21.509737014770508,688400
2017-07-10,22.5,22.799999237060547,22.229999542236328,22.399999618530273,21.41413688659668,993000
2017-07-11,22.399999618530273,23.549999237060547,22.34000015258789,23.25,22.226734161376953,964600
2017-07-12,23.399999618530273,23.950000762939453,23.399999618530273,23.850000381469727,22.800323486328125,845600
2017-07-13,24.0,24.149999618530273,23.850000381469727,24.100000381469727,23.039316177368164,931500
2017-07-14,24.149999618530273,24.600000381469727,24.149999618530273,24.549999237060547,23.469512939453125,584400
2017-07-17,24.450000762939453,25.100000381469727,24.399999618530273,24.93000030517578,23.832792282104492,1049000
2017-07-18,24.850000381469727,25.399999618530273,24.530000686645508,25.200000762939453,24.09090232849121,1386000
2017-07-19,25.299999237060547,26.0,25.299999237060547,25.850000381469727,24.71230125427246,1163400
2017-07-20,25.899999618530273,26.049999237060547,25.450000762939453,25.899999618530273,24.760095596313477,750700
2017-07-21,26.100000381469727,26.100000381469727,25.600000381469727,25.850000381469727,24.71230125427246,649900
2017-07-24,25.850000381469727,25.93000030517578,25.3700008392334,25.799999237060547,24.664501190185547,759400
2017-07-25,25.799999237060547,25.950000762939453,25.530000686645508,25.649999618530273,24.521099090576172,773400
2017-07-26,26.0,26.299999237060547,25.5,25.850000381469727,24.71230125427246,1201400
2017-07-27,26.700000762939453,26.950000762939453,25.75,26.600000381469727,25.42928695678711,1267200
2017-07-28,26.549999237060547,27.100000381469727,26.399999618530273,26.450000762939453,25.285886764526367,1014700
2017-07-31,26.5,26.5,26.030000686645508,26.100000381469727,24.951295852661133,1061000
2017-08-01,26.299999237060547,26.350000381469727,25.850000381469727,26.299999237060547,25.142492294311523,910600
2017-08-02,26.450000762939453,26.5,25.100000381469727,25.25,24.13871192932129,568300
2017-08-03,25.350000381469727,25.450000762939453,24.899999618530273,25.100000381469727,23.99530601501465,827700
2017-08-04,24.950000762939453,25.149999618530273,24.530000686645508,24.649999618530273,23.565113067626953,700500
2017-08-07,24.649999618530273,25.299999237060547,24.6299991607666,25.149999618530273,24.043106079101562,613800
2017-08-08,25.149999618530273,25.3799991607666,24.780000686645508,24.850000381469727,23.75630760192871,578500
2017-08-09,24.549999237060547,24.959999084472656,24.299999237060547,24.700000762939453,23.612911224365234,507700
2017-08-10,24.600000381469727,24.600000381469727,23.850000381469727,23.850000381469727,22.800323486328125,612700
2017-08-11,23.950000762939453,24.43000030517578,23.899999618530273,24.399999618530273,23.32611083984375,582500
2017-08-14,24.75,24.899999618530273,24.399999618530273,24.700000762939453,23.612911224365234,471800
2017-08-15,24.799999237060547,24.799999237060547,24.25,24.450000762939453,23.37391471862793,383200
2017-08-16,24.5,24.700000762939453,24.350000381469727,24.450000762939453,23.37391471862793,661400
2017-08-17,24.299999237060547,24.450000762939453,23.399999618530273,23.450000762939453,22.417930603027344,668900
2017-08-18,23.25,23.8799991607666,23.049999237060547,23.799999237060547,22.752525329589844,567500
2017-08-21,23.850000381469727,23.93000030517578,23.5,23.850000381469727,22.800323486328125,528000
2017-08-22,24.100000381469727,24.399999618530273,24.100000381469727,24.350000381469727,23.278316497802734,328900
2017-08-23,24.0,24.549999237060547,24.0,24.399999618530273,23.32611083984375,523300
2017-08-24,24.5,24.5,24.25,24.5,23.42171287536621,430500
2017-08-25,24.549999237060547,24.649999618530273,24.149999618530273,24.399999618530273,23.32611083984375,592800
2017-08-28,24.549999237060547,24.600000381469727,24.25,24.5,23.42171287536621,487400
2017-08-29,24.25,24.799999237060547,24.049999237060547,24.700000762939453,23.612911224365234,462500
2017-08-30,24.799999237060547,25.450000762939453,24.799999237060547,25.350000381469727,24.234302520751953,646800
2017-08-31,25.350000381469727,25.75,25.100000381469727,25.450000762939453,24.32990074157715,899500
2017-09-01,25.450000762939453,25.950000762939453,25.329999923706055,25.950000762939453,24.807897567749023,726300
2017-09-05,25.75,25.899999618530273,25.299999237060547,25.75,24.616695404052734,868500
2017-09-06,25.799999237060547,26.600000381469727,25.549999237060547,26.350000381469727,25.190296173095703,1099900
2017-09-07,26.350000381469727,26.799999237060547,26.0,26.649999618530273,25.477088928222656,887700
2017-09-08,26.5,26.850000381469727,25.350000381469727,25.450000762939453,24.32990074157715,702600
2017-09-11,25.700000762939453,26.549999237060547,25.579999923706055,26.549999237060547,25.381492614746094,755900
2017-09-12,26.75,27.0,26.5,27.0,25.81167984008789,780200
2017-09-13,26.950000762939453,27.350000381469727,26.760000228881836,27.200000762939453,26.00288200378418,758600
2017-09-14,27.149999618530273,27.649999618530273,27.049999237060547,27.350000381469727,26.14628028869629,679500
2017-09-15,27.450000762939453,27.780000686645508,27.149999618530273,27.350000381469727,26.14628028869629,1987200
2017-09-18,27.5,28.280000686645508,27.299999237060547,27.649999618530273,26.433074951171875,1207400
2017-09-19,27.799999237060547,28.049999237060547,27.5,27.950000762939453,26.71987533569336,735700
2017-09-20,27.950000762939453,27.950000762939453,27.100000381469727,27.450000762939453,26.241880416870117,624100
2017-09-21,27.5,27.75,27.100000381469727,27.600000381469727,26.38528060913086,691500
2017-09-22,27.5,27.950000762939453,27.5,27.850000381469727,26.624271392822266,651600
2017-09-25,27.700000762939453,27.850000381469727,27.329999923706055,27.450000762939453,26.241880416870117,735200
2017-09-26,27.5,27.75,27.299999237060547,27.350000381469727,26.14628028869629,797000
2017-09-27,27.649999618530273,28.530000686645508,27.5,28.350000381469727,27.102266311645508,1309300
2017-09-28,28.399999618530273,28.649999618530273,28.049999237060547,28.399999618530273,27.150068283081055,838000
2017-09-29,28.799999237060547,29.0,28.329999923706055,28.850000381469727,27.580259323120117,1107300
2017-10-02,29.100000381469727,29.299999237060547,28.700000762939453,29.25,27.962657928466797,801600
2017-10-03,29.100000381469727,29.25,28.649999618530273,29.200000762939453,27.914854049682617,802200
2017-10-04,29.200000762939453,29.200000762939453,28.75,29.149999618530273,27.8670597076416,548700
2017-10-05,29.200000762939453,29.200000762939453,28.600000381469727,28.649999618530273,27.389068603515625,1166900
2017-10-06,28.600000381469727,28.950000762939453,28.399999618530273,28.950000762939453,27.675861358642578,553600
2017-10-09,29.049999237060547,29.100000381469727,28.649999618530273,28.850000381469727,27.580259323120117,729600
2017-10-10,29.0,29.100000381469727,28.25,28.549999237060547,27.293460845947266,1259800
2017-10-11,28.5,29.0,28.350000381469727,29.0,27.723663330078125,692100
2017-10-12,29.0,29.850000381469727,28.950000762939453,29.299999237060547,28.01045799255371,803000
2017-10-13,29.549999237060547,29.75,29.309999465942383,29.649999618530273,28.345054626464844,715800
2017-10-16,29.899999618530273,30.100000381469727,29.649999618530273,29.950000762939453,28.63184356689453,830700
2017-10-17,30.0,30.100000381469727,29.700000762939453,29.950000762939453,28.63184356689453,549900
2017-10-18,30.5,30.600000381469727,30.030000686645508,30.5,29.15764045715332,1026800
2017-10-19,30.200000762939453,30.299999237060547,29.600000381469727,30.200000762939453,28.870851516723633,574500
2017-10-20,30.600000381469727,30.850000381469727,30.149999618530273,30.149999618530273,28.823047637939453,809300
2017-10-23,30.200000762939453,30.899999618530273,30.049999237060547,30.149999618530273,28.823047637939453,991200
2017-10-24,30.299999237060547,30.700000762939453,30.149999618530273,30.350000381469727,29.014245986938477,802600
2017-10-25,30.299999237060547,30.950000762939453,29.649999618530273,30.100000381469727,28.775245666503906,1550100
2017-10-26,30.399999618530273,32.25,30.399999618530273,32.0,30.59162712097168,1534800
2017-10-27,32.29999923706055,32.75,32.0,32.29999923706055,30.8784236907959,1071600
2017-10-30,32.349998474121094,32.45000076293945,31.780000686645508,32.099998474121094,30.687223434448242,1169100
2017-10-31,32.400001525878906,33.04999923706055,32.150001525878906,32.75,31.37704849243164,1184100
2017-11-01,33.0,33.0,31.18000030517578,31.6299991607666,30.303993225097656,1033700
2017-11-02,31.600000381469727,32.150001525878906,31.350000381469727,31.799999237060547,30.46686363220215,1415800
2017-11-03,31.950000762939453,32.54999923706055,31.75,32.400001525878906,31.041717529296875,735100
2017-11-06,32.5,32.880001068115234,32.150001525878906,32.79999923706055,31.424938201904297,909800
2017-11-07,32.75,32.900001525878906,32.22999954223633,32.54999923706055,31.18543243408203,800200
2017-11-08,32.349998474121094,32.599998474121094,32.22999954223633,32.5,31.13751983642578,639800
2017-11-09,32.150001525878906,32.45000076293945,30.93000030517578,31.299999237060547,29.987829208374023,1073800
2017-11-10,31.299999237060547,31.799999237060547,31.299999237060547,31.600000381469727,30.275257110595703,1577700
2017-11-13,31.299999237060547,32.150001525878906,31.209999084472656,31.700000762939453,30.37105941772461,903600
2017-11-14,31.5,31.739999771118164,30.799999237060547,30.950000762939453,29.65250015258789,975000
2017-11-15,30.700000762939453,30.950000762939453,30.200000762939453,30.75,29.460887908935547,915600
2017-11-16,30.899999618530273,31.799999237060547,30.899999618530273,31.450000762939453,30.13154411315918,981400
2017-11-17,31.299999237060547,31.549999237060547,30.75,31.25,29.939926147460938,1430100
2017-11-20,31.399999618530273,31.700000762939453,31.200000762939453,31.700000762939453,30.37105941772461,851800
2017-11-21,31.799999237060547,32.849998474121094,31.799999237060547,32.599998474121094,31.233333587646484,930700
2017-11-22,32.54999923706055,32.70000076293945,31.850000381469727,31.950000762939453,30.610576629638672,733000
2017-11-24,32.150001525878906,32.5,32.0,32.20000076293945,30.85009765625,391500
2017-11-27,32.0,32.25,31.450000762939453,32.099998474121094,30.754289627075195,1090200
2017-11-28,32.349998474121094,32.599998474121094,31.799999237060547,32.150001525878906,30.802196502685547,936400
2017-11-29,32.20000076293945,32.599998474121094,29.549999237060547,29.799999237060547,28.550710678100586,1626500
2017-11-30,30.100000381469727,30.799999237060547,29.75,30.299999237060547,29.02975082397461,1444900
2017-12-01,30.399999618530273,30.6299991607666,28.649999618530273,29.899999618530273,28.646522521972656,1279500
2017-12-04,30.350000381469727,30.829999923706055,28.700000762939453,28.799999237060547,27.592632293701172,1062200
2017-12-05,28.799999237060547,30.229999542236328,28.200000762939453,29.100000381469727,27.880054473876953,816900
2017-12-06,28.950000762939453,29.399999618530273,28.610000610351562,29.149999618530273,27.92796516418457,589600
2017-12-07,29.450000762939453,30.5,29.450000762939453,30.399999618530273,29.12556266784668,1050900
2017-12-08,30.700000762939453,30.899999618530273,29.100000381469727,29.5,28.263288497924805,1030900
2017-12-11,29.549999237060547,29.950000762939453,29.25,29.850000381469727,28.59861183166504,752400
2017-12-12,29.899999618530273,29.950000762939453,29.350000381469727,29.549999237060547,28.311195373535156,840700
2017-12-13,29.600000381469727,30.25,29.299999237060547,29.5,28.263288497924805,722300
2017-12-14,29.649999618530273,30.549999237060547,29.649999618530273,30.0,28.74233055114746,998100
2017-12-15,30.149999618530273,31.450000762939453,30.149999618530273,31.25,29.939926147460938,1704300
2017-12-18,31.600000381469727,32.099998474121094,31.06999969482422,31.450000762939453,30.13154411315918,1025800
2017-12-19,31.350000381469727,32.099998474121094,30.799999237060547,31.0,29.700403213500977,983100
2017-12-20,31.299999237060547,31.5,30.649999618530273,31.049999237060547,29.74831771850586,773700
2017-12-21,31.049999237060547,31.399999618530273,30.5,30.649999618530273,29.36507797241211,596500
2017-12-22,30.799999237060547,31.149999618530273,30.399999618530273,30.850000381469727,29.556692123413086,506900
2017-12-26,30.600000381469727,30.799999237060547,30.299999237060547,30.399999618530273,29.12556266784668,505100
2017-12-27,30.450000762939453,30.850000381469727,30.110000610351562,30.649999618530273,29.36507797241211,337100
2017-12-28,30.75,30.899999618530273,30.600000381469727,30.799999237060547,29.508798599243164,376300
2017-12-29,31.0,31.149999618530273,30.450000762939453,30.450000762939453,29.1734619140625,642400
2018-01-02,30.600000381469727,31.649999618530273,30.149999618530273,31.649999618530273,30.32315444946289,1066800
2018-01-03,31.600000381469727,31.899999618530273,31.350000381469727,31.700000762939453,30.37105941772461,856000
2018-01-04,31.950000762939453,32.54999923706055,31.729999542236328,32.25,30.89800453186035,791800
2018-01-05,32.45000076293945,33.040000915527344,32.20000076293945,32.75,31.37704849243164,616600
2018-01-08,32.650001525878906,33.650001525878906,32.599998474121094,33.400001525878906,31.999786376953125,992600
2018-01-09,33.650001525878906,33.95000076293945,32.599998474121094,32.599998474121094,31.233333587646484,1083100
2018-01-10,32.150001525878906,32.66999816894531,31.600000381469727,32.349998474121094,30.993812561035156,826800
2018-01-11,32.54999923706055,32.630001068115234,32.04999923706055,32.5,31.13751983642578,751000
2018-01-12,32.599998474121094,32.79999923706055,32.29999923706055,32.5,31.13751983642578,804100
2018-01-16,32.79999923706055,32.95000076293945,32.04999923706055,32.29999923706055,30.945907592773438,834200
2018-01-17,32.5,33.54999923706055,32.5,33.45000076293945,32.04769515991211,1195700
2018-01-18,33.349998474121094,34.0,33.25,33.95000076293945,32.526729583740234,858900
2018-01-19,33.95000076293945,34.54999923706055,33.599998474121094,34.54999923706055,33.10157775878906,690700
2018-01-22,34.70000076293945,34.79999923706055,34.20000076293945,34.58000183105469,33.130332946777344,982400
2018-01-23,34.5,35.099998474121094,34.400001525878906,35.0,33.532718658447266,614200
2018-01-24,35.04999923706055,35.25,34.2599983215332,34.650001525878906,33.1973991394043,1323700
2018-01-25,34.900001525878906,35.349998474121094,33.95000076293945,34.04999923706055,32.6225471496582,846700
2018-01-26,34.20000076293945,34.95000076293945,34.029998779296875,34.5,33.053672790527344,819500
2018-01-29,34.45000076293945,34.650001525878906,33.75,34.0,32.574642181396484,743000
2018-01-30,33.29999923706055,33.779998779296875,33.060001373291016,33.349998474121094,32.01780700683594,996300
2018-01-31,33.79999923706055,33.97999954223633,32.47999954223633,32.54999923706055,31.249771118164062,1474500
2018-02-01,32.45000076293945,33.349998474121094,32.40999984741211,33.0,31.681785583496094,1118200
2018-02-02,32.70000076293945,33.04999923706055,32.0,32.349998474121094,31.057750701904297,1088100
2018-02-05,31.899999618530273,32.58000183105469,30.899999618530273,30.899999618530273,29.665674209594727,1518800
2018-02-06,30.149999618530273,33.20000076293945,29.200000762939453,32.650001525878906,31.34576988220215,2093800
2018-02-07,32.599998474121094,32.70000076293945,31.399999618530273,31.600000381469727,30.337718963623047,1989400
2018-02-08,31.799999237060547,32.25,29.649999618530273,29.649999618530273,28.465604782104492,1407900
2018-02-09,30.200000762939453,31.149999618530273,29.600000381469727,30.799999237060547,29.569673538208008,1473100
2018-02-12,31.100000381469727,31.450000762939453,30.450000762939453,31.100000381469727,29.857685089111328,897700
2018-02-13,30.799999237060547,31.280000686645508,30.649999618530273,31.149999618530273,29.90568733215332,692500
2018-02-14,30.75,32.54999923706055,30.75,32.29999923706055,31.009750366210938,909800
2018-02-15,33.0,33.099998474121094,31.829999923706055,33.099998474121094,31.777788162231445,802000
2018-02-16,32.900001525878906,33.349998474121094,32.599998474121094,33.04999923706055,31.729793548583984,602900
2018-02-20,32.849998474121094,34.0,32.599998474121094,33.650001525878906,32.305824279785156,896500
2018-02-21,33.849998474121094,33.900001525878906,32.79999923706055,32.79999923706055,31.489768981933594,1128900
2018-02-22,32.900001525878906,33.45000076293945,32.79999923706055,33.0,31.681785583496094,669400
2018-02-23,33.150001525878906,33.779998779296875,32.95000076293945,33.75,32.401832580566406,596500
2018-02-26,33.849998474121094,34.45000076293945,33.70000076293945,34.349998474121094,32.97785949707031,495000
2018-02-27,34.25,34.45000076293945,33.650001525878906,33.70000076293945,32.35383605957031,773300
2018-02-28,33.849998474121094,34.04999923706055,33.150001525878906,33.20000076293945,31.873809814453125,695000
2018-03-01,33.150001525878906,33.66999816894531,32.54999923706055,33.04999923706055,31.729793548583984,741600
2018-03-02,32.599998474121094,33.75,32.29999923706055,33.650001525878906,32.305824279785156,712800
2018-03-05,33.54999923706055,34.25,33.25,34.0,32.64183807373047,601100
2018-03-06,34.099998474121094,35.20000076293945,33.95000076293945,35.150001525878906,33.745906829833984,846800
2018-03-07,34.849998474121094,35.70000076293945,34.560001373291016,35.599998474121094,34.17792510986328,786300
2018-03-08,35.900001525878906,36.22999954223633,35.54999923706055,35.849998474121094,34.41795349121094,676100
2018-03-09,36.150001525878906,36.54999923706055,36.04999923706055,36.54999923706055,35.0899772644043,953500
2018-03-12,36.70000076293945,36.880001068115234,36.25,36.400001525878906,34.94597244262695,882800
2018-03-13,36.54999923706055,36.849998474121094,35.810001373291016,35.95000076293945,34.513946533203125,790600
2018-03-14,36.349998474121094,36.70000076293945,36.04999923706055,36.150001525878906,34.705955505371094,1011200
2018-03-15,36.25,36.380001068115234,35.900001525878906,36.150001525878906,34.705955505371094,899700
2018-03-16,36.04999923706055,36.45000076293945,35.900001525878906,36.099998474121094,34.657962799072266,1489500
2018-03-19,36.04999923706055,36.630001068115234,35.70000076293945,36.5,35.0419807434082,1779200
2018-03-20,36.5,37.130001068115234,36.20000076293945,36.25,34.80195999145508,1452700
2018-03-21,36.400001525878906,38.25,36.20000076293945,37.849998474121094,36.33805465698242,1936800
2018-03-22,37.25,37.79999923706055,36.70000076293945,36.70000076293945,35.233978271484375,1303500
2018-03-23,36.849998474121094,37.04999923706055,35.79999923706055,35.849998474121094,34.41795349121094,1683900
2018-03-26,36.5,37.650001525878906,32.7599983215332,37.599998474121094,36.09803771972656,1059200
2018-03-27,37.75,37.75,35.20000076293945,35.349998474121094,33.93791198730469,1457000
2018-03-28,35.29999923706055,35.29999923706055,33.79999923706055,34.099998474121094,32.73784637451172,1427800
2018-03-29,34.25,35.599998474121094,33.70000076293945,34.79999923706055,33.409889221191406,1455200
2018-04-02,34.45000076293945,34.849998474121094,32.900001525878906,33.45000076293945,32.11381149291992,1090200
2018-04-03,33.79999923706055,34.349998474121094,33.650001525878906,34.25,32.881858825683594,932900
2018-04-04,33.349998474121094,35.04999923706055,33.099998474121094,34.849998474121094,33.457881927490234,741200
2018-04-05,35.150001525878906,35.33000183105469,34.54999923706055,34.70000076293945,33.31386947631836,770100
2018-04-06,34.150001525878906,34.95000076293945,33.45000076293945,33.70000076293945,32.35383605957031,847100
2018-04-09,34.20000076293945,35.5,34.099998474121094,34.599998474121094,33.217864990234375,1248900
2018-04-10,35.400001525878906,36.349998474121094,34.95000076293945,35.95000076293945,34.513946533203125,1262600
2018-04-11,35.79999923706055,36.400001525878906,35.54999923706055,36.04999923706055,34.609954833984375,640100
2018-04-12,35.70000076293945,37.0,35.70000076293945,36.79999923706055,35.33000564575195,660900
2018-04-13,37.099998474121094,37.150001525878906,36.54999923706055,36.79999923706055,35.33000564575195,571500
2018-04-16,37.20000076293945,37.25,36.79999923706055,36.900001525878906,35.42599868774414,883400
2018-04-17,37.150001525878906,37.83000183105469,37.04999923706055,37.70000076293945,36.19403839111328,1021100
2018-04-18,37.5,37.54999923706055,36.709999084472656,37.150001525878906,35.6660270690918,1316600
2018-04-19,36.599998474121094,36.599998474121094,34.31999969482422,34.650001525878906,33.26588439941406,1843900
2018-04-20,34.5,35.04999923706055,33.650001525878906,33.75,32.401832580566406,1795100
2018-04-23,34.0,34.099998474121094,33.279998779296875,33.54999923706055,32.209815979003906,767300
2018-04-24,33.70000076293945,34.099998474121094,32.70000076293945,33.25,31.921802520751953,951100
2018-04-25,33.400001525878906,33.5,32.400001525878906,33.29999923706055,31.96979522705078,1689100
2018-04-26,33.25,34.0,32.650001525878906,33.400001525878906,32.0658073425293,1551600
2018-04-27,33.79999923706055,33.95000076293945,32.25,32.599998474121094,31.297771453857422,1217900
2018-04-30,32.900001525878906,33.04999923706055,32.150001525878906,32.20000076293945,30.913745880126953,938900
2018-05-01,32.20000076293945,32.95000076293945,31.850000381469727,32.79999923706055,31.55837631225586,637900
2018-05-02,32.900001525878906,33.25,32.75,32.79999923706055,31.55837631225586,598600
2018-05-03,32.54999923706055,33.0,32.25,32.70000076293945,31.462162017822266,764700
2018-05-04,32.54999923706055,33.72999954223633,32.400001525878906,33.5,32.23187255859375,575100
2018-05-07,33.70000076293945,34.099998474121094,33.41999816894531,34.029998779296875,32.741817474365234,812400
2018-05-08,33.900001525878906,35.099998474121094,33.560001373291016,35.0,33.675106048583984,1053100
2018-05-09,34.95000076293945,35.650001525878906,34.75,35.45000076293945,34.108070373535156,705700
2018-05-10,35.650001525878906,36.29999923706055,35.599998474121094,36.04999923706055,34.68535232543945,545700
2018-05-11,35.900001525878906,36.13999938964844,35.400001525878906,35.599998474121094,34.25238800048828,349100
2018-05-14,35.79999923706055,36.5,35.70000076293945,36.04999923706055,34.68535232543945,649300
2018-05-15,35.650001525878906,35.95000076293945,35.45000076293945,35.849998474121094,34.49292755126953,723300
2018-05-16,36.0,36.70000076293945,35.689998626708984,36.5,35.118316650390625,586900
2018-05-17,36.599998474121094,37.0,36.29999923706055,36.849998474121094,35.45506286621094,629600
2018-05-18,36.25,36.25,34.150001525878906,34.20000076293945,32.90538024902344,2094300
2018-05-21,34.650001525878906,35.25,34.45000076293945,34.79999923706055,33.4826774597168,938200
2018-05-22,35.04999923706055,35.5,34.70000076293945,34.849998474121094,33.53077697753906,505600
2018-05-23,34.5,35.099998474121094,34.36000061035156,35.0,33.675106048583984,586800
2018-05-24,34.900001525878906,35.0,34.41999816894531,34.900001525878906,33.578880310058594,672900
2018-05-25,34.79999923706055,35.099998474121094,34.5,34.70000076293945,33.38645553588867,602500
2018-05-29,34.45000076293945,35.099998474121094,34.400001525878906,34.95000076293945,33.62699890136719,544000
2018-05-30,35.25,35.75,34.880001068115234,35.349998474121094,34.01184844970703,691900
2018-05-31,35.25,35.75,35.08000183105469,35.099998474121094,33.771324157714844,825400
2018-06-01,35.45000076293945,36.130001068115234,35.20000076293945,36.04999923706055,34.68535232543945,798300
2018-06-04,36.04999923706055,36.79999923706055,35.849998474121094,36.75,35.358856201171875,1031200
2018-06-05,36.95000076293945,37.349998474121094,36.75,37.25,35.83993911743164,891000
2018-06-06,37.29999923706055,37.79999923706055,37.04999923706055,37.75,36.32101058959961,724300
2018-06-07,37.95000076293945,39.04999923706055,37.599998474121094,37.75,36.32101058959961,1513100
2018-06-08,38.0,38.08000183105469,37.29999923706055,37.900001525878906,36.4653205871582,1135700
2018-06-11,37.900001525878906,38.279998779296875,37.369998931884766,38.099998474121094,36.657752990722656,1142100
2018-06-12,38.099998474121094,39.099998474121094,37.79999923706055,38.849998474121094,37.379364013671875,895200
2018-06-13,38.95000076293945,39.54999923706055,38.70000076293945,38.70000076293945,37.23503875732422,1253600
2018-06-14,38.75,39.150001525878906,38.599998474121094,38.849998474121094,37.379364013671875,995300
2018-06-15,38.54999923706055,38.66999816894531,38.04999923706055,38.279998779296875,36.83094787597656,1558900
2018-06-18,38.04999923706055,38.20000076293945,37.25,37.349998474121094,35.9361457824707,1165100
2018-06-19,36.900001525878906,37.099998474121094,35.880001068115234,36.599998474121094,35.214534759521484,1317400
2018-06-20,36.900001525878906,37.04999923706055,36.099998474121094,36.20000076293945,34.829673767089844,923700
2018-06-21,36.25,36.45000076293945,35.70000076293945,35.900001525878906,34.541038513183594,807600
2018-06-22,36.20000076293945,36.29999923706055,35.25,35.349998474121094,34.01184844970703,1913400
2018-06-25,35.0,35.16999816894531,33.849998474121094,34.45000076293945,33.145931243896484,1091800
2018-06-26,34.45000076293945,35.099998474121094,34.349998474121094,34.79999923706055,33.4826774597168,829700
2018-06-27,35.20000076293945,35.650001525878906,33.650001525878906,33.70000076293945,32.424312591552734,998200
2018-06-28,33.54999923706055,34.0,31.93000030517578,33.95000076293945,32.66484451293945,971700
2018-06-29,34.150001525878906,34.650001525878906,33.75,33.900001525878906,32.61674118041992,1018000
2018-07-02,33.95000076293945,34.5,33.470001220703125,34.45000076293945,33.145931243896484,614900
2018-07-03,34.599998474121094,34.83000183105469,34.04999923706055,34.04999923706055,32.761070251464844,378000
2018-07-05,34.45000076293945,35.150001525878906,34.349998474121094,35.099998474121094,33.771324157714844,637400
2018-07-06,35.0,35.0,34.459999084472656,34.849998474121094,33.53077697753906,752000
2018-07-09,35.20000076293945,35.650001525878906,34.849998474121094,35.54999923706055,34.20428466796875,452700
2018-07-10,35.70000076293945,36.08000183105469,35.349998474121094,35.400001525878906,34.059967041015625,764400
2018-07-11,35.04999923706055,35.15999984741211,33.79999923706055,33.849998474121094,32.56862258911133,733900
2018-07-12,34.400001525878906,35.349998474121094,34.209999084472656,34.900001525878906,33.578880310058594,2013200
2018-07-13,35.0,35.25,34.70000076293945,35.04999923706055,33.72320556640625,690700
2018-07-16,35.150001525878906,35.40999984741211,34.880001068115234,35.349998474121094,34.01184844970703,732900
2018-07-17,35.400001525878906,36.599998474121094,35.04999923706055,36.5,35.118316650390625,993500
2018-07-18,36.79999923706055,37.95000076293945,36.79999923706055,37.79999923706055,36.369110107421875,1459500
2018-07-19,37.45000076293945,38.04999923706055,37.20000076293945,37.900001525878906,36.4653205871582,1151500
2018-07-20,37.900001525878906,38.380001068115234,37.5,37.849998474121094,36.41722106933594,997500
2018-07-23,37.650001525878906,38.099998474121094,37.099998474121094,37.900001525878906,36.4653205871582,957500
2018-07-24,38.25,38.650001525878906,37.22999954223633,37.54999923706055,36.128570556640625,1161500
2018-07-25,37.45000076293945,37.81999969482422,37.04999923706055,37.70000076293945,36.27289581298828,1251400
2018-07-26,38.54999923706055,38.54999923706055,34.45000076293945,36.25,34.87777328491211,2180800
2018-07-27,36.650001525878906,36.95000076293945,34.900001525878906,35.20000076293945,33.867523193359375,1305400
2018-07-30,35.0,35.380001068115234,34.400001525878906,34.70000076293945,33.38645553588867,1039000
2018-07-31,34.849998474121094,35.70000076293945,34.849998474121094,35.150001525878906,33.88779067993164,888600
2018-08-01,35.29999923706055,35.45000076293945,34.900001525878906,35.25,33.98419952392578,884000
2018-08-02,34.95000076293945,35.900001525878906,34.75,35.900001525878906,34.610862731933594,808000
2018-08-03,35.849998474121094,36.099998474121094,35.54999923706055,36.0,34.7072639465332,957600
2018-08-06,36.099998474121094,36.79999923706055,35.95000076293945,36.54999923706055,35.23752212524414,830400
2018-08-07,36.599998474121094,36.79999923706055,36.150001525878906,36.25,34.94829177856445,631900
2018-08-08,36.099998474121094,36.529998779296875,35.900001525878906,36.45000076293945,35.14110565185547,555800
2018-08-09,36.25,36.400001525878906,35.95000076293945,36.099998474121094,34.80366897583008,453700
2018-08-10,35.650001525878906,35.880001068115234,34.75,34.79999923706055,33.55035400390625,805200
2018-08-13,35.04999923706055,35.150001525878906,34.75,34.95000076293945,33.69496536254883,541500
2018-08-14,35.0,35.400001525878906,34.900001525878906,35.04999923706055,33.79136657714844,533900
2018-08-15,34.79999923706055,34.900001525878906,33.75,33.75,32.53805160522461,836300
2018-08-16,33.849998474121094,34.29999923706055,33.380001068115234,33.5,32.29703140258789,827100
2018-08-17,33.20000076293945,33.290000915527344,32.150001525878906,32.400001525878906,31.236541748046875,1168200
2018-08-20,32.5,32.849998474121094,32.04999923706055,32.349998474121094,31.188331604003906,1409400
2018-08-21,32.349998474121094,32.95000076293945,32.349998474121094,32.75,31.573974609375,1158800
2018-08-22,32.599998474121094,33.400001525878906,32.54999923706055,33.150001525878906,31.959604263305664,832100
2018-08-23,33.20000076293945,33.79999923706055,32.95000076293945,33.20000076293945,32.0078125,702800
2018-08-24,33.349998474121094,33.79999923706055,33.29999923706055,33.5,32.29703140258789,499200
2018-08-27,33.599998474121094,34.380001068115234,33.58000183105469,34.04999923706055,32.82728576660156,1212000
2018-08-28,34.20000076293945,34.380001068115234,33.900001525878906,34.099998474121094,32.875484466552734,722100
2018-08-29,34.099998474121094,34.25,33.70000076293945,34.04999923706055,32.82728576660156,751600
2018-08-30,33.849998474121094,34.099998474121094,33.61000061035156,33.75,32.53805160522461,744300
2018-08-31,33.79999923706055,34.25,33.650001525878906,33.900001525878906,32.682674407958984,875600
2018-09-04,33.599998474121094,33.900001525878906,32.95000076293945,33.099998474121094,31.911405563354492,892500
2018-09-05,32.900001525878906,33.099998474121094,32.22999954223633,33.099998474121094,31.911405563354492,801800
2018-09-06,32.95000076293945,33.29999923706055,30.329999923706055,30.3799991607666,29.289072036743164,1919600
2018-09-07,30.5,31.5,30.149999618530273,31.399999618530273,30.272441864013672,1485800
2018-09-10,31.450000762939453,31.899999618530273,31.0,31.600000381469727,30.46526336669922,951500
2018-09-11,31.75,31.799999237060547,31.25,31.5,30.368858337402344,1279200
2018-09-12,31.049999237060547,31.049999237060547,29.200000762939453,29.700000762939453,28.63348388671875,2734900
2018-09-13,30.0,30.549999237060547,29.700000762939453,30.049999237060547,28.97092628479004,1563700
2018-09-14,30.299999237060547,30.649999618530273,29.8799991607666,30.600000381469727,29.50117301940918,714800
2018-09-17,30.399999618530273,30.5,29.75,29.850000381469727,28.778104782104492,664300
2018-09-18,29.899999618530273,30.350000381469727,29.399999618530273,29.5,28.4406681060791,716800
2018-09-19,29.600000381469727,29.799999237060547,28.700000762939453,29.25,28.199647903442383,1511100
2018-09-20,29.450000762939453,29.75,29.299999237060547,29.600000381469727,28.53708267211914,1271600
2018-09-21,29.600000381469727,30.049999237060547,29.5,29.950000762939453,28.8745174407959,1896000
2018-09-24,29.899999618530273,30.549999237060547,29.450000762939453,30.200000762939453,29.11553382873535,1015400
2018-09-25,30.200000762939453,30.399999618530273,29.399999618530273,29.450000762939453,28.392471313476562,961600
2018-09-26,29.299999237060547,29.649999618530273,28.950000762939453,28.950000762939453,27.91042137145996,1087300
2018-09-27,29.100000381469727,29.75,28.600000381469727,28.700000762939453,27.669404983520508,1390000
2018-09-28,28.649999618530273,29.3799991607666,28.520000457763672,28.950000762939453,27.91042137145996,1285200
2018-10-01,30.0,30.0,28.989999771118164,29.239999771118164,28.190006256103516,949900
2018-10-02,29.06999969482422,29.600000381469727,28.899999618530273,28.90999984741211,27.871868133544922,660100
2018-10-03,29.1200008392334,29.360000610351562,28.549999237060547,29.110000610351562,28.064674377441406,643400
2018-10-04,28.8700008392334,29.030000686645508,27.90999984741211,28.200000762939453,27.18735694885254,1168200
2018-10-05,28.149999618530273,28.280000686645508,27.440000534057617,28.030000686645508,27.02345848083496,1544000
2018-10-08,27.770000457763672,28.059999465942383,27.170000076293945,27.5,26.512493133544922,920300
2018-10-09,27.489999771118164,27.579999923706055,27.010000228881836,27.139999389648438,26.16541862487793,975900
2018-10-10,26.780000686645508,27.3700008392334,26.280000686645508,26.579999923706055,25.625524520874023,1666300
2018-10-11,26.459999084472656,27.0,25.729999542236328,25.739999771118164,24.81569480895996,1356400
2018-10-12,26.540000915527344,27.049999237060547,25.969999313354492,26.3700008392334,25.423072814941406,1368800
2018-10-15,26.200000762939453,26.610000610351562,25.860000610351562,26.31999969482422,25.374866485595703,1046500
2018-10-16,26.739999771118164,27.729999542236328,26.399999618530273,27.700000762939453,26.70530891418457,1141600
2018-10-17,27.979999542236328,28.34000015258789,27.5,27.979999542236328,26.975255966186523,1726400
2018-10-18,27.649999618530273,27.649999618530273,26.979999542236328,27.1200008392334,26.146133422851562,1783600
2018-10-19,27.010000228881836,27.559999465942383,26.3700008392334,26.670000076293945,25.71230125427246,836800
2018-10-22,26.84000015258789,27.010000228881836,26.450000762939453,26.770000457763672,25.808712005615234,864000
2018-10-23,25.989999771118164,27.040000915527344,25.5,26.81999969482422,25.85690689086914,1464200
2018-10-24,26.469999313354492,26.469999313354492,24.709999084472656,24.75,23.86124610900879,1535100
2018-10-25,23.389999389648438,26.40999984741211,23.389999389648438,25.3700008392334,24.4589786529541,2020200
2018-10-26,24.459999084472656,25.209999084472656,24.139999389648438,24.84000015258789,23.948015213012695,1803100
2018-10-29,25.200000762939453,26.280000686645508,25.200000762939453,25.520000457763672,24.603588104248047,2315200
2018-10-30,25.360000610351562,26.739999771118164,25.309999465942383,26.719999313354492,25.831356048583984,1945500
2018-10-31,27.139999389648438,27.299999237060547,26.280000686645508,26.540000915527344,25.6573429107666,1681900
2018-11-01,26.56999969482422,28.190000534057617,26.489999771118164,28.149999618530273,27.213796615600586,1444900
2018-11-02,28.200000762939453,28.459999084472656,27.649999618530273,28.309999465942383,27.368473052978516,1075700
2018-11-05,28.100000381469727,28.190000534057617,26.90999984741211,27.299999237060547,26.39206314086914,1321200
2018-11-06,27.190000534057617,27.59000015258789,27.1200008392334,27.360000610351562,26.450075149536133,1041100
2018-11-07,27.700000762939453,28.0,27.270000457763672,27.81999969482422,26.894773483276367,966200
2018-11-08,27.639999389648438,28.09000015258789,27.59000015258789,27.690000534057617,26.76909828186035,570400
2018-11-09,27.31999969482422,27.530000686645508,26.56999969482422,26.770000457763672,25.879697799682617,1185900
2018-11-12,26.520000457763672,26.520000457763672,25.469999313354492,25.729999542236328,24.874284744262695,1188700
2018-11-13,25.950000762939453,26.790000915527344,25.950000762939453,26.229999542236328,25.357646942138672,962400
2018-11-14,26.649999618530273,26.84000015258789,26.030000686645508,26.280000686645508,25.405986785888672,1041500
2018-11-15,26.1200008392334,27.459999084472656,26.040000915527344,27.389999389648438,26.47907829284668,777700
2018-11-16,26.59000015258789,27.31999969482422,26.239999771118164,27.280000686645508,26.372726440429688,1019600
2018-11-19,27.139999389648438,27.3799991607666,26.190000534057617,26.219999313354492,25.347986221313477,997000
2018-11-20,26.0,27.549999237060547,25.6299991607666,27.260000228881836,26.3533992767334,1567400
2018-11-21,27.549999237060547,27.760000228881836,27.270000457763672,27.280000686645508,26.372726440429688,600900
2018-11-23,26.920000076293945,27.969999313354492,26.920000076293945,27.5,26.585416793823242,426400
2018-11-26,27.8799991607666,28.31999969482422,27.530000686645508,28.270000457763672,27.329809188842773,1037100
2018-11-27,27.920000076293945,28.290000915527344,27.770000457763672,27.829999923706055,26.904443740844727,779200
2018-11-28,28.049999237060547,29.18000030517578,27.709999084472656,29.139999389648438,28.170869827270508,1108700
2018-11-29,28.93000030517578,29.329999923706055,28.700000762939453,28.940000534057617,27.977521896362305,838400
2018-11-30,28.799999237060547,29.479999542236328,28.600000381469727,29.399999618530273,28.422229766845703,1076900
2018-12-03,29.950000762939453,30.420000076293945,29.770000457763672,30.290000915527344,29.282625198364258,963900
2018-12-04,30.0,30.06999969482422,28.479999542236328,28.549999237060547,27.600494384765625,1704000
2018-12-06,27.93000030517578,28.170000076293945,27.450000762939453,27.860000610351562,26.933446884155273,1190000
2018-12-07,27.809999465942383,27.989999771118164,26.649999618530273,26.700000762939453,25.812021255493164,837400
2018-12-10,26.68000030517578,27.030000686645508,26.34000015258789,26.719999313354492,25.831356048583984,835100
2018-12-11,27.1299991607666,27.360000610351562,25.90999984741211,26.209999084472656,25.33831787109375,1185300
2018-12-12,26.700000762939453,27.309999465942383,26.270000457763672,26.75,25.86035919189453,928200
2018-12-13,26.950000762939453,27.100000381469727,26.520000457763672,26.639999389648438,25.754013061523438,721300
2018-12-14,26.469999313354492,27.040000915527344,25.969999313354492,26.0,25.135303497314453,834600
2018-12-17,25.950000762939453,26.610000610351562,25.700000762939453,25.760000228881836,24.903282165527344,810200
2018-12-18,26.030000686645508,26.860000610351562,25.889999389648438,25.969999313354492,25.106298446655273,1204500
2018-12-19,25.920000076293945,26.489999771118164,24.889999389648438,25.09000015258789,24.255563735961914,1510200
2018-12-20,25.079999923706055,25.739999771118164,24.959999084472656,25.40999984741211,24.56492042541504,1360300
2018-12-21,25.610000610351562,25.81999969482422,24.93000030517578,25.0,24.168561935424805,2220600
2018-12-24,24.709999084472656,25.34000015258789,24.43000030517578,24.440000534057617,23.627182006835938,1087500
2018-12-26,24.700000762939453,26.030000686645508,24.510000228881836,26.0,25.135303497314453,918300
2018-12-27,25.440000534057617,26.709999084472656,25.440000534057617,26.700000762939453,25.812021255493164,1429900
2018-12-28,26.739999771118164,28.25,26.739999771118164,27.469999313354492,26.556413650512695,1542600
2018-12-31,27.81999969482422,28.110000610351562,27.440000534057617,27.899999618530273,26.972105026245117,1038400
2019-01-02,27.780000686645508,30.459999084472656,27.56999969482422,29.639999389648438,28.65424346923828,6411400
2019-01-03,28.979999542236328,29.229999542236328,27.389999389648438,27.43000030517578,26.517744064331055,1382400
2019-01-04,28.030000686645508,28.790000915527344,27.65999984741211,28.719999313354492,27.764841079711914,909900
2019-01-07,28.790000915527344,29.290000915527344,28.510000228881836,29.040000915527344,28.074201583862305,1182300
2019-01-08,29.149999618530273,29.18000030517578,27.799999237060547,27.969999313354492,27.039785385131836,1228600
2019-01-09,28.280000686645508,29.059999465942383,28.280000686645508,28.940000534057617,27.977521896362305,1166800
2019-01-10,28.6299991607666,29.139999389648438,28.239999771118164,29.09000015258789,28.122535705566406,1023100
2019-01-11,28.93000030517578,29.68000030517578,28.860000610351562,29.260000228881836,28.286884307861328,728100
2019-01-14,28.950000762939453,29.059999465942383,28.43000030517578,28.690000534057617,27.735837936401367,966700
2019-01-15,28.75,28.959999084472656,28.520000457763672,28.700000762939453,27.74551010131836,673400
2019-01-16,28.68000030517578,29.1299991607666,28.610000610351562,28.93000030517578,27.96785545349121,965900
2019-01-17,28.639999389648438,29.530000686645508,28.5,29.329999923706055,28.354549407958984,1096700
2019-01-18,29.3700008392334,30.43000030517578,29.3700008392334,30.040000915527344,29.040943145751953,1096300
2019-01-22,29.780000686645508,29.780000686645508,29.1299991607666,29.510000228881836,28.5285701751709,1155700
2019-01-23,29.670000076293945,29.829999923706055,29.280000686645508,29.579999923706055,28.596240997314453,1109300
2019-01-24,30.020000457763672,31.56999969482422,30.020000457763672,30.90999984741211,29.882007598876953,1518000
2019-01-25,31.3799991607666,31.700000762939453,31.1299991607666,31.31999969482422,30.278371810913086,1499300
2019-01-28,30.739999771118164,34.279998779296875,30.3700008392334,33.15999984741211,32.05717468261719,8146500
2019-01-29,33.2599983215332,33.529998779296875,32.630001068115234,33.41999816894531,32.37687301635742,2294400
2019-01-30,33.72999954223633,33.84000015258789,33.04999923706055,33.709999084472656,32.657814025878906,2333700
2019-01-31,33.65999984741211,33.689998626708984,32.84000015258789,33.04999923706055,32.018428802490234,2166100
2019-02-01,33.25,33.79999923706055,33.06999969482422,33.380001068115234,32.338130950927734,3601400
2019-02-04,33.29999923706055,33.689998626708984,33.220001220703125,33.63999938964844,32.59002685546875,2398300
2019-02-05,33.810001373291016,33.810001373291016,33.220001220703125,33.33000183105469,32.28969192504883,2894800
2019-02-06,33.439998626708984,34.47999954223633,33.25,34.04999923706055,32.98721694946289,2414000
2019-02-07,33.66999816894531,33.79999923706055,33.0099983215332,33.310001373291016,32.27031326293945,1744200
2019-02-08,33.0,33.52000045776367,32.65999984741211,33.5,32.454376220703125,1742700
2019-02-11,33.5,33.650001525878906,32.90999984741211,33.61000061035156,32.56093978881836,1447000
2019-02-12,33.97999954223633,34.150001525878906,33.7400016784668,34.13999938964844,33.074398040771484,2134900
2019-02-13,34.33000183105469,34.380001068115234,33.630001068115234,33.90999984741211,32.85158157348633,2397300
2019-02-14,33.77000045776367,34.41999816894531,33.709999084472656,34.209999084472656,33.142215728759766,2056100
2019-02-15,34.470001220703125,34.75,33.9900016784668,34.18000030517578,33.11315155029297,1613900
2019-02-19,34.099998474121094,34.4900016784668,33.95000076293945,34.36000061035156,33.287540435791016,1911600
2019-02-20,34.47999954223633,35.630001068115234,34.400001525878906,35.38999938964844,34.28538131713867,2062500
2019-02-21,35.369998931884766,35.88999938964844,35.040000915527344,35.599998474121094,34.488826751708984,2397400
2019-02-22,35.599998474121094,36.36000061035156,35.43000030517578,36.349998474121094,35.215423583984375,2030300
2019-02-25,37.099998474121094,37.540000915527344,36.900001525878906,37.04999923706055,35.89356994628906,3852900
2019-02-26,37.349998474121094,40.36000061035156,37.349998474121094,37.72999954223633,36.55235290527344,7639600
2019-02-27,37.25,37.61000061035156,36.209999084472656,36.720001220703125,35.57387161254883,9228100
2019-02-28,36.40999984741211,36.40999984741211,35.29999923706055,35.33000183105469,34.227264404296875,3217800
2019-03-01,35.349998474121094,36.5,34.7599983215332,36.220001220703125,35.08946990966797,3805100
2019-03-04,36.4900016784668,36.75,36.0099983215332,36.61000061035156,35.467308044433594,1582700
2019-03-05,36.540000915527344,36.779998779296875,36.20000076293945,36.41999816894531,35.28322982788086,1027100
2019-03-06,36.36000061035156,36.36000061035156,35.349998474121094,35.380001068115234,34.27570343017578,1251800
2019-03-07,35.22999954223633,35.22999954223633,34.7599983215332,34.95000076293945,33.8591194152832,1673500
2019-03-08,34.72999954223633,35.779998779296875,34.40999984741211,35.040000915527344,33.946311950683594,876100
2019-03-11,35.130001068115234,35.599998474121094,34.709999084472656,35.5099983215332,34.401641845703125,922000
2019-03-12,35.650001525878906,35.650001525878906,35.150001525878906,35.43000030517578,34.32413101196289,800100
2019-03-13,35.599998474121094,35.61000061035156,35.2400016784668,35.290000915527344,34.18851089477539,740100
2019-03-14,35.369998931884766,35.650001525878906,35.15999984741211,35.34000015258789,34.2369499206543,666800
2019-03-15,35.65999984741211,35.9900016784668,35.25,35.34000015258789,34.2369499206543,2254100
2019-03-18,35.36000061035156,35.619998931884766,34.88999938964844,35.15999984741211,34.06256866455078,2182000
2019-03-19,35.290000915527344,35.38999938964844,34.90999984741211,35.189998626708984,34.09162521362305,1102000
2019-03-20,35.220001220703125,35.380001068115234,34.459999084472656,34.599998474121094,33.52004623413086,920100
2019-03-21,34.630001068115234,36.290000915527344,34.529998779296875,35.869998931884766,34.75041198730469,1039600
2019-03-22,35.70000076293945,35.70000076293945,34.59000015258789,34.63999938964844,33.55879211425781,954200
2019-03-25,34.439998626708984,34.779998779296875,34.06999969482422,34.68000030517578,33.59754943847656,1229200
2019-03-26,34.939998626708984,35.279998779296875,34.81999969482422,35.2599983215332,34.15943908691406,1040700
2019-03-27,35.189998626708984,35.29999923706055,34.290000915527344,34.709999084472656,33.626609802246094,1378300
2019-03-28,34.90999984741211,35.34000015258789,34.59000015258789,34.90999984741211,33.82036590576172,1403400
2019-03-29,34.560001373291016,35.7599983215332,34.560001373291016,35.689998626708984,34.57601547241211,1399400
2019-04-01,36.040000915527344,36.81999969482422,35.849998474121094,36.779998779296875,35.63199234008789,1053000
2019-04-02,36.720001220703125,36.869998931884766,36.4900016784668,36.709999084472656,35.56418991088867,639500
2019-04-03,37.18000030517578,37.849998474121094,37.060001373291016,37.52000045776367,36.34890365600586,989700
2019-04-04,37.560001373291016,37.900001525878906,37.38999938964844,37.47999954223633,36.31015396118164,894100
2019-04-05,37.599998474121094,37.9900016784668,37.5,37.880001068115234,36.69767761230469,759200
2019-04-08,37.20000076293945,38.709999084472656,37.16999816894531,38.65999984741211,37.45332717895508,1987000
2019-04-09,38.34000015258789,39.68000030517578,38.16999816894531,39.18000030517578,37.95709228515625,3686500
2019-04-10,39.0099983215332,39.63999938964844,38.86000061035156,39.36000061035156,38.13148498535156,3140600
2019-04-11,39.47999954223633,39.7400016784668,39.20000076293945,39.279998779296875,38.05397033691406,1498400
2019-04-12,39.63999938964844,40.459999084472656,39.380001068115234,40.220001220703125,38.964622497558594,2376800
2019-04-15,40.290000915527344,40.66999816894531,39.619998931884766,39.77000045776367,38.5286865234375,1148100
2019-04-16,40.0,40.310001373291016,39.68000030517578,39.83000183105469,38.5868034362793,1201200
2019-04-17,40.349998474121094,40.58000183105469,39.939998626708984,40.349998474121094,39.0905647277832,1472300
2019-04-18,40.31999969482422,40.77000045776367,40.150001525878906,40.61000061035156,39.342464447021484,699900
2019-04-22,40.54999923706055,40.86000061035156,40.13999938964844,40.689998626708984,39.41995620727539,1203300
2019-04-23,40.709999084472656,41.0,40.40999984741211,40.689998626708984,39.41995620727539,858300
2019-04-24,40.75,41.720001220703125,40.66999816894531,40.86000061035156,39.584651947021484,1781500
2019-04-25,39.25,39.5,37.54999923706055,38.97999954223633,37.763336181640625,3376200
2019-04-26,38.4900016784668,39.72999954223633,38.119998931884766,39.709999084472656,38.470550537109375,2142900
2019-04-29,39.5,40.54999923706055,39.400001525878906,40.45000076293945,39.18744659423828,2187700
2019-04-30,40.5,40.869998931884766,40.209999084472656,40.86000061035156,39.65327453613281,2547300
2019-05-01,41.209999084472656,41.5,40.59000015258789,40.619998931884766,39.42036056518555,1245600
2019-05-02,40.540000915527344,41.349998474121094,40.290000915527344,40.97999954223633,39.76972579956055,860000
2019-05-03,41.34000015258789,42.0099983215332,40.880001068115234,41.9900016784668,40.749900817871094,1009100
2019-05-06,40.880001068115234,41.189998626708984,40.5099983215332,40.88999938964844,39.68238830566406,1719800
2019-05-07,40.41999816894531,40.84000015258789,39.459999084472656,40.380001068115234,39.18744659423828,1192000
2019-05-08,40.22999954223633,40.38999938964844,39.75,40.0,38.81867980957031,879100
2019-05-09,39.36000061035156,39.939998626708984,38.59000015258789,39.689998626708984,38.5178337097168,1089500
2019-05-10,38.720001220703125,39.54999923706055,38.52000045776367,39.08000183105469,37.92584228515625,1503600
2019-05-13,38.029998779296875,38.599998474121094,36.810001373291016,37.06999969482422,35.97520446777344,1731200
2019-05-14,37.540000915527344,38.040000915527344,37.099998474121094,37.88999938964844,36.770992279052734,1260200
2019-05-15,37.369998931884766,38.439998626708984,37.16999816894531,38.290000915527344,37.15918731689453,1006400
2019-05-16,38.29999923706055,38.43000030517578,37.7599983215332,37.810001373291016,36.693355560302734,923600
2019-05-17,37.439998626708984,37.95000076293945,36.970001220703125,37.040000915527344,35.94608688354492,1172400
2019-05-20,36.459999084472656,36.86000061035156,35.939998626708984,36.150001525878906,35.08237075805664,1323400
2019-05-21,36.560001373291016,37.060001373291016,36.15999984741211,36.279998779296875,35.208534240722656,1017200
2019-05-22,35.91999816894531,36.349998474121094,35.75,35.93000030517578,34.86888122558594,701800
2019-05-23,35.36000061035156,35.720001220703125,34.90999984741211,35.2400016784668,34.199249267578125,960100
2019-05-24,35.4900016784668,35.5,34.88999938964844,34.90999984741211,33.87899398803711,758000
2019-05-28,35.11000061035156,35.209999084472656,34.29999923706055,34.310001373291016,33.296714782714844,1103800
2019-05-29,33.93000030517578,34.59000015258789,33.810001373291016,34.29999923706055,33.28699493408203,1053600
2019-05-30,34.38999938964844,34.869998931884766,34.0099983215332,34.5,33.48110580444336,756500
2019-05-31,34.060001373291016,34.54999923706055,33.75,34.34000015258789,33.32583236694336,965100
2019-06-03,34.459999084472656,34.959999084472656,34.33000183105469,34.650001525878906,33.626678466796875,1216400
2019-06-04,35.119998931884766,35.369998931884766,34.0099983215332,35.13999938964844,34.102203369140625,1535500
2019-06-05,35.43000030517578,35.540000915527344,34.599998474121094,35.439998626708984,34.39335632324219,1125700
2019-06-06,35.34000015258789,35.650001525878906,34.79999923706055,35.58000183105469,34.52920913696289,782800
2019-06-07,35.70000076293945,35.86000061035156,35.31999969482422,35.439998626708984,34.39335632324219,839200
2019-06-10,35.7599983215332,37.459999084472656,35.689998626708984,37.189998626708984,36.09166717529297,1345300
2019-06-11,37.75,37.849998474121094,36.630001068115234,37.31999969482422,36.21781921386719,981000
2019-06-12,37.06999969482422,37.16999816894531,35.900001525878906,35.970001220703125,34.90768814086914,1228100
2019-06-13,36.18000030517578,37.52000045776367,36.130001068115234,37.5,36.39250564575195,1360700
2019-06-14,36.97999954223633,37.20000076293945,36.029998779296875,36.790000915527344,35.703468322753906,1203800
2019-06-17,36.90999984741211,36.970001220703125,35.65999984741211,35.72999954223633,34.67477798461914,1612400
2019-06-18,36.119998931884766,37.369998931884766,35.65999984741211,37.18000030517578,36.08195877075195,1178300
2019-06-19,37.400001525878906,37.540000915527344,36.91999816894531,37.130001068115234,36.0334358215332,849200
2019-06-20,37.84000015258789,38.68000030517578,37.54999923706055,38.5,37.362972259521484,1140100
2019-06-21,38.189998626708984,38.560001373291016,37.75,37.810001373291016,36.693355560302734,1013100
2019-06-24,37.959999084472656,38.060001373291016,37.189998626708984,37.279998779296875,36.17900466918945,1169700
2019-06-25,37.459999084472656,37.880001068115234,37.029998779296875,37.40999984741211,36.30516052246094,1738100
2019-06-26,37.720001220703125,38.20000076293945,37.36000061035156,37.70000076293945,36.586605072021484,1018100
2019-06-27,38.04999923706055,38.43000030517578,37.650001525878906,38.04999923706055,36.926265716552734,1418000
2019-06-28,38.2599983215332,38.310001373291016,37.040000915527344,37.31999969482422,36.21781921386719,17789200
2019-07-01,38.099998474121094,39.380001068115234,37.81999969482422,38.279998779296875,37.149471282958984,1898300
2019-07-02,38.31999969482422,38.31999969482422,37.459999084472656,37.689998626708984,36.576900482177734,1091700
2019-07-03,37.459999084472656,37.77000045776367,36.34000015258789,36.599998474121094,35.51908493041992,2043800
2019-07-05,36.439998626708984,36.5,35.939998626708984,36.2599983215332,35.189125061035156,1135400
2019-07-08,35.88999938964844,36.119998931884766,35.119998931884766,35.47999954223633,34.43216323852539,1436700
2019-07-09,35.349998474121094,35.72999954223633,35.0,35.65999984741211,34.60685729980469,948300
2019-07-10,35.869998931884766,36.310001373291016,35.619998931884766,36.06999969482422,35.004737854003906,1513600
2019-07-11,36.06999969482422,36.130001068115234,35.470001220703125,35.93000030517578,34.86888122558594,1689800
2019-07-12,36.0,36.790000915527344,35.5,36.650001525878906,35.5676155090332,1212400
2019-07-15,36.86000061035156,36.97999954223633,36.40999984741211,36.59000015258789,35.50938415527344,1074500
2019-07-16,36.470001220703125,36.599998474121094,36.13999938964844,36.38999938964844,35.31529235839844,768300
2019-07-17,36.79999923706055,37.5099983215332,36.0,37.279998779296875,36.17900466918945,1337400
2019-07-18,37.2400016784668,38.08000183105469,37.2400016784668,38.029998779296875,36.9068603515625,1253600
2019-07-19,38.220001220703125,38.459999084472656,37.95000076293945,38.04999923706055,36.926265716552734,821200
2019-07-22,38.040000915527344,39.130001068115234,38.040000915527344,38.720001220703125,37.57647705078125,1283200
2019-07-23,39.060001373291016,39.7400016784668,38.66999816894531,39.720001220703125,38.546939849853516,972300
2019-07-24,39.90999984741211,42.18000030517578,39.90999984741211,42.13999938964844,40.89547348022461,2544600
2019-07-25,42.43000030517578,44.650001525878906,41.849998474121094,43.060001373291016,41.78830337524414,3722100
2019-07-26,43.150001525878906,44.45000076293945,43.13999938964844,43.97999954223633,42.68113708496094,1923300
2019-07-29,44.060001373291016,45.119998931884766,43.349998474121094,44.869998931884766,43.54484939575195,1795500
2019-07-30,44.47999954223633,44.66999816894531,43.849998474121094,44.290000915527344,43.05875778198242,1260000
2019-07-31,44.0,44.349998474121094,43.11000061035156,43.5099983215332,42.30042266845703,1204900
2019-08-01,43.43000030517578,44.47999954223633,41.970001220703125,42.349998474121094,41.17267608642578,1833600
2019-08-02,42.209999084472656,42.209999084472656,41.2599983215332,41.540000915527344,40.385196685791016,678300
2019-08-05,41.099998474121094,41.290000915527344,40.150001525878906,40.47999954223633,39.35466766357422,1421700
2019-08-06,40.790000915527344,41.65999984741211,39.97999954223633,40.470001220703125,39.34494400024414,1078800
2019-08-07,39.86000061035156,41.060001373291016,39.86000061035156,40.88999938964844,39.75326156616211,920000
2019-08-08,41.38999938964844,42.029998779296875,40.91999816894531,41.9900016784668,40.82268524169922,794200
2019-08-09,41.709999084472656,41.939998626708984,41.16999816894531,41.529998779296875,40.37548065185547,741400
2019-08-12,41.599998474121094,41.599998474121094,40.95000076293945,41.06999969482422,39.92825698852539,631200
2019-08-13,41.16999816894531,42.650001525878906,39.779998779296875,42.18000030517578,41.00739288330078,912500
2019-08-14,41.189998626708984,41.58000183105469,40.0,41.220001220703125,40.07408905029297,747200
2019-08-15,41.369998931884766,41.79999923706055,41.08000183105469,41.36000061035156,40.210205078125,648200
2019-08-16,41.779998779296875,42.349998474121094,41.540000915527344,42.2599983215332,41.085182189941406,506700
2019-08-19,43.029998779296875,43.310001373291016,42.77000045776367,42.790000915527344,41.6004524230957,709900
2019-08-20,42.81999969482422,43.029998779296875,42.11000061035156,42.40999984741211,41.23101043701172,621500
2019-08-21,42.95000076293945,43.41999816894531,42.58000183105469,43.40999984741211,42.203208923339844,829400
2019-08-22,43.36000061035156,43.36000061035156,41.5099983215332,43.15999984741211,41.960166931152344,892100
2019-08-23,42.939998626708984,42.939998626708984,41.2400016784668,41.4900016784668,40.33657455444336,719500
2019-08-26,41.939998626708984,42.13999938964844,41.33000183105469,41.529998779296875,40.37548065185547,861800
2019-08-27,41.880001068115234,42.040000915527344,41.029998779296875,41.18000030517578,40.03520584106445,995900
2019-08-28,41.08000183105469,41.779998779296875,40.77000045776367,41.619998931884766,40.462974548339844,345300
2019-08-29,42.20000076293945,43.04999923706055,42.15999984741211,42.88999938964844,41.697669982910156,392600
2019-08-30,43.099998474121094,43.540000915527344,42.61000061035156,42.83000183105469,41.63935089111328,489500
2019-09-03,42.63999938964844,42.83000183105469,42.22999954223633,42.58000183105469,41.39628601074219,559600
2019-09-04,43.040000915527344,43.58000183105469,42.790000915527344,43.220001220703125,42.01850891113281,887200
2019-09-05,43.65999984741211,44.75,43.65999984741211,44.18000030517578,42.95180892944336,822000
2019-09-06,44.20000076293945,44.65999984741211,43.869998931884766,44.290000915527344,43.05875778198242,807500
2019-09-09,44.56999969482422,44.599998474121094,44.130001068115234,44.56999969482422,43.33097457885742,676700
2019-09-10,44.400001525878906,44.95000076293945,43.86000061035156,44.75,43.50596618652344,1091500
2019-09-11,44.86000061035156,45.779998779296875,44.560001373291016,45.470001220703125,44.20594787597656,875400
2019-09-12,45.5099983215332,46.75,45.5099983215332,46.5099983215332,45.217041015625,880900
2019-09-13,46.66999816894531,47.56999969482422,46.34000015258789,47.11000061035156,45.800350189208984,984400
2019-09-16,46.75,47.27000045776367,46.41999816894531,47.27000045776367,45.95591354370117,716300
2019-09-17,47.349998474121094,47.83000183105469,46.939998626708984,47.43000030517578,46.11146545410156,960200
2019-09-18,47.900001525878906,48.0,46.849998474121094,47.59000015258789,46.267005920410156,825000
2019-09-19,47.72999954223633,47.93000030517578,47.290000915527344,47.630001068115234,46.30590057373047,704700
2019-09-20,47.810001373291016,47.959999084472656,46.93000030517578,47.52000045776367,46.1989631652832,1415200
2019-09-23,47.2400016784668,48.36000061035156,47.20000076293945,48.0099983215332,46.67533874511719,609100
2019-09-24,48.09000015258789,48.43000030517578,46.849998474121094,47.119998931884766,45.8100700378418,871200
2019-09-25,47.25,47.88999938964844,46.439998626708984,47.790000915527344,46.461456298828125,861400
2019-09-26,47.90999984741211,48.09000015258789,47.34000015258789,47.689998626708984,46.36424255371094,634600
2019-09-27,47.5,47.529998779296875,46.06999969482422,46.290000915527344,45.00313949584961,903700
2019-09-30,46.5,47.13999938964844,46.2400016784668,47.060001373291016,45.751747131347656,987800
2019-10-01,47.47999954223633,47.84000015258789,46.58000183105469,46.880001068115234,45.57674789428711,957900
2019-10-02,46.349998474121094,46.86000061035156,45.61000061035156,46.2400016784668,44.95454025268555,945600
2019-10-03,46.400001525878906,47.040000915527344,45.43000030517578,46.869998931884766,45.5670166015625,1343600
2019-10-04,47.20000076293945,47.68000030517578,46.90999984741211,47.619998931884766,46.296173095703125,607400
2019-10-07,47.0,47.279998779296875,46.56999969482422,46.790000915527344,45.48925018310547,680200
2019-10-08,46.290000915527344,46.54999923706055,45.5,45.560001373291016,44.29344177246094,590500
2019-10-09,46.220001220703125,46.380001068115234,45.7599983215332,45.9900016784668,44.71149826049805,540800
2019-10-10,46.16999816894531,46.79999923706055,45.869998931884766,46.22999954223633,44.94481658935547,555900
2019-10-11,47.209999084472656,47.90999984741211,46.79999923706055,47.369998931884766,46.053131103515625,798700
2019-10-14,47.34000015258789,47.439998626708984,46.86000061035156,47.119998931884766,45.8100700378418,517600
2019-10-15,47.5099983215332,48.209999084472656,47.209999084472656,47.97999954223633,46.64616775512695,568900
2019-10-16,47.68000030517578,47.880001068115234,46.97999954223633,47.18000030517578,45.868404388427734,718000
2019-10-17,47.43000030517578,48.599998474121094,47.38999938964844,48.400001525878906,47.05449295043945,1151600
2019-10-18,48.38999938964844,48.79999923706055,47.869998931884766,48.709999084472656,47.35587692260742,972300
2019-10-21,49.150001525878906,49.400001525878906,48.75,49.0099983215332,47.64752960205078,901600
2019-10-22,49.08000183105469,49.5099983215332,48.0,48.040000915527344,46.70451354980469,964400
2019-10-23,47.70000076293945,47.959999084472656,47.22999954223633,47.619998931884766,46.296173095703125,1038300
2019-10-24,46.279998779296875,47.720001220703125,44.619998931884766,47.56999969482422,46.247562408447266,2463100
2019-10-25,47.400001525878906,48.040000915527344,46.41999816894531,47.97999954223633,46.64616775512695,1228700
2019-10-28,48.54999923706055,49.68000030517578,48.54999923706055,49.630001068115234,48.25029754638672,1254800
2019-10-29,49.70000076293945,50.150001525878906,49.119998931884766,49.189998626708984,47.899742126464844,952500
2019-10-30,49.209999084472656,49.349998474121094,48.540000915527344,49.02000045776367,47.73421096801758,813000
2019-10-31,48.91999816894531,48.91999816894531,47.59000015258789,48.0,46.74095153808594,1061800
2019-11-01,48.45000076293945,49.0099983215332,48.16999816894531,48.25,46.98439407348633,1284500
2019-11-04,48.7599983215332,48.93000030517578,48.099998474121094,48.439998626708984,47.16942596435547,1432300
2019-11-05,48.560001373291016,48.97999954223633,47.779998779296875,48.470001220703125,47.19862365722656,604800
2019-11-06,48.38999938964844,48.38999938964844,47.2400016784668,48.060001373291016,46.799381256103516,776400
2019-11-07,48.5,48.63999938964844,47.529998779296875,47.630001068115234,46.38066101074219,545100
2019-11-08,47.33000183105469,48.04999923706055,47.25,47.75,46.49751663208008,561100
2019-11-11,47.33000183105469,48.099998474121094,47.33000183105469,47.88999938964844,46.63384246826172,600900
2019-11-12,48.0099983215332,48.459999084472656,47.61000061035156,47.97999954223633,46.721492767333984,487200
2019-11-13,47.630001068115234,48.689998626708984,47.5,48.56999969482422,47.29600143432617,498500
2019-11-14,48.459999084472656,48.7599983215332,47.7400016784668,48.04999923706055,46.78964614868164,378300
2019-11-15,48.59000015258789,49.959999084472656,48.5,49.54999923706055,48.25029373168945,915000
2019-11-18,49.58000183105469,49.810001373291016,47.540000915527344,47.68000030517578,46.42935562133789,1025500
2019-11-19,47.810001373291016,48.5,47.209999084472656,48.31999969482422,47.05256271362305,760200
2019-11-20,48.150001525878906,48.66999816894531,46.95000076293945,47.0099983215332,45.77692794799805,698200
2019-11-21,46.93000030517578,47.04999923706055,45.70000076293945,45.93000030517578,44.725242614746094,944100
2019-11-22,46.209999084472656,46.72999954223633,45.75,46.459999084472656,45.24135208129883,575700
2019-11-25,46.599998474121094,47.36000061035156,46.560001373291016,47.31999969482422,46.07878494262695,785900
2019-11-26,47.38999938964844,47.540000915527344,46.9900016784668,47.380001068115234,46.13721466064453,428800
2019-11-27,47.4900016784668,48.22999954223633,47.4900016784668,48.09000015258789,46.82859420776367,400800
2019-11-29,47.959999084472656,48.040000915527344,47.2400016784668,47.31999969482422,46.07878494262695,195200
2019-12-02,47.40999984741211,47.4900016784668,46.619998931884766,46.81999969482422,45.59189987182617,625600
2019-12-03,46.11000061035156,46.36000061035156,45.93000030517578,46.20000076293945,44.98817443847656,733700
2019-12-04,48.11000061035156,48.2599983215332,46.209999084472656,46.279998779296875,45.06606674194336,593500
2019-12-05,46.38999938964844,46.900001525878906,46.310001373291016,46.5,45.280296325683594,357100
2019-12-06,46.86000061035156,47.400001525878906,46.86000061035156,47.119998931884766,45.884037017822266,655300
2019-12-09,47.099998474121094,47.5099983215332,46.47999954223633,46.790000915527344,45.56269454956055,415000
2019-12-10,47.119998931884766,47.58000183105469,46.65999984741211,47.40999984741211,46.16643524169922,434000
2019-12-11,47.470001220703125,48.7400016784668,47.06999969482422,48.70000076293945,47.422603607177734,839100
2019-12-12,48.599998474121094,49.79999923706055,48.59000015258789,49.779998779296875,48.47426986694336,932300
2019-12-13,49.4900016784668,50.349998474121094,49.11000061035156,50.0099983215332,48.69822692871094,825600
2019-12-16,50.43000030517578,51.06999969482422,50.18000030517578,50.630001068115234,49.301979064941406,965900
2019-12-17,50.720001220703125,51.130001068115234,50.5099983215332,51.029998779296875,49.69147872924805,700100
2019-12-18,50.869998931884766,50.97999954223633,50.25,50.869998931884766,49.535682678222656,718300
2019-12-19,50.869998931884766,51.130001068115234,50.16999816894531,51.02000045776367,49.68174362182617,580800
2019-12-20,51.290000915527344,51.40999984741211,50.83000183105469,51.11000061035156,49.769386291503906,721200
2019-12-23,51.34000015258789,51.52000045776367,50.970001220703125,51.209999084472656,49.866764068603516,321100
2019-12-24,51.02000045776367,51.380001068115234,50.7599983215332,51.20000076293945,49.85701370239258,130500
2019-12-26,51.02000045776367,51.29999923706055,50.90999984741211,51.029998779296875,49.69147872924805,244700
2019-12-27,51.20000076293945,51.2400016784668,50.5099983215332,50.599998474121094,49.272762298583984,308400
2019-12-30,50.689998626708984,50.689998626708984,49.5099983215332,50.27000045776367,48.951419830322266,565200
2019-12-31,50.209999084472656,50.34000015258789,49.880001068115234,50.09000015258789,48.77613830566406,661800
2020-01-02,50.47999954223633,51.02000045776367,49.900001525878906,50.970001220703125,49.633056640625,1282300
2020-01-03,50.16999816894531,51.04999923706055,50.0,50.56999969482422,49.24354553222656,551300
2020-01-06,49.869998931884766,49.970001220703125,49.310001373291016,49.88999938964844,48.58137893676758,840500
2020-01-07,50.040000915527344,51.58000183105469,49.959999084472656,51.43000030517578,50.08098220825195,876100
2020-01-08,51.4900016784668,51.90999984741211,51.06999969482422,51.5,50.14915084838867,875900
2020-01-09,52.08000183105469,52.34000015258789,51.650001525878906,52.189998626708984,50.821048736572266,569800
2020-01-10,52.52000045776367,52.86000061035156,51.9900016784668,52.11000061035156,50.74315643310547,1107600
2020-01-13,52.5,53.40999984741211,52.279998779296875,53.38999938964844,51.989566802978516,803100
2020-01-14,53.41999816894531,54.25,53.369998931884766,53.630001068115234,52.22328186035156,869200
2020-01-15,53.689998626708984,54.11000061035156,53.15999984741211,53.47999954223633,52.077213287353516,776300
2020-01-16,53.880001068115234,55.04999923706055,53.459999084472656,55.029998779296875,53.58655548095703,1219100
2020-01-17,55.38999938964844,56.33000183105469,55.04999923706055,56.22999954223633,54.75508117675781,1514300
2020-01-21,56.209999084472656,57.7400016784668,56.02000045776367,57.5,55.99177169799805,1983000
2020-01-22,57.9900016784668,58.349998474121094,57.060001373291016,57.31999969482422,55.81648254394531,1674400
2020-01-23,57.29999923706055,57.66999816894531,56.900001525878906,57.4900016784668,55.98202896118164,1423400
2020-01-24,57.9900016784668,58.18000030517578,55.619998931884766,55.93000030517578,54.462955474853516,990800
2020-01-27,54.599998474121094,54.68000030517578,53.61000061035156,53.68000030517578,52.271976470947266,1250000
2020-01-28,54.09000015258789,54.56999969482422,53.25,54.380001068115234,53.03264617919922,1144200
2020-01-29,54.59000015258789,54.65999984741211,53.310001373291016,53.31999969482422,51.998905181884766,545100
2020-01-30,52.959999084472656,53.70000076293945,52.560001373291016,53.33000183105469,52.008663177490234,590700
2020-01-31,52.90999984741211,53.04999923706055,51.68000030517578,51.7599983215332,50.47755432128906,803500
2020-02-03,51.790000915527344,52.7400016784668,51.630001068115234,52.400001525878906,51.10171127319336,962300
2020-02-04,52.689998626708984,57.220001220703125,52.4900016784668,55.720001220703125,54.339454650878906,1880700
2020-02-05,56.25,56.97999954223633,55.65999984741211,56.720001220703125,55.314659118652344,1124800
2020-02-06,56.9900016784668,57.209999084472656,56.22999954223633,56.380001068115234,54.983089447021484,678200
2020-02-07,55.83000183105469,56.810001373291016,55.279998779296875,55.540000915527344,54.163902282714844,640100
2020-02-10,55.25,56.40999984741211,55.029998779296875,56.36000061035156,54.96358871459961,591000
2020-02-11,56.619998931884766,57.86000061035156,56.470001220703125,57.36000061035156,55.93880844116211,440800
2020-02-12,57.869998931884766,58.4900016784668,57.33000183105469,58.470001220703125,57.02131271362305,544500
2020-02-13,58.11000061035156,59.04999923706055,57.79999923706055,58.38999938964844,56.94329071044922,549900
2020-02-14,58.43000030517578,58.77000045776367,57.849998474121094,58.15999984741211,56.7189826965332,354800
2020-02-18,57.5,57.5099983215332,56.31999969482422,56.400001525878906,55.00259017944336,853800
2020-02-19,56.689998626708984,58.04999923706055,56.5,57.959999084472656,56.5239372253418,1081900
2020-02-20,57.91999816894531,58.060001373291016,56.619998931884766,58.0,56.562957763671875,1024000
2020-02-21,57.650001525878906,57.849998474121094,56.75,56.97999954223633,55.56822204589844,723700
2020-02-24,54.310001373291016,55.79999923706055,54.02000045776367,55.18000030517578,53.81281661987305,1255900
2020-02-25,55.9900016784668,55.9900016784668,52.97999954223633,53.0,51.686832427978516,1407200
2020-02-26,53.33000183105469,53.95000076293945,52.79999923706055,52.959999084472656,51.6478271484375,1075000
2020-02-27,51.43000030517578,52.68000030517578,50.5099983215332,51.310001373291016,50.038719177246094,1443300
2020-02-28,50.040000915527344,53.459999084472656,49.43000030517578,53.31999969482422,51.998905181884766,1508100
2020-03-02,54.060001373291016,55.40999984741211,53.119998931884766,55.15999984741211,53.793312072753906,1609800
2020-03-03,55.290000915527344,55.95000076293945,53.189998626708984,53.5,52.174461364746094,988000
2020-03-04,54.599998474121094,55.959999084472656,53.869998931884766,55.959999084472656,54.573486328125,759200
2020-03-05,54.75,56.040000915527344,53.97999954223633,54.33000183105469,52.983890533447266,779400
2020-03-06,52.849998474121094,53.20000076293945,51.4900016784668,52.599998474121094,51.29674530029297,869400
2020-03-09,49.0,50.45000076293945,46.34000015258789,48.529998779296875,47.32758712768555,1398700
2020-03-10,50.290000915527344,51.75,48.45000076293945,51.709999084472656,50.428802490234375,1568000
2020-03-11,50.15999984741211,50.68000030517578,46.970001220703125,47.4900016784668,46.3133544921875,1209700
2020-03-12,44.38999938964844,45.310001373291016,42.36000061035156,42.36000061035156,41.310462951660156,1717600
2020-03-13,44.880001068115234,47.369998931884766,42.70000076293945,47.369998931884766,46.19633102416992,1414000
2020-03-16,45.400001525878906,45.56999969482422,41.689998626708984,41.689998626708984,40.65705108642578,1389500
2020-03-17,42.689998626708984,45.06999969482422,39.06999969482422,44.5,43.39743423461914,1922800
2020-03-18,42.0,43.060001373291016,39.09000015258789,41.529998779296875,40.50102233886719,1566800
2020-03-19,41.58000183105469,44.20000076293945,40.560001373291016,40.709999084472656,39.70133590698242,1291800
2020-03-20,41.47999954223633,43.209999084472656,38.72999954223633,39.029998779296875,38.06297302246094,1657400
2020-03-23,39.4900016784668,40.88999938964844,38.119998931884766,40.0,39.00893783569336,1594300
2020-03-24,42.18000030517578,44.040000915527344,41.189998626708984,43.939998626708984,42.851314544677734,1405600
2020-03-25,44.209999084472656,46.13999938964844,42.56999969482422,44.040000915527344,42.94883346557617,1120400
2020-03-26,45.33000183105469,48.310001373291016,44.04999923706055,48.279998779296875,47.083770751953125,819800
2020-03-27,46.2400016784668,47.16999816894531,44.560001373291016,44.7599983215332,43.6509895324707,1190300
2020-03-30,45.08000183105469,47.84000015258789,45.0,47.540000915527344,46.36211395263672,1080200
2020-03-31,47.279998779296875,47.720001220703125,44.150001525878906,44.77000045776367,43.6607551574707,910500
2020-04-01,42.810001373291016,43.709999084472656,40.93000030517578,41.40999984741211,40.383995056152344,1046900
2020-04-02,40.970001220703125,42.310001373291016,40.540000915527344,42.029998779296875,40.98862838745117,813400
2020-04-03,41.93000030517578,42.84000015258789,41.2400016784668,42.11000061035156,41.066654205322266,893600
2020-04-06,44.20000076293945,48.70000076293945,43.5,48.5,47.29833221435547,1074200
2020-04-07,50.45000076293945,50.790000915527344,47.439998626708984,47.59000015258789,46.410884857177734,1140900
2020-04-08,48.709999084472656,49.560001373291016,47.22999954223633,48.93000030517578,47.717674255371094,797200
2020-04-09,50.02000045776367,50.650001525878906,49.15999984741211,49.72999954223633,48.49785232543945,1242200
2020-04-13,49.5,49.91999816894531,48.41999816894531,49.75,48.51735305786133,525500
2020-04-14,50.75,51.970001220703125,50.58000183105469,51.7400016784668,50.458045959472656,693200
2020-04-15,49.81999969482422,50.25,48.290000915527344,49.02000045776367,47.805450439453125,735500
2020-04-16,49.560001373291016,51.52000045776367,49.40999984741211,51.27000045776367,49.99970245361328,834800
2020-04-17,52.400001525878906,53.2599983215332,51.470001220703125,52.97999954223633,51.667335510253906,765900
2020-04-20,52.040000915527344,53.06999969482422,51.58000183105469,51.68000030517578,50.3995361328125,1013000
2020-04-21,50.43000030517578,51.4900016784668,46.93000030517578,47.2599983215332,46.089054107666016,1341900
2020-04-22,49.349998474121094,51.130001068115234,48.11000061035156,51.04999923706055,49.785160064697266,1002900
2020-04-23,51.0099983215332,51.540000915527344,50.08000183105469,50.459999084472656,49.20976638793945,1168900
2020-04-24,51.0,51.5,49.18000030517578,51.209999084472656,49.94118118286133,736200
2020-04-27,51.45000076293945,52.4900016784668,51.45000076293945,52.15999984741211,50.86764144897461,708300
2020-04-28,53.25,54.09000015258789,52.72999954223633,53.02000045776367,51.7857780456543,648900
2020-04-29,54.209999084472656,56.93000030517578,53.88999938964844,56.47999954223633,55.16522216796875,1163400
2020-04-30,55.84000015258789,56.31999969482422,54.0099983215332,54.22999954223633,52.96760177612305,871100
2020-05-01,53.040000915527344,53.040000915527344,50.900001525878906,51.70000076293945,50.496498107910156,917400
2020-05-04,50.83000183105469,52.439998626708984,50.599998474121094,52.36000061035156,51.14113235473633,720500
2020-05-05,52.709999084472656,53.97999954223633,51.52000045776367,51.93000030517578,50.72114562988281,750500
2020-05-06,52.47999954223633,53.9900016784668,51.9900016784668,52.15999984741211,50.94579315185547,537300
2020-05-07,53.439998626708984,54.06999969482422,52.79999923706055,53.25,52.010406494140625,741300
2020-05-08,54.31999969482422,56.959999084472656,54.09000015258789,56.70000076293945,55.380096435546875,822900
2020-05-11,55.58000183105469,57.58000183105469,55.400001525878906,56.939998626708984,55.61450958251953,1116900
2020-05-12,56.970001220703125,57.2599983215332,55.369998931884766,55.369998931884766,54.0810546875,1238100
2020-05-13,54.869998931884766,55.31999969482422,53.68000030517578,53.9900016784668,52.733184814453125,1307800
2020-05-14,53.349998474121094,55.66999816894531,52.63999938964844,55.45000076293945,54.1591911315918,809400
2020-05-15,54.099998474121094,56.27000045776367,53.4900016784668,55.52000045776367,54.227577209472656,974000
2020-05-18,55.0,57.290000915527344,54.72999954223633,57.029998779296875,55.702423095703125,893400
2020-05-19,56.79999923706055,58.59000015258789,56.599998474121094,57.470001220703125,56.132171630859375,1039100
2020-05-20,59.209999084472656,59.369998931884766,58.11000061035156,58.5099983215332,57.14796829223633,808600
2020-05-21,58.36000061035156,59.529998779296875,58.36000061035156,58.540000915527344,57.17727279663086,1495200
2020-05-22,59.20000076293945,59.20000076293945,58.040000915527344,58.5,57.1381950378418,576700
2020-05-26,59.95000076293945,60.5,59.040000915527344,59.31999969482422,57.93910598754883,1009500
2020-05-27,59.47999954223633,59.81999969482422,57.2400016784668,59.459999084472656,58.075843811035156,761400
2020-05-28,59.45000076293945,60.279998779296875,58.380001068115234,58.61000061035156,57.245635986328125,653600
2020-05-29,58.88999938964844,59.9900016784668,58.45000076293945,59.880001068115234,58.4860725402832,588200
2020-06-01,59.41999816894531,59.7599983215332,57.880001068115234,59.06999969482422,57.69492721557617,594700
2020-06-02,59.20000076293945,60.310001373291016,58.52000045776367,60.209999084472656,58.808387756347656,730000
2020-06-03,60.63999938964844,63.79999923706055,60.43000030517578,61.970001220703125,60.52742004394531,1419300
2020-06-04,62.209999084472656,62.7599983215332,61.16999816894531,62.16999816894531,60.72276306152344,1540900
2020-06-05,63.220001220703125,64.9000015258789,63.0,64.51000213623047,63.008304595947266,1133000
2020-06-08,64.7699966430664,64.8499984741211,61.9900016784668,62.13999938964844,60.69346237182617,1242700
2020-06-09,61.68000030517578,63.5099983215332,61.29999923706055,62.689998626708984,61.23066329956055,1293600
2020-06-10,63.08000183105469,63.36000061035156,61.75,62.470001220703125,61.01580047607422,1351000
2020-06-11,61.279998779296875,61.619998931884766,57.93000030517578,58.08000183105469,56.72797393798828,1396100
2020-06-12,59.619998931884766,60.41999816894531,58.060001373291016,59.59000015258789,58.202823638916016,860700
2020-06-15,58.38999938964844,60.380001068115234,57.849998474121094,60.15999984741211,58.759559631347656,796600
2020-06-16,61.880001068115234,62.91999816894531,60.79999923706055,62.029998779296875,60.586021423339844,692400
2020-06-17,62.900001525878906,63.099998474121094,62.20000076293945,62.709999084472656,61.25019454956055,781600
2020-06-18,62.61000061035156,62.97999954223633,61.880001068115234,61.97999954223633,60.53718566894531,649500
2020-06-19,62.97999954223633,63.119998931884766,60.06999969482422,60.06999969482422,58.67165756225586,1345800
2020-06-22,59.880001068115234,61.09000015258789,59.52000045776367,61.040000915527344,59.61907196044922,767500
2020-06-23,61.72999954223633,61.72999954223633,60.54999923706055,60.68000030517578,59.2674560546875,817700
2020-06-24,60.13999938964844,60.88999938964844,58.54999923706055,58.88999938964844,57.51911544799805,959500
2020-06-25,58.689998626708984,59.220001220703125,57.5099983215332,59.150001525878906,57.773075103759766,1114000
2020-06-26,59.08000183105469,59.2599983215332,57.119998931884766,57.36000061035156,56.02473831176758,1502100
2020-06-29,57.15999984741211,58.349998474121094,56.91999816894531,57.970001220703125,56.620540618896484,1043400
2020-06-30,57.15999984741211,59.349998474121094,56.459999084472656,59.04999923706055,57.67539596557617,1237700
2020-07-01,59.290000915527344,59.63999938964844,58.27000045776367,58.38999938964844,57.03076934814453,644600
2020-07-02,58.83000183105469,60.08000183105469,58.5,59.630001068115234,58.24188995361328,614300
2020-07-06,60.779998779296875,61.33000183105469,60.45000076293945,60.77000045776367,59.3553581237793,816600
2020-07-07,60.650001525878906,60.83000183105469,59.77000045776367,59.779998779296875,58.38841247558594,982800
2020-07-08,60.20000076293945,60.66999816894531,59.130001068115234,59.7599983215332,58.36886215209961,658300
2020-07-09,60.119998931884766,61.369998931884766,59.52000045776367,61.13999938964844,59.716739654541016,1153900
2020-07-10,61.40999984741211,61.43000030517578,58.68000030517578,59.04999923706055,57.67539596557617,938200
2020-07-13,59.70000076293945,60.41999816894531,57.599998474121094,57.650001525878906,56.30799102783203,902000
2020-07-14,56.97999954223633,58.15999984741211,56.15999984741211,58.040000915527344,56.688907623291016,974000
2020-07-15,58.029998779296875,58.4900016784668,56.81999969482422,57.93000030517578,56.58146286010742,824600
2020-07-16,57.459999084472656,58.20000076293945,57.119998931884766,57.7400016784668,56.39589309692383,459400
2020-07-17,58.09000015258789,58.9900016784668,57.61000061035156,58.880001068115234,57.50934982299805,634100
2020-07-20,58.880001068115234,61.369998931884766,58.59000015258789,61.20000076293945,59.77534484863281,970800
2020-07-21,61.560001373291016,62.040000915527344,60.61000061035156,61.70000076293945,60.26370620727539,1084300
2020-07-22,61.5,63.33000183105469,61.47999954223633,62.630001068115234,61.17205810546875,839400
2020-07-23,65.29000091552734,71.51000213623047,65.0,69.6500015258789,68.02864074707031,4304700
2020-07-24,67.44000244140625,68.29000091552734,65.76000213623047,67.83999633789062,66.26075744628906,1572400
2020-07-27,68.80000305175781,70.5,68.12000274658203,69.54000091552734,67.92119598388672,1135800
2020-07-28,69.0999984741211,70.83999633789062,68.62999725341797,69.19000244140625,67.65719604492188,1140000
2020-07-29,70.2300033569336,72.05999755859375,69.27999877929688,71.0999984741211,69.5248794555664,1076400
2020-07-30,70.0,72.26000213623047,70.0,72.19999694824219,70.60050964355469,961400
2020-07-31,72.5,73.0,71.08999633789062,71.91000366210938,70.31693267822266,944000
2020-08-03,72.56999969482422,74.26000213623047,72.22000122070312,74.01000213623047,72.37040710449219,928500
2020-08-04,74.04000091552734,74.27999877929688,72.30000305175781,73.0,71.3827896118164,1096000
2020-08-05,73.11000061035156,73.9000015258789,73.04000091552734,73.4800033569336,71.85214233398438,900600
2020-08-06,73.55000305175781,73.97000122070312,72.63999938964844,72.79000091552734,71.17742919921875,674600
2020-08-07,72.69000244140625,73.20999908447266,69.3499984741211,70.26000213623047,68.7034683227539,1063300
2020-08-10,70.44000244140625,70.62999725341797,68.55999755859375,68.91999816894531,67.39318084716797,1002100
2020-08-11,68.69000244140625,69.95999908447266,68.62000274658203,69.22000122070312,67.68650817871094,825100
2020-08-12,69.62000274658203,72.06999969482422,69.37999725341797,71.05999755859375,69.48574829101562,942000
2020-08-13,71.13999938964844,71.6500015258789,70.48999786376953,70.66000366210938,69.09461975097656,522300
2020-08-14,70.79000091552734,71.25,69.41999816894531,69.7300033569336,68.18521881103516,523800
2020-08-17,70.4800033569336,71.1500015258789,70.06999969482422,70.72000122070312,69.15330505371094,664900
2020-08-18,70.62000274658203,71.79000091552734,70.25,71.30000305175781,69.720458984375,1144500
2020-08-19,71.30000305175781,71.87000274658203,70.83999633789062,71.05000305175781,69.47598266601562,782500
2020-08-20,70.66000366210938,70.75,69.08000183105469,69.33999633789062,67.8038330078125,638900
2020-08-21,69.30999755859375,69.83999633789062,68.69000244140625,69.43000030517578,67.89187622070312,619300
2020-08-24,70.06999969482422,70.88999938964844,68.80999755859375,69.30000305175781,67.76476287841797,396000
2020-08-25,69.16999816894531,70.06999969482422,69.01000213623047,69.87999725341797,68.3319091796875,282400
2020-08-26,70.45999908447266,70.45999908447266,69.62999725341797,69.8499984741211,68.30258178710938,535300
2020-08-27,70.0199966430664,70.29000091552734,67.69000244140625,67.83999633789062,66.33708953857422,796100
2020-08-28,68.22000122070312,68.76000213623047,67.95999908447266,68.30000305175781,66.7868881225586,613600
2020-08-31,68.08000183105469,68.31999969482422,66.88999938964844,66.88999938964844,65.40812683105469,574100
2020-09-01,67.58000183105469,68.9000015258789,67.0,68.86000061035156,67.33451843261719,801400
2020-09-02,69.69000244140625,71.63999938964844,69.19000244140625,70.73999786376953,69.1728515625,725900
2020-09-03,69.43000030517578,69.43000030517578,65.08999633789062,66.9000015258789,65.41792297363281,1993200
2020-09-04,66.80999755859375,67.2699966430664,64.16000366210938,66.54000091552734,65.0658950805664,1706200
2020-09-08,64.26000213623047,65.08000183105469,62.5099983215332,62.5099983215332,61.12517547607422,1124100
2020-09-09,63.79999923706055,65.05000305175781,63.16999816894531,64.80000305175781,63.36445236206055,1185800
2020-09-10,65.23999786376953,65.9000015258789,64.58999633789062,64.98999786376953,63.550235748291016,1612200
2020-09-11,66.12999725341797,66.51000213623047,64.75,65.38999938964844,63.941375732421875,1127500
2020-09-14,66.61000061035156,67.93000030517578,66.0999984741211,67.6500015258789,66.15129852294922,948500
2020-09-15,68.01000213623047,69.06999969482422,67.77999877929688,68.9800033569336,67.45182800292969,720500
2020-09-16,69.86000061035156,69.86000061035156,68.0,68.08999633789062,66.58154296875,796700
2020-09-17,66.22000122070312,68.12999725341797,66.0,68.11000061035156,66.60111236572266,841300
2020-09-18,68.79000091552734,68.81999969482422,65.8499984741211,66.55999755859375,65.08544158935547,1541200
2020-09-21,65.45999908447266,66.69000244140625,64.95999908447266,66.5999984741211,65.12455749511719,615800
2020-09-22,67.13999938964844,67.16999816894531,65.45999908447266,67.06999969482422,65.58415985107422,1050300
2020-09-23,67.13999938964844,68.45999908447266,66.66999816894531,66.91000366210938,65.42771911621094,1063100
2020-09-24,66.44000244140625,69.1500015258789,66.44000244140625,68.19999694824219,66.68909454345703,978800
2020-09-25,68.06999969482422,69.70999908447266,67.30999755859375,69.22000122070312,67.68650817871094,1054800
2020-09-28,69.87000274658203,71.69999694824219,69.72000122070312,71.4000015258789,69.81822204589844,1012000
2020-09-29,71.8499984741211,74.1500015258789,71.5,73.19999694824219,71.5783462524414,979000
2020-09-30,72.91999816894531,75.16000366210938,72.5999984741211,74.33999633789062,72.69307708740234,1249300
2020-10-01,76.01000213623047,78.30999755859375,75.02999877929688,76.6500015258789,74.95191955566406,1379900
2020-10-02,75.04000091552734,76.9800033569336,75.04000091552734,75.91999816894531,74.23808288574219,1016400
2020-10-05,76.72000122070312,78.93000030517578,76.47000122070312,78.9000015258789,77.15206909179688,1041300
2020-10-06,78.76000213623047,81.76000213623047,78.76000213623047,80.08999633789062,78.31568908691406,1034800
2020-10-07,81.05999755859375,82.02999877929688,79.68000030517578,81.76000213623047,79.94869232177734,862800
2020-10-08,81.23999786376953,82.86000061035156,81.23999786376953,82.1500015258789,80.33007049560547,603000
2020-10-09,82.79000091552734,83.41000366210938,82.5,82.75,80.91676330566406,835400
2020-10-12,84.13999938964844,84.4000015258789,83.08999633789062,83.61000061035156,81.75772857666016,659800
2020-10-13,84.12999725341797,85.13999938964844,83.52999877929688,83.91000366210938,82.05108642578125,848200
2020-10-14,84.0,84.38999938964844,81.80000305175781,82.43000030517578,80.60386657714844,1079400
2020-10-15,81.05000305175781,82.5199966430664,80.20999908447266,82.0199966430664,80.20295715332031,1290400
2020-10-16,83.23999786376953,83.23999786376953,81.27999877929688,81.41000366210938,79.60645294189453,903600
2020-10-19,82.05000305175781,82.80000305175781,80.73999786376953,81.0199966430664,79.22510528564453,1026900
2020-10-20,81.63999938964844,82.0199966430664,80.16999816894531,80.62000274658203,78.83399200439453,1022500
2020-10-21,81.44999694824219,82.36000061035156,79.47000122070312,79.9000015258789,78.12991333007812,1255400
2020-10-22,81.63999938964844,82.72000122070312,77.80000305175781,78.62999725341797,76.88804626464844,1136000
2020-10-23,78.75,79.75,77.77999877929688,78.3499984741211,76.6142578125,917100
2020-10-26,77.4000015258789,78.30000305175781,76.08000183105469,77.2300033569336,75.51905822753906,1097800
2020-10-27,77.36000061035156,77.48999786376953,76.05000305175781,76.70999908447266,75.08837127685547,607700
2020-10-28,74.91999816894531,75.88999938964844,74.72000122070312,74.72000122070312,73.14044189453125,660200
2020-10-29,74.97000122070312,76.47000122070312,74.75,75.87000274658203,74.26612854003906,1040300
2020-10-30,75.01000213623047,75.98999786376953,74.13999938964844,74.7699966430664,73.18938446044922,577800
2020-11-02,75.80000305175781,77.56999969482422,75.73999786376953,77.05000305175781,75.42120361328125,934900
2020-11-03,77.55000305175781,80.33000183105469,77.55000305175781,80.05999755859375,78.3675765991211,834400
2020-11-04,81.0,83.66000366210938,79.79000091552734,82.93000030517578,81.17688751220703,902700
2020-11-05,84.69000244140625,85.69999694824219,84.0,84.58000183105469,82.79198455810547,794400
2020-11-06,84.52999877929688,87.79000091552734,84.45999908447266,87.37000274658203,85.52302551269531,896500
2020-11-09,89.4000015258789,90.43000030517578,87.83999633789062,88.0199966430664,86.15928649902344,1063400
2020-11-10,86.5199966430664,88.94999694824219,85.37000274658203,86.0,84.1819839477539,901300
2020-11-11,86.97000122070312,88.23999786376953,86.91000366210938,87.5999984741211,85.74816131591797,637400
2020-11-12,87.5199966430664,87.83000183105469,84.77999877929688,85.04000091552734,83.24227905273438,686900
2020-11-13,86.80999755859375,87.13999938964844,84.7300033569336,85.31999969482422,83.5163803100586,439800
2020-11-16,85.5,87.83000183105469,85.16999816894531,87.76000213623047,85.90477752685547,974500
2020-11-17,87.7300033569336,88.38999938964844,86.3499984741211,88.20999908447266,86.34527587890625,754100
2020-11-18,88.44999694824219,90.4000015258789,88.44999694824219,88.76000213623047,86.88363647460938,1073800
2020-11-19,88.55999755859375,89.98999786376953,87.9800033569336,89.97000122070312,88.06806182861328,437800
2020-11-20,89.87000274658203,90.9800033569336,89.11000061035156,89.22000122070312,87.33390808105469,533000
2020-11-23,89.66000366210938,90.30999755859375,88.16999816894531,90.01000213623047,88.10721588134766,499000
2020-11-24,90.68000030517578,90.97000122070312,88.8499984741211,89.9800033569336,88.07786560058594,588700
2020-11-25,89.97000122070312,90.05000305175781,88.43000030517578,88.95999908447266,87.07942962646484,459000
2020-11-27,89.86000061035156,90.94999694824219,89.0199966430664,90.27999877929688,88.37149047851562,206200
2020-11-30,90.12999725341797,92.75,89.87000274658203,92.62000274658203,90.66204833984375,859700
2020-12-01,93.04000091552734,94.8499984741211,92.80000305175781,94.0,92.0128402709961,752100
2020-12-02,93.70999908447266,94.04000091552734,93.05999755859375,93.19000244140625,91.2199935913086,392600
2020-12-03,93.4800033569336,94.77999877929688,93.0,93.38999938964844,91.41576385498047,343700
2020-12-04,93.44000244140625,96.30999755859375,93.33999633789062,96.22000122070312,94.1859359741211,472300
2020-12-07,96.41999816894531,98.05999755859375,95.56999969482422,97.66999816894531,95.60527038574219,641700
2020-12-08,100.12000274658203,100.12000274658203,97.9000015258789,99.02999877929688,96.93653106689453,605300
2020-12-09,98.04000091552734,98.69000244140625,91.9000015258789,92.47000122070312,90.51519012451172,1147100
2020-12-10,91.81999969482422,93.63999938964844,90.7699966430664,93.0999984741211,91.13187408447266,703100
2020-12-11,92.36000061035156,94.25,91.77999877929688,94.19000244140625,92.19884490966797,531700
2020-12-14,94.9000015258789,95.8499984741211,94.37000274658203,95.33999633789062,93.32451629638672,634900
2020-12-15,96.61000061035156,98.0,96.29000091552734,97.62999725341797,95.5661392211914,502200
2020-12-16,97.58999633789062,97.69999694824219,94.63999938964844,95.01000213623047,93.00152587890625,526100
2020-12-17,95.5,96.45999908447266,95.22000122070312,96.29000091552734,94.25444793701172,570200
2020-12-18,96.0,97.13999938964844,95.31999969482422,95.77999877929688,93.75524139404297,1222100
2020-12-21,94.43000030517578,98.29000091552734,94.26000213623047,97.9000015258789,95.83041381835938,647500
2020-12-22,98.2300033569336,98.9000015258789,97.08000183105469,97.5999984741211,95.53675079345703,356600
2020-12-23,97.98999786376953,98.56999969482422,95.68000030517578,95.7699966430664,93.7454605102539,440500
2020-12-24,96.37999725341797,96.51000213623047,94.80999755859375,96.26000213623047,94.22510528564453,252200
2020-12-28,95.79000091552734,97.38999938964844,94.33999633789062,94.58000183105469,92.58058166503906,498300
2020-12-29,94.30999755859375,94.9800033569336,92.68000030517578,94.37000274658203,92.37503051757812,694200
2020-12-30,94.81999969482422,96.69999694824219,94.81999969482422,96.37000274658203,94.33277130126953,336000
2020-12-31,96.30999755859375,96.95999908447266,95.22000122070312,96.0999984741211,94.0684585571289,555700
2021-01-04,96.88999938964844,99.48999786376953,94.43000030517578,95.19999694824219,93.1875,755300
2021-01-05,95.11000061035156,96.95999908447266,94.87000274658203,96.91999816894531,94.87115478515625,578600
2021-01-06,95.94999694824219,97.5,94.76000213623047,96.01000213623047,93.9803695678711,816000
2021-01-07,97.19000244140625,99.56999969482422,96.5,99.45999908447266,97.35743713378906,1398100
2021-01-08,100.55000305175781,102.41000366210938,98.0,99.52999877929688,97.42594909667969,1043400
2021-01-11,98.91000366210938,102.0999984741211,98.55000305175781,101.5,99.35431671142578,835300
2021-01-12,102.16000366210938,104.2300033569336,101.7699966430664,103.61000061035156,101.41972351074219,796700
2021-01-13,104.2300033569336,106.37000274658203,103.61000061035156,104.98999786376953,102.77055358886719,1489400
2021-01-14,106.72000122070312,109.1500015258789,106.72000122070312,108.5999984741211,106.30421447753906,1080000
2021-01-15,108.5999984741211,109.36000061035156,106.68000030517578,107.56999969482422,105.29598999023438,1097400
2021-01-19,109.58000183105469,111.11000061035156,107.98999786376953,109.62000274658203,107.30265045166016,984400
2021-01-20,111.5999984741211,111.5999984741211,107.69000244140625,108.91000366210938,106.6076889038086,889500
2021-01-21,110.0,113.68000030517578,110.0,113.55999755859375,111.15935516357422,1290200
2021-01-22,112.22000122070312,113.55999755859375,111.19000244140625,112.33000183105469,109.95536804199219,896000
2021-01-25,113.5199966430664,114.0,107.80999755859375,108.5999984741211,106.30421447753906,705000
2021-01-26,108.80000305175781,109.52999877929688,105.68000030517578,105.83999633789062,103.67893981933594,550400
2021-01-27,105.08000183105469,106.30000305175781,99.44999694824219,99.94000244140625,97.8994140625,964500
2021-01-28,101.75,102.63999938964844,99.02999877929688,101.37000274658203,99.30020904541016,1013400
2021-01-29,101.16999816894531,101.83999633789062,96.97000122070312,98.38999938964844,96.38106536865234,998300
2021-02-01,100.08000183105469,102.79000091552734,98.7300033569336,102.04000091552734,99.95654296875,840300
2021-02-02,106.4800033569336,106.4800033569336,97.54000091552734,98.11000061035156,96.10678100585938,1260200
2021-02-03,98.48999786376953,99.80000305175781,94.87999725341797,95.45999908447266,93.51087951660156,1201600
2021-02-04,95.41999816894531,96.58000183105469,94.5999984741211,95.9000015258789,93.94190979003906,1130800
2021-02-05,96.20999908447266,96.91999816894531,94.16999816894531,94.37000274658203,92.44314575195312,785900
2021-02-08,95.51000213623047,97.5,95.13999938964844,96.69999694824219,94.72557067871094,739400
2021-02-09,96.08000183105469,97.33000183105469,95.5,96.11000061035156,94.14759826660156,676800
2021-02-10,96.68000030517578,98.48999786376953,95.38999938964844,95.75,93.79497528076172,881000
2021-02-11,96.5999984741211,100.3499984741211,96.5999984741211,99.11000061035156,97.08636474609375,1219800
2021-02-12,99.16999816894531,103.37000274658203,98.20999908447266,103.27999877929688,101.17122650146484,1447400
2021-02-16,105.12999725341797,107.98999786376953,104.18000030517578,107.25,105.06015014648438,1782400
2021-02-17,105.80999755859375,106.36000061035156,100.62000274658203,103.16999816894531,101.06346893310547,931100
2021-02-18,101.62999725341797,103.16999816894531,100.30999755859375,102.1500015258789,100.0643081665039,673000
2021-02-19,104.06999969482422,105.63999938964844,103.44000244140625,105.56999969482422,103.41448211669922,1439500
2021-02-22,103.47000122070312,106.12999725341797,103.16000366210938,104.30000305175781,102.17040252685547,1414000
2021-02-23,101.5999984741211,105.52999877929688,99.12999725341797,103.98999786376953,101.86671447753906,964100
2021-02-24,103.6500015258789,109.33000183105469,102.87999725341797,109.08000183105469,106.85279083251953,1033200
2021-02-25,107.4800033569336,109.5,103.66999816894531,103.70999908447266,101.59243774414062,1119900
2021-02-26,105.27999877929688,106.9000015258789,101.55999755859375,105.20999908447266,103.06182098388672,993400
2021-03-01,106.61000061035156,109.80999755859375,106.0,109.6500015258789,107.41114044189453,696500
2021-03-02,110.0,110.37000274658203,103.94999694824219,104.05999755859375,101.93528747558594,590000
2021-03-03,104.83999633789062,106.12000274658203,101.81999969482422,101.81999969482422,99.74103546142578,741200
2021-03-04,101.04000091552734,101.87000274658203,94.51000213623047,97.22000122070312,95.23493194580078,1355600
2021-03-05,99.61000061035156,100.48999786376953,93.70999908447266,100.31999969482422,98.27164459228516,931900
2021-03-08,98.37000274658203,100.0,93.5,93.98999786376953,92.07091522216797,987900
2021-03-09,94.13999938964844,102.19000244140625,94.13999938964844,101.52999877929688,99.45694732666016,898500
2021-03-10,103.2699966430664,104.0999984741211,98.47000122070312,98.66000366210938,96.64555358886719,747400
2021-03-11,102.22000122070312,104.9000015258789,99.9800033569336,104.66000366210938,102.5230484008789,1059200
2021-03-12,101.62000274658203,103.80999755859375,101.44000244140625,102.58000183105469,100.48551177978516,565700
2021-03-15,103.0,105.52999877929688,101.63999938964844,105.47000122070312,103.31649780273438,760600
2021-03-16,107.16000366210938,108.81999969482422,104.66999816894531,105.44000244140625,103.28710174560547,715900
2021-03-17,104.54000091552734,108.19000244140625,102.20999908447266,106.81999969482422,104.63893127441406,711500
2021-03-18,104.52999877929688,105.58000183105469,101.5,101.61000061035156,99.53531646728516,649000
2021-03-19,102.2300033569336,104.86000061035156,100.12000274658203,102.87000274658203,100.76959991455078,812900
2021-03-22,105.48999786376953,106.77999877929688,103.7300033569336,105.0,102.85610961914062,660200
2021-03-23,105.01000213623047,105.7300033569336,101.77999877929688,102.23999786376953,100.15243530273438,634000
2021-03-24,104.69999694824219,106.44000244140625,102.4800033569336,102.6500015258789,100.5540771484375,794700
2021-03-25,100.45999908447266,104.23999786376953,99.6500015258789,103.75,101.6316146850586,485900
2021-03-26,103.63999938964844,110.18000030517578,103.44000244140625,110.02999877929688,107.78340911865234,715100
2021-03-29,109.58999633789062,111.06999969482422,105.06999969482422,106.5999984741211,104.4234390258789,955300
2021-03-30,105.79000091552734,109.44999694824219,105.44000244140625,108.80000305175781,106.57852172851562,578100
2021-03-31,109.88999938964844,113.56999969482422,109.58999633789062,111.80000305175781,109.51725769042969,1291400
2021-04-01,113.55000305175781,120.77999877929688,113.25,120.08999633789062,117.63797760009766,1545500
2021-04-05,124.0,126.41000366210938,118.83000183105469,120.41000366210938,117.95145416259766,1896600
2021-04-06,119.31999969482422,122.5999984741211,118.52999877929688,119.1500015258789,116.71717834472656,996500
2021-04-07,119.1500015258789,120.12999725341797,118.41000366210938,118.62999725341797,116.20780181884766,1100800
2021-04-08,120.4000015258789,123.29000091552734,119.48999786376953,122.05000305175781,119.5579833984375,1292900
2021-04-09,121.76000213623047,121.76000213623047,119.80999755859375,121.44999694824219,118.97019958496094,802000
2021-04-12,121.4000015258789,121.4000015258789,117.81999969482422,119.69999694824219,117.25595092773438,980200
2021-04-13,121.33000183105469,121.33000183105469,116.08999633789062,118.30999755859375,115.89431762695312,988000
2021-04-14,117.88999938964844,119.94999694824219,117.08000183105469,118.0,115.59066009521484,778700
2021-04-15,118.9800033569336,120.5999984741211,117.88999938964844,119.30000305175781,116.86410522460938,750300
2021-04-16,119.5,119.5199966430664,116.08999633789062,117.37999725341797,114.98332977294922,810400
2021-04-19,116.22000122070312,117.0199966430664,110.91999816894531,113.1500015258789,110.8396987915039,1014400
2021-04-20,113.37000274658203,113.44000244140625,109.55999755859375,110.72000122070312,108.45932006835938,1025200
2021-04-21,110.5999984741211,113.30000305175781,110.02999877929688,113.20999908447266,110.89847564697266,975300
2021-04-22,112.80999755859375,113.13999938964844,109.13999938964844,109.98999786376953,107.74420166015625,776200
2021-04-23,110.91000366210938,113.4800033569336,110.91000366210938,113.1500015258789,110.8396987915039,658700
2021-04-26,113.61000061035156,116.13999938964844,113.08000183105469,115.26000213623047,112.90663146972656,1003200
2021-04-27,112.83000183105469,115.80999755859375,111.2699966430664,114.77999877929688,112.51451110839844,1174500
2021-04-28,114.69000244140625,115.41999816894531,113.38999938964844,114.79000091552734,112.52432250976562,924300
2021-04-29,117.0,117.58999633789062,113.08000183105469,114.91000366210938,112.6419448852539,868800
2021-04-30,112.87000274658203,114.83999633789062,111.66999816894531,112.58000183105469,110.35791778564453,909600
2021-05-03,114.58000183105469,114.93000030517578,111.0999984741211,111.36000061035156,109.16199493408203,1160900
2021-05-04,110.80000305175781,111.61000061035156,106.16999816894531,108.88999938964844,106.74076843261719,1264800
2021-05-05,110.86000061035156,112.08000183105469,108.19000244140625,110.69999694824219,108.5150375366211,661300
2021-05-06,109.75,111.30999755859375,107.8499984741211,111.30000305175781,109.10320281982422,767400
2021-05-07,112.68000030517578,114.80000305175781,112.18000030517578,114.70999908447266,112.44588470458984,868000
2021-05-10,112.7300033569336,113.76000213623047,107.87999725341797,108.19999694824219,106.06436920166016,1660900
2021-05-11,105.41000366210938,109.44000244140625,103.6500015258789,109.19000244140625,107.03483581542969,1262400
2021-05-12,104.58999633789062,107.33999633789062,101.16000366210938,101.61000061035156,99.60444641113281,1930700
2021-05-13,103.94999694824219,107.37000274658203,103.7699966430664,105.3499984741211,103.27062225341797,1385100
2021-05-14,106.70999908447266,110.63999938964844,105.56999969482422,109.44999694824219,107.2896957397461,1026600
2021-05-17,107.13999938964844,108.33999633789062,104.80999755859375,107.3499984741211,105.23117065429688,1084200
2021-05-18,108.66999816894531,109.18000030517578,106.16000366210938,106.2300033569336,104.13326263427734,600700
2021-05-19,104.94999694824219,109.0,104.58999633789062,108.05000305175781,105.91735076904297,970600
2021-05-20,108.5,111.62000274658203,108.30000305175781,111.16000366210938,108.96597290039062,625700
2021-05-21,111.44999694824219,111.94999694824219,109.30999755859375,109.80999755859375,107.64259338378906,583100
2021-05-24,111.45999908447266,113.6500015258789,110.80999755859375,113.18000030517578,110.94607543945312,649200
2021-05-25,114.11000061035156,115.0,112.55999755859375,113.06999969482422,110.83826446533203,645200
2021-05-26,112.62000274658203,113.93000030517578,112.33999633789062,113.37000274658203,111.13233184814453,405700
2021-05-27,113.58000183105469,115.44000244140625,112.73999786376953,113.88999938964844,111.64205932617188,737900
2021-05-28,114.58000183105469,115.55999755859375,113.33000183105469,114.44999694824219,112.19100952148438,415900
2021-06-01,115.0,116.0,113.45999908447266,114.01000213623047,111.75971984863281,773000
2021-06-02,113.80999755859375,115.83999633789062,113.4000015258789,114.83000183105469,112.56351470947266,566600
2021-06-03,113.25,114.12000274658203,112.13999938964844,112.77999877929688,110.55396270751953,848800
2021-06-04,113.91000366210938,116.51000213623047,113.9000015258789,116.22000122070312,113.92608642578125,736100
2021-06-07,115.7699966430664,115.80000305175781,114.52999877929688,115.0,112.73015594482422,618200
2021-06-08,116.20999908447266,116.55000305175781,113.51000213623047,113.80999755859375,111.56365203857422,596000
2021-06-09,114.63999938964844,115.26000213623047,113.5999984741211,113.80000305175781,111.55387115478516,458000
2021-06-10,114.94000244140625,117.27999877929688,114.36000061035156,115.56999969482422,113.28892517089844,955600
2021-06-11,115.52999877929688,116.94000244140625,114.86000061035156,116.41000366210938,114.11233520507812,620500
2021-06-14,116.69000244140625,120.13999938964844,116.11000061035156,119.36000061035156,117.00409698486328,888900
2021-06-15,118.66999816894531,119.9800033569336,118.0,119.66999816894531,117.30799102783203,729100
2021-06-16,121.0,121.87999725341797,119.05999755859375,119.87000274658203,117.5040283203125,1014700
2021-06-17,119.48999786376953,120.76000213623047,117.7300033569336,119.88999938964844,117.52365112304688,602900
2021-06-18,118.58999633789062,119.12000274658203,116.30999755859375,117.23999786376953,114.92594909667969,1081700
2021-06-21,117.5999984741211,119.23999786376953,116.80000305175781,117.86000061035156,115.5337142944336,870300
2021-06-22,118.01000213623047,122.05000305175781,117.1500015258789,120.69999694824219,118.31766510009766,1259700
2021-06-23,120.70999908447266,122.9000015258789,118.22000122070312,118.56999969482422,116.22968292236328,770500
2021-06-24,119.69999694824219,120.62000274658203,118.72000122070312,119.30000305175781,116.94528198242188,534000
2021-06-25,119.4000015258789,120.0,117.31999969482422,117.75,115.42586517333984,1083600
2021-06-28,118.56999969482422,121.66999816894531,118.56999969482422,121.4000015258789,119.00384521484375,908500
2021-06-29,121.37999725341797,124.41000366210938,120.79000091552734,123.26000213623047,120.82711791992188,882800
2021-06-30,123.0,123.6500015258789,121.30000305175781,122.97000122070312,120.5428695678711,741800
2021-07-01,122.69999694824219,123.56999969482422,118.36000061035156,118.5,116.16107177734375,745800
2021-07-02,119.69999694824219,119.8499984741211,117.79000091552734,118.58000183105469,116.239501953125,426800
2021-07-06,119.08999633789062,119.73999786376953,115.51000213623047,117.87000274658203,115.54351806640625,818700
2021-07-07,119.43000030517578,120.33999633789062,115.68000030517578,116.94999694824219,114.64168548583984,412300
2021-07-08,114.12000274658203,116.19999694824219,112.54000091552734,115.54000091552734,113.25951385498047,678900
2021-07-09,117.98999786376953,118.3499984741211,115.54000091552734,118.0,115.67093658447266,772300
2021-07-12,117.95999908447266,119.61000061035156,117.76000213623047,118.54000091552734,116.20030212402344,517300
2021-07-13,118.2300033569336,118.33999633789062,116.9000015258789,117.72000122070312,115.39647674560547,423100
2021-07-14,117.05999755859375,119.83000183105469,116.68000030517578,117.81999969482422,115.4945068359375,572800
2021-07-15,117.26000213623047,117.29000091552734,113.87000274658203,114.97000122070312,112.70075988769531,458800
2021-07-16,115.7300033569336,116.62000274658203,112.06999969482422,112.26000213623047,110.04426574707031,428000
2021-07-19,109.79000091552734,112.68000030517578,109.56999969482422,112.55000305175781,110.32852935791016,607600
2021-07-20,112.86000061035156,117.75,111.69999694824219,116.48999786376953,114.19076538085938,845600
2021-07-21,116.29000091552734,119.6500015258789,116.29000091552734,119.62999725341797,117.26876831054688,555700
2021-07-22,119.26000213623047,120.33000183105469,117.98999786376953,118.41000366210938,116.0728530883789,409100
2021-07-23,119.19000244140625,120.3499984741211,118.33000183105469,119.70999908447266,117.3471908569336,322600
2021-07-26,119.30000305175781,120.77999877929688,118.13999938964844,118.76000213623047,116.41596221923828,568100
2021-07-27,118.79000091552734,120.33000183105469,113.13999938964844,116.44000244140625,114.21868133544922,969400
2021-07-28,117.31999969482422,120.13999938964844,116.38999938964844,119.77999877929688,117.49496459960938,1048600
2021-07-29,119.77999877929688,120.37000274658203,118.08999633789062,120.1500015258789,117.85791778564453,644800
2021-07-30,118.62999725341797,122.4000015258789,118.58000183105469,120.63999938964844,118.33853912353516,470000
2021-08-02,120.94999694824219,122.88999938964844,120.63999938964844,121.30999755859375,118.99576568603516,706700
2021-08-03,122.19999694824219,123.66999816894531,121.77999877929688,122.73999786376953,120.39849853515625,630400
2021-08-04,123.41000366210938,126.41000366210938,122.77999877929688,124.20999908447266,121.84046173095703,935800
2021-08-05,125.5,125.5,121.43000030517578,121.95999908447266,119.63337707519531,517700
2021-08-06,121.36000061035156,122.05999755859375,120.2300033569336,121.58000183105469,119.2606201171875,512100
2021-08-09,123.33999633789062,123.87999725341797,120.33000183105469,121.72000122070312,119.39796447753906,448500
2021-08-10,122.44000244140625,122.44999694824219,117.33000183105469,119.9800033569336,117.69114685058594,568200
2021-08-11,120.05000305175781,120.47000122070312,115.4800033569336,116.23999786376953,114.0224838256836,688700
2021-08-12,115.45999908447266,115.45999908447266,112.83999633789062,113.41000366210938,111.24650573730469,962500
2021-08-13,113.0,116.2300033569336,112.91999816894531,116.1500015258789,113.9342269897461,825300
2021-08-16,116.08000183105469,117.86000061035156,115.08999633789062,116.04000091552734,113.8263168334961,372900
2021-08-17,114.94999694824219,115.11000061035156,111.7699966430664,112.8499984741211,110.69718170166016,643900
2021-08-18,112.77999877929688,114.47000122070312,111.52999877929688,111.62999725341797,109.50042724609375,381000
2021-08-19,110.23999786376953,113.13999938964844,109.38999938964844,112.81999969482422,110.66773986816406,426700
2021-08-20,112.69000244140625,113.79000091552734,110.43000030517578,112.58000183105469,110.43231201171875,550800
2021-08-23,113.41000366210938,116.12999725341797,113.05999755859375,115.12000274658203,112.92388153076172,618700
2021-08-24,115.95999908447266,116.4000015258789,114.93000030517578,115.1500015258789,112.95328521728516,548000
2021-08-25,115.18000030517578,116.5,114.8499984741211,115.75,113.5418472290039,493200
2021-08-26,115.37000274658203,116.75,114.5,116.33000183105469,114.11077117919922,537400
2021-08-27,117.05000305175781,120.47000122070312,117.05000305175781,120.06999969482422,117.77941131591797,679700
2021-08-30,120.95999908447266,122.30999755859375,119.73999786376953,120.69999694824219,118.39742279052734,428000
2021-08-31,120.6500015258789,121.05999755859375,118.23999786376953,120.13999938964844,117.84811401367188,710200
2021-09-01,121.06999969482422,121.31999969482422,119.19000244140625,119.44999694824219,117.17127227783203,606000
2021-09-02,119.47000122070312,121.86000061035156,119.29000091552734,121.06999969482422,118.76036071777344,441000
2021-09-03,119.52999877929688,122.30000305175781,119.52999877929688,121.80999755859375,119.48622131347656,397100
2021-09-07,122.30000305175781,122.30000305175781,120.5999984741211,121.69000244140625,119.36852264404297,521000
2021-09-08,121.0999984741211,121.33000183105469,119.36000061035156,119.80000305175781,117.51458740234375,361000
2021-09-09,119.91999816894531,120.51000213623047,118.95999908447266,119.70999908447266,117.4262924194336,469400
2021-09-10,121.20999908447266,123.37999725341797,120.45999908447266,120.63999938964844,118.33853912353516,496600
2021-09-13,122.4800033569336,124.5199966430664,121.47000122070312,124.06999969482422,121.70314025878906,592600
2021-09-14,124.4000015258789,128.22000122070312,123.69999694824219,128.05999755859375,125.61701202392578,1148500
2021-09-15,128.3300018310547,131.1699981689453,126.54000091552734,131.08999633789062,128.58921813964844,1202500
2021-09-16,130.58999633789062,133.3000030517578,129.6999969482422,133.07000732421875,130.5314483642578,1145700
2021-09-17,133.22999572753906,133.22999572753906,130.05999755859375,132.0500030517578,129.53091430664062,1265600
2021-09-20,129.02999877929688,130.47000122070312,126.61000061035156,128.75999450683594,126.30366516113281,963100
2021-09-21,129.7100067138672,130.9499969482422,127.80999755859375,129.97999572753906,127.5003890991211,592500
2021-09-22,131.2100067138672,133.8699951171875,129.36000061035156,133.58999633789062,131.04150390625,871200
2021-09-23,133.97999572753906,135.99000549316406,133.6699981689453,134.8300018310547,132.25787353515625,729600
2021-09-24,133.55999755859375,133.60000610351562,131.60000610351562,132.4600067138672,129.93307495117188,632300
2021-09-27,130.8000030517578,132.27999877929688,130.0,130.4499969482422,127.9614028930664,839600
2021-09-28,130.0800018310547,130.64999389648438,123.63999938964844,123.6500015258789,121.2911376953125,1266300
2021-09-29,124.38999938964844,126.87999725341797,123.69999694824219,126.06999969482422,123.66496276855469,1282100
2021-09-30,130.55999755859375,131.57000732421875,125.66999816894531,125.9000015258789,123.49821472167969,946800
2021-10-01,126.87999725341797,127.0199966430664,123.11000061035156,124.86000061035156,122.4780502319336,794500
2021-10-04,124.33999633789062,124.45999908447266,119.27999877929688,120.1500015258789,117.85791778564453,1082200
2021-10-05,120.58000183105469,121.76000213623047,119.22000122070312,121.16999816894531,118.85845947265625,913500
2021-10-06,119.36000061035156,120.58000183105469,118.0999984741211,120.36000061035156,118.06389617919922,595000
2021-10-07,122.0,123.02999877929688,121.19999694824219,121.75,119.42738342285156,473000
2021-10-08,122.12000274658203,122.25,120.66000366210938,121.18000030517578,118.86825561523438,626600
2021-10-11,120.33999633789062,123.93000030517578,120.33999633789062,122.55000305175781,120.21211242675781,521600
2021-10-12,123.9800033569336,123.9800033569336,120.83000183105469,121.66999816894531,119.3488998413086,595300
2021-10-13,122.4800033569336,123.7300033569336,120.48999786376953,121.11000061035156,118.79957580566406,562600
2021-10-14,123.0,127.95999908447266,123.0,127.9000015258789,125.4600601196289,1035200
2021-10-15,129.25,131.00999450683594,128.27000427246094,129.97999572753906,127.5003890991211,1147800
2021-10-18,129.27000427246094,129.7899932861328,128.1199951171875,129.66000366210938,127.1865234375,728100
2021-10-19,130.0,130.83999633789062,128.8300018310547,129.25,126.78429412841797,562700
2021-10-20,128.24000549316406,131.11000061035156,127.31999969482422,130.8300018310547,128.33413696289062,574700
2021-10-21,129.44000244140625,133.97000122070312,128.9600067138672,133.8699951171875,131.316162109375,783700
2021-10-22,134.75,138.6999969482422,133.25,137.27999877929688,134.66110229492188,1184200
2021-10-25,137.64999389648438,137.97999572753906,135.49000549316406,136.1300048828125,133.5330810546875,1235200
2021-10-26,129.5399932861328,137.16000366210938,129.25,132.85000610351562,130.39227294921875,991400
2021-10-27,134.38999938964844,136.14999389648438,132.88999938964844,135.02999877929688,132.5319366455078,1116600
2021-10-28,136.75999450683594,139.25999450683594,135.39999389648438,138.7100067138672,136.1438751220703,851900
2021-10-29,137.17999267578125,140.92999267578125,137.17999267578125,140.77999877929688,138.175537109375,682300
2021-11-01,140.3300018310547,143.3699951171875,139.75,142.91000366210938,140.2661895751953,648600
2021-11-02,142.88999938964844,144.38999938964844,142.35000610351562,144.24000549316406,141.57154846191406,601100
2021-11-03,144.60000610351562,146.4600067138672,142.55999755859375,146.1199951171875,143.41677856445312,694500
2021-11-04,146.3000030517578,148.50999450683594,145.11000061035156,148.44000244140625,145.69383239746094,1295000
2021-11-05,149.13999938964844,149.39999389648438,144.72999572753906,145.33999633789062,142.6511688232422,976000
2021-11-08,145.64999389648438,149.47000122070312,144.4199981689453,147.9499969482422,145.21292114257812,1332400
2021-11-09,148.5800018310547,149.39999389648438,146.0,148.47000122070312,145.72329711914062,708000
2021-11-10,146.1999969482422,147.99000549316406,143.8000030517578,145.17999267578125,142.49417114257812,1090700
2021-11-11,147.36000061035156,150.57000732421875,144.94000244140625,149.8699951171875,147.09738159179688,884500
2021-11-12,150.83999633789062,150.89999389648438,149.14999389648438,149.75999450683594,146.98939514160156,992300
2021-11-15,150.6999969482422,152.4499969482422,147.4499969482422,149.97000122070312,147.19552612304688,692900
2021-11-16,149.94000244140625,153.94000244140625,149.3300018310547,153.1199951171875,150.28726196289062,1064300
2021-11-17,153.1199951171875,154.0399932861328,150.9600067138672,152.6699981689453,149.8455810546875,827400
2021-11-18,154.22999572753906,154.91000366210938,151.3699951171875,153.82000732421875,150.97433471679688,723300
2021-11-19,153.75999450683594,155.5500030517578,153.41000366210938,154.00999450683594,151.1608123779297,764000
2021-11-22,154.7899932861328,158.0,151.39999389648438,151.52000427246094,148.71688842773438,894000
2021-11-23,150.86000061035156,153.72999572753906,147.35000610351562,150.08999633789062,147.31332397460938,1304000
2021-11-24,148.61000061035156,151.6199951171875,146.8000030517578,151.5500030517578,148.7462921142578,1209200
2021-11-26,148.55999755859375,152.9600067138672,148.1300048828125,149.00999450683594,146.25332641601562,859200
2021-11-29,150.88999938964844,155.99000549316406,150.77999877929688,154.75,151.88710021972656,1686500
2021-11-30,154.10000610351562,157.49000549316406,145.0,146.0800018310547,143.3774871826172,7712400
2021-12-01,147.47000122070312,153.9600067138672,145.2100067138672,148.66000366210938,145.90977478027344,1310400
2021-12-02,149.3699951171875,154.47999572753906,148.16000366210938,153.25,150.41488647460938,1469700
2021-12-03,154.1300048828125,155.57000732421875,145.9600067138672,148.0399932861328,145.30126953125,1017800
2021-12-06,147.74000549316406,148.0,142.4199981689453,145.2899932861328,142.6021270751953,906000
2021-12-07,148.42999267578125,154.52000427246094,147.72999572753906,153.1999969482422,150.36575317382812,928700
2021-12-08,153.5500030517578,153.99000549316406,150.8699951171875,152.9600067138672,150.1302490234375,871500
2021-12-09,152.24000549316406,153.97999572753906,146.57000732421875,146.64999389648438,143.93698120117188,906800
2021-12-10,149.9199981689453,150.58999633789062,145.13999938964844,146.88999938964844,144.1725311279297,644800
2021-12-13,147.99000549316406,148.07000732421875,142.11000061035156,142.27999877929688,139.64779663085938,746700
2021-12-14,142.42999267578125,144.1300048828125,140.1999969482422,143.22000122070312,140.5703887939453,761300
2021-12-15,135.6999969482422,143.02999877929688,130.3699951171875,142.5399932861328,139.9029998779297,4354500
2021-12-16,142.5399932861328,143.44000244140625,132.42999267578125,133.42999267578125,130.96151733398438,1761700
2021-12-17,133.0,136.8800048828125,130.61000061035156,132.9600067138672,130.50022888183594,1548700
2021-12-20,130.88999938964844,133.42999267578125,128.72999572753906,129.83999633789062,127.43795013427734,1154500
2021-12-21,131.5800018310547,133.3300018310547,129.32000732421875,132.9600067138672,130.50022888183594,1379100
2021-12-22,131.74000549316406,133.50999450683594,129.27999877929688,133.47000122070312,131.00076293945312,1113700
2021-12-23,133.80999755859375,137.47999572753906,133.6999969482422,136.77999877929688,134.2495880126953,866400
2021-12-27,136.61000061035156,141.08999633789062,136.07000732421875,140.94000244140625,138.3325958251953,885800
2021-12-28,142.22000122070312,142.22000122070312,137.52000427246094,139.50999450683594,136.92904663085938,807300
2021-12-29,138.1999969482422,140.82000732421875,137.74000549316406,138.89999389648438,136.33033752441406,658300
2021-12-30,139.9199981689453,140.5399932861328,137.88999938964844,138.24000549316406,135.6825408935547,472700
2021-12-31,138.61000061035156,139.8000030517578,138.05999755859375,138.5800018310547,136.01626586914062,477000
2022-01-03,138.67999267578125,140.64999389648438,136.39999389648438,138.38999938964844,135.82980346679688,735300
2022-01-04,138.25999450683594,139.64999389648438,134.02000427246094,139.22000122070312,136.6444091796875,1322400
2022-01-05,138.39999389648438,138.5800018310547,131.88999938964844,132.08999633789062,129.6463165283203,1594000
2022-01-06,131.67999267578125,135.36000061035156,131.0500030517578,134.97000122070312,132.4730682373047,1119500
2022-01-07,134.97000122070312,136.05999755859375,131.11000061035156,132.00999450683594,129.56777954101562,1262500
2022-01-10,129.50999450683594,134.0800018310547,128.67999267578125,133.91000366210938,131.4326629638672,1487000
2022-01-11,133.0,136.72999572753906,131.97999572753906,135.08999633789062,132.59083557128906,1004500
2022-01-12,135.32000732421875,137.83999633789062,134.05999755859375,135.16000366210938,132.65953063964844,903200
2022-01-13,138.69000244140625,139.14999389648438,131.63999938964844,131.82000732421875,129.3813018798828,1064200
2022-01-14,130.58999633789062,133.8800048828125,130.27999877929688,133.6199951171875,131.14801025390625,754600
2022-01-18,133.27000427246094,133.2899932861328,127.19000244140625,127.4800033569336,125.12158966064453,978600
2022-01-19,131.47999572753906,131.8699951171875,126.52999877929688,127.41999816894531,125.06272888183594,1310900
2022-01-20,129.58999633789062,133.1199951171875,123.72000122070312,123.94000244140625,121.64708709716797,1608000
2022-01-21,123.20999908447266,125.75,119.41999816894531,120.2300033569336,118.00574493408203,1600200
2022-01-24,118.04000091552734,123.12000274658203,114.29000091552734,122.8499984741211,120.57727813720703,1855300
2022-01-25,118.9800033569336,120.4000015258789,114.91999816894531,116.23999786376953,114.08953094482422,1621200
2022-01-26,120.23999786376953,121.8499984741211,115.23999786376953,116.44000244140625,114.28585052490234,1472400
2022-01-27,117.58000183105469,117.7300033569336,107.41000366210938,109.7300033569336,107.69998931884766,2428200
2022-01-28,110.0,111.66000366210938,107.4800033569336,111.48999786376953,109.42742919921875,1804700
2022-01-31,111.66000366210938,119.9800033569336,111.47000122070312,119.83999633789062,117.62293243408203,1561300
2022-02-01,122.18000030517578,128.6999969482422,120.0,128.44000244140625,126.16912841796875,2350700
2022-02-02,130.47999572753906,133.11000061035156,128.7899932861328,132.5500030517578,130.20645141601562,1534900
2022-02-03,128.75999450683594,131.25,125.62000274658203,126.11000061035156,123.88031005859375,2457300
2022-02-04,124.80999755859375,129.99000549316406,123.30000305175781,128.55999755859375,126.2869873046875,1468300
2022-02-07,129.83999633789062,130.25,126.54000091552734,127.44000244140625,125.18680572509766,1304000
2022-02-08,126.88999938964844,130.36000061035156,125.81999969482422,130.0,127.70159149169922,1216600
2022-02-09,132.3000030517578,134.49000549316406,130.25,133.58999633789062,131.22805786132812,953400
2022-02-10,130.17999267578125,136.39999389648438,130.17999267578125,131.6300048828125,129.30274963378906,1564600
2022-02-11,132.75,133.82000732421875,122.86000061035156,124.4800033569336,122.2791519165039,1273800
2022-02-14,124.76000213623047,127.56999969482422,124.0999984741211,126.04000091552734,123.81157684326172,1363100
2022-02-15,129.02999877929688,134.32000732421875,128.94000244140625,134.05999755859375,131.6897735595703,1001900
2022-02-16,133.4499969482422,136.0800018310547,130.77000427246094,135.38999938964844,132.99623107910156,785000
2022-02-17,133.6699981689453,135.13999938964844,132.14999389648438,133.5,131.13966369628906,1690700
2022-02-18,133.5,133.72999572753906,129.3300018310547,130.19000244140625,127.88819885253906,736500
2022-02-22,127.75,131.47999572753906,125.5199966430664,126.8499984741211,124.60725402832031,946400
2022-02-23,128.67999267578125,130.47999572753906,124.30000305175781,124.37000274658203,122.17108154296875,918400
2022-02-24,121.0,132.4600067138672,118.69000244140625,132.19000244140625,129.8528289794922,1124900
2022-02-25,131.00999450683594,133.4600067138672,127.94999694824219,133.33999633789062,130.9824676513672,771700
2022-02-28,131.24000549316406,133.0399932861328,128.4499969482422,130.47999572753906,128.17303466796875,1434600
2022-03-01,130.69000244140625,131.83999633789062,121.91000366210938,123.04000091552734,120.86459350585938,1606800
2022-03-02,123.94000244140625,126.9800033569336,121.88999938964844,126.0,123.77226257324219,1653200
2022-03-03,127.4000015258789,127.44000244140625,122.05000305175781,122.77999877929688,120.60920715332031,1074700
2022-03-04,121.76000213623047,122.77999877929688,114.83000183105469,116.30999755859375,114.25360870361328,1578100
2022-03-07,116.83000183105469,118.2699966430664,114.2699966430664,114.98999786376953,112.95692443847656,2032200
2022-03-08,115.6500015258789,122.12000274658203,114.31999969482422,119.69000244140625,117.57383728027344,1608400
2022-03-09,123.06999969482422,126.19000244140625,122.5,125.33000183105469,123.1141128540039,1308700
2022-03-10,121.58000183105469,124.54000091552734,120.70999908447266,123.7300033569336,121.54240417480469,1485100
2022-03-11,125.86000061035156,127.0,120.63999938964844,120.7699966430664,118.6347427368164,1153400
2022-03-14,120.3499984741211,121.45999908447266,117.69999694824219,119.75,117.63277435302734,1735900
2022-03-15,120.11000061035156,124.30000305175781,120.11000061035156,124.16999816894531,121.97462463378906,1903300
2022-03-16,126.0,133.8800048828125,125.16999816894531,133.85000610351562,131.4834747314453,1388800
2022-03-17,132.2100067138672,135.4199981689453,131.85000610351562,134.85000610351562,132.46580505371094,875100
2022-03-18,133.72999572753906,136.89999389648438,132.64999389648438,134.83999633789062,132.4559783935547,2417900
2022-03-21,134.17999267578125,136.25999450683594,132.05999755859375,135.0,132.6131591796875,835200
2022-03-22,134.99000549316406,138.4199981689453,134.32000732421875,134.75999450683594,132.37741088867188,909500
2022-03-23,133.77999877929688,136.32000732421875,132.17999267578125,132.30999755859375,129.97068786621094,934700
2022-03-24,133.80999755859375,136.4199981689453,132.39999389648438,136.27000427246094,133.86068725585938,1341600
2022-03-25,136.58999633789062,137.25,133.97999572753906,136.88999938964844,134.46974182128906,795600
2022-03-28,135.33999633789062,137.52999877929688,134.1199951171875,137.52000427246094,135.08860778808594,696600
2022-03-29,139.5,141.82000732421875,138.1300048828125,140.8300018310547,138.34007263183594,1037500
2022-03-30,139.4199981689453,139.60000610351562,134.94000244140625,135.44000244140625,133.0453643798828,1244200
2022-03-31,137.00999450683594,137.80999755859375,131.02999877929688,131.25999450683594,128.9392547607422,1778000
2022-04-01,132.3000030517578,132.72999572753906,124.7300033569336,125.12999725341797,122.91764831542969,1572500
2022-04-04,125.11000061035156,126.70999908447266,123.01000213623047,124.5,122.29879760742188,1480400
2022-04-05,124.05000305175781,124.66000366210938,116.7300033569336,117.3499984741211,115.27519989013672,1848200
2022-04-06,115.11000061035156,116.25,111.33000183105469,112.9800033569336,110.98246765136719,2237100
2022-04-07,112.29000091552734,116.1500015258789,112.1500015258789,114.73999786376953,112.71134185791016,1589600
2022-04-08,113.33999633789062,113.47000122070312,109.08000183105469,109.31999969482422,107.38717651367188,1231300
2022-04-11,108.41999816894531,109.16999816894531,106.91999816894531,107.9000015258789,105.99229431152344,1431900
2022-04-12,110.73999786376953,112.44999694824219,109.5199966430664,110.30999755859375,108.35966491699219,2260800
2022-04-13,110.37999725341797,113.9800033569336,109.19999694824219,113.69999694824219,111.68972778320312,1580500
2022-04-14,114.37999725341797,114.45999908447266,109.29000091552734,110.11000061035156,108.16321563720703,1194900
2022-04-18,109.76000213623047,112.91000366210938,109.41000366210938,112.66000366210938,110.66813659667969,808700
2022-04-19,113.12000274658203,117.02999877929688,111.19999694824219,116.5999984741211,114.53848266601562,966600
2022-04-20,118.5,122.31999969482422,118.43000030517578,118.68000030517578,116.58170318603516,1128300
2022-04-21,120.38999938964844,121.77999877929688,115.48999786376953,115.5999984741211,113.55614471435547,1119600
2022-04-22,115.12999725341797,116.16000366210938,112.41000366210938,112.66999816894531,110.6779556274414,1561500
2022-04-25,111.29000091552734,114.70999908447266,110.91999816894531,114.58999633789062,112.56400299072266,1258400
2022-04-26,112.5,112.55000305175781,109.61000061035156,109.77999877929688,107.83904266357422,1653000
2022-04-27,109.94000244140625,112.0,107.80000305175781,108.22000122070312,106.30663299560547,1209100
2022-04-28,110.33000183105469,116.08999633789062,108.75,114.94999694824219,112.91764831542969,1804800
2022-04-29,113.31999969482422,116.30000305175781,111.0999984741211,111.38999938964844,109.42058563232422,1588200
2022-05-02,111.41999816894531,116.0,110.63999938964844,115.80000305175781,113.75261688232422,1453600
2022-05-03,114.37000274658203,117.91999816894531,114.04000091552734,116.51000213623047,114.5489730834961,1081900
2022-05-04,116.87000274658203,120.55999755859375,113.52999877929688,120.54000091552734,118.51114654541016,1010300
2022-05-05,117.45999908447266,118.36000061035156,112.93000030517578,114.5999984741211,112.67111206054688,1480400
2022-05-06,113.66000366210938,118.47000122070312,111.23999786376953,115.05999755859375,113.1233901977539,1171600
2022-05-09,112.11000061035156,113.52999877929688,105.36000061035156,105.5,103.72430419921875,2042000
2022-05-10,107.88999938964844,109.2300033569336,102.56999969482422,105.97000122070312,104.1863784790039,1529900
2022-05-11,105.08000183105469,108.43000030517578,101.3499984741211,101.51000213623047,99.80145263671875,1480300
2022-05-12,100.4800033569336,104.1500015258789,99.83000183105469,103.30000305175781,101.56131744384766,1123000
2022-05-13,105.31999969482422,110.26000213623047,105.0999984741211,109.23999786376953,107.40133666992188,1111000
2022-05-16,108.08000183105469,109.4000015258789,106.81999969482422,107.01000213623047,105.2088851928711,894200
2022-05-17,110.38999938964844,112.7699966430664,108.91999816894531,112.30000305175781,110.40983581542969,1133700
2022-05-18,110.38999938964844,112.51000213623047,104.91999816894531,105.30000305175781,103.52766418457031,1127500
2022-05-19,104.9000015258789,108.27999877929688,102.95999908447266,105.5199966430664,103.74393463134766,982400
2022-05-20,108.05000305175781,108.12999725341797,101.0199966430664,106.12000274658203,104.33386993408203,1081600
2022-05-23,106.19999694824219,108.41000366210938,104.80000305175781,106.63999938964844,104.8450927734375,601200
2022-05-24,104.13999938964844,104.95999908447266,99.9800033569336,101.27999877929688,99.57530212402344,1142200
2022-05-25,100.25,103.19999694824219,100.25,102.4000015258789,100.67646026611328,1274400
2022-05-26,102.62999725341797,108.47000122070312,101.16999816894531,108.08000183105469,106.26085662841797,1093500
2022-05-27,110.16000366210938,113.38999938964844,109.7300033569336,112.86000061035156,110.9604263305664,1006500
2022-05-31,111.94000244140625,112.69999694824219,109.66000366210938,110.95999908447266,109.09237670898438,1515100
2022-06-01,111.87999725341797,112.45999908447266,107.58000183105469,109.83000183105469,107.98141479492188,1504100
2022-06-02,109.23999786376953,115.43000030517578,108.5,115.43000030517578,113.48715209960938,1406700
2022-06-03,113.7300033569336,114.05999755859375,110.91000366210938,111.68000030517578,109.80027770996094,1188000
2022-06-06,114.2699966430664,114.69000244140625,110.5,111.41999816894531,109.54463195800781,1168900
2022-06-07,110.0,112.83999633789062,109.66000366210938,112.68000030517578,110.78343200683594,837400
2022-06-08,112.2300033569336,113.4000015258789,110.58999633789062,111.55000305175781,109.67247009277344,1122100
2022-06-09,110.47000122070312,112.12000274658203,107.86000061035156,107.86000061035156,106.04457092285156,786800
2022-06-10,106.23999786376953,107.37999725341797,103.76000213623047,103.9000015258789,102.15122985839844,1031200
2022-06-13,100.0,101.26000213623047,96.2300033569336,97.98999786376953,96.3406982421875,1431800
2022-06-14,99.5999984741211,100.23999786376953,97.72000122070312,98.76000213623047,97.09774780273438,1392300
2022-06-15,99.69000244140625,103.62000274658203,99.08999633789062,101.75,100.03741455078125,1287900
2022-06-16,98.69999694824219,99.5199966430664,92.05999755859375,92.7300033569336,91.16922760009766,1988400
2022-06-17,92.94000244140625,94.44000244140625,91.37000274658203,92.0,90.4515151977539,1480800
2022-06-21,93.87000274658203,96.13999938964844,93.87000274658203,95.7699966430664,94.1580581665039,1901100
2022-06-22,93.75,96.45999908447266,93.3499984741211,95.6500015258789,94.04008483886719,1419500
2022-06-23,96.94000244140625,97.27999877929688,92.58999633789062,93.72000122070312,92.142578125,990800
2022-06-24,96.6500015258789,103.9800033569336,95.62000274658203,103.9000015258789,102.15122985839844,3744400
2022-06-27,105.2300033569336,105.41000366210938,101.16000366210938,104.62000274658203,102.85911560058594,2256800
2022-06-28,105.66999816894531,107.27999877929688,103.38999938964844,103.44999694824219,101.70878601074219,2035400
2022-06-29,96.06999969482422,97.29000091552734,90.37999725341797,93.88999938964844,92.30970001220703,5701800
2022-06-30,92.86000061035156,95.27999877929688,91.1500015258789,92.12999725341797,90.57931518554688,2108000
2022-07-01,92.01000213623047,92.41999816894531,86.58999633789062,88.37999725341797,86.8924331665039,2085400
2022-07-05,86.87999725341797,91.51000213623047,85.91999816894531,90.75,89.22254943847656,3479600
2022-07-06,90.98999786376953,93.0,89.62000274658203,92.22000122070312,90.66780853271484,3264500
2022-07-07,93.26000213623047,94.62000274658203,91.94000244140625,92.77999877929688,91.21839141845703,2069500
2022-07-08,91.55999755859375,92.70999908447266,89.80999755859375,91.48999786376953,89.95010375976562,1805700
2022-07-11,90.58000183105469,91.94000244140625,88.79000091552734,91.01000213623047,89.47819519042969,1379700
2022-07-12,91.61000061035156,93.75,90.48999786376953,92.30000305175781,90.74647521972656,1479900
2022-07-13,90.22000122070312,93.77999877929688,89.95999908447266,92.88999938964844,91.32654571533203,1590200
2022-07-14,92.18000030517578,95.1500015258789,90.37999725341797,94.5,92.90943908691406,969700
2022-07-15,95.9800033569336,96.3499984741211,93.76000213623047,96.30999755859375,94.68897247314453,1215200
2022-07-18,97.70999908447266,98.7699966430664,94.54000091552734,95.18000030517578,93.57798767089844,1771400
2022-07-19,96.13999938964844,99.56999969482422,96.13999938964844,99.3499984741211,97.67780303955078,1562100
2022-07-20,99.22000122070312,103.61000061035156,98.75,102.7699966430664,101.04022979736328,1283800
2022-07-21,104.25,105.33999633789062,102.80000305175781,105.20999908447266,103.43915557861328,1021100
2022-07-22,104.26000213623047,105.19999694824219,101.30000305175781,102.2699966430664,100.54866027832031,967900
2022-07-25,101.73999786376953,101.8499984741211,99.80999755859375,101.19000244140625,99.4868392944336,933000
2022-07-26,100.33999633789062,101.3499984741211,99.76000213623047,100.31999969482422,98.6314697265625,1083200
2022-07-27,102.37000274658203,106.88999938964844,102.1500015258789,105.72000122070312,103.94058990478516,1645500
2022-07-28,105.83999633789062,107.25,102.94999694824219,107.12999725341797,105.32684326171875,1303300
2022-07-29,107.02999877929688,110.2699966430664,106.36000061035156,109.9000015258789,108.05022430419922,1038900
2022-08-01,108.79000091552734,110.69000244140625,107.62000274658203,110.27999877929688,108.42383575439453,1633900
2022-08-02,106.4000015258789,108.41000366210938,103.4800033569336,104.80000305175781,103.12960052490234,1594000
2022-08-03,105.16000366210938,105.6500015258789,100.75,104.73999786376953,103.0705337524414,1863100
2022-08-04,106.05999755859375,106.8499984741211,104.98999786376953,106.12999725341797,104.4383773803711,998900
2022-08-05,103.91000366210938,106.12999725341797,102.98999786376953,105.73999786376953,104.05460357666016,835000
2022-08-08,105.01000213623047,106.51000213623047,101.91000366210938,103.45999908447266,101.81095123291016,821000
2022-08-09,100.7300033569336,100.80000305175781,94.79000091552734,96.79000091552734,95.24726104736328,1763300
2022-08-10,100.55999755859375,103.52999877929688,99.43000030517578,103.30000305175781,101.65350341796875,1371000
2022-08-11,103.8499984741211,106.69999694824219,101.5,101.72000122070312,100.09867858886719,1125000
2022-08-12,102.66999816894531,105.06999969482422,102.25,104.52999877929688,102.86387634277344,1222900
2022-08-15,103.7699966430664,105.70999908447266,103.30000305175781,105.38999938964844,103.7101821899414,800500
2022-08-16,105.80999755859375,106.31999969482422,104.38999938964844,105.06999969482422,103.39529418945312,994100
2022-08-17,103.2699966430664,104.33000183105469,100.58000183105469,103.41000366210938,101.76176452636719,1099400
2022-08-18,103.66999816894531,106.79000091552734,103.63999938964844,105.47000122070312,103.78890991210938,800900
2022-08-19,103.81999969482422,104.58999633789062,102.23999786376953,102.9000015258789,101.25988006591797,1129800
2022-08-22,100.48999786376953,100.80999755859375,98.68000030517578,99.0199966430664,97.44171905517578,1178500
2022-08-23,99.37000274658203,102.04000091552734,99.05999755859375,101.08999633789062,99.47871398925781,767700
2022-08-24,101.52999877929688,101.70999908447266,99.80999755859375,100.93000030517578,99.32125854492188,568100
2022-08-25,100.80000305175781,106.83000183105469,100.80000305175781,106.69999694824219,104.99930572509766,1040100
2022-08-26,106.52999877929688,107.05999755859375,99.98999786376953,100.11000061035156,98.51434326171875,1431300
2022-08-29,98.75,100.2300033569336,96.19000244140625,96.30999755859375,94.77490997314453,1335000
2022-08-30,98.11000061035156,98.36000061035156,94.44000244140625,95.86000061035156,94.33207702636719,1136300
2022-08-31,95.0199966430664,96.05000305175781,93.87000274658203,94.87999725341797,93.36769104003906,1481100
2022-09-01,92.5999984741211,92.97000122070312,89.19999694824219,92.66000366210938,91.18309783935547,1572000
2022-09-02,94.0,94.9000015258789,91.1500015258789,92.08000183105469,90.6123275756836,954200
2022-09-06,92.3499984741211,94.12999725341797,91.0199966430664,93.08000183105469,91.59638977050781,1330500
2022-09-07,92.87000274658203,97.29000091552734,92.87000274658203,96.91000366210938,95.36534881591797,1232500
2022-09-08,95.9800033569336,100.66999816894531,95.52999877929688,100.61000061035156,99.00636291503906,1359500
2022-09-09,101.91999816894531,104.31999969482422,101.91999816894531,103.30999755859375,101.66332244873047,1011000
2022-09-12,103.30999755859375,103.30999755859375,101.37999725341797,102.83000183105469,101.19097900390625,1182500
2022-09-13,98.12999725341797,99.06999969482422,95.18000030517578,95.38999938964844,93.86957550048828,1597000
2022-09-14,95.76000213623047,96.56999969482422,93.8499984741211,95.1500015258789,93.63339233398438,991000
2022-09-15,94.5,95.43000030517578,92.08999633789062,93.16999816894531,91.68495178222656,1050800
2022-09-16,91.41000366210938,93.58000183105469,90.69999694824219,92.80000305175781,91.32085418701172,1588700
2022-09-19,91.30000305175781,94.52999877929688,91.30000305175781,94.33000183105469,92.82646179199219,828700
2022-09-20,93.54000091552734,94.0,91.4000015258789,92.12999725341797,90.6615219116211,728900
2022-09-21,92.7699966430664,95.9800033569336,91.38999938964844,91.44000244140625,89.98253631591797,959700
2022-09-22,91.0,91.0,86.31999969482422,87.08999633789062,85.70187377929688,2016200
2022-09-23,86.33000183105469,87.37999725341797,84.02999877929688,87.2300033569336,85.83966064453125,2590500
2022-09-26,87.41000366210938,88.86000061035156,84.12999725341797,84.1500015258789,82.8087387084961,1864000
2022-09-27,85.98999786376953,87.20999908447266,83.33000183105469,84.83000183105469,83.47789764404297,1182500
2022-09-28,83.9800033569336,89.68000030517578,83.38999938964844,89.13999938964844,87.71919250488281,2974700
2022-09-29,87.0,88.70999908447266,87.0,87.8499984741211,86.44974517822266,2844600
2022-09-30,86.12000274658203,86.2300033569336,82.5,83.0199966430664,81.69673156738281,2193800
2022-10-03,83.94000244140625,87.72000122070312,83.37000274658203,86.5,85.12128448486328,2135800
2022-10-04,89.33000183105469,90.87000274658203,88.68000030517578,89.69999694824219,88.270263671875,1781400
2022-10-05,89.16000366210938,91.19999694824219,86.61000061035156,90.31999969482422,88.88038635253906,1129800
2022-10-06,90.01000213623047,91.76000213623047,88.13999938964844,88.19000244140625,86.78433227539062,1149600
2022-10-07,85.62000274658203,85.81999969482422,81.68000030517578,82.13999938964844,80.83078002929688,1621200
2022-10-10,82.43000030517578,82.4800033569336,79.19000244140625,80.38999938964844,79.10865783691406,1881800
2022-10-11,79.30000305175781,79.91999816894531,76.38999938964844,77.7300033569336,76.4910659790039,2654900
2022-10-12,77.25,77.98999786376953,75.55999755859375,76.19999694824219,74.98542785644531,1185100
2022-10-13,71.51000213623047,80.4000015258789,70.9800033569336,78.47000122070312,77.2192611694336,1709200
2022-10-14,79.69000244140625,79.81999969482422,73.72000122070312,73.79000091552734,72.6138687133789,1678400
2022-10-17,76.18000030517578,77.37000274658203,75.12999725341797,75.47000122070312,74.26708984375,1274100
2022-10-18,78.44000244140625,78.94000244140625,74.98999786376953,76.62999725341797,75.40858459472656,1246400
2022-10-19,75.95999908447266,77.11000061035156,75.12999725341797,76.5,75.28067779541016,859300
2022-10-20,77.33999633789062,78.7300033569336,75.06999969482422,75.91000366210938,74.7000732421875,1176600
2022-10-21,75.37000274658203,77.37000274658203,74.80999755859375,77.27999877929688,76.04823303222656,1207500
2022-10-24,77.08000183105469,77.48999786376953,74.91999816894531,77.25,76.01869201660156,1059400
2022-10-25,77.97000122070312,81.08000183105469,77.75,79.73999786376953,78.4690170288086,1154300
2022-10-26,78.22000122070312,82.41999816894531,77.4800033569336,80.2699966430664,78.9905776977539,1367900
2022-10-27,80.91000366210938,82.19000244140625,78.75,78.80000305175781,77.54399871826172,1118300
2022-10-28,78.73999786376953,82.01000213623047,78.18000030517578,80.88999938964844,79.60069274902344,1383200
2022-10-31,80.19999694824219,80.45999908447266,79.1500015258789,79.33999633789062,78.07538604736328,1659500
2022-11-01,81.48999786376953,81.80000305175781,79.69999694824219,80.36000061035156,79.17893981933594,1723700
2022-11-02,75.0,75.11000061035156,62.45000076293945,63.5099983215332,62.57658386230469,9647200
2022-11-03,62.86000061035156,63.869998931884766,61.869998931884766,63.470001220703125,62.53717803955078,3605900
2022-11-04,65.19999694824219,65.62999725341797,61.75,63.939998626708984,63.0002555847168,2583900
2022-11-07,65.01000213623047,66.72000122070312,63.849998474121094,66.19999694824219,65.22704315185547,1836600
2022-11-08,68.1500015258789,69.58000183105469,67.01000213623047,68.25,67.24691772460938,1927500
2022-11-09,67.11000061035156,67.11000061035156,64.73999786376953,64.83999633789062,63.887027740478516,1978700
2022-11-10,69.48999786376953,74.95999908447266,68.45999908447266,74.72000122070312,73.621826171875,3182100
2022-11-11,74.88999938964844,77.6500015258789,73.94999694824219,76.55000305175781,75.42491912841797,1981700
2022-11-14,75.75,76.22000122070312,74.05000305175781,75.26000213623047,74.15390014648438,2143100
2022-11-15,79.06999969482422,81.62000274658203,78.30999755859375,80.29000091552734,79.1099624633789,2138500
2022-11-16,76.88999938964844,77.38999938964844,72.69000244140625,72.83000183105469,71.75959777832031,1638900
2022-11-17,70.47000122070312,72.05000305175781,69.87000274658203,71.63999938964844,70.58709716796875,1575700
2022-11-18,74.11000061035156,74.2300033569336,71.12999725341797,73.33999633789062,72.2621078491211,1309000
2022-11-21,72.05999755859375,72.86000061035156,70.5,71.0199966430664,69.97621154785156,1046200
2022-11-22,71.5999984741211,73.36000061035156,71.06999969482422,73.33999633789062,72.2621078491211,1275400
2022-11-23,73.5199966430664,75.80000305175781,73.43000030517578,75.20999908447266,74.1046142578125,819600
2022-11-25,74.58000183105469,76.4000015258789,74.3499984741211,75.79000091552734,74.67611694335938,800000
2022-11-28,73.6500015258789,74.44000244140625,71.5199966430664,72.25,71.18814086914062,2498400
2022-11-29,72.5,73.12000274658203,71.5199966430664,72.38999938964844,71.32606506347656,1692600
2022-11-30,72.61000061035156,77.37999725341797,71.33000183105469,77.29000091552734,76.15406036376953,2094600
2022-12-01,77.81999969482422,78.52999877929688,75.11000061035156,76.45999908447266,75.33625030517578,2490100
2022-12-02,74.61000061035156,75.87999725341797,73.88999938964844,75.80999755859375,74.69581604003906,3220800
2022-12-05,75.29000091552734,78.5199966430664,74.05000305175781,74.87000274658203,73.76964569091797,6935500
2022-12-06,75.05000305175781,75.05000305175781,69.18000030517578,69.5999984741211,68.57706451416016,1844400
2022-12-07,68.55000305175781,70.51000213623047,68.3499984741211,69.37999725341797,68.36030578613281,1371100
2022-12-08,69.86000061035156,72.30999755859375,69.44000244140625,71.72000122070312,70.6659164428711,1772400
2022-12-09,70.33000183105469,71.7300033569336,69.16000366210938,69.83000183105469,68.80370330810547,1433100
2022-12-12,69.44000244140625,72.69000244140625,68.86000061035156,72.69000244140625,71.62166595458984,1725800
2022-12-13,77.05000305175781,77.47000122070312,73.13999938964844,74.11000061035156,73.02079010009766,1799100
2022-12-14,73.70999908447266,74.94000244140625,72.18000030517578,73.08999633789062,72.0157699584961,1261500
2022-12-15,71.55000305175781,71.94000244140625,67.66000366210938,67.83999633789062,66.84294128417969,2036200
2022-12-16,67.26000213623047,68.27999877929688,65.1500015258789,66.31999969482422,65.34528350830078,1368100
2022-12-19,66.30000305175781,66.62999725341797,63.2400016784668,64.41000366210938,63.46336364746094,1578900
2022-12-20,63.11000061035156,65.33000183105469,63.04999923706055,64.62000274658203,63.67026901245117,1567700
2022-12-21,65.43000030517578,66.83000183105469,64.98999786376953,66.77999877929688,65.79852294921875,1073200
2022-12-22,64.43000030517578,65.12999725341797,62.29999923706055,64.5,63.552040100097656,2141900
2022-12-23,64.02999877929688,65.54000091552734,62.970001220703125,65.48999786376953,64.52748107910156,1091000
2022-12-27,65.23999786376953,65.75,63.29999923706055,64.33999633789062,63.394386291503906,1290900
2022-12-28,63.869998931884766,64.3499984741211,62.2400016784668,62.709999084472656,61.7883415222168,1060900
2022-12-29,63.86000061035156,65.72000122070312,63.36000061035156,65.44000244140625,64.47821807861328,1521700
2022-12-30,64.72000122070312,65.79000091552734,63.939998626708984,65.58999633789062,64.62602233886719,1163400
2023-01-03,66.91999816894531,66.94999694824219,63.849998474121094,64.12999725341797,63.18745803833008,1941200
2023-01-04,65.26000213623047,67.76000213623047,65.05000305175781,67.27999877929688,66.29117584228516,1813700
2023-01-05,66.08999633789062,67.54000091552734,65.44999694824219,66.70999908447266,65.72955322265625,1349000
2023-01-06,68.18000030517578,70.58000183105469,67.01000213623047,70.33000183105469,69.29634857177734,2626600
2023-01-09,72.0199966430664,74.9000015258789,71.5199966430664,74.12999725341797,73.04048919677734,2477400
2023-01-10,74.18000030517578,76.5199966430664,73.7699966430664,76.44000244140625,75.31654357910156,2370000
2023-01-11,77.12999725341797,79.16000366210938,76.12999725341797,79.0999984741211,77.93745422363281,1231700
2023-01-12,80.2300033569336,80.2300033569336,76.97000122070312,79.30999755859375,78.14436340332031,1262200
2023-01-13,77.95999908447266,79.83999633789062,77.75,79.5999984741211,78.43010711669922,907100
2023-01-17,79.36000061035156,80.44000244140625,78.55999755859375,79.66999816894531,78.49907684326172,1292400
2023-01-18,80.72000122070312,82.45999908447266,79.4000015258789,79.47000122070312,78.30200958251953,1117500
2023-01-19,78.37000274658203,78.69000244140625,75.05000305175781,75.54000091552734,74.42977905273438,1934800
2023-01-20,76.7699966430664,78.5,75.72000122070312,78.5,77.34628295898438,1853900
2023-01-23,79.33999633789062,84.52999877929688,78.66000366210938,84.33000183105469,83.09058380126953,1806400
2023-01-24,81.51000213623047,82.93000030517578,78.54000091552734,79.33999633789062,78.17391967773438,1743800
2023-01-25,77.54000091552734,80.01000213623047,76.62999725341797,79.36000061035156,78.19363403320312,1660800
2023-01-26,80.16000366210938,81.81999969482422,78.44999694824219,81.7300033569336,80.52880859375,1195300
2023-01-27,80.2300033569336,81.91999816894531,79.13999938964844,80.81999969482422,79.6321792602539,1205600
2023-01-30,79.7699966430664,79.7699966430664,76.72000122070312,77.30999755859375,76.17375183105469,1386200
2023-01-31,77.30999755859375,80.87000274658203,77.30000305175781,80.70999908447266,79.62677764892578,1211500
2023-02-01,80.6500015258789,86.1500015258789,80.01000213623047,85.06999969482422,83.92825317382812,2183700
2023-02-02,87.0,89.48999786376953,86.58999633789062,87.93000030517578,86.74988555908203,2817600
2023-02-03,85.4000015258789,87.73999786376953,84.26000213623047,84.58000183105469,83.44485473632812,1598400
2023-02-06,82.8499984741211,83.83000183105469,81.83999633789062,82.13999938964844,81.03759765625,1089600
2023-02-07,82.05000305175781,85.68000030517578,81.2699966430664,85.25,84.1058578491211,1591300
2023-02-08,85.25,85.79000091552734,83.30999755859375,83.43000030517578,82.31028747558594,1308100
2023-02-09,85.29000091552734,86.70999908447266,83.98999786376953,84.72000122070312,83.58296203613281,2286100
2023-02-10,83.41000366210938,84.05999755859375,82.4800033569336,83.76000213623047,82.63585662841797,2022100
2023-02-13,84.16999816894531,86.33999633789062,82.76000213623047,84.94000244140625,83.80001831054688,2224400
2023-02-14,82.44000244140625,87.69999694824219,80.30999755859375,85.13999938964844,83.9973373413086,3514700
2023-02-15,84.4000015258789,87.41999816894531,83.11000061035156,87.04000091552734,85.87181854248047,2583600
2023-02-16,85.19999694824219,88.19000244140625,84.2699966430664,87.02999877929688,85.8619613647461,3177400
2023-02-17,87.02999877929688,87.3499984741211,83.44999694824219,85.4800033569336,84.332763671875,2873000
2023-02-21,85.0199966430664,85.0199966430664,80.58000183105469,80.72000122070312,79.63665008544922,2200400
2023-02-22,80.7300033569336,83.55000305175781,80.7300033569336,82.4000015258789,81.29411315917969,1804400
2023-02-23,85.02999877929688,86.55000305175781,82.8499984741211,85.9000015258789,84.74713134765625,2179900
2023-02-24,83.68000030517578,84.08000183105469,81.91000366210938,82.87000274658203,81.7578125,1920600
2023-02-27,85.02999877929688,85.19999694824219,83.69000244140625,84.05999755859375,82.93181610107422,1543900
2023-02-28,83.5199966430664,86.87999725341797,83.43000030517578,85.2300033569336,84.08613586425781,1602000
2023-03-01,84.86000061035156,86.41000366210938,84.58000183105469,85.02999877929688,83.88880157470703,1219400
2023-03-02,83.54000091552734,85.5199966430664,82.13999938964844,85.08000183105469,83.9381332397461,1054700
2023-03-03,85.88999938964844,87.54000091552734,84.55999755859375,87.33999633789062,86.16779327392578,1254200
2023-03-06,87.30000305175781,88.33999633789062,84.29000091552734,84.69999694824219,83.56324005126953,1183700
2023-03-07,84.4800033569336,84.83999633789062,82.0999984741211,82.33999633789062,81.23490142822266,1029500
2023-03-08,82.6500015258789,86.06999969482422,82.30999755859375,85.88999938964844,84.73726654052734,1257400
2023-03-09,85.68000030517578,87.0999984741211,82.41000366210938,82.54000091552734,81.4322280883789,1048000
2023-03-10,82.76000213623047,82.98999786376953,78.4000015258789,79.16999816894531,78.10746002197266,1352700
2023-03-13,77.37000274658203,80.6500015258789,75.94000244140625,79.62999725341797,78.56127166748047,1655800
2023-03-14,82.01000213623047,83.08000183105469,80.80999755859375,82.44999694824219,81.34342956542969,1204600
2023-03-15,80.41999816894531,80.88999938964844,78.5,80.66999816894531,79.58731842041016,1418900
2023-03-16,80.0999984741211,84.7699966430664,79.51000213623047,84.0999984741211,82.97128295898438,1126200
2023-03-17,84.0999984741211,84.36000061035156,81.30000305175781,81.66000366210938,80.56404113769531,1409100
2023-03-20,82.25,83.2699966430664,81.79000091552734,82.77999877929688,81.66899871826172,1145300
2023-03-21,83.58999633789062,84.16999816894531,80.93000030517578,81.56999969482422,80.47523498535156,1081700
2023-03-22,81.33000183105469,83.18000030517578,79.08999633789062,79.18000030517578,78.1173095703125,1250900
2023-03-23,80.94000244140625,83.80000305175781,79.8499984741211,81.5,80.40617370605469,1777100
2023-03-24,80.33999633789062,80.91999816894531,77.37999725341797,78.04000091552734,76.99263000488281,1241900
2023-03-27,78.91000366210938,80.16000366210938,78.1500015258789,78.30999755859375,77.25898742675781,1218800
2023-03-28,78.30999755859375,78.8499984741211,75.22000122070312,76.01000213623047,74.98986053466797,1787500
2023-03-29,77.77999877929688,81.88999938964844,77.33999633789062,80.66000366210938,79.57746124267578,2496400
2023-03-30,82.2699966430664,82.66000366210938,81.1500015258789,81.66000366210938,80.56404113769531,1391900
2023-03-31,81.26000213623047,83.06999969482422,81.08000183105469,82.01000213623047,80.90933990478516,1267100
2023-04-03,80.2300033569336,80.51000213623047,77.08000183105469,78.69999694824219,77.64376831054688,1886700
2023-04-04,78.81999969482422,78.83000183105469,76.22000122070312,76.95999908447266,75.92710876464844,1300400
2023-04-05,75.5999984741211,76.33000183105469,74.45999908447266,75.77999877929688,74.76294708251953,1271600
2023-04-06,75.08000183105469,75.29000091552734,73.55000305175781,74.83000183105469,73.82571411132812,840700
2023-04-10,73.5999984741211,76.27999877929688,73.26000213623047,76.20999908447266,75.18717956542969,1324500
2023-04-11,76.80000305175781,77.31999969482422,76.05999755859375,76.48999786376953,75.46342468261719,1380400
2023-04-12,77.30999755859375,77.44000244140625,72.02999877929688,72.08999633789062,71.12247467041016,1635000
2023-04-13,72.1500015258789,73.44999694824219,71.83999633789062,72.8499984741211,71.87228393554688,1338100
2023-04-14,72.97000122070312,73.80000305175781,71.11000061035156,72.22000122070312,71.250732421875,1145800
2023-04-17,70.95999908447266,71.83000183105469,70.2699966430664,71.7300033569336,70.7673110961914,1583100
2023-04-18,71.88999938964844,72.47000122070312,70.08000183105469,71.62000274658203,70.65878295898438,1578400
2023-04-19,70.47000122070312,71.69999694824219,70.13999938964844,71.61000061035156,70.64891815185547,1518700
2023-04-20,70.86000061035156,74.68000030517578,70.33999633789062,73.94000244140625,72.9476547241211,1732200
2023-04-21,73.81999969482422,74.58999633789062,72.91000366210938,73.04000091552734,72.05973815917969,975000
2023-04-24,73.19000244140625,74.37000274658203,72.58000183105469,72.94000244140625,71.9610595703125,1132200
2023-04-25,71.9000015258789,71.94000244140625,69.37000274658203,69.37000274658203,68.4389877319336,1597200
2023-04-26,69.91000366210938,72.02999877929688,69.44000244140625,71.95999908447266,70.99420928955078,1576000
2023-04-27,72.58999633789062,73.66000366210938,71.16000366210938,73.44000244140625,72.45436096191406,1675800
2023-04-28,73.66999816894531,75.0,73.45999908447266,74.91999816894531,73.91449737548828,1368400
2023-05-01,74.16000366210938,75.45999908447266,74.05000305175781,74.91000366210938,73.90463256835938,1236800
2023-05-02,74.62999725341797,75.44000244140625,73.86000061035156,75.06999969482422,74.16148376464844,1499600
2023-05-03,75.0,76.72000122070312,74.52999877929688,74.93000030517578,74.0231704711914,1225000
2023-05-04,74.66000366210938,75.93000030517578,72.95999908447266,74.69000244140625,73.78607940673828,2051100
2023-05-05,76.0999984741211,79.11000061035156,75.44000244140625,78.7699966430664,77.81668853759766,2072500
2023-05-08,78.63999938964844,79.56999969482422,77.76000213623047,79.44999694824219,78.48847198486328,1414300
2023-05-09,78.30999755859375,78.87000274658203,76.93000030517578,78.23999786376953,77.29312133789062,1864700
2023-05-10,79.16000366210938,79.69000244140625,77.80000305175781,78.11000061035156,77.16468048095703,2085900
2023-05-11,89.69000244140625,96.8499984741211,89.25,93.43000030517578,92.29927825927734,6817000
2023-05-12,94.5,94.5,89.05000305175781,90.22000122070312,89.12813568115234,1767700
2023-05-15,90.63999938964844,92.19999694824219,89.36000061035156,91.62999725341797,90.52105712890625,1356900
2023-05-16,90.9000015258789,93.25,90.7699966430664,91.61000061035156,90.50129699707031,1525900
2023-05-17,92.43000030517578,94.13999938964844,91.52999877929688,93.58999633789062,92.45734405517578,1963000
2023-05-18,93.54000091552734,99.05999755859375,92.83000183105469,98.05999755859375,96.87326049804688,2985600
2023-05-19,97.91999816894531,97.91999816894531,95.80000305175781,96.77999877929688,95.60873413085938,1266200
2023-05-22,95.58999633789062,97.26000213623047,94.66999816894531,96.72000122070312,95.54946899414062,1055300
2023-05-23,95.9800033569336,97.3499984741211,94.80000305175781,95.01000213623047,93.86016082763672,909600
2023-05-24,92.48999786376953,95.16999816894531,92.48999786376953,94.70999908447266,93.56378173828125,1761900
2023-05-25,96.2300033569336,100.08000183105469,95.62999725341797,99.75,98.54280090332031,2184300
2023-05-26,100.87999725341797,108.02999877929688,100.37999725341797,107.22000122070312,105.92239379882812,3464400
2023-05-30,110.1500015258789,111.02999877929688,106.5999984741211,107.9800033569336,106.67320251464844,2501700
2023-05-31,105.63999938964844,107.26000213623047,105.08999633789062,105.25,103.97624969482422,2708900
2023-06-01,105.19999694824219,110.68000030517578,104.62999725341797,109.8499984741211,108.52055358886719,2379100
2023-06-02,110.69000244140625,110.80000305175781,106.70999908447266,108.38999938964844,107.0782241821289,1774000
2023-06-05,108.11000061035156,108.38999938964844,105.68000030517578,106.18000030517578,104.89497375488281,1198300
2023-06-06,104.9000015258789,108.20999908447266,104.47000122070312,107.33000183105469,106.03105163574219,838000
2023-06-07,107.66999816894531,110.77999877929688,107.44000244140625,109.08999633789062,107.7697525024414,1240900
2023-06-08,109.08999633789062,110.27999877929688,107.41000366210938,109.33999633789062,108.01673889160156,876400
2023-06-09,109.7300033569336,110.29000091552734,108.16000366210938,109.08000183105469,107.75988006591797,808000
2023-06-12,110.29000091552734,112.20999908447266,108.87999725341797,111.83999633789062,110.48646545410156,1102200
2023-06-13,114.45999908447266,114.47000122070312,112.18000030517578,113.76000213623047,112.38323211669922,1338700
2023-06-14,112.66000366210938,114.22000122070312,111.2300033569336,113.2300033569336,111.85966491699219,1328900
2023-06-15,111.12000274658203,111.91000366210938,109.58999633789062,109.62999725341797,108.30321502685547,1563000
2023-06-16,109.80000305175781,110.38999938964844,106.16999816894531,106.51000213623047,105.22097778320312,3172100
2023-06-20,107.02999877929688,107.66000366210938,104.8499984741211,107.33000183105469,106.03105163574219,1638300
2023-06-21,106.69000244140625,107.05000305175781,104.20999908447266,104.63999938964844,103.37360382080078,1654500
2023-06-22,104.63999938964844,106.37000274658203,103.94000244140625,105.43000030517578,104.154052734375,818000
2023-06-23,104.0,104.79000091552734,103.0,103.54000091552734,102.28693389892578,4425100
2023-06-26,105.02999877929688,107.0,104.54000091552734,104.62999725341797,103.36373901367188,952000
2023-06-27,104.6500015258789,109.22000122070312,103.86000061035156,109.08999633789062,107.7697525024414,1170900
2023-06-28,107.25,109.02999877929688,107.01000213623047,107.98999786376953,106.68306732177734,896900
2023-06-29,108.87000274658203,109.73999786376953,107.63999938964844,108.97000122070312,107.65122985839844,820500
2023-06-30,110.0,111.81999969482422,109.58999633789062,110.81999969482422,109.47882080078125,1125000
2023-07-03,111.45999908447266,111.5199966430664,108.9800033569336,110.02999877929688,108.69837188720703,755400
2023-07-05,109.94999694824219,109.97000122070312,106.94999694824219,107.29000091552734,105.99153900146484,1614200
2023-07-06,104.70999908447266,106.41999816894531,103.4800033569336,106.31999969482422,105.03329467773438,1288600
2023-07-07,106.33000183105469,108.05000305175781,105.7699966430664,105.83999633789062,104.55909729003906,878700
2023-07-10,106.0,107.70999908447266,105.70999908447266,107.44999694824219,106.14960479736328,1029300
2023-07-11,107.11000061035156,107.87999725341797,105.58000183105469,106.94000244140625,105.6457748413086,834000
2023-07-12,108.68000030517578,108.91999816894531,106.62000274658203,107.4800033569336,106.17925262451172,1466700
2023-07-13,108.5999984741211,112.76000213623047,108.37000274658203,112.44999694824219,111.0890884399414,1244900
2023-07-14,111.70999908447266,111.98999786376953,107.12999725341797,107.63999938964844,106.33731079101562,1195600
2023-07-17,108.5,112.30000305175781,108.30000305175781,111.73999786376953,110.38768768310547,1006200
2023-07-18,111.02999877929688,111.19999694824219,108.9800033569336,110.58000183105469,109.24172973632812,929500
2023-07-19,110.9800033569336,111.3499984741211,108.0199966430664,108.44000244140625,107.12760925292969,1058900
2023-07-20,106.27999877929688,106.27999877929688,103.25,103.5199966430664,102.26717376708984,2389900
2023-07-21,105.3499984741211,105.81999969482422,103.66999816894531,104.5,103.23530578613281,1554200
2023-07-24,104.94999694824219,105.87000274658203,104.12000274658203,104.86000061035156,103.59095764160156,630900
2023-07-25,104.91999816894531,106.83000183105469,104.91999816894531,105.38999938964844,104.11453247070312,954700
2023-07-26,104.63999938964844,105.69999694824219,103.41999816894531,104.37999725341797,103.11675262451172,1082200
2023-07-27,107.4800033569336,109.33999633789062,105.69000244140625,106.70999908447266,105.41857147216797,1382400
2023-07-28,107.7699966430664,109.1500015258789,107.6500015258789,108.51000213623047,107.19678497314453,1019600
2023-07-31,108.37000274658203,110.16999816894531,108.30000305175781,109.70999908447266,108.38224792480469,909500
2023-08-01,108.0999984741211,108.77999877929688,107.0,107.68000030517578,106.47388458251953,1034700
2023-08-02,105.19999694824219,106.3499984741211,103.19000244140625,103.55000305175781,102.39012908935547,1761100
2023-08-03,103.05000305175781,103.62999725341797,100.47000122070312,102.73999786376953,101.5892105102539,1689700
2023-08-04,102.19999694824219,102.44999694824219,100.0999984741211,101.02999877929688,99.89836120605469,1675300
2023-08-07,102.38999938964844,103.55999755859375,101.31999969482422,102.98999786376953,101.83641052246094,1049700
2023-08-08,101.04000091552734,101.7300033569336,99.48999786376953,101.58999633789062,100.45207977294922,1091300
2023-08-09,101.9000015258789,102.08999633789062,99.81999969482422,99.93000030517578,98.81067657470703,1272100
2023-08-10,101.36000061035156,102.5999984741211,99.0199966430664,99.91999816894531,98.80077362060547,1190000
2023-08-11,98.48999786376953,99.04000091552734,95.93000030517578,96.22000122070312,95.14222717285156,1317400
2023-08-14,95.37000274658203,98.61000061035156,95.3499984741211,98.5199966430664,97.41646575927734,1159400
2023-08-15,97.94000244140625,97.94000244140625,95.70999908447266,95.87000274658203,94.79617309570312,801800
2023-08-16,95.77999877929688,96.08000183105469,94.08999633789062,94.44999694824219,93.3920669555664,766400
2023-08-17,94.44000244140625,95.25,93.69000244140625,94.01000213623047,92.95699310302734,1156700
2023-08-18,92.81999969482422,95.05000305175781,92.54000091552734,94.75,93.68870544433594,1045400
2023-08-21,94.93000030517578,98.23999786376953,94.66999816894531,97.94000244140625,96.84298706054688,1399000
2023-08-22,99.29000091552734,99.4800033569336,97.0,97.20999908447266,96.12115478515625,873300
2023-08-23,96.73999786376953,99.5,96.73999786376953,99.06999969482422,97.96031188964844,828900
2023-08-24,100.2300033569336,100.37999725341797,95.01000213623047,95.18000030517578,94.11388397216797,1530700
2023-08-25,95.63999938964844,97.08000183105469,94.05999755859375,96.4800033569336,95.39933013916016,1077400
2023-08-28,97.1500015258789,98.1500015258789,96.02999877929688,97.16000366210938,96.07170867919922,744400
2023-08-29,96.55000305175781,101.23999786376953,96.38999938964844,100.37999725341797,99.2556381225586,872700
2023-08-30,99.97000122070312,101.16999816894531,99.08999633789062,100.58000183105469,99.4533920288086,682600
2023-08-31,99.87000274658203,102.16000366210938,99.72000122070312,101.2699966430664,100.13566589355469,1305500
2023-09-01,102.0,102.77999877929688,101.06999969482422,102.48999786376953,101.34201049804688,839800
2023-09-05,102.13999938964844,102.4000015258789,99.7300033569336,100.94999694824219,99.81925201416016,633400
2023-09-06,100.54000091552734,102.18000030517578,98.95999908447266,99.68000030517578,98.56348419189453,895300
2023-09-07,97.33000183105469,97.77999877929688,95.08999633789062,97.04000091552734,95.95305633544922,1508000
2023-09-08,96.80000305175781,97.44000244140625,95.56999969482422,96.12999725341797,95.0532455444336,750100
2023-09-11,97.62000274658203,97.79000091552734,94.33000183105469,95.51000213623047,94.440185546875,690600
2023-09-12,94.41999816894531,96.23999786376953,94.22000122070312,94.22000122070312,93.16464233398438,529700
2023-09-13,94.22000122070312,96.1500015258789,93.8499984741211,94.83000183105469,93.76780700683594,889100
2023-09-14,95.83999633789062,96.2300033569336,94.44000244140625,94.58999633789062,93.5304946899414,801000
2023-09-15,93.6500015258789,93.94999694824219,90.83999633789062,92.0,90.96949768066406,2213900
2023-09-18,91.75,93.48999786376953,91.56999969482422,92.80000305175781,91.76054382324219,896400
2023-09-19,92.80000305175781,92.81999969482422,91.62000274658203,91.94999694824219,90.92005157470703,1305900
2023-09-20,92.70999908447266,93.16999816894531,90.66000366210938,90.72000122070312,89.70384979248047,747300
2023-09-21,89.72000122070312,91.77999877929688,89.33999633789062,90.01000213623047,89.00180053710938,1429700
2023-09-22,90.97000122070312,92.37999725341797,90.43000030517578,91.04000091552734,90.020263671875,1239000
2023-09-25,90.72000122070312,91.76000213623047,90.0199966430664,91.55000305175781,90.5245590209961,739500
2023-09-26,90.7300033569336,91.0199966430664,88.08999633789062,88.81999969482422,87.82513427734375,1627300
2023-09-27,89.66999816894531,90.23999786376953,88.44999694824219,89.3499984741211,88.34918212890625,1085600
2023-09-28,89.02999877929688,92.12999725341797,88.70999908447266,91.73999786376953,90.71241760253906,1214400
2023-09-29,93.33999633789062,95.12000274658203,93.11000061035156,93.91000366210938,92.85810089111328,1414700
2023-10-02,94.2300033569336,95.0999984741211,92.58999633789062,93.38999938964844,92.34394073486328,1234600
2023-10-03,91.95999908447266,93.04000091552734,89.5199966430664,90.7699966430664,89.7532730102539,1643400
2023-10-04,91.55999755859375,95.2300033569336,91.38999938964844,94.9800033569336,93.91613006591797,1639300
2023-10-05,94.73999786376953,95.3499984741211,93.0,93.16000366210938,92.11651611328125,1639100
2023-10-06,92.5199966430664,95.4800033569336,92.18000030517578,94.79000091552734,93.72825622558594,1123000
2023-10-09,93.0,96.05000305175781,92.29000091552734,95.54000091552734,94.46985626220703,824800
2023-10-10,96.08999633789062,98.05000305175781,95.43000030517578,97.08999633789062,96.00247192382812,976600
2023-10-11,97.91000366210938,98.31999969482422,96.37999725341797,97.61000061035156,96.51667785644531,721900
2023-10-12,97.79000091552734,99.76000213623047,97.08000183105469,97.9800033569336,96.88252258300781,1151200
2023-10-13,98.22000122070312,98.66999816894531,95.05999755859375,95.44000244140625,94.37097930908203,1134400
2023-10-16,95.83999633789062,98.20999908447266,95.37999725341797,97.44999694824219,96.35846710205078,1059200
2023-10-17,95.63999938964844,97.8499984741211,94.45999908447266,96.98999786376953,95.90360260009766,886700
2023-10-18,95.0999984741211,96.23999786376953,94.66999816894531,95.06999969482422,94.00511169433594,1138900
2023-10-19,96.19000244140625,96.19000244140625,91.55000305175781,91.87000274658203,90.8409652709961,1832900
2023-10-20,91.88999938964844,93.41999816894531,89.7699966430664,90.69999694824219,89.68407440185547,1107400
2023-10-23,90.12999725341797,91.30999755859375,89.37000274658203,89.43000030517578,88.42829132080078,1147600
2023-10-24,90.44999694824219,91.48999786376953,89.56999969482422,91.19000244140625,90.1685791015625,901600
2023-10-25,89.58000183105469,89.8499984741211,85.98999786376953,86.66999816894531,85.69921112060547,2162400
2023-10-26,87.1500015258789,89.38999938964844,86.75,87.52999877929688,86.54957580566406,1183300
2023-10-27,87.91000366210938,88.55000305175781,86.83000183105469,87.81999969482422,86.83633422851562,991400
2023-10-30,88.0,88.66000366210938,86.22000122070312,87.63999938964844,86.65833282470703,1296700
2023-10-31,87.66999816894531,88.5999984741211,86.5,88.04000091552734,87.15330505371094,1502600
2023-11-01,87.80000305175781,88.91000366210938,86.36000061035156,88.81999969482422,87.92546844482422,1916300
2023-11-02,85.4800033569336,87.86000061035156,84.12999725341797,85.70999908447266,84.84677124023438,2654300
2023-11-03,85.4800033569336,92.33999633789062,85.4800033569336,92.26000213623047,91.33079528808594,1904500
2023-11-06,92.68000030517578,92.86000061035156,89.08999633789062,91.0199966430664,90.10327911376953,1297900
2023-11-07,91.0999984741211,92.12999725341797,90.72000122070312,91.37000274658203,90.44976806640625,704400
2023-11-08,91.06999969482422,92.0199966430664,90.27999877929688,91.9800033569336,91.0536117553711,1083000
2023-11-09,92.47000122070312,93.72000122070312,90.23999786376953,90.61000061035156,89.69741821289062,1596600
2023-11-10,91.5999984741211,95.93000030517578,90.6500015258789,95.5199966430664,94.55797576904297,1816700
2023-11-13,94.91000366210938,94.93000030517578,93.11000061035156,94.01000213623047,93.06317901611328,860100
2023-11-14,97.41000366210938,101.19999694824219,97.18000030517578,100.55999755859375,99.54721069335938,2051800
2023-11-15,100.95999908447266,103.33999633789062,100.2300033569336,102.83999633789062,101.80424499511719,1978600
2023-11-16,102.47000122070312,103.6500015258789,101.62000274658203,103.12999725341797,102.09132385253906,2257900
2023-11-17,102.95999908447266,103.54000091552734,101.94000244140625,102.86000061035156,101.82403564453125,1287600
2023-11-20,102.66999816894531,105.75,102.43000030517578,105.2699966430664,104.20977020263672,1270400
2023-11-21,104.23999786376953,105.0999984741211,101.95999908447266,102.37999725341797,101.34886169433594,1001200
2023-11-22,103.68000030517578,104.62999725341797,102.7699966430664,103.19000244140625,102.15071868896484,799700
2023-11-24,102.86000061035156,104.62000274658203,102.8499984741211,103.87000274658203,102.82386779785156,493900
2023-11-27,103.3499984741211,105.43000030517578,102.52999877929688,104.73999786376953,103.68510437011719,896100
2023-11-28,103.98999786376953,105.23999786376953,102.83999633789062,103.6500015258789,102.6060791015625,1018900
2023-11-29,105.25,106.80000305175781,104.29000091552734,104.51000213623047,103.45742797851562,1017000
2023-11-30,105.18000030517578,105.25,103.30999755859375,104.4000015258789,103.34854125976562,1101900
2023-12-01,103.48999786376953,108.43000030517578,102.54000091552734,108.30000305175781,107.20925903320312,1907900
2023-12-04,106.61000061035156,107.0,104.0199966430664,106.87999725341797,105.80355834960938,1428700
2023-12-05,106.19000244140625,106.19000244140625,104.06999969482422,104.91000366210938,103.8534164428711,726000
2023-12-06,106.58000183105469,107.5,104.9000015258789,105.01000213623047,103.95238494873047,879200
2023-12-07,105.62000274658203,107.37000274658203,104.55000305175781,106.19999694824219,105.13041687011719,1133600
2023-12-08,105.77999877929688,107.97000122070312,105.61000061035156,106.98999786376953,105.91243743896484,1662700
2023-12-11,107.55000305175781,110.27999877929688,107.20999908447266,110.05999755859375,108.9515151977539,1697700
2023-12-12,109.80999755859375,111.04000091552734,108.83999633789062,110.18000030517578,109.07032775878906,832500
2023-12-13,109.73999786376953,114.51000213623047,109.73999786376953,113.41999816894531,112.27769470214844,1178100
2023-12-14,114.66000366210938,119.6500015258789,114.27999877929688,119.25,118.04896545410156,2582400
2023-12-15,119.48999786376953,119.81999969482422,117.8499984741211,118.3499984741211,117.15802764892578,3072500
2023-12-18,118.37999725341797,119.43000030517578,117.05000305175781,118.97000122070312,117.77179718017578,1572300
2023-12-19,119.5,119.9000015258789,118.22000122070312,119.2300033569336,118.0291748046875,995000
2023-12-20,118.44000244140625,120.19999694824219,115.48999786376953,115.5999984741211,114.43572998046875,1246600
2023-12-21,118.12999725341797,120.37000274658203,117.66000366210938,119.62999725341797,118.42514038085938,1205800
2023-12-22,120.48999786376953,122.0,118.48999786376953,120.01000213623047,118.80131530761719,774300
2023-12-26,121.06999969482422,122.58000183105469,120.19000244140625,121.47000122070312,120.2466049194336,1046000
2023-12-27,121.91000366210938,122.54000091552734,120.73999786376953,121.5999984741211,120.37530517578125,864300
2023-12-28,121.69000244140625,121.97000122070312,120.5999984741211,121.43000030517578,120.20700073242188,912600
2023-12-29,120.7699966430664,121.98999786376953,119.55999755859375,119.81999969482422,118.61322021484375,811800
2024-01-02,117.2699966430664,117.2699966430664,112.97000122070312,114.04000091552734,112.89143371582031,1744000
2024-01-03,111.5199966430664,112.11000061035156,109.66999816894531,110.16000366210938,109.05052185058594,1491100
2024-01-04,108.83000183105469,110.97000122070312,108.37000274658203,109.04000091552734,107.94180297851562,1722900
2024-01-05,109.31999969482422,111.29000091552734,108.9000015258789,109.93000030517578,108.82283782958984,1170100
2024-01-08,110.4000015258789,113.38999938964844,110.4000015258789,112.87000274658203,111.73323059082031,1315600
2024-01-09,111.58000183105469,113.66000366210938,111.12000274658203,112.61000061035156,111.4758529663086,734600
2024-01-10,113.16999816894531,113.38999938964844,111.23999786376953,112.94000244140625,111.80252075195312,724000
2024-01-11,112.33000183105469,113.58999633789062,109.86000061035156,112.06999969482422,110.9412841796875,904900
2024-01-12,111.8499984741211,113.2699966430664,110.6500015258789,111.79000091552734,110.66410064697266,569300
2024-01-16,111.05000305175781,113.02999877929688,110.02999877929688,112.7300033569336,111.59464263916016,841100
2024-01-17,110.8499984741211,111.91000366210938,109.31999969482422,111.62000274658203,110.49581909179688,1390000
2024-01-18,114.79000091552734,116.2699966430664,112.88999938964844,116.0199966430664,114.85149383544922,1561500
2024-01-19,117.16000366210938,120.58999633789062,116.12000274658203,120.33999633789062,119.12798309326172,1663600
2024-01-22,121.3499984741211,122.66999816894531,120.19999694824219,120.87000274658203,119.65266418457031,900000
2024-01-23,121.0,123.51000213623047,119.48999786376953,123.29000091552734,122.04827880859375,761200
2024-01-24,124.83000183105469,125.61000061035156,122.4000015258789,123.19000244140625,121.94929504394531,1235900
2024-01-25,125.87000274658203,126.48999786376953,122.41999816894531,123.43000030517578,122.18688201904297,1876000
2024-01-26,121.37999725341797,122.38999938964844,118.76000213623047,120.38999938964844,119.177490234375,1836000
2024-01-29,120.97000122070312,123.11000061035156,120.2300033569336,122.98999786376953,121.75128936767578,1084500
2024-01-30,121.70999908447266,122.7699966430664,120.81999969482422,121.95999908447266,120.82991790771484,1294400
2024-01-31,119.88999938964844,120.9800033569336,117.06999969482422,117.69999694824219,116.60939025878906,2166200
2024-02-01,119.18000030517578,119.23999786376953,115.63999938964844,117.98999786376953,116.89669799804688,1214000
2024-02-02,117.4000015258789,119.73999786376953,116.7699966430664,119.44000244140625,118.33326721191406,1094600
2024-02-05,119.08999633789062,120.18000030517578,116.81999969482422,119.61000061035156,118.50170135498047,773100
2024-02-06,119.70999908447266,119.80000305175781,116.4800033569336,118.56999969482422,117.47132873535156,798500
2024-02-07,119.45999908447266,120.45999908447266,117.45999908447266,119.87999725341797,118.76919555664062,957400
2024-02-08,119.87999725341797,125.08000183105469,119.43000030517578,124.75,123.59408569335938,1536400
2024-02-09,126.25,127.06999969482422,124.95999908447266,126.93000030517578,125.75385284423828,1651300
2024-02-12,126.56999969482422,128.55999755859375,125.66999816894531,126.12000274658203,124.95137786865234,1151500
2024-02-13,120.0,125.19000244140625,119.0,124.08999633789062,122.94017791748047,1991300
2024-02-14,130.0,134.60000610351562,128.33999633789062,131.1699981689453,129.95458984375,3508900
2024-02-15,134.49000549316406,136.22999572753906,131.6300048828125,135.64999389648438,134.39306640625,2003200
2024-02-16,135.75,140.10000610351562,135.08999633789062,136.80999755859375,135.5423126220703,2415900
2024-02-20,133.74000549316406,136.60000610351562,132.11000061035156,135.52000427246094,134.26426696777344,2813100
2024-02-21,133.2100067138672,134.35000610351562,131.9199981689453,134.33999633789062,133.09521484375,1442600
2024-02-22,137.55999755859375,137.75999450683594,134.8300018310547,135.17999267578125,133.92742919921875,2249000
2024-02-23,135.30999755859375,135.89999389648438,131.30999755859375,132.5399932861328,131.3118896484375,1588700
2024-02-26,133.6999969482422,134.38999938964844,132.3800048828125,132.50999450683594,131.28216552734375,999300
2024-02-27,133.4499969482422,133.82000732421875,131.11000061035156,131.88999938964844,130.66790771484375,773300
2024-02-28,130.3300018310547,133.02999877929688,129.85000610351562,131.6199951171875,130.40040588378906,721500
2024-02-29,133.42999267578125,135.05999755859375,132.6699981689453,134.36000061035156,133.11502075195312,1513000
2024-03-01,135.75,139.52000427246094,133.72999572753906,138.55999755859375,137.27610778808594,2083100
2024-03-04,139.83999633789062,141.88999938964844,138.36000061035156,140.32000732421875,139.0198211669922,1256400
2024-03-05,137.4499969482422,139.32000732421875,133.41000366210938,135.6300048828125,134.37322998046875,1287500
2024-03-06,138.02000427246094,140.2899932861328,136.7100067138672,139.1999969482422,137.91017150878906,1498600
2024-03-07,140.25,146.3300018310547,140.05999755859375,145.3699951171875,144.02301025390625,2451300
2024-03-08,145.7100067138672,146.91000366210938,139.8300018310547,140.00999450683594,138.7126922607422,1912600
2024-03-11,138.39999389648438,139.9600067138672,136.4499969482422,139.3699951171875,138.07859802246094,1288600
2024-03-12,140.39999389648438,142.61000061035156,138.4499969482422,142.02999877929688,140.7139434814453,1259400
2024-03-13,139.7899932861328,141.35000610351562,138.63999938964844,139.6199951171875,138.32627868652344,1145900
2024-03-14,139.75999450683594,139.97000122070312,135.9499969482422,137.55999755859375,136.28538513183594,1215700
2024-03-15,135.74000549316406,138.72999572753906,135.4199981689453,136.0,134.73985290527344,2508000
2024-03-18,137.63999938964844,139.02000427246094,134.91000366210938,135.05999755859375,133.8085174560547,1809500
2024-03-19,133.24000549316406,134.55999755859375,131.6699981689453,133.47999572753906,132.24314880371094,1487000
2024-03-20,133.55999755859375,137.72999572753906,132.7899932861328,136.83999633789062,135.572021484375,1342000
2024-03-21,140.41000366210938,143.49000549316406,140.3699951171875,140.61000061035156,139.30712890625,1685600
2024-03-22,140.02999877929688,141.38999938964844,138.4199981689453,140.75999450683594,139.45571899414062,702600
2024-03-25,138.5500030517578,142.9499969482422,138.11000061035156,141.94000244140625,140.62478637695312,935100
2024-03-26,142.25,143.02000427246094,139.89999389648438,140.3000030517578,138.99998474121094,1296400
2024-03-27,141.27999877929688,141.63999938964844,139.13999938964844,140.99000549316406,139.68360900878906,1329500
2024-03-28,140.47999572753906,141.4600067138672,139.74000549316406,140.5399932861328,139.2377471923828,895400
2024-04-01,139.75999450683594,141.92999267578125,139.14999389648438,140.6199951171875,139.3170166015625,1131600
2024-04-02,138.61000061035156,139.39999389648438,136.44000244140625,138.32000732421875,137.03831481933594,1232000
2024-04-03,136.97999572753906,141.80999755859375,136.97999572753906,140.41000366210938,139.1089630126953,665500
2024-04-04,142.27000427246094,143.82000732421875,134.6699981689453,135.27999877929688,134.0264892578125,1750500
2024-04-05,136.1300048828125,139.8800048828125,135.19000244140625,138.85000610351562,137.56341552734375,940800
2024-04-08,138.8300018310547,139.6699981689453,136.33999633789062,136.91000366210938,135.6414031982422,862600
2024-04-09,138.67999267578125,139.27999877929688,135.75999450683594,139.13999938964844,137.85072326660156,991300
2024-04-10,135.8000030517578,139.6199951171875,135.8000030517578,136.0500030517578,134.78936767578125,903900
2024-04-11,137.58999633789062,139.30999755859375,135.0500030517578,139.08999633789062,137.8011932373047,720600
2024-04-12,135.92999267578125,137.63999938964844,132.5500030517578,132.8699951171875,131.63882446289062,1243700
2024-04-15,135.08999633789062,135.75999450683594,130.32000732421875,131.6699981689453,130.44996643066406,1514500
2024-04-16,131.0800018310547,132.74000549316406,129.86000061035156,131.0,129.78614807128906,1155200
2024-04-17,129.6699981689453,131.5500030517578,128.36000061035156,129.25,128.05239868164062,1659700
2024-04-18,128.14999389648438,130.0399932861328,126.41000366210938,127.08999633789062,125.91238403320312,1370600
2024-04-19,126.08000183105469,127.16999816894531,120.91999816894531,122.19999694824219,121.06769561767578,1687500
2024-04-22,124.16999816894531,125.33000183105469,120.36000061035156,124.04000091552734,122.8906478881836,1226200
2024-04-23,124.55999755859375,127.87999725341797,124.11000061035156,126.16999816894531,125.00091552734375,993300
2024-04-24,128.83999633789062,129.9499969482422,125.33000183105469,127.83999633789062,126.65543365478516,1371500
2024-04-25,125.94999694824219,129.75999450683594,122.2300033569336,128.5399932861328,127.34895324707031,1338700
2024-04-26,129.41000366210938,133.80999755859375,129.24000549316406,132.60000610351562,131.37132263183594,1074600
2024-04-29,131.5399932861328,136.1699981689453,131.5399932861328,136.05999755859375,134.79925537109375,1869700
2024-04-30,135.9499969482422,138.69000244140625,132.8699951171875,132.9199981689453,131.78521728515625,2326000
2024-05-01,127.5199966430664,129.83999633789062,122.04000091552734,123.30999755859375,122.25726318359375,2963300
2024-05-02,126.6500015258789,127.19000244140625,123.79000091552734,126.5999984741211,125.51918029785156,1320900
2024-05-03,131.1300048828125,134.60000610351562,131.1300048828125,131.8000030517578,130.67478942871094,1600500
2024-05-06,132.97999572753906,134.1300048828125,132.5399932861328,133.89999389648438,132.75686645507812,1314700
2024-05-07,134.58999633789062,135.41000366210938,132.60000610351562,132.6999969482422,131.5670928955078,1110900
2024-05-08,130.6300048828125,131.77999877929688,128.38999938964844,130.00999450683594,128.90005493164062,1538200
2024-05-09,129.97999572753906,130.39999389648438,129.10000610351562,129.3800048828125,128.27545166015625,1234200
2024-05-10,130.42999267578125,132.0399932861328,129.8800048828125,131.5500030517578,130.42691040039062,1447800
2024-05-13,131.77999877929688,131.77999877929688,128.77000427246094,128.7899932861328,127.69048309326172,914300
2024-05-14,128.52999877929688,130.57000732421875,128.30999755859375,130.22000122070312,129.1082763671875,1083400
2024-05-15,131.9199981689453,135.19000244140625,130.32000732421875,133.9600067138672,132.8163604736328,1287600
2024-05-16,133.83999633789062,133.97999572753906,130.2899932861328,130.57000732421875,129.45529174804688,1197100
2024-05-17,131.7899932861328,131.85000610351562,128.3800048828125,129.5,128.39439392089844,758200
2024-05-20,129.77999877929688,133.5500030517578,129.77999877929688,132.86000061035156,131.72572326660156,1200900
2024-05-21,128.72000122070312,132.60000610351562,128.72000122070312,130.58999633789062,129.47511291503906,805100
2024-05-22,131.92999267578125,132.64999389648438,130.25,131.00999450683594,129.89151000976562,1282500
2024-05-23,133.5,134.6199951171875,127.30999755859375,128.35000610351562,127.25424194335938,1715600
2024-05-24,129.66000366210938,132.7100067138672,128.11000061035156,132.2899932861328,131.16058349609375,1048700
2024-05-28,133.75,133.8000030517578,130.8699951171875,131.41000366210938,130.28810119628906,1573000
2024-05-29,128.25999450683594,130.47000122070312,128.25999450683594,128.9199981689453,127.81938934326172,1307900
2024-05-30,129.07000732421875,131.02000427246094,129.0,130.13999938964844,129.0289764404297,944100
2024-05-31,130.19000244140625,131.14999389648438,122.9800033569336,126.3499984741211,125.27131652832031,2641200
2024-06-03,129.0500030517578,129.14999389648438,123.62000274658203,126.08999633789062,125.01353454589844,959100
2024-06-04,125.05999755859375,127.41000366210938,124.6500015258789,126.38999938964844,125.31097412109375,1382400
2024-06-05,128.6300048828125,132.75999450683594,127.91000366210938,132.3000030517578,131.17054748535156,1410200
2024-06-06,131.41000366210938,132.75,129.1699981689453,130.8300018310547,129.71307373046875,1406400
2024-06-07,129.94000244140625,131.2899932861328,128.1300048828125,130.0800018310547,128.96945190429688,832500
2024-06-10,128.5500030517578,133.0500030517578,127.5999984741211,132.42999267578125,131.2993927001953,1164600
2024-06-11,131.3800048828125,131.61000061035156,129.16000366210938,131.27999877929688,130.1592254638672,977000
2024-06-12,135.24000549316406,139.80999755859375,133.60000610351562,137.75,136.57398986816406,1421600
2024-06-13,136.1699981689453,138.27000427246094,135.25999450683594,137.3300018310547,136.15756225585938,1137400
2024-06-14,135.17999267578125,136.27999877929688,132.8300018310547,133.89999389648438,132.75686645507812,1079500
2024-06-17,133.92999267578125,136.3000030517578,132.67999267578125,135.61000061035156,134.45225524902344,1116700
2024-06-18,135.3000030517578,139.69000244140625,134.6300048828125,137.72999572753906,136.55413818359375,1340200
2024-06-20,137.1999969482422,137.42999267578125,132.4199981689453,133.3300018310547,132.19171142578125,1194600
2024-06-21,133.27000427246094,134.02999877929688,130.7899932861328,133.5500030517578,132.40982055664062,1693900
2024-06-24,132.05999755859375,134.3000030517578,131.2899932861328,131.30999755859375,130.18894958496094,1229900
2024-06-25,131.88999938964844,134.8800048828125,129.63999938964844,134.5399932861328,133.39141845703125,1224000
2024-06-26,134.41000366210938,135.0,131.52999877929688,133.22999572753906,132.0925750732422,904200
2024-06-27,131.10000610351562,135.4199981689453,131.10000610351562,134.47999572753906,133.33189392089844,1100100
2024-06-28,135.30999755859375,138.02000427246094,133.1300048828125,135.39999389648438,134.24404907226562,5715400
2024-07-01,134.47999572753906,135.22999572753906,130.3000030517578,133.5399932861328,132.39993286132812,1347000
2024-07-02,132.49000549316406,136.72999572753906,132.4600067138672,136.61000061035156,135.44371032714844,1047900
2024-07-03,136.9499969482422,142.3000030517578,136.1699981689453,140.67999267578125,139.4789581298828,1205600
2024-07-05,141.64999389648438,141.97000122070312,138.97999572753906,139.11000061035156,137.92237854003906,771500
2024-07-08,139.75999450683594,142.6300048828125,138.91000366210938,141.52000427246094,140.3118133544922,1187500
2024-07-09,141.02999877929688,141.99000549316406,139.52000427246094,140.22999572753906,139.0327911376953,903700
2024-07-10,141.8699951171875,144.08999633789062,140.02000427246094,143.77000427246094,142.54258728027344,1088800
2024-07-11,145.0,145.4499969482422,140.44000244140625,140.64999389648438,139.44921875,2069900
2024-07-12,140.6999969482422,147.57000732421875,138.5,144.4499969482422,143.21678161621094,1814100
2024-07-15,144.77000427246094,146.8699951171875,142.94000244140625,145.1999969482422,143.9603729248047,1111100
2024-07-16,146.1199951171875,147.39999389648438,143.52999877929688,146.47999572753906,145.22943115234375,996700
2024-07-17,141.22999572753906,144.14999389648438,133.5800018310547,133.80999755859375,132.66761779785156,3462400
2024-07-18,135.4199981689453,136.4600067138672,128.22000122070312,130.3800048828125,129.26693725585938,2810900
2024-07-19,130.66000366210938,132.14999389648438,127.05000305175781,127.31999969482422,126.2330322265625,1594100
2024-07-22,131.30999755859375,133.7899932861328,129.05999755859375,133.52000427246094,132.38011169433594,1733000
2024-07-23,131.33999633789062,133.77999877929688,131.10000610351562,131.39999389648438,130.27818298339844,916300
2024-07-24,129.16000366210938,130.0399932861328,124.54000091552734,124.72000122070312,123.65523529052734,1807100
2024-07-25,124.36000061035156,129.16000366210938,121.44000244140625,123.62999725341797,122.57453155517578,2047900
2024-07-26,126.55000305175781,129.3000030517578,125.06999969482422,126.72000122070312,125.6381607055664,1398300
2024-07-29,128.94000244140625,130.55999755859375,126.94999694824219,127.77999877929688,126.6891098022461,1251800
2024-07-30,127.77999877929688,128.6699981689453,121.2300033569336,122.44000244140625,121.39469909667969,2375600
2024-07-31,115.19999694824219,119.06999969482422,106.44000244140625,118.29000091552734,117.37598419189453,5209300
2024-08-01,114.43000030517578,119.45999908447266,108.52999877929688,109.87999725341797,109.03097534179688,4926200
2024-08-02,107.0,107.0,100.87000274658203,102.13999938964844,101.35077667236328,5638100
2024-08-05,96.66000366210938,105.54000091552734,95.54000091552734,101.87999725341797,101.09278869628906,4252200
2024-08-06,102.83999633789062,106.11000061035156,100.2300033569336,102.16999816894531,101.38053894042969,4472400
2024-08-07,106.76000213623047,107.63999938964844,97.58000183105469,98.08999633789062,97.33206939697266,3270500
2024-08-08,101.58000183105469,106.62999725341797,99.13999938964844,106.48999786376953,105.66716766357422,3024100
2024-08-09,105.48999786376953,106.23999786376953,102.83999633789062,103.93000030517578,103.12693786621094,1289100
2024-08-12,104.62999725341797,106.02999877929688,102.45999908447266,104.6500015258789,103.84138488769531,1720600
2024-08-13,105.76000213623047,109.08999633789062,104.7300033569336,108.66000366210938,107.82040405273438,1565200
2024-08-14,109.5199966430664,110.25,105.63999938964844,107.69000244140625,106.85789489746094,1525100
2024-08-15,110.79000091552734,113.87000274658203,110.04000091552734,113.3499984741211,112.4741439819336,2215800
2024-08-16,111.41000366210938,113.87999725341797,110.47000122070312,112.80999755859375,111.93833923339844,1202300
2024-08-19,112.30999755859375,114.9800033569336,110.22000122070312,114.58999633789062,113.70457458496094,1292700
2024-08-20,112.93000030517578,114.16999816894531,111.06999969482422,112.08999633789062,111.2238998413086,1575800
2024-08-21,113.44000244140625,116.51000213623047,112.73999786376953,115.36000061035156,114.46863555908203,1400600
2024-08-22,116.36000061035156,118.2699966430664,111.7699966430664,112.01000213623047,111.14451599121094,1737500
2024-08-23,113.7300033569336,117.05000305175781,112.91000366210938,116.31999969482422,115.42120361328125,1610100
2024-08-26,118.41999816894531,119.94999694824219,112.08999633789062,112.52999877929688,111.66049194335938,1526200
2024-08-27,111.86000061035156,115.98999786376953,111.12000274658203,115.54000091552734,114.6472396850586,1420400
2024-08-28,115.37000274658203,116.33999633789062,111.22000122070312,112.83999633789062,111.96810150146484,1001500
2024-08-29,114.5,116.26000213623047,111.97000122070312,112.5199966430664,111.65056610107422,1095300
2024-08-30,115.45999908447266,116.19999694824219,114.33999633789062,115.87000274658203,114.97467803955078,1848500
2024-09-03,113.63999938964844,113.6500015258789,107.20999908447266,108.30999755859375,107.47310638427734,3673400
2024-09-04,107.19999694824219,110.86000061035156,106.76000213623047,109.13999938964844,108.29668426513672,1672800
2024-09-05,107.05999755859375,110.54000091552734,106.16999816894531,110.16999816894531,109.3187255859375,2134900
2024-09-06,109.83000183105469,110.55000305175781,106.12999725341797,107.11000061035156,106.2823715209961,3653600
2024-09-09,108.61000061035156,108.61000061035156,104.12999725341797,105.0,104.18868255615234,2488800
2024-09-10,105.36000061035156,107.45999908447266,103.83000183105469,107.37000274658203,106.54036712646484,1311800
2024-09-11,108.31999969482422,111.13999938964844,105.83999633789062,110.66999816894531,109.81485748291016,2705400
2024-09-12,111.2300033569336,111.2300033569336,107.7300033569336,108.2300033569336,107.39373016357422,1436700
2024-09-13,109.62999725341797,111.66000366210938,108.69999694824219,110.66999816894531,109.81485748291016,1459300
2024-09-16,109.51000213623047,110.4800033569336,108.33999633789062,110.1500015258789,109.29888153076172,1328400
2024-09-17,112.2300033569336,113.23999786376953,110.4800033569336,111.63999938964844,110.7773666381836,836700
2024-09-18,112.70999908447266,113.69999694824219,109.70999908447266,110.06999969482422,109.2195053100586,1488600
2024-09-19,115.29000091552734,117.19000244140625,113.27999877929688,115.36000061035156,114.46863555908203,2582300
2024-09-20,113.98999786376953,114.08000183105469,109.94000244140625,110.63999938964844,109.78509521484375,3488800
2024-09-23,112.12999725341797,112.58999633789062,110.97000122070312,111.58000183105469,110.71783447265625,1589000
2024-09-24,112.16999816894531,113.12000274658203,110.33000183105469,112.30000305175781,111.43228149414062,2069500
2024-09-25,112.3499984741211,113.54000091552734,110.68000030517578,111.36000061035156,110.4995346069336,1787800
2024-09-26,115.91000366210938,117.87999725341797,112.41000366210938,116.61000061035156,115.70897674560547,2416700
2024-09-27,116.87999725341797,117.44000244140625,114.33000183105469,114.86000061035156,113.97249603271484,1778000
2024-09-30,113.2699966430664,114.19000244140625,111.0999984741211,112.52999877929688,111.66049194335938,1606600
2024-10-01,113.18000030517578,113.5199966430664,109.01000213623047,109.72000122070312,108.87220764160156,1993200
2024-10-02,109.81999969482422,113.58999633789062,109.05000305175781,112.91999816894531,112.04747009277344,1476700
2024-10-03,111.06999969482422,112.75,109.5,110.55999755859375,109.70571899414062,1525400
2024-10-04,113.18000030517578,113.9000015258789,110.6500015258789,112.19999694824219,111.33304595947266,847400
2024-10-07,110.56999969482422,111.52999877929688,109.0999984741211,110.13999938964844,109.28895568847656,1412500
2024-10-08,109.91999816894531,110.98999786376953,108.5,110.05999755859375,109.2095718383789,1250600
2024-10-09,109.30999755859375,110.5999984741211,108.58999633789062,109.91000366210938,109.06074523925781,1361500
2024-10-10,108.5,109.69999694824219,107.5999984741211,108.06999969482422,107.23495483398438,1329300
2024-10-11,107.58999633789062,110.7699966430664,107.58999633789062,108.9000015258789,108.05854797363281,1190500
2024-10-14,109.56999969482422,111.80000305175781,109.01000213623047,111.44999694824219,110.58882904052734,1701900
2024-10-15,110.44999694824219,111.83999633789062,101.94000244140625,102.62999725341797,101.83698272705078,4118900
2024-10-16,105.52999877929688,105.58000183105469,101.91000366210938,102.33000183105469,101.53931427001953,2419900
2024-10-17,105.18000030517578,107.05000305175781,103.2699966430664,104.16000366210938,103.35516357421875,3740200
2024-10-18,106.13999938964844,106.13999938964844,102.9800033569336,103.2300033569336,102.43235778808594,1741200
2024-10-21,102.55000305175781,104.41000366210938,101.97000122070312,104.36000061035156,103.55361938476562,1686300
2024-10-22,103.5,104.2699966430664,102.3499984741211,103.18000030517578,102.38273620605469,1547400
2024-10-23,102.87999725341797,104.12999725341797,101.2300033569336,103.23999786376953,102.44227600097656,1403400
2024-10-24,104.33000183105469,104.6500015258789,102.77999877929688,103.66000366210938,102.85903930664062,1463700
2024-10-25,103.86000061035156,106.20999908447266,103.86000061035156,105.01000213623047,104.19860076904297,1734200
2024-10-28,105.80999755859375,106.7699966430664,105.12000274658203,105.94999694824219,105.13134002685547,1892400
2024-10-29,106.0,109.11000061035156,105.02999877929688,108.70999908447266,107.87001037597656,1377300
2024-10-30,106.0,108.5,105.97000122070312,106.91000366210938,106.18159484863281,2114500
2024-10-31,107.5,107.5,103.12999725341797,104.70999908447266,103.99657440185547,2590100
2024-11-01,105.1500015258789,108.13999938964844,104.7699966430664,107.05000305175781,106.32064056396484,2099700
2024-11-04,96.48999786376953,102.81999969482422,94.91999816894531,100.9800033569336,100.29200744628906,3278500
2024-11-05,101.01000213623047,103.18000030517578,100.25,103.12000274658203,102.41741943359375,2789000
2024-11-06,105.25,107.69000244140625,104.16999816894531,105.06999969482422,104.35413360595703,3388900
2024-11-07,106.94000244140625,108.43000030517578,106.04000091552734,108.20999908447266,107.47273254394531,2185400
2024-11-08,106.20999908447266,107.5,104.45999908447266,105.02999877929688,104.31439208984375,2077400
2024-11-11,103.93000030517578,104.37999725341797,101.88999938964844,104.30000305175781,103.58938598632812,2202700
2024-11-12,102.75,106.81999969482422,102.69999694824219,106.33000183105469,105.60553741455078,4969800
2024-11-13,105.3499984741211,107.05000305175781,103.83999633789062,105.12000274658203,104.40379333496094,2821600
2024-11-14,106.6500015258789,106.7300033569336,100.93000030517578,101.5,100.80846405029297,2743300
2024-11-15,100.25,100.98999786376953,97.61000061035156,97.66999816894531,97.0045394897461,3821500
2024-11-18,97.31999969482422,99.95999908447266,96.38999938964844,99.55000305175781,98.87174987792969,2533100
2024-11-19,98.7699966430664,99.91999816894531,97.9000015258789,99.43000030517578,98.75254821777344,1577300
2024-11-20,98.87999725341797,100.04000091552734,97.77999877929688,99.95999908447266,99.2789535522461,1178300
2024-11-21,101.30000305175781,105.83999633789062,100.88999938964844,105.23999786376953,104.5229721069336,3473600
2024-11-22,105.0,107.31999969482422,104.88999938964844,107.23999786376953,106.50933837890625,2512400
2024-11-25,109.79000091552734,109.87000274658203,107.7300033569336,108.0199966430664,107.28402709960938,2505300
2024-11-26,108.33999633789062,108.52999877929688,103.44000244140625,105.5199966430664,104.80105590820312,2092100
2024-11-27,105.55000305175781,106.37000274658203,102.95999908447266,104.95999908447266,104.24488067626953,1582600
2024-11-29,106.38999938964844,107.5999984741211,105.08999633789062,105.62999725341797,104.91031646728516,1077500
2024-12-02,105.5,109.88999938964844,105.33000183105469,108.83000183105469,108.08851623535156,1675600
2024-12-03,106.7699966430664,108.98999786376953,106.7699966430664,108.16999816894531,107.43301391601562,1275100
2024-12-04,110.0,110.9000015258789,108.41999816894531,110.0999984741211,109.34986114501953,2015200
2024-12-05,109.58000183105469,110.0999984741211,106.93000030517578,107.0999984741211,106.37029266357422,1629800
2024-12-06,107.91000366210938,109.5199966430664,107.2300033569336,109.4000015258789,108.65463256835938,1279300
2024-12-09,108.83999633789062,111.54000091552734,107.41000366210938,110.51000213623047,109.75706481933594,1585200
2024-12-10,110.83000183105469,110.83000183105469,105.3499984741211,106.12999725341797,105.40691375732422,2016400
2024-12-11,108.20999908447266,110.23999786376953,106.52999877929688,109.06999969482422,108.32687377929688,2026600
2024-12-12,107.87000274658203,110.04000091552734,107.0,107.30000305175781,106.56893920898438,1526900
2024-12-13,107.83999633789062,108.87000274658203,105.02999877929688,106.66000366210938,105.93330383300781,2238300
2024-12-16,105.9800033569336,107.93000030517578,104.47000122070312,106.70999908447266,105.98294830322266,1380100
2024-12-17,106.26000213623047,109.54000091552734,105.05999755859375,109.36000061035156,108.6148910522461,1526300
2024-12-18,109.94999694824219,112.36000061035156,101.75,102.2300033569336,101.53348541259766,3165600
2024-12-19,102.1500015258789,102.88999938964844,97.83999633789062,97.91000366210938,97.242919921875,2847500
2024-12-20,97.19999694824219,101.0,96.80000305175781,99.45999908447266,98.7823486328125,4081600
2024-12-23,99.9800033569336,102.91000366210938,99.87000274658203,102.27999877929688,101.5831527709961,1998000
2024-12-24,102.20999908447266,103.25,100.7300033569336,102.8499984741211,102.14924621582031,617300
2024-12-26,101.6500015258789,103.75,101.55999755859375,102.2300033569336,101.53348541259766,1060600
2024-12-27,102.0,102.9000015258789,100.54000091552734,101.7699966430664,101.07659912109375,959600
2024-12-30,100.06999969482422,100.16999816894531,97.94999694824219,99.54000091552734,98.86180114746094,3021900
2024-12-31,100.13999938964844,100.51000213623047,97.80000305175781,99.05999755859375,98.38507843017578,1153100
2025-01-02,99.55000305175781,101.08999633789062,96.62999725341797,97.2300033569336,96.56755065917969,1972900
2025-01-03,98.2699966430664,100.7699966430664,97.29000091552734,100.5999984741211,99.91458129882812,1435100
2025-01-06,102.30999755859375,104.8499984741211,102.30999755859375,102.51000213623047,101.81158447265625,2329200
2025-01-07,103.20999908447266,104.54000091552734,100.0,101.02999877929688,100.34165954589844,1675800
2025-01-08,100.52999877929688,100.52999877929688,98.62000274658203,99.76000213623047,99.08031463623047,1229700
2025-01-10,98.12999725341797,100.12999725341797,96.41000366210938,98.91999816894531,98.24602508544922,1794000
2025-01-13,96.97000122070312,98.55999755859375,96.18000030517578,98.26000213623047,97.59053039550781,1949400
2025-01-14,98.66000366210938,99.98999786376953,97.7300033569336,99.5,98.82208251953125,2385300
2025-01-15,102.5999984741211,103.43000030517578,100.70999908447266,101.93000030517578,101.23553466796875,2080500
2025-01-16,104.13999938964844,107.9800033569336,103.33999633789062,104.91000366210938,104.19522094726562,2459100
2025-01-17,106.27999877929688,107.26000213623047,104.2300033569336,106.37999725341797,105.65520477294922,2067600
2025-01-21,107.30000305175781,107.9800033569336,105.83000183105469,106.7300033569336,106.00281524658203,5382200
2025-01-22,107.61000061035156,109.9000015258789,107.13999938964844,107.19000244140625,106.45967864990234,1937900
2025-01-23,105.08999633789062,106.1500015258789,104.13999938964844,105.87999725341797,105.15859985351562,2840200
2025-01-24,105.95999908447266,106.45999908447266,103.77999877929688,104.19000244140625,103.48011779785156,2989300
2025-01-27,101.73999786376953,101.83000183105469,96.75,98.5199966430664,97.8487548828125,4383400
2025-01-28,99.31999969482422,99.4000015258789,95.69000244140625,97.36000061035156,96.6966552734375,2566700
2025-01-29,98.95999908447266,99.44999694824219,96.08999633789062,98.0,97.432373046875,1972700
2025-01-30,99.48999786376953,102.51000213623047,98.88999938964844,101.7300033569336,101.14077758789062,2471500
2025-01-31,101.80000305175781,104.44000244140625,101.33999633789062,101.54000091552734,100.95186614990234,2030000
2025-02-03,99.0,100.31999969482422,96.83999633789062,99.45999908447266,98.8839111328125,2006700
2025-02-04,99.48999786376953,101.61000061035156,99.4000015258789,101.19000244140625,100.60388946533203,2455400
2025-02-05,100.58999633789062,104.23999786376953,99.72000122070312,103.9000015258789,103.2981948852539,3413400
2025-02-06,102.44000244140625,110.45999908447266,101.37000274658203,109.52999877929688,108.89558410644531,3143100
2025-02-07,109.55999755859375,110.3499984741211,106.3499984741211,106.5199966430664,105.90300750732422,2404100
2025-02-10,108.0199966430664,108.91999816894531,105.5999984741211,106.7300033569336,106.11180877685547,1852400
2025-02-11,106.56999969482422,107.83999633789062,104.63999938964844,105.73999786376953,105.12754821777344,1975000
2025-02-12,104.83000183105469,107.86000061035156,104.37000274658203,107.7699966430664,107.14578247070312,1939700
2025-02-13,107.72000122070312,109.27999877929688,107.01000213623047,108.8499984741211,108.21952056884766,1933600
2025-02-14,108.76000213623047,109.19999694824219,106.27999877929688,107.12000274658203,106.49955749511719,1709700
2025-02-18,108.12999725341797,108.68000030517578,105.5999984741211,107.44999694824219,106.82763671875,1971600
2025-02-19,106.88999938964844,108.47000122070312,105.2699966430664,107.98999786376953,107.36451721191406,1395500
2025-02-20,108.0999984741211,109.94999694824219,106.31999969482422,107.26000213623047,106.63874816894531,1723600
2025-02-21,108.0,108.0,103.5199966430664,104.08999633789062,103.48709106445312,2379800
2025-02-24,104.76000213623047,105.02999877929688,101.47000122070312,102.30000305175781,101.70746612548828,2449900
2025-02-25,102.37999725341797,103.54000091552734,100.73999786376953,101.26000213623047,100.67349243164062,2997400
2025-02-26,102.66999816894531,103.91000366210938,101.75,103.5199966430664,102.92040252685547,1977500
2025-02-27,103.47000122070312,104.08999633789062,97.20999908447266,97.4800033569336,96.9153823852539,3631100
2025-02-28,103.83000183105469,103.9800033569336,98.48999786376953,101.22000122070312,100.63372039794922,5501300
2025-03-03,103.27999877929688,103.27999877929688,95.9000015258789,96.62000274658203,96.06037139892578,4007500
2025-03-04,96.62000274658203,101.48999786376953,94.93000030517578,98.3499984741211,97.78035736083984,4055400
2025-03-05,98.69000244140625,103.06999969482422,97.63999938964844,102.37999725341797,101.78700256347656,22198800
2025-03-06,99.4000015258789,102.30000305175781,99.0,100.2699966430664,99.68921661376953,4946300
2025-03-07,100.58999633789062,103.5,97.66000366210938,102.93000030517578,102.33382415771484,4915200
2025-03-10,100.62999725341797,100.69000244140625,96.33999633789062,97.58999633789062,97.02474212646484,3895300
2025-03-11,97.02999877929688,98.0,92.83999633789062,93.8499984741211,93.30641174316406,3204700
2025-03-12,96.19000244140625,97.12000274658203,95.0199966430664,95.30999755859375,94.7579574584961,1940100
2025-03-13,94.81999969482422,96.18000030517578,93.2699966430664,94.41999816894531,93.87310791015625,1441300
2025-03-14,96.36000061035156,99.13999938964844,96.13999938964844,98.37000274658203,97.80023956298828,1929300
2025-03-17,97.72000122070312,101.80999755859375,97.69999694824219,100.80000305175781,100.21617126464844,1563500
2025-03-18,99.7699966430664,100.77999877929688,98.20999908447266,100.1500015258789,99.56991577148438,1414500
2025-03-19,100.2699966430664,102.5199966430664,99.58999633789062,100.37000274658203,99.78863525390625,3021900
2025-03-20,98.98999786376953,100.87000274658203,98.80999755859375,99.05000305175781,98.4762954711914,2002500
2025-03-21,96.87000274658203,97.45999908447266,95.66999816894531,96.3499984741211,95.79193115234375,4047200
2025-03-24,98.58000183105469,100.23999786376953,97.87000274658203,98.31999969482422,97.75051879882812,4834100
2025-03-25,98.23999786376953,98.37000274658203,94.0,94.22000122070312,93.67427062988281,2466000
2025-03-26,94.05000305175781,95.22000122070312,91.29000091552734,92.44000244140625,91.90458679199219,3375800
2025-03-27,91.88999938964844,94.55000305175781,90.93000030517578,92.54000091552734,92.00399780273438,2423400
2025-03-28,91.43000030517578,92.41999816894531,87.72000122070312,88.73999786376953,88.22600555419922,2803700
2025-03-31,87.25,88.05000305175781,84.75,87.4800033569336,86.97330474853516,2899900
2025-04-01,86.83000183105469,87.22000122070312,83.9800033569336,86.19999694824219,85.70072174072266,2354200
2025-04-02,84.70999908447266,87.91000366210938,83.97000122070312,85.81999969482422,85.32292175292969,2910300
2025-04-03,80.93000030517578,82.0999984741211,71.76000213623047,71.94000244140625,71.5233154296875,7347600
2025-04-04,69.66999816894531,70.72000122070312,61.27000045776367,65.38999938964844,65.01124572753906,9577100
2025-04-07,63.31999969482422,72.18000030517578,60.75,66.83999633789062,66.4528579711914,7218700
2025-04-08,70.16000366210938,70.41000366210938,60.970001220703125,62.91999816894531,62.55555725097656,5459500
2025-04-09,64.18000030517578,79.4000015258789,61.959999084472656,78.4800033569336,78.02543640136719,8433600
2025-04-10,73.83000183105469,75.18000030517578,66.52999877929688,68.9000015258789,68.50093078613281,5862100
2025-04-11,68.88999938964844,70.0999984741211,66.0199966430664,69.72000122070312,69.31617736816406,3570400
2025-04-14,72.80000305175781,74.56999969482422,71.02999877929688,72.8499984741211,72.42803192138672,2813800
2025-04-15,72.55000305175781,74.25,71.66999816894531,72.0999984741211,71.68238067626953,2023900
2025-04-16,68.73999786376953,70.66000366210938,64.66000366210938,67.5999984741211,67.20845031738281,4028300
2025-04-17,68.33000183105469,69.58999633789062,67.44000244140625,68.7300033569336,68.3319091796875,2973900
2025-04-21,67.05999755859375,68.01000213623047,65.72000122070312,67.5199966430664,67.12890625,2740100
2025-04-22,68.68000030517578,70.1500015258789,67.83999633789062,69.33000183105469,68.92843627929688,3033400
2025-04-23,72.97000122070312,75.25,72.12999725341797,72.48999786376953,72.07012939453125,2680500
2025-04-24,73.5,80.05000305175781,73.30000305175781,79.70999908447266,79.2483139038086,4461000
2025-04-25,78.73999786376953,81.6500015258789,77.31999969482422,80.7300033569336,80.26240539550781,2811400
2025-04-28,80.5999984741211,81.11000061035156,77.44000244140625,79.8499984741211,79.38749694824219,2290200
2025-04-29,79.27999877929688,80.12999725341797,78.38999938964844,78.69000244140625,78.23422241210938,1631800
2025-04-30,76.2699966430664,79.41999816894531,75.43000030517578,79.12000274658203,78.76182556152344,1824600
2025-05-01,79.98999786376953,80.8499984741211,78.33999633789062,79.30000305175781,78.94100952148438,2141100
2025-05-02,81.29000091552734,84.33000183105469,81.29000091552734,83.41000366210938,83.03240966796875,2901400
2025-05-05,82.1500015258789,85.01000213623047,81.91999816894531,83.88999938964844,83.51022338867188,2198000
2025-05-06,82.11000061035156,84.1500015258789,81.52999877929688,83.02999877929688,82.65411376953125,3542800
2025-05-07,77.87999725341797,78.45999908447266,70.91999816894531,78.38999938964844,78.03511810302734,9248900
2025-05-08,80.12000274658203,81.94999694824219,76.97000122070312,77.08000183105469,76.7310562133789,7647500
2025-05-09,78.12000274658203,78.91999816894531,74.8499984741211,76.36000061035156,76.01432037353516,3241700
2025-05-12,82.12000274658203,83.83000183105469,80.19000244140625,82.38999938964844,82.01701354980469,7413500
2025-05-13,82.33000183105469,84.55999755859375,81.7699966430664,83.13999938964844,82.76361846923828,4035500
2025-05-14,83.2699966430664,84.5,81.19999694824219,81.77999877929688,81.40978240966797,2432600
2025-05-15,80.63999938964844,81.7699966430664,78.30000305175781,78.52999877929688,78.17449188232422,3284000
2025-05-16,78.25,78.66999816894531,77.01000213623047,78.23999786376953,77.88580322265625,2972700
2025-05-19,76.16000366210938,77.44000244140625,75.01000213623047,75.52999877929688,75.18807220458984,2857000
2025-05-20,75.0,77.20999908447266,74.51000213623047,76.2699966430664,75.92472076416016,3008300
2025-05-21,75.04000091552734,75.91999816894531,71.8499984741211,72.43000030517578,72.10210418701172,3333400
2025-05-22,72.22000122070312,73.98999786376953,71.66000366210938,73.16999816894531,72.83875274658203,2326800
2025-05-23,70.31999969482422,72.70999908447266,70.02999877929688,72.33999633789062,72.01250457763672,2879500
2025-05-27,74.18000030517578,76.05999755859375,73.13999938964844,74.93000030517578,74.59078979492188,4190200
2025-05-28,75.05000305175781,75.05000305175781,72.4800033569336,72.62999725341797,72.30120086669922,2679400
2025-05-29,73.91000366210938,73.91000366210938,71.31999969482422,72.41999816894531,72.09215545654297,3594700
2025-05-30,70.94999694824219,71.19000244140625,67.52999877929688,68.73999786376953,68.42880249023438,6155700
2025-06-02,68.41999816894531,68.81999969482422,66.31999969482422,68.37999725341797,68.07044219970703,3625700
2025-06-03,68.36000061035156,72.01000213623047,66.72000122070312,71.80999755859375,71.48490905761719,4006100
2025-06-04,72.48999786376953,73.83999633789062,71.48999786376953,72.62000274658203,72.29125213623047,3367900
2025-06-05,72.19000244140625,74.12999725341797,71.13999938964844,72.0199966430664,71.69395446777344,4170800
2025-06-06,73.36000061035156,74.94999694824219,72.23999786376953,72.91999816894531,72.58988189697266,3757400
2025-06-09,74.69999694824219,79.47000122070312,74.69000244140625,78.47000122070312,78.11476135253906,5698700
2025-06-10,79.30999755859375,81.16000366210938,78.25,79.62999725341797,79.2695083618164,5937500
2025-06-11,81.05000305175781,81.12999725341797,77.38999938964844,78.4800033569336,78.12471771240234,3626700
2025-06-12,78.05999755859375,79.63999938964844,77.58999633789062,79.62000274658203,79.25955963134766,3378400
2025-06-13,76.88999938964844,78.48999786376953,75.05000305175781,75.33999633789062,74.99893951416016,3669700
2025-06-16,77.38999938964844,79.58000183105469,76.20999908447266,78.25,77.89575958251953,3396000
2025-06-17,77.04000091552734,78.45999908447266,76.41999816894531,76.55000305175781,76.20345306396484,2210200
2025-06-18,76.66999816894531,77.87000274658203,75.88999938964844,76.23999786376953,75.89485168457031,2754100
2025-06-20,77.01000213623047,77.2699966430664,74.38999938964844,75.41999816894531,75.07855987548828,3567200
2025-06-23,75.31999969482422,76.5199966430664,73.19999694824219,75.97000122070312,75.62608337402344,2175700
2025-06-24,78.05000305175781,81.9000015258789,77.31999969482422,81.7300033569336,81.3600082397461,4253400
2025-06-25,81.62999725341797,82.55000305175781,80.51000213623047,82.1500015258789,81.77810668945312,2661100
2025-06-26,82.97000122070312,84.18000030517578,82.0199966430664,83.6500015258789,83.27131652832031,4071600
2025-06-27,83.6500015258789,84.5999984741211,81.16999816894531,82.37999725341797,82.0070571899414,5939300
2025-06-30,82.54000091552734,83.16000366210938,80.27999877929688,80.6500015258789,80.28490447998047,2348100
2025-07-01,79.9800033569336,83.6500015258789,78.38999938964844,82.33999633789062,81.96723937988281,3226900
2025-07-02,82.94999694824219,86.69000244140625,82.18000030517578,86.45999908447266,86.06858825683594,3538800
2025-07-03,86.86000061035156,87.30999755859375,85.55999755859375,86.63999938964844,86.2477798461914,1922900
2025-07-07,85.08999633789062,86.83999633789062,82.94000244140625,83.0,82.62425994873047,2434200
2025-07-08,84.27999877929688,88.86000061035156,84.22000122070312,87.0199966430664,86.62605285644531,3014400
2025-07-09,86.62000274658203,88.4800033569336,85.79000091552734,86.98999786376953,86.59619903564453,1513200
2025-07-10,86.75,89.01000213623047,85.5,88.0,87.60161590576172,2250000
2025-07-11,86.30000305175781,88.27999877929688,86.12000274658203,87.58000183105469,87.18351745605469,1662800
2025-07-14,85.7699966430664,86.94999694824219,83.7300033569336,86.2300033569336,85.83963012695312,1646800
2025-07-15,88.94999694824219,89.86000061035156,87.44000244140625,87.47000122070312,87.07401275634766,2195500
2025-07-16,86.79000091552734,87.62999725341797,83.47000122070312,87.48999786376953,87.09392547607422,1968300
2025-07-17,87.48999786376953,90.73999786376953,86.55000305175781,90.2699966430664,89.86134338378906,2475900
2025-07-18,91.16000366210938,92.0,89.55000305175781,90.75,90.33916473388672,1960600
2025-07-21,91.86000061035156,93.05999755859375,91.22000122070312,91.63999938964844,91.22514343261719,2550900
2025-07-22,91.2300033569336,92.54000091552734,90.2300033569336,92.0,91.5835189819336,2369600
2025-07-23,93.19000244140625,93.58999633789062,90.43000030517578,91.62000274658203,91.20524597167969,2522900
2025-07-24,91.1500015258789,92.22000122070312,89.72000122070312,91.12000274658203,90.7074966430664,2430700
2025-07-25,90.9800033569336,92.51000213623047,89.55999755859375,91.8499984741211,91.43418884277344,2435900
2025-07-28,92.69999694824219,93.48999786376953,91.61000061035156,92.0,91.5835189819336,3491500
2025-07-29,92.0,93.87000274658203,90.6500015258789,92.8499984741211,92.4296646118164,5391100
2025-07-30,83.86000061035156,86.9000015258789,78.98999786376953,79.33999633789062,79.06597137451172,7788300
2025-07-31,78.29000091552734,80.41999816894531,77.44000244140625,78.45999908447266,78.18901062011719,6322900
2025-08-01,75.69999694824219,76.68000030517578,72.94000244140625,75.66000366210938,75.39868927001953,5561100
2025-08-04,76.0,76.31999969482422,73.51000213623047,73.68000030517578,73.42552947998047,2895100
2025-08-05,73.87000274658203,74.22000122070312,72.18000030517578,73.33999633789062,73.0866928100586,3024900
2025-08-06,72.77999877929688,73.05000305175781,70.3499984741211,72.2300033569336,71.98053741455078,3043900
2025-08-07,74.68000030517578,75.75,72.43000030517578,73.43000030517578,73.1763916015625,1812200
2025-08-08,73.9800033569336,74.1500015258789,72.69000244140625,73.13999938964844,72.88739013671875,1793400
2025-08-11,74.04000091552734,75.12999725341797,71.87000274658203,72.02999877929688,71.78121948242188,1917100
2025-08-12,73.13999938964844,76.4000015258789,72.08999633789062,75.97000122070312,75.7076187133789,3003400
2025-08-13,76.0199966430664,80.11000061035156,75.76000213623047,79.87999725341797,79.60411071777344,1980100
2025-08-14,78.45999908447266,79.61000061035156,77.0,78.87000274658203,78.59760284423828,1821600
2025-08-15,77.83000183105469,78.44999694824219,76.37000274658203,77.12000274658203,76.85365295410156,2142400
2025-08-18,79.31999969482422,80.4800033569336,78.18000030517578,78.41000366210938,78.1391830444336,1932500
2025-08-19,80.11000061035156,81.75,79.41999816894531,80.47000122070312,80.19207763671875,2909100
2025-08-20,80.23999786376953,80.69999694824219,77.01000213623047,79.41000366210938,79.13574981689453,2998000
2025-08-21,79.01000213623047,82.44000244140625,79.01000213623047,82.08999633789062,81.80648803710938,2652800
2025-08-22,82.91000366210938,88.80000305175781,82.56999969482422,87.76000213623047,87.45690155029297,3684200
2025-08-25,87.54000091552734,87.76000213623047,86.54000091552734,86.75,86.45038604736328,1933300
2025-08-26,86.91999816894531,88.73999786376953,85.52999877929688,85.62999725341797,85.3342514038086,3978800
2025-08-27,85.79000091552734,86.3499984741211,83.69000244140625,84.0,83.70988464355469,2890500
2025-08-28,84.91999816894531,85.83000183105469,82.36000061035156,83.86000061035156,83.57037353515625,4020200
2025-08-29,83.16999816894531,85.05000305175781,82.66000366210938,83.73999786376953,83.4507827758789,3196500
2025-09-02,80.68000030517578,82.08999633789062,80.19999694824219,81.94000244140625,81.65699768066406,2017600
2025-09-03,82.63999938964844,82.63999938964844,78.29000091552734,79.4800033569336,79.20549774169922,1870800
2025-09-04,79.01000213623047,79.80999755859375,77.01000213623047,79.6500015258789,79.37490844726562,2010900
2025-09-05,79.94000244140625,82.88999938964844,79.76000213623047,81.9800033569336,81.69686889648438,1784500
2025-09-08,82.43000030517578,82.58000183105469,80.83000183105469,82.13999938964844,81.8563003540039,1248200
2025-09-09,82.01000213623047,82.44999694824219,80.47000122070312,81.22000122070312,80.93948364257812,1285900
2025-09-10,81.26000213623047,82.05000305175781,78.16999816894531,79.43000030517578,79.15567016601562,2161800
2025-09-11,80.19000244140625,83.69000244140625,79.37999725341797,83.52999877929688,83.24150848388672,2919600
2025-09-12,83.62999725341797,88.08999633789062,83.18000030517578,87.25,86.94866180419922,3634500
2025-09-15,87.9800033569336,90.2699966430664,87.7699966430664,90.18000030517578,89.86853790283203,2772200
2025-09-16,91.25,92.94999694824219,90.2699966430664,92.61000061035156,92.29014587402344,2473300
2025-09-17,92.18000030517578,94.93000030517578,90.23999786376953,92.0999984741211,91.78191375732422,2156200
2025-09-18,95.5199966430664,97.62999725341797,94.38999938964844,95.97000122070312,95.6385498046875,4114000
2025-09-19,96.77999877929688,96.94999694824219,92.88999938964844,93.31999969482422,92.99769592285156,6085300
2025-09-22,93.23999786376953,97.25,93.18000030517578,95.80999755859375,95.47908782958984,2714100
2025-09-23,96.36000061035156,99.04000091552734,95.44999694824219,95.7699966430664,95.43922424316406,2261800
2025-09-24,95.75,96.54000091552734,93.41000366210938,93.48999786376953,93.16709899902344,1675400
2025-09-25,91.05000305175781,92.68000030517578,89.91000366210938,91.94000244140625,91.62246704101562,1717000
2025-09-26,91.5999984741211,93.44000244140625,91.04000091552734,93.08999633789062,92.76848602294922,1364600
2025-09-29,93.94000244140625,95.1500015258789,93.36000061035156,93.51000213623047,93.1870346069336,1119800
2025-09-30,92.68000030517578,94.08000183105469,90.30999755859375,92.45999908447266,92.14066314697266,1955900
2025-10-01,91.94000244140625,94.06999969482422,90.0,93.95999908447266,93.63548278808594,2635600
2025-10-02,96.0,98.30000305175781,94.5,96.80999755859375,96.47563934326172,2501300
2025-10-03,97.0,100.12999725341797,96.55000305175781,98.61000061035156,98.26942443847656,2111900
2025-10-06,99.7300033569336,101.4800033569336,99.19000244140625,100.26000213623047,99.91373443603516,2597300
2025-10-07,101.08999633789062,101.45999908447266,92.08999633789062,92.29000091552734,91.97125244140625,2002500
2025-10-08,92.0999984741211,95.0,91.94000244140625,94.55999755859375,94.23340606689453,2151500
2025-10-09,93.87000274658203,94.91999816894531,91.08000183105469,94.2300033569336,93.90454864501953,2048500
2025-10-10,94.69000244140625,94.69000244140625,83.62999725341797,83.63999938964844,83.35112762451172,4019500
2025-10-13,89.0,92.38999938964844,88.2699966430664,91.91000366210938,91.59257507324219,3026800
2025-10-14,88.25,93.04000091552734,87.44000244140625,90.94000244140625,90.62591552734375,1779500
2025-10-15,94.0,95.29000091552734,92.91999816894531,94.62000274658203,94.29320526123047,1881500
2025-10-16,95.91000366210938,95.91000366210938,89.68000030517578,90.54000091552734,90.227294921875,2499000
2025-10-17,90.20999908447266,91.5,88.80999755859375,90.94000244140625,90.62591552734375,1879800
2025-10-20,92.37999725341797,94.80000305175781,91.81999969482422,92.5999984741211,92.2801742553711,1440900
2025-10-21,92.68000030517578,93.37000274658203,91.29000091552734,92.66999816894531,92.34992980957031,1203000
2025-10-22,91.12000274658203,92.20999908447266,87.0,88.80999755859375,88.5032730102539,2390000
2025-10-23,87.98999786376953,91.52999877929688,87.58000183105469,90.75,90.43656921386719,2043900
2025-10-24,92.38999938964844,93.62999725341797,91.41000366210938,91.5199966430664,91.20391082763672,1964000
2025-10-27,93.94999694824219,94.58999633789062,92.77999877929688,94.31999969482422,93.99424743652344,1884000
2025-10-28,93.5999984741211,93.62000274658203,90.58999633789062,91.70999908447266,91.39326477050781,2039900
2025-10-29,92.95999908447266,98.2300033569336,92.94999694824219,94.54000091552734,94.31632995605469,3775900
2025-10-30,91.45999908447266,92.69999694824219,85.20999908447266,87.5,87.29298400878906,3778500
2025-10-31,87.5,92.80000305175781,86.98999786376953,91.56999969482422,91.35334777832031,3065900
2025-11-03,90.95999908447266,93.62999725341797,90.79000091552734,91.37999725341797,91.16380310058594,2498800
2025-11-04,87.73999786376953,89.72000122070312,86.13999938964844,86.45999908447266,86.25543975830078,2557400
2025-11-05,87.51000213623047,90.47000122070312,87.05000305175781,88.5,88.29061889648438,2293100
2025-11-06,88.41000366210938,89.73999786376953,85.02999877929688,85.69999694824219,85.49723052978516,2289700
2025-11-07,83.66999816894531,86.73999786376953,82.08000183105469,86.66999816894531,86.4649429321289,2311300
2025-11-10,89.0,89.0,85.41999816894531,85.95999908447266,85.75662231445312,2048100
2025-11-11,85.5999984741211,85.77999877929688,83.08000183105469,83.68000030517578,83.48201751708984,2057100
2025-11-12,84.91999816894531,85.4000015258789,82.93000030517578,84.04000091552734,83.8411636352539,2214100
2025-11-13,82.77999877929688,83.80999755859375,79.37999725341797,81.05999755859375,80.86821746826172,2648900
2025-11-14,77.81999969482422,80.94999694824219,76.5199966430664,78.27999877929688,78.09478759765625,2790700
2025-11-17,77.43000030517578,78.0,73.05999755859375,74.79000091552734,74.6130599975586,3824100
2025-11-18,73.8499984741211,74.1500015258789,71.51000213623047,72.76000213623047,72.58786010742188,3517900
2025-11-19,73.5,74.19999694824219,72.19999694824219,73.7699966430664,73.59546661376953,3371500
2025-11-20,75.55000305175781,75.80999755859375,67.97000122070312,68.80000305175781,68.63722229003906,3604400
2025-11-21,69.37000274658203,74.72000122070312,69.05999755859375,73.66000366210938,73.48573303222656,3420200
2025-11-24,73.66000366210938,75.12999725341797,72.66000366210938,73.98999786376953,73.81494140625,3453500
2025-11-25,73.45999908447266,74.45999908447266,72.2300033569336,73.72000122070312,73.54557800292969,3170500
2025-11-26,74.79000091552734,76.61000061035156,74.38999938964844,75.08000183105469,74.90235900878906,1983100
2025-11-28,75.79000091552734,77.43000030517578,75.1500015258789,77.13999938964844,76.95748901367188,1202500
2025-12-01,75.95999908447266,77.79000091552734,75.52999877929688,76.29000091552734,76.10950469970703,1835100
2025-12-02,77.16000366210938,80.72000122070312,76.91999816894531,79.81999969482422,79.63115692138672,2809300
2025-12-03,79.70999908447266,86.61000061035156,79.0,86.2699966430664,86.06588745117188,3707500
2025-12-04,85.9000015258789,88.31999969482422,85.4800033569336,88.13999938964844,87.93147277832031,2700300
2025-12-05,89.02999877929688,90.20999908447266,88.31999969482422,89.1500015258789,88.93907928466797,2704700
2025-12-08,89.55000305175781,91.5,88.11000061035156,89.0999984741211,88.88919830322266,2799300
2025-12-09,88.1500015258789,93.12999725341797,87.43000030517578,92.58999633789062,92.37093353271484,2369800
2025-12-10,92.33999633789062,95.6500015258789,91.20999908447266,94.7300033569336,94.5058822631836,2714400
2025-12-11,93.33000183105469,96.06999969482422,92.87000274658203,95.98999786376953,95.76289367675781,2199500
2025-12-12,95.33000183105469,96.0999984741211,91.19999694824219,92.55000305175781,92.3310317993164,3665400
2025-12-15,89.70999908447266,91.05999755859375,88.20999908447266,89.91999816894531,89.7072525024414,2589300
2025-12-16,89.7699966430664,90.87999725341797,87.45999908447266,87.95999908447266,87.75189971923828,3597800
2025-12-17,87.52999877929688,88.44000244140625,84.41000366210938,85.02999877929688,84.82882690429688,2655700
2025-12-18,88.12999725341797,89.0,84.44999694824219,84.55000305175781,84.34996032714844,3084800
2025-12-19,84.5999984741211,85.4800033569336,83.43000030517578,84.05999755859375,83.86111450195312,5804700
2025-12-22,85.30999755859375,87.19999694824219,84.48999786376953,85.12000274658203,84.91861724853516,3012400
2025-12-23,84.6500015258789,85.43000030517578,84.12000274658203,84.94000244140625,84.73904418945312,1995900
2025-12-24,85.27999877929688,85.69999694824219,84.0,85.48999786376953,85.28773498535156,734200
2025-12-26,85.56999969482422,86.4800033569336,84.58999633789062,86.2699966430664,86.06588745117188,1334800
2025-12-29,85.98999786376953,87.05000305175781,85.16999816894531,85.94000244140625,85.7366714477539,1272700
2025-12-30,86.18000030517578,86.79000091552734,84.1500015258789,86.69000244140625,86.48490905761719,1554800
2025-12-31,86.69000244140625,87.12999725341797,84.11000061035156,84.25,84.05066680908203,1411600
2026-01-02,86.16000366210938,90.58000183105469,85.36000061035156,89.55999755859375,89.34810638427734,3009900
2026-01-05,90.5199966430664,94.45999908447266,90.01000213623047,93.27999877929688,93.0593032836914,3257200
2026-01-06,94.23999786376953,99.80000305175781,94.01000213623047,99.55999755859375,99.32444763183594,3933500
2026-01-07,97.83999633789062,99.29000091552734,95.86000061035156,97.8499984741211,97.61849975585938,2782500
2026-01-08,97.08000183105469,100.4800033569336,96.0,99.8499984741211,99.61376190185547,2758000
2026-01-09,101.20999908447266,103.62999725341797,99.70999908447266,102.98999786376953,102.74633026123047,3185100
2026-01-12,102.56999969482422,102.63999938964844,99.8499984741211,101.83999633789062,101.59905242919922,1860100
2026-01-13,101.98999786376953,102.8499984741211,100.19000244140625,102.06999969482422,101.82850646972656,1858300
2026-01-14,101.83999633789062,104.56999969482422,101.12999725341797,104.08999633789062,103.84371948242188,1864700
2026-01-15,117.41000366210938,118.0,110.2699966430664,113.54000091552734,113.27136993408203,6207100
2026-01-16,115.81999969482422,119.61000061035156,114.20999908447266,117.3499984741211,117.07234954833984,4953200
2026-01-20,115.05999755859375,117.66000366210938,112.44999694824219,115.0,114.72792053222656,4751400
2026-01-21,118.2699966430664,121.62000274658203,115.87000274658203,119.73999786376953,119.45669555664062,3919100
2026-01-22,122.0,122.44000244140625,117.06999969482422,118.5199966430664,118.23959350585938,2821900
2026-01-23,116.1500015258789,117.93000030517578,113.06999969482422,114.70999908447266,114.4385986328125,2910600
2026-01-26,114.7300033569336,116.5999984741211,113.83000183105469,115.62999725341797,115.3564224243164,2225600
2026-01-27,117.45999908447266,121.76000213623047,116.02999877929688,120.41000366210938,120.1251220703125,3050400
2026-01-28,121.20999908447266,124.0,120.48999786376953,120.6500015258789,120.46459197998047,3873000
2026-01-29,121.61000061035156,122.95999908447266,116.48999786376953,122.70999908447266,122.52143096923828,3355500
2026-01-30,120.83000183105469,122.62999725341797,117.73999786376953,118.06999969482422,117.88855743408203,3061800
2026-02-02,115.01000213623047,121.48999786376953,115.01000213623047,119.4800033569336,119.29639434814453,3052200
2026-02-03,120.0999984741211,121.91999816894531,111.4800033569336,113.69999694824219,113.5252685546875,4983100
2026-02-04,112.02999877929688,116.5999984741211,108.55999755859375,112.41000366210938,112.23725891113281,5902800
2026-02-05,111.5999984741211,113.58000183105469,109.16999816894531,110.33000183105469,110.16045379638672,3882500
2026-02-06,112.66999816894531,122.77999877929688,112.12999725341797,122.37000274658203,122.18195343017578,4445600
2026-02-09,122.18000030517578,123.66999816894531,120.66000366210938,122.38999938964844,122.20191192626953,4548500
2026-02-10,129.13999938964844,137.0500030517578,120.19000244140625,133.44000244140625,133.2349395751953,7130800
2026-02-11,136.92999267578125,138.99000549316406,132.66000366210938,137.7899932861328,137.57823181152344,3663000
2026-02-12,137.50999450683594,138.4199981689453,126.16000366210938,130.89999389648438,130.69883728027344,3658200
2026-02-13,130.08999633789062,135.0,127.66999816894531,131.42999267578125,131.22801208496094,2811900
2026-02-17,129.0500030517578,130.77000427246094,125.55000305175781,129.55999755859375,129.36090087890625,1872000
2026-02-18,129.75,133.1999969482422,128.0399932861328,131.88999938964844,131.68731689453125,1974600
2026-02-19,130.13999938964844,133.0,129.89999389648438,132.6699981689453,132.4661102294922,1366100
2026-02-20,131.49000549316406,136.17999267578125,131.49000549316406,134.49000549316406,134.28334045410156,2325700
2026-02-23,134.49000549316406,136.94000244140625,132.3300018310547,136.4199981689453,136.21034240722656,2538100
2026-02-24,137.9499969482422,142.5,136.1699981689453,136.27000427246094,136.0605926513672,2435900
2026-02-25,138.6999969482422,139.5,135.8800048828125,137.33999633789062,137.12893676757812,1526400
2026-02-26,137.64999389648438,139.85000610351562,129.55999755859375,132.1999969482422,131.99684143066406,2419900
2026-02-27,129.30999755859375,132.60000610351562,128.55999755859375,132.4499969482422,132.2464599609375,2877500
2026-03-02,129.22000122070312,135.74000549316406,127.5,135.5,135.29177856445312,1924300
2026-03-03,129.22999572753906,130.25,125.05000305175781,126.79000091552734,126.59515380859375,2851300
2026-03-04,128.7100067138672,129.9600067138672,125.55999755859375,129.0,128.8017578125,2406900
2026-03-05,126.62999725341797,129.44000244140625,122.26000213623047,124.58000183105469,124.3885498046875,2334200
2026-03-06,119.94000244140625,120.52999877929688,112.26000213623047,112.44000244140625,112.2672119140625,3102100
2026-03-09,110.7300033569336,117.44000244140625,108.1500015258789,117.33999633789062,117.15967559814453,3016600
2026-03-10,119.45999908447266,121.61000061035156,116.62000274658203,116.87999725341797,116.70038604736328,2175200
2026-03-11,117.08000183105469,119.11000061035156,114.86000061035156,116.18000030517578,116.00145721435547,2279800
2026-03-12,113.25,114.77999877929688,108.20999908447266,109.9800033569336,109.81099700927734,2610500
2026-03-13,111.69999694824219,113.08999633789062,107.4800033569336,108.27999877929688,108.11360168457031,3106400
2026-03-16,111.23999786376953,113.19000244140625,110.16000366210938,111.63999938964844,111.46843719482422,2642000
2026-03-17,112.51000213623047,116.38999938964844,111.87999725341797,116.08000183105469,115.901611328125,1608300
2026-03-18,116.08000183105469,117.47000122070312,114.2699966430664,115.58000183105469,115.40238952636719,1618700
2026-03-19,111.68000030517578,116.98999786376953,110.01000213623047,115.86000061035156,115.68195343017578,1566700
2026-03-20,115.2699966430664,116.23999786376953,111.1500015258789,114.66000366210938,114.48380279541016,3584100
2026-03-23,119.97000122070312,120.87000274658203,114.91000366210938,115.01000213623047,114.83325958251953,2004100
2026-03-24,114.4800033569336,122.38999938964844,114.2300033569336,121.66999816894531,121.48302459716797,1790100
2026-03-25,123.80999755859375,124.29000091552734,120.83999633789062,123.18000030517578,122.99070739746094,1476600
2026-03-26,120.48999786376953,122.0999984741211,115.41999816894531,115.75,115.5721206665039,2102600
2026-03-27,113.25,116.05000305175781,111.33000183105469,113.58999633789062,113.41543579101562,2080700
2026-03-30,115.5,115.5,107.25,108.63999938964844,108.47305297851562,2714600
2026-03-31,110.38999938964844,117.9800033569336,109.9800033569336,117.23999786376953,117.0598373413086,2960900
2026-04-01,118.91000366210938,121.8499984741211,117.91000366210938,118.70999908447266,118.52757263183594,2195100
2026-04-02,113.58999633789062,119.77999877929688,112.87999725341797,116.4000015258789,116.22113037109375,1552900
2026-04-06,116.58999633789062,117.97000122070312,113.91999816894531,115.68000030517578,115.50223541259766,1747700
2026-04-07,115.91000366210938,118.94999694824219,114.27999877929688,118.55000305175781,118.3678207397461,1617800
2026-04-08,128.0800018310547,130.82000732421875,126.08999633789062,129.60000610351562,129.40084838867188,3723800
2026-04-09,129.50999450683594,133.0500030517578,127.3499984741211,132.6300048828125,132.4261932373047,1915200
2026-04-10,134.05999755859375,136.67999267578125,133.27000427246094,135.32000732421875,135.11204528808594,2698700
2026-04-13,133.8300018310547,138.4199981689453,133.5500030517578,138.07000732421875,137.8578338623047,1683000
2026-04-14,139.61000061035156,140.82000732421875,137.14999389648438,137.44000244140625,137.22879028320312,2178800
2026-04-15,136.9600067138672,137.80999755859375,134.05999755859375,137.0,136.78945922851562,1887200
2026-04-16,136.6999969482422,138.39999389648438,135.22999572753906,135.9199981689453,135.71112060546875,1886800
2026-04-17,139.52000427246094,146.4600067138672,139.39999389648438,146.05999755859375,145.83554077148438,2476800
2026-04-20,145.6699981689453,149.1699981689453,144.8000030517578,148.9199981689453,148.69114685058594,2259400
2026-04-21,150.0,151.89999389648438,145.9499969482422,146.99000549316406,146.7641143798828,2997600
2026-04-22,151.2100067138672,151.99000549316406,146.47999572753906,147.92999267578125,147.70266723632812,2637700
2026-04-23,148.77999877929688,151.27999877929688,144.44000244140625,149.3300018310547,149.1005096435547,3446600
2026-04-24,153.9199981689453,159.14999389648438,151.1699981689453,155.97999572753906,155.74029541015625,4337900
2026-04-27,156.17999267578125,157.6300048828125,149.49000549316406,156.44000244140625,156.19960021972656,2867900
2026-04-28,149.44000244140625,151.16000366210938,142.61000061035156,144.72000122070312,144.4976043701172,3990700
2026-04-29,146.57000732421875,149.8000030517578,144.75,149.3699951171875,149.2435760498047,3629400
2026-04-30,150.0,150.0,138.6699981689453,141.3800048828125,141.26034545898438,6494900
2026-05-01,140.77999877929688,142.5,138.27000427246094,142.2899932861328,142.16957092285156,4200200
2026-05-04,142.38999938964844,143.5,134.86000061035156,138.9600067138672,138.8424072265625,2580300
2026-05-05,142.97999572753906,150.0,140.0,149.2899932861328,149.1636505126953,3296800
2026-05-06,152.72999572753906,156.42999267578125,147.9499969482422,155.86000061035156,155.72808837890625,3007500
2026-05-07,155.99000549316406,156.4199981689453,145.38999938964844,147.66000366210938,147.5350341796875,2915300
2026-05-08,151.52000427246094,152.3800048828125,146.25999450683594,149.11000061035156,148.9838104248047,3012700
2026-05-11,148.02999877929688,149.72999572753906,146.41000366210938,149.14999389648438,149.0237579345703,3159500
2026-05-12,146.58999633789062,146.94000244140625,138.17999267578125,145.30999755859375,145.18701171875,2864500
2026-05-13,148.05999755859375,148.74000549316406,143.0,145.0399932861328,144.917236328125,2369000
2026-05-14,144.57000732421875,145.4499969482422,138.60000610351562,139.25999450683594,139.1421356201172,3084500
2026-05-15,134.6699981689453,134.97000122070312,132.0,133.07000732421875,132.95738220214844,3276300
2026-05-18,135.22999572753906,136.25,125.0999984741211,127.20999908447266,127.10234069824219,3260800
2026-05-19,123.04000091552734,126.83000183105469,122.0,124.22000122070312,124.1148681640625,3105700
2026-05-20,126.5,128.38999938964844,124.41999816894531,127.69999694824219,127.5919189453125,4358400
2026-05-21,127.69999694824219,132.5500030517578,125.12999725341797,131.38999938964844,131.27879333496094,3018000
2026-05-22,132.1999969482422,136.1300048828125,130.50999450683594,135.27999877929688,135.16551208496094,2227600
2026-05-26,139.22999572753906,143.25999450683594,136.8000030517578,142.1199951171875,141.9997100830078,2751200
2026-05-27,149.22999572753906,149.30999755859375,136.42999267578125,140.0,139.8815155029297,2877300
2026-05-28,139.36000061035156,141.0,133.2899932861328,138.44000244140625,138.3228302001953,2247600
2026-05-29,140.52000427246094,141.97999572753906,136.60000610351562,138.7899932861328,138.6725311279297,2732700
2026-06-01,136.9499969482422,138.6999969482422,134.00999450683594,135.72999572753906,135.61512756347656,2028000
2026-06-02,137.33999633789062,143.94000244140625,135.72999572753906,142.9199981689453,142.79904174804688,4248000
2026-06-03,143.58999633789062,147.3800048828125,140.0500030517578,140.3300018310547,140.21124267578125,2272600
2026-06-04,137.75999450683594,144.16000366210938,135.58999633789062,139.8800048828125,139.76162719726562,2353600
2026-06-05,134.1300048828125,136.0500030517578,124.44000244140625,125.41000366210938,125.30386352539062,4669500
2026-06-08,133.0800018310547,135.4600067138672,129.52999877929688,132.7100067138672,132.59768676757812,2739700
2026-06-09,136.33999633789062,142.1699981689453,123.7699966430664,134.35000610351562,134.23629760742188,3564600
2026-06-10,133.10000610351562,139.0,127.94000244140625,128.8800048828125,128.77093505859375,2902500
2026-06-11,134.0,145.77000427246094,131.3300018310547,144.9199981689453,144.79734802246094,4330300
2026-06-12,145.69000244140625,152.66000366210938,142.42999267578125,150.52000427246094,150.39260864257812,2114400
2026-06-15,159.6300048828125,168.0,159.0,162.88999938964844,162.75213623046875,5289600
2026-06-16,161.77999877929688,164.8300018310547,151.4499969482422,151.61000061035156,151.481689453125,3536400
2026-06-17,157.86000061035156,165.3800048828125,156.49000549316406,157.33999633789062,157.2068328857422,2672200
2026-06-18,164.17999267578125,180.94000244140625,163.05999755859375,178.77000427246094,178.61871337890625,5933500
2026-06-22,182.27999877929688,186.94000244140625,179.7100067138672,184.0,183.84426879882812,3854700
2026-06-23,168.0,172.72999572753906,164.4199981689453,168.22000122070312,168.07763671875,5600100
2026-06-24,168.32000732421875,173.49000549316406,165.5399932861328,171.4600067138672,171.3148956298828,3282300
2026-06-25,183.0,184.0,169.3800048828125,176.27999877929688,176.1308135986328,3135300
2026-06-26,167.86000061035156,169.0,156.72000122070312,161.42999267578125,161.29336547851562,4976300
2026-06-29,161.52000427246094,171.33999633789062,154.6699981689453,171.0399932861328,170.89523315429688,3564300
2026-06-30,171.6300048828125,182.33999633789062,169.05999755859375,179.86000061035156,179.70777893066406,3600000
2026-07-01,172.19000244140625,173.41000366210938,164.38999938964844,165.19000244140625,165.05020141601562,4622400
2026-07-02,165.0,166.75999450683594,142.19000244140625,146.66000366210938,146.535888671875,5905100
2026-07-06,151.41000366210938,155.0800018310547,144.66000366210938,145.1699981689453,145.04713439941406,2784700
2026-07-07,135.0500030517578,138.5399932861328,129.24000549316406,135.0800018310547,134.96568298339844,4308800
2026-07-08,133.5,142.25999450683594,131.88999938964844,138.72000122070312,138.60260009765625,3344000
2026-07-09,147.86000061035156,152.99000549316406,145.11000061035156,146.10000610351562,145.9763641357422,2967400
2026-07-10,143.5,146.6300048828125,140.39999389648438,145.35000610351562,145.22698974609375,1442200
2026-07-13,139.52000427246094,142.07000732421875,135.0800018310547,136.27000427246094,136.15467834472656,3120600
2026-07-14,144.86000061035156,145.3000030517578,137.5,140.6300048828125,140.510986328125,2038300
2026-07-15,144.8300018310547,144.8300018310547,132.8699951171875,138.69000244140625,138.5726318359375,1836800
2026-07-16,133.3300018310547,138.72000122070312,132.5,134.60000610351562,134.486083984375,2870300
2026-07-17,127.80000305175781,139.97000122070312,126.79000091552734,138.74000549316406,138.62258911132812,4454600
2026-07-20,140.83999633789062,142.0,133.3000030517578,133.7899932861328,133.6767578125,2122500
2026-07-21,140.82000732421875,143.05999755859375,138.47000122070312,140.1699981689453,140.05136108398438,2440400
2026-07-22,135.5500030517578,140.4499969482422,135.0800018310547,137.47999572753906,137.3636474609375,1564900
2026-07-23,135.69000244140625,138.11000061035156,133.05999755859375,135.3000030517578,135.1855010986328,2641400
2026-07-24,132.4499969482422,135.3800048828125,127.19000244140625,129.14999389648438,129.0406951904297,2689600
2026-07-27,130.6300048828125,131.77999877929688,120.75,126.37000274658203,126.26305389404297,2350900
2026-07-28,119.0,122.98999786376953,117.4000015258789,118.16000366210938,118.06000518798828,5022000
2026-07-29,115.79000091552734,118.2300033569336,106.91000366210938,107.01000213623047,107.01000213623047,4871200
2026-07-30,117.5,122.41999816894531,116.0,117.11000061035156,117.11000061035156,4346700
2026-07-31,122.80000305175781,127.51000213623047,117.0,119.05000305175781,119.05000305175781,2547900
2026-08-03,116.86000061035156,125.55999755859375,116.0999984741211,125.19999694824219,125.19999694824219,3023700
2026-08-04,137.0,145.27000427246094,134.00999450683594,144.55999755859375,144.55999755859375,4417900
2026-08-05,146.1999969482422,148.3000030517578,141.8800048828125,145.5500030517578,145.5500030517578,2827000
2026-08-06,141.8000030517578,148.44000244140625,140.00999450683594,142.64999389648438,142.64999389648438,1906000
2026-08-07,148.99000549316406,152.4199981689453,144.36000061035156,152.0800018310547,152.0800018310547,2012000
2026-08-10,152.4199981689453,154.47000122070312,144.02999877929688,144.2100067138672,144.2100067138672,1700100
2026-08-11,148.72000122070312,153.47000122070312,144.39999389648438,150.2100067138672,150.2100067138672,1737800
2026-08-12,159.67999267578125,162.7100067138672,156.0,161.0800018310547,161.0800018310547,3126400
2026-08-13,160.16000366210938,166.02000427246094,159.39999389648438,163.80999755859375,163.80999755859375,1782600
2026-08-14,162.4499969482422,163.8699951171875,158.75999450683594,161.75999450683594,161.75999450683594,1434500
2026-08-17,162.0399932861328,166.1999969482422,160.9499969482422,163.08999633789062,163.08999633789062,1594800
2026-08-18,153.47000122070312,155.27999877929688,148.00999450683594,150.27000427246094,150.27000427246094,4142200
2026-08-19,152.52000427246094,153.3800048828125,141.41000366210938,144.27999877929688,144.27999877929688,2539200
2026-08-20,144.11000061035156,145.72999572753906,141.5500030517578,144.6300048828125,144.6300048828125,1486300
2026-08-21,145.63999938964844,146.25,142.0,143.66000366210938,143.66000366210938,1106300
2026-08-24,139.75,139.75,134.49000549316406,138.25,138.25,2454700
2026-08-25,141.47999572753906,141.52000427246094,137.22999572753906,138.8699951171875,138.8699951171875,1487700
2026-08-26,139.88999938964844,142.7899932861328,139.17999267578125,142.4600067138672,142.4600067138672,1144600
2026-08-27,145.8800048828125,147.1199951171875,142.52999877929688,145.30999755859375,145.30999755859375,1651100
2026-08-28,145.2100067138672,145.2100067138672,133.57000732421875,134.9199981689453,134.9199981689453,3047200
2026-08-31,136.0,136.49000549316406,134.32000732421875,135.2899932861328,135.2899932861328,2618800
2026-09-01,131.16000366210938,132.27000427246094,126.70999908447266,129.50999450683594,129.50999450683594,3088500
2026-09-02,129.66000366210938,132.19000244140625,126.61000061035156,131.30999755859375,131.30999755859375,1777800
2026-09-03,128.58999633789062,131.1199951171875,125.77999877929688,130.6999969482422,130.6999969482422,1459000
2026-09-04,133.72999572753906,139.4499969482422,132.33999633789062,138.74000549316406,138.74000549316406,1885000
2026-09-08,140.97999572753906,143.69000244140625,139.47999572753906,141.08999633789062,141.08999633789062,1584800
2026-09-09,140.49000549316406,143.11000061035156,139.39999389648438,143.02999877929688,143.02999877929688,1643300
2026-09-10,137.63999938964844,139.5500030517578,136.0800018310547,137.39999389648438,137.39999389648438,2232400
2026-09-11,139.4600067138672,141.7100067138672,138.52999877929688,140.3699951171875,140.3699951171875,1296900
2026-09-14,129.38999938964844,132.67999267578125,128.13999938964844,128.52000427246094,128.52000427246094,3261400
2026-09-15,130.94000244140625,130.94000244140625,126.62999725341797,129.63999938964844,129.63999938964844,1873400
2026-09-16,131.9600067138672,132.80999755859375,127.5199966430664,130.1999969482422,130.1999969482422,1856200
2026-09-17,133.8800048828125,135.14999389648438,132.5399932861328,134.6699981689453,134.6699981689453,1912300
2026-09-18,136.9199981689453,142.41000366210938,135.6300048828125,142.25,142.25,3164700
